layer,component,language,tier,perturbation,mean_restoration,std_restoration,n_pairs_used,n_pairs_skipped
0,residual,de,tier_1,standard_translation,0.0212,0.0502,20,0
0,attn_out,de,tier_1,standard_translation,0.0384,0.0342,20,0
0,mlp_out,de,tier_1,standard_translation,0.0268,0.0443,20,0
1,residual,de,tier_1,standard_translation,0.0198,0.0425,20,0
1,attn_out,de,tier_1,standard_translation,0.004,0.0129,20,0
1,mlp_out,de,tier_1,standard_translation,-0.0003,0.0154,20,0
2,residual,de,tier_1,standard_translation,0.0229,0.0506,20,0
2,attn_out,de,tier_1,standard_translation,0.0081,0.0056,20,0
2,mlp_out,de,tier_1,standard_translation,0.0014,0.0075,20,0
3,residual,de,tier_1,standard_translation,0.0222,0.0484,20,0
3,attn_out,de,tier_1,standard_translation,-0.004,0.013,20,0
3,mlp_out,de,tier_1,standard_translation,-0.0002,0.0159,20,0
4,residual,de,tier_1,standard_translation,0.0244,0.0432,20,0
4,attn_out,de,tier_1,standard_translation,0.0034,0.0056,20,0
4,mlp_out,de,tier_1,standard_translation,0.0043,0.0158,20,0
5,residual,de,tier_1,standard_translation,0.0195,0.0416,20,0
5,attn_out,de,tier_1,standard_translation,0.0111,0.0155,20,0
5,mlp_out,de,tier_1,standard_translation,0.0119,0.0121,20,0
6,residual,de,tier_1,standard_translation,0.0154,0.0449,20,0
6,attn_out,de,tier_1,standard_translation,-0.0035,0.0025,20,0
6,mlp_out,de,tier_1,standard_translation,0.0085,0.0158,20,0
7,residual,de,tier_1,standard_translation,-0.0068,0.046,20,0
7,attn_out,de,tier_1,standard_translation,0.0164,0.0079,20,0
7,mlp_out,de,tier_1,standard_translation,-0.0032,0.0226,20,0
8,residual,de,tier_1,standard_translation,-0.0044,0.0413,20,0
8,attn_out,de,tier_1,standard_translation,0.0016,0.0048,20,0
8,mlp_out,de,tier_1,standard_translation,0.006,0.0287,20,0
9,residual,de,tier_1,standard_translation,-0.0115,0.0378,20,0
9,attn_out,de,tier_1,standard_translation,0.0029,0.0046,20,0
9,mlp_out,de,tier_1,standard_translation,-0.0057,0.0164,20,0
10,residual,de,tier_1,standard_translation,-0.0143,0.038,20,0
10,attn_out,de,tier_1,standard_translation,-0.0056,0.0091,20,0
10,mlp_out,de,tier_1,standard_translation,0.0139,0.0157,20,0
11,residual,de,tier_1,standard_translation,-0.0172,0.0303,20,0
11,attn_out,de,tier_1,standard_translation,0.0002,0.0052,20,0
11,mlp_out,de,tier_1,standard_translation,-0.005,0.0062,20,0
12,residual,de,tier_1,standard_translation,-0.0247,0.0336,20,0
12,attn_out,de,tier_1,standard_translation,0.0009,0.0062,20,0
12,mlp_out,de,tier_1,standard_translation,-0.0045,0.0207,20,0
13,residual,de,tier_1,standard_translation,-0.0307,0.0361,20,0
13,attn_out,de,tier_1,standard_translation,0.0029,0.0044,20,0
13,mlp_out,de,tier_1,standard_translation,0.0095,0.0051,20,0
14,residual,de,tier_1,standard_translation,-0.0313,0.0341,20,0
14,attn_out,de,tier_1,standard_translation,-0.0009,0.0053,20,0
14,mlp_out,de,tier_1,standard_translation,-0.0078,0.0178,20,0
15,residual,de,tier_1,standard_translation,-0.0115,0.0325,20,0
15,attn_out,de,tier_1,standard_translation,-0.0019,0.0047,20,0
15,mlp_out,de,tier_1,standard_translation,0.0079,0.0094,20,0
16,residual,de,tier_1,standard_translation,-0.0301,0.0366,20,0
16,attn_out,de,tier_1,standard_translation,-0.006,0.0039,20,0
16,mlp_out,de,tier_1,standard_translation,0.0009,0.008,20,0
17,residual,de,tier_1,standard_translation,-0.0162,0.0259,20,0
17,attn_out,de,tier_1,standard_translation,0.0009,0.0024,20,0
17,mlp_out,de,tier_1,standard_translation,-0.0055,0.0041,20,0
18,residual,de,tier_1,standard_translation,-0.0132,0.024,20,0
18,attn_out,de,tier_1,standard_translation,0.0,0.0025,20,0
18,mlp_out,de,tier_1,standard_translation,0.001,0.0033,20,0
19,residual,de,tier_1,standard_translation,-0.0124,0.0258,20,0
19,attn_out,de,tier_1,standard_translation,-0.0034,0.0043,20,0
19,mlp_out,de,tier_1,standard_translation,0.001,0.0048,20,0
20,residual,de,tier_1,standard_translation,-0.0156,0.0231,20,0
20,attn_out,de,tier_1,standard_translation,0.001,0.0027,20,0
20,mlp_out,de,tier_1,standard_translation,0.0003,0.0022,20,0
21,residual,de,tier_1,standard_translation,-0.0185,0.0212,20,0
21,attn_out,de,tier_1,standard_translation,-0.0016,0.0027,20,0
21,mlp_out,de,tier_1,standard_translation,0.0015,0.0049,20,0
22,residual,de,tier_1,standard_translation,-0.0214,0.0235,20,0
22,attn_out,de,tier_1,standard_translation,-0.0005,0.0007,20,0
22,mlp_out,de,tier_1,standard_translation,0.0007,0.0037,20,0
23,residual,de,tier_1,standard_translation,-0.0191,0.0221,20,0
23,attn_out,de,tier_1,standard_translation,-0.0019,0.0009,20,0
23,mlp_out,de,tier_1,standard_translation,0.0032,0.0049,20,0
24,residual,de,tier_1,standard_translation,-0.0167,0.023,20,0
24,attn_out,de,tier_1,standard_translation,-0.0006,0.0015,20,0
24,mlp_out,de,tier_1,standard_translation,0.0021,0.0044,20,0
25,residual,de,tier_1,standard_translation,-0.0161,0.0212,20,0
25,attn_out,de,tier_1,standard_translation,-0.0012,0.0012,20,0
25,mlp_out,de,tier_1,standard_translation,-0.0018,0.0024,20,0
26,residual,de,tier_1,standard_translation,-0.0174,0.0211,20,0
26,attn_out,de,tier_1,standard_translation,-0.0009,0.0017,20,0
26,mlp_out,de,tier_1,standard_translation,-0.0043,0.0045,20,0
27,residual,de,tier_1,standard_translation,-0.0129,0.0135,20,0
27,attn_out,de,tier_1,standard_translation,-0.0008,0.0006,20,0
27,mlp_out,de,tier_1,standard_translation,-0.003,0.0051,20,0
28,residual,de,tier_1,standard_translation,-0.0104,0.0112,20,0
28,attn_out,de,tier_1,standard_translation,-0.0011,0.0012,20,0
28,mlp_out,de,tier_1,standard_translation,-0.0013,0.0021,20,0
29,residual,de,tier_1,standard_translation,-0.0072,0.0096,20,0
29,attn_out,de,tier_1,standard_translation,0.0009,0.0011,20,0
29,mlp_out,de,tier_1,standard_translation,-0.0043,0.0051,20,0
30,residual,de,tier_1,standard_translation,0.0,0.0031,20,0
30,attn_out,de,tier_1,standard_translation,-0.0006,0.0006,20,0
30,mlp_out,de,tier_1,standard_translation,-0.0007,0.003,20,0
31,residual,de,tier_1,standard_translation,0.0,0.0,20,0
31,attn_out,de,tier_1,standard_translation,0.0,0.0,20,0
31,mlp_out,de,tier_1,standard_translation,0.0,0.0,20,0
0,residual,fr,tier_1,standard_translation,0.0613,0.084,20,0
0,attn_out,fr,tier_1,standard_translation,0.0474,0.0318,20,0
0,mlp_out,fr,tier_1,standard_translation,0.0757,0.0676,20,0
1,residual,fr,tier_1,standard_translation,0.0492,0.0766,20,0
1,attn_out,fr,tier_1,standard_translation,0.0178,0.0228,20,0
1,mlp_out,fr,tier_1,standard_translation,0.0062,0.0151,20,0
2,residual,fr,tier_1,standard_translation,0.0428,0.0607,20,0
2,attn_out,fr,tier_1,standard_translation,-0.0011,0.0101,20,0
2,mlp_out,fr,tier_1,standard_translation,0.0089,0.0128,20,0
3,residual,fr,tier_1,standard_translation,0.042,0.0613,20,0
3,attn_out,fr,tier_1,standard_translation,0.0059,0.0038,20,0
3,mlp_out,fr,tier_1,standard_translation,0.0004,0.0062,20,0
4,residual,fr,tier_1,standard_translation,0.0419,0.0571,20,0
4,attn_out,fr,tier_1,standard_translation,-0.0066,0.0128,20,0
4,mlp_out,fr,tier_1,standard_translation,0.001,0.0178,20,0
5,residual,fr,tier_1,standard_translation,0.0402,0.0452,20,0
5,attn_out,fr,tier_1,standard_translation,0.0246,0.0123,20,0
5,mlp_out,fr,tier_1,standard_translation,0.0065,0.0124,20,0
6,residual,fr,tier_1,standard_translation,0.0424,0.0323,20,0
6,attn_out,fr,tier_1,standard_translation,0.0128,0.0065,20,0
6,mlp_out,fr,tier_1,standard_translation,0.0036,0.0131,20,0
7,residual,fr,tier_1,standard_translation,0.0341,0.0326,20,0
7,attn_out,fr,tier_1,standard_translation,0.0245,0.0077,20,0
7,mlp_out,fr,tier_1,standard_translation,0.0044,0.0168,20,0
8,residual,fr,tier_1,standard_translation,0.0321,0.0316,20,0
8,attn_out,fr,tier_1,standard_translation,0.0045,0.0093,20,0
8,mlp_out,fr,tier_1,standard_translation,0.0168,0.0158,20,0
9,residual,fr,tier_1,standard_translation,0.0341,0.0315,20,0
9,attn_out,fr,tier_1,standard_translation,0.0096,0.0132,20,0
9,mlp_out,fr,tier_1,standard_translation,0.0045,0.0188,20,0
10,residual,fr,tier_1,standard_translation,0.0259,0.0276,20,0
10,attn_out,fr,tier_1,standard_translation,0.0026,0.0177,20,0
10,mlp_out,fr,tier_1,standard_translation,0.0104,0.0071,20,0
11,residual,fr,tier_1,standard_translation,0.0262,0.0297,20,0
11,attn_out,fr,tier_1,standard_translation,-0.0017,0.0122,20,0
11,mlp_out,fr,tier_1,standard_translation,0.0021,0.0134,20,0
12,residual,fr,tier_1,standard_translation,0.0214,0.0294,20,0
12,attn_out,fr,tier_1,standard_translation,-0.002,0.0082,20,0
12,mlp_out,fr,tier_1,standard_translation,0.0096,0.0124,20,0
13,residual,fr,tier_1,standard_translation,0.0217,0.0345,20,0
13,attn_out,fr,tier_1,standard_translation,-0.0049,0.0102,20,0
13,mlp_out,fr,tier_1,standard_translation,0.0308,0.017,20,0
14,residual,fr,tier_1,standard_translation,0.02,0.0381,20,0
14,attn_out,fr,tier_1,standard_translation,-0.0033,0.0089,20,0
14,mlp_out,fr,tier_1,standard_translation,0.0061,0.0116,20,0
15,residual,fr,tier_1,standard_translation,0.0219,0.0289,20,0
15,attn_out,fr,tier_1,standard_translation,-0.0018,0.0032,20,0
15,mlp_out,fr,tier_1,standard_translation,0.0085,0.0109,20,0
16,residual,fr,tier_1,standard_translation,0.0106,0.0265,20,0
16,attn_out,fr,tier_1,standard_translation,-0.0003,0.0026,20,0
16,mlp_out,fr,tier_1,standard_translation,0.0134,0.0138,20,0
17,residual,fr,tier_1,standard_translation,0.0109,0.0267,20,0
17,attn_out,fr,tier_1,standard_translation,-0.0006,0.0023,20,0
17,mlp_out,fr,tier_1,standard_translation,-0.0019,0.0071,20,0
18,residual,fr,tier_1,standard_translation,0.0078,0.0276,20,0
18,attn_out,fr,tier_1,standard_translation,0.0001,0.0021,20,0
18,mlp_out,fr,tier_1,standard_translation,0.0029,0.0049,20,0
19,residual,fr,tier_1,standard_translation,0.0083,0.0286,20,0
19,attn_out,fr,tier_1,standard_translation,-0.0028,0.0066,20,0
19,mlp_out,fr,tier_1,standard_translation,0.0047,0.0054,20,0
20,residual,fr,tier_1,standard_translation,0.0111,0.0308,20,0
20,attn_out,fr,tier_1,standard_translation,0.0017,0.0043,20,0
20,mlp_out,fr,tier_1,standard_translation,0.0036,0.0092,20,0
21,residual,fr,tier_1,standard_translation,0.0037,0.0247,20,0
21,attn_out,fr,tier_1,standard_translation,-0.003,0.0044,20,0
21,mlp_out,fr,tier_1,standard_translation,0.003,0.0036,20,0
22,residual,fr,tier_1,standard_translation,0.0031,0.0263,20,0
22,attn_out,fr,tier_1,standard_translation,0.0008,0.0009,20,0
22,mlp_out,fr,tier_1,standard_translation,0.0035,0.0068,20,0
23,residual,fr,tier_1,standard_translation,-0.0042,0.0208,20,0
23,attn_out,fr,tier_1,standard_translation,0.0003,0.0021,20,0
23,mlp_out,fr,tier_1,standard_translation,0.0043,0.0045,20,0
24,residual,fr,tier_1,standard_translation,-0.0027,0.0161,20,0
24,attn_out,fr,tier_1,standard_translation,-0.0014,0.0038,20,0
24,mlp_out,fr,tier_1,standard_translation,-0.0039,0.0066,20,0
25,residual,fr,tier_1,standard_translation,-0.0038,0.0147,20,0
25,attn_out,fr,tier_1,standard_translation,0.0005,0.0011,20,0
25,mlp_out,fr,tier_1,standard_translation,-0.0056,0.0088,20,0
26,residual,fr,tier_1,standard_translation,-0.0036,0.0158,20,0
26,attn_out,fr,tier_1,standard_translation,-0.0004,0.0013,20,0
26,mlp_out,fr,tier_1,standard_translation,-0.0023,0.0046,20,0
27,residual,fr,tier_1,standard_translation,-0.0031,0.0168,20,0
27,attn_out,fr,tier_1,standard_translation,-0.0002,0.0015,20,0
27,mlp_out,fr,tier_1,standard_translation,0.0002,0.0021,20,0
28,residual,fr,tier_1,standard_translation,0.0024,0.0006,20,0
28,attn_out,fr,tier_1,standard_translation,-0.0001,0.0015,20,0
28,mlp_out,fr,tier_1,standard_translation,0.0001,0.0016,20,0
29,residual,fr,tier_1,standard_translation,0.0023,0.0012,20,0
29,attn_out,fr,tier_1,standard_translation,0.0006,0.0018,20,0
29,mlp_out,fr,tier_1,standard_translation,0.0001,0.0024,20,0
30,residual,fr,tier_1,standard_translation,0.0025,0.0018,20,0
30,attn_out,fr,tier_1,standard_translation,-0.0006,0.0011,20,0
30,mlp_out,fr,tier_1,standard_translation,0.0014,0.0012,20,0
31,residual,fr,tier_1,standard_translation,0.0,0.0,20,0
31,attn_out,fr,tier_1,standard_translation,0.0,0.0,20,0
31,mlp_out,fr,tier_1,standard_translation,0.0,0.0,20,0
0,residual,zh,tier_1,standard_translation,7.7871,14.4451,20,0
0,attn_out,zh,tier_1,standard_translation,0.5838,0.9374,20,0
0,mlp_out,zh,tier_1,standard_translation,6.9598,12.7446,20,0
1,residual,zh,tier_1,standard_translation,9.1791,17.0425,20,0
1,attn_out,zh,tier_1,standard_translation,-0.0545,0.3241,20,0
1,mlp_out,zh,tier_1,standard_translation,0.4317,0.7855,20,0
2,residual,zh,tier_1,standard_translation,8.6799,15.9566,20,0
2,attn_out,zh,tier_1,standard_translation,-0.0218,0.613,20,0
2,mlp_out,zh,tier_1,standard_translation,-0.5761,1.3912,20,0
3,residual,zh,tier_1,standard_translation,8.2585,15.1331,20,0
3,attn_out,zh,tier_1,standard_translation,-0.3534,0.7371,20,0
3,mlp_out,zh,tier_1,standard_translation,0.5695,1.1901,20,0
4,residual,zh,tier_1,standard_translation,7.7496,14.2012,20,0
4,attn_out,zh,tier_1,standard_translation,0.1655,0.5296,20,0
4,mlp_out,zh,tier_1,standard_translation,-0.7225,1.0705,20,0
5,residual,zh,tier_1,standard_translation,6.9128,12.6441,20,0
5,attn_out,zh,tier_1,standard_translation,2.0921,4.0108,20,0
5,mlp_out,zh,tier_1,standard_translation,-0.0751,0.4373,20,0
6,residual,zh,tier_1,standard_translation,4.7036,8.2626,20,0
6,attn_out,zh,tier_1,standard_translation,-0.4286,0.9649,20,0
6,mlp_out,zh,tier_1,standard_translation,0.6725,1.135,20,0
7,residual,zh,tier_1,standard_translation,4.0051,7.0272,20,0
7,attn_out,zh,tier_1,standard_translation,0.4178,0.6382,20,0
7,mlp_out,zh,tier_1,standard_translation,-0.6274,1.0253,20,0
8,residual,zh,tier_1,standard_translation,3.3284,5.79,20,0
8,attn_out,zh,tier_1,standard_translation,0.1866,0.2798,20,0
8,mlp_out,zh,tier_1,standard_translation,-0.1298,0.2182,20,0
9,residual,zh,tier_1,standard_translation,2.8724,4.9059,20,0
9,attn_out,zh,tier_1,standard_translation,-0.0656,0.2022,20,0
9,mlp_out,zh,tier_1,standard_translation,-0.0839,0.3171,20,0
10,residual,zh,tier_1,standard_translation,3.1071,5.4728,20,0
10,attn_out,zh,tier_1,standard_translation,0.2173,0.572,20,0
10,mlp_out,zh,tier_1,standard_translation,-0.0718,0.454,20,0
11,residual,zh,tier_1,standard_translation,2.2454,3.827,20,0
11,attn_out,zh,tier_1,standard_translation,-0.3184,0.6233,20,0
11,mlp_out,zh,tier_1,standard_translation,-0.1851,0.6958,20,0
12,residual,zh,tier_1,standard_translation,1.5235,2.4778,20,0
12,attn_out,zh,tier_1,standard_translation,-0.0119,0.105,20,0
12,mlp_out,zh,tier_1,standard_translation,1.23,2.0755,20,0
13,residual,zh,tier_1,standard_translation,1.4639,2.334,20,0
13,attn_out,zh,tier_1,standard_translation,-0.2553,0.3727,20,0
13,mlp_out,zh,tier_1,standard_translation,1.4437,2.7093,20,0
14,residual,zh,tier_1,standard_translation,0.2921,0.2828,20,0
14,attn_out,zh,tier_1,standard_translation,-0.3857,0.7869,20,0
14,mlp_out,zh,tier_1,standard_translation,0.2365,0.4923,20,0
15,residual,zh,tier_1,standard_translation,-0.0329,0.3447,20,0
15,attn_out,zh,tier_1,standard_translation,-0.1446,0.338,20,0
15,mlp_out,zh,tier_1,standard_translation,-0.1016,0.1969,20,0
16,residual,zh,tier_1,standard_translation,-1.0382,2.3254,20,0
16,attn_out,zh,tier_1,standard_translation,0.0876,0.2093,20,0
16,mlp_out,zh,tier_1,standard_translation,-0.3517,0.7969,20,0
17,residual,zh,tier_1,standard_translation,-0.6159,1.5024,20,0
17,attn_out,zh,tier_1,standard_translation,0.1733,0.3123,20,0
17,mlp_out,zh,tier_1,standard_translation,0.6694,1.3093,20,0
18,residual,zh,tier_1,standard_translation,-0.4611,1.1859,20,0
18,attn_out,zh,tier_1,standard_translation,-0.0468,0.1134,20,0
18,mlp_out,zh,tier_1,standard_translation,0.2315,0.4188,20,0
19,residual,zh,tier_1,standard_translation,-0.575,1.3713,20,0
19,attn_out,zh,tier_1,standard_translation,-0.0382,0.0747,20,0
19,mlp_out,zh,tier_1,standard_translation,0.4556,0.7983,20,0
20,residual,zh,tier_1,standard_translation,-0.7161,1.6222,20,0
20,attn_out,zh,tier_1,standard_translation,0.042,0.0732,20,0
20,mlp_out,zh,tier_1,standard_translation,0.6377,1.2274,20,0
21,residual,zh,tier_1,standard_translation,-0.8951,1.8898,20,0
21,attn_out,zh,tier_1,standard_translation,0.0893,0.165,20,0
21,mlp_out,zh,tier_1,standard_translation,-0.1223,0.255,20,0
22,residual,zh,tier_1,standard_translation,-1.0441,2.1543,20,0
22,attn_out,zh,tier_1,standard_translation,-0.0197,0.0357,20,0
22,mlp_out,zh,tier_1,standard_translation,0.1118,0.2458,20,0
23,residual,zh,tier_1,standard_translation,-1.2582,2.5809,20,0
23,attn_out,zh,tier_1,standard_translation,0.3977,0.8023,20,0
23,mlp_out,zh,tier_1,standard_translation,0.1657,0.3347,20,0
24,residual,zh,tier_1,standard_translation,-1.1763,2.3582,20,0
24,attn_out,zh,tier_1,standard_translation,-0.1006,0.2124,20,0
24,mlp_out,zh,tier_1,standard_translation,0.1004,0.2073,20,0
25,residual,zh,tier_1,standard_translation,-1.1737,2.3535,20,0
25,attn_out,zh,tier_1,standard_translation,-0.0288,0.0673,20,0
25,mlp_out,zh,tier_1,standard_translation,-0.6567,1.3609,20,0
26,residual,zh,tier_1,standard_translation,-1.2506,2.4897,20,0
26,attn_out,zh,tier_1,standard_translation,-0.0485,0.0997,20,0
26,mlp_out,zh,tier_1,standard_translation,-0.3099,0.6202,20,0
27,residual,zh,tier_1,standard_translation,-1.189,2.3637,20,0
27,attn_out,zh,tier_1,standard_translation,0.0022,0.0049,20,0
27,mlp_out,zh,tier_1,standard_translation,0.1588,0.3474,20,0
28,residual,zh,tier_1,standard_translation,-0.6149,1.2243,20,0
28,attn_out,zh,tier_1,standard_translation,0.1736,0.3493,20,0
28,mlp_out,zh,tier_1,standard_translation,-0.2984,0.5939,20,0
29,residual,zh,tier_1,standard_translation,-0.6466,1.2716,20,0
29,attn_out,zh,tier_1,standard_translation,0.2242,0.4347,20,0
29,mlp_out,zh,tier_1,standard_translation,-0.1405,0.2772,20,0
30,residual,zh,tier_1,standard_translation,-0.4821,0.949,20,0
30,attn_out,zh,tier_1,standard_translation,0.0204,0.0372,20,0
30,mlp_out,zh,tier_1,standard_translation,-0.1796,0.3567,20,0
31,residual,zh,tier_1,standard_translation,0.0,0.0,20,0
31,attn_out,zh,tier_1,standard_translation,0.0,0.0,20,0
31,mlp_out,zh,tier_1,standard_translation,0.0,0.0,20,0
0,residual,es,tier_1,standard_translation,0.1319,0.1466,20,0
0,attn_out,es,tier_1,standard_translation,0.0795,0.115,20,0
0,mlp_out,es,tier_1,standard_translation,0.0981,0.1575,20,0
1,residual,es,tier_1,standard_translation,0.1027,0.084,20,0
1,attn_out,es,tier_1,standard_translation,-0.0539,0.0619,20,0
1,mlp_out,es,tier_1,standard_translation,0.0197,0.0544,20,0
2,residual,es,tier_1,standard_translation,0.0725,0.0956,20,0
2,attn_out,es,tier_1,standard_translation,0.0199,0.0362,20,0
2,mlp_out,es,tier_1,standard_translation,-0.0116,0.0334,20,0
3,residual,es,tier_1,standard_translation,0.0846,0.0853,20,0
3,attn_out,es,tier_1,standard_translation,0.0036,0.0276,20,0
3,mlp_out,es,tier_1,standard_translation,-0.0051,0.0525,20,0
4,residual,es,tier_1,standard_translation,0.0792,0.0797,20,0
4,attn_out,es,tier_1,standard_translation,-0.0309,0.0166,20,0
4,mlp_out,es,tier_1,standard_translation,-0.0099,0.0771,20,0
5,residual,es,tier_1,standard_translation,0.1205,0.065,20,0
5,attn_out,es,tier_1,standard_translation,0.0859,0.0612,20,0
5,mlp_out,es,tier_1,standard_translation,0.0083,0.017,20,0
6,residual,es,tier_1,standard_translation,0.1379,0.0519,20,0
6,attn_out,es,tier_1,standard_translation,0.0239,0.0428,20,0
6,mlp_out,es,tier_1,standard_translation,0.0167,0.0579,20,0
7,residual,es,tier_1,standard_translation,0.0991,0.0619,20,0
7,attn_out,es,tier_1,standard_translation,0.1237,0.0999,20,0
7,mlp_out,es,tier_1,standard_translation,0.0004,0.0424,20,0
8,residual,es,tier_1,standard_translation,0.11,0.0699,20,0
8,attn_out,es,tier_1,standard_translation,-0.0071,0.0208,20,0
8,mlp_out,es,tier_1,standard_translation,0.0481,0.0352,20,0
9,residual,es,tier_1,standard_translation,0.0933,0.0604,20,0
9,attn_out,es,tier_1,standard_translation,0.0754,0.0403,20,0
9,mlp_out,es,tier_1,standard_translation,0.0085,0.0708,20,0
10,residual,es,tier_1,standard_translation,0.0834,0.0595,20,0
10,attn_out,es,tier_1,standard_translation,0.0261,0.0216,20,0
10,mlp_out,es,tier_1,standard_translation,0.0964,0.0755,20,0
11,residual,es,tier_1,standard_translation,0.0755,0.0544,20,0
11,attn_out,es,tier_1,standard_translation,0.005,0.0271,20,0
11,mlp_out,es,tier_1,standard_translation,0.0251,0.0727,20,0
12,residual,es,tier_1,standard_translation,0.0551,0.0503,20,0
12,attn_out,es,tier_1,standard_translation,0.0094,0.0458,20,0
12,mlp_out,es,tier_1,standard_translation,0.0926,0.0586,20,0
13,residual,es,tier_1,standard_translation,0.0221,0.0372,20,0
13,attn_out,es,tier_1,standard_translation,0.0086,0.0066,20,0
13,mlp_out,es,tier_1,standard_translation,0.1573,0.0855,20,0
14,residual,es,tier_1,standard_translation,-0.0205,0.0801,20,0
14,attn_out,es,tier_1,standard_translation,-0.0082,0.0142,20,0
14,mlp_out,es,tier_1,standard_translation,0.0948,0.0611,20,0
15,residual,es,tier_1,standard_translation,-0.0163,0.0617,20,0
15,attn_out,es,tier_1,standard_translation,-0.0034,0.0136,20,0
15,mlp_out,es,tier_1,standard_translation,0.0215,0.0183,20,0
16,residual,es,tier_1,standard_translation,-0.0599,0.0688,20,0
16,attn_out,es,tier_1,standard_translation,0.0033,0.0045,20,0
16,mlp_out,es,tier_1,standard_translation,0.0041,0.0248,20,0
17,residual,es,tier_1,standard_translation,-0.0279,0.0285,20,0
17,attn_out,es,tier_1,standard_translation,-0.0152,0.0229,20,0
17,mlp_out,es,tier_1,standard_translation,0.0148,0.0559,20,0
18,residual,es,tier_1,standard_translation,-0.0376,0.0264,20,0
18,attn_out,es,tier_1,standard_translation,0.0058,0.0093,20,0
18,mlp_out,es,tier_1,standard_translation,0.0012,0.0151,20,0
19,residual,es,tier_1,standard_translation,-0.0088,0.0394,20,0
19,attn_out,es,tier_1,standard_translation,-0.0217,0.0204,20,0
19,mlp_out,es,tier_1,standard_translation,0.0039,0.0163,20,0
20,residual,es,tier_1,standard_translation,-0.0068,0.0362,20,0
20,attn_out,es,tier_1,standard_translation,0.0183,0.0156,20,0
20,mlp_out,es,tier_1,standard_translation,0.0071,0.0142,20,0
21,residual,es,tier_1,standard_translation,-0.0256,0.0309,20,0
21,attn_out,es,tier_1,standard_translation,-0.0066,0.0055,20,0
21,mlp_out,es,tier_1,standard_translation,0.0049,0.0176,20,0
22,residual,es,tier_1,standard_translation,-0.0314,0.0306,20,0
22,attn_out,es,tier_1,standard_translation,-0.0027,0.004,20,0
22,mlp_out,es,tier_1,standard_translation,0.0135,0.0237,20,0
23,residual,es,tier_1,standard_translation,-0.0359,0.0305,20,0
23,attn_out,es,tier_1,standard_translation,-0.0096,0.0059,20,0
23,mlp_out,es,tier_1,standard_translation,0.0214,0.0207,20,0
24,residual,es,tier_1,standard_translation,-0.0325,0.0366,20,0
24,attn_out,es,tier_1,standard_translation,0.002,0.0071,20,0
24,mlp_out,es,tier_1,standard_translation,-0.0071,0.0108,20,0
25,residual,es,tier_1,standard_translation,-0.0364,0.0352,20,0
25,attn_out,es,tier_1,standard_translation,-0.0035,0.0076,20,0
25,mlp_out,es,tier_1,standard_translation,-0.0083,0.0235,20,0
26,residual,es,tier_1,standard_translation,-0.0421,0.0369,20,0
26,attn_out,es,tier_1,standard_translation,-0.0028,0.0077,20,0
26,mlp_out,es,tier_1,standard_translation,-0.0195,0.0262,20,0
27,residual,es,tier_1,standard_translation,-0.0394,0.0398,20,0
27,attn_out,es,tier_1,standard_translation,-0.0001,0.0101,20,0
27,mlp_out,es,tier_1,standard_translation,-0.0078,0.0223,20,0
28,residual,es,tier_1,standard_translation,-0.0183,0.037,20,0
28,attn_out,es,tier_1,standard_translation,0.0098,0.0101,20,0
28,mlp_out,es,tier_1,standard_translation,-0.0187,0.0078,20,0
29,residual,es,tier_1,standard_translation,-0.0164,0.0337,20,0
29,attn_out,es,tier_1,standard_translation,0.0136,0.0176,20,0
29,mlp_out,es,tier_1,standard_translation,-0.0193,0.0164,20,0
30,residual,es,tier_1,standard_translation,-0.0055,0.0312,20,0
30,attn_out,es,tier_1,standard_translation,-0.0062,0.0056,20,0
30,mlp_out,es,tier_1,standard_translation,-0.0026,0.0205,20,0
31,residual,es,tier_1,standard_translation,0.0,0.0,20,0
31,attn_out,es,tier_1,standard_translation,0.0,0.0,20,0
31,mlp_out,es,tier_1,standard_translation,0.0,0.0,20,0
0,residual,ar,tier_2,standard_translation,0.0175,0.0466,20,0
0,attn_out,ar,tier_2,standard_translation,0.0025,0.0297,20,0
0,mlp_out,ar,tier_2,standard_translation,-0.0063,0.0791,20,0
1,residual,ar,tier_2,standard_translation,0.0079,0.0485,20,0
1,attn_out,ar,tier_2,standard_translation,-0.0056,0.0335,20,0
1,mlp_out,ar,tier_2,standard_translation,0.005,0.0433,20,0
2,residual,ar,tier_2,standard_translation,0.0023,0.0411,20,0
2,attn_out,ar,tier_2,standard_translation,0.0003,0.0051,20,0
2,mlp_out,ar,tier_2,standard_translation,-0.0041,0.0267,20,0
3,residual,ar,tier_2,standard_translation,0.0013,0.0331,20,0
3,attn_out,ar,tier_2,standard_translation,0.0072,0.0119,20,0
3,mlp_out,ar,tier_2,standard_translation,-0.0024,0.0266,20,0
4,residual,ar,tier_2,standard_translation,-0.0045,0.0351,20,0
4,attn_out,ar,tier_2,standard_translation,-0.0017,0.0034,20,0
4,mlp_out,ar,tier_2,standard_translation,-0.0104,0.0311,20,0
5,residual,ar,tier_2,standard_translation,0.0036,0.0309,20,0
5,attn_out,ar,tier_2,standard_translation,0.0039,0.0155,20,0
5,mlp_out,ar,tier_2,standard_translation,-0.0103,0.0282,20,0
6,residual,ar,tier_2,standard_translation,0.0032,0.0197,20,0
6,attn_out,ar,tier_2,standard_translation,0.0005,0.0072,20,0
6,mlp_out,ar,tier_2,standard_translation,-0.0036,0.0141,20,0
7,residual,ar,tier_2,standard_translation,0.0077,0.0144,20,0
7,attn_out,ar,tier_2,standard_translation,0.0062,0.0059,20,0
7,mlp_out,ar,tier_2,standard_translation,-0.0027,0.0099,20,0
8,residual,ar,tier_2,standard_translation,0.008,0.0164,20,0
8,attn_out,ar,tier_2,standard_translation,0.0004,0.0028,20,0
8,mlp_out,ar,tier_2,standard_translation,-0.0013,0.0031,20,0
9,residual,ar,tier_2,standard_translation,0.008,0.0198,20,0
9,attn_out,ar,tier_2,standard_translation,-0.0018,0.004,20,0
9,mlp_out,ar,tier_2,standard_translation,0.0009,0.011,20,0
10,residual,ar,tier_2,standard_translation,0.0092,0.0145,20,0
10,attn_out,ar,tier_2,standard_translation,0.0021,0.0043,20,0
10,mlp_out,ar,tier_2,standard_translation,-0.0037,0.0037,20,0
11,residual,ar,tier_2,standard_translation,0.0093,0.0125,20,0
11,attn_out,ar,tier_2,standard_translation,0.0035,0.0038,20,0
11,mlp_out,ar,tier_2,standard_translation,0.0047,0.0149,20,0
12,residual,ar,tier_2,standard_translation,0.0076,0.0155,20,0
12,attn_out,ar,tier_2,standard_translation,-0.0027,0.0031,20,0
12,mlp_out,ar,tier_2,standard_translation,0.0015,0.0045,20,0
13,residual,ar,tier_2,standard_translation,0.0092,0.0176,20,0
13,attn_out,ar,tier_2,standard_translation,-0.0013,0.0038,20,0
13,mlp_out,ar,tier_2,standard_translation,-0.0001,0.0048,20,0
14,residual,ar,tier_2,standard_translation,0.0102,0.0198,20,0
14,attn_out,ar,tier_2,standard_translation,-0.0008,0.0023,20,0
14,mlp_out,ar,tier_2,standard_translation,0.0017,0.0043,20,0
15,residual,ar,tier_2,standard_translation,0.0056,0.0171,20,0
15,attn_out,ar,tier_2,standard_translation,-0.001,0.0019,20,0
15,mlp_out,ar,tier_2,standard_translation,-0.0026,0.0042,20,0
16,residual,ar,tier_2,standard_translation,0.0057,0.0183,20,0
16,attn_out,ar,tier_2,standard_translation,0.0,0.0014,20,0
16,mlp_out,ar,tier_2,standard_translation,0.0011,0.0021,20,0
17,residual,ar,tier_2,standard_translation,0.0022,0.0067,20,0
17,attn_out,ar,tier_2,standard_translation,0.0006,0.0007,20,0
17,mlp_out,ar,tier_2,standard_translation,-0.001,0.0009,20,0
18,residual,ar,tier_2,standard_translation,0.002,0.0069,20,0
18,attn_out,ar,tier_2,standard_translation,0.0011,0.0019,20,0
18,mlp_out,ar,tier_2,standard_translation,-0.0002,0.0015,20,0
19,residual,ar,tier_2,standard_translation,0.0005,0.0062,20,0
19,attn_out,ar,tier_2,standard_translation,-0.0003,0.0004,20,0
19,mlp_out,ar,tier_2,standard_translation,0.0,0.0017,20,0
20,residual,ar,tier_2,standard_translation,0.001,0.0067,20,0
20,attn_out,ar,tier_2,standard_translation,0.0001,0.0012,20,0
20,mlp_out,ar,tier_2,standard_translation,-0.0007,0.0019,20,0
21,residual,ar,tier_2,standard_translation,0.0012,0.005,20,0
21,attn_out,ar,tier_2,standard_translation,-0.0001,0.0006,20,0
21,mlp_out,ar,tier_2,standard_translation,-0.0005,0.0015,20,0
22,residual,ar,tier_2,standard_translation,0.001,0.0052,20,0
22,attn_out,ar,tier_2,standard_translation,0.0,0.0004,20,0
22,mlp_out,ar,tier_2,standard_translation,-0.0008,0.0025,20,0
23,residual,ar,tier_2,standard_translation,-0.0006,0.006,20,0
23,attn_out,ar,tier_2,standard_translation,0.0005,0.0007,20,0
23,mlp_out,ar,tier_2,standard_translation,-0.0003,0.0007,20,0
24,residual,ar,tier_2,standard_translation,-0.002,0.0032,20,0
24,attn_out,ar,tier_2,standard_translation,0.0001,0.0003,20,0
24,mlp_out,ar,tier_2,standard_translation,-0.0003,0.0011,20,0
25,residual,ar,tier_2,standard_translation,-0.0019,0.0033,20,0
25,attn_out,ar,tier_2,standard_translation,-0.0005,0.0006,20,0
25,mlp_out,ar,tier_2,standard_translation,-0.0006,0.0022,20,0
26,residual,ar,tier_2,standard_translation,-0.0022,0.0031,20,0
26,attn_out,ar,tier_2,standard_translation,-0.0003,0.0005,20,0
26,mlp_out,ar,tier_2,standard_translation,-0.0008,0.0006,20,0
27,residual,ar,tier_2,standard_translation,-0.0014,0.0028,20,0
27,attn_out,ar,tier_2,standard_translation,0.0003,0.0005,20,0
27,mlp_out,ar,tier_2,standard_translation,-0.0013,0.0007,20,0
28,residual,ar,tier_2,standard_translation,-0.0013,0.0027,20,0
28,attn_out,ar,tier_2,standard_translation,0.0001,0.0002,20,0
28,mlp_out,ar,tier_2,standard_translation,-0.0004,0.0009,20,0
29,residual,ar,tier_2,standard_translation,0.0001,0.003,20,0
29,attn_out,ar,tier_2,standard_translation,0.0009,0.001,20,0
29,mlp_out,ar,tier_2,standard_translation,-0.0005,0.0018,20,0
30,residual,ar,tier_2,standard_translation,-0.0006,0.0019,20,0
30,attn_out,ar,tier_2,standard_translation,0.0001,0.0001,20,0
30,mlp_out,ar,tier_2,standard_translation,-0.0005,0.0013,20,0
31,residual,ar,tier_2,standard_translation,0.0,0.0,20,0
31,attn_out,ar,tier_2,standard_translation,0.0,0.0,20,0
31,mlp_out,ar,tier_2,standard_translation,0.0,0.0,20,0
0,residual,ru,tier_2,standard_translation,0.0426,0.0493,20,0
0,attn_out,ru,tier_2,standard_translation,0.0185,0.0121,20,0
0,mlp_out,ru,tier_2,standard_translation,0.0275,0.0478,20,0
1,residual,ru,tier_2,standard_translation,0.0449,0.0436,20,0
1,attn_out,ru,tier_2,standard_translation,0.0056,0.0055,20,0
1,mlp_out,ru,tier_2,standard_translation,0.0058,0.0133,20,0
2,residual,ru,tier_2,standard_translation,0.0393,0.0408,20,0
2,attn_out,ru,tier_2,standard_translation,0.0036,0.0013,20,0
2,mlp_out,ru,tier_2,standard_translation,0.0004,0.0079,20,0
3,residual,ru,tier_2,standard_translation,0.0351,0.0381,20,0
3,attn_out,ru,tier_2,standard_translation,0.0032,0.0075,20,0
3,mlp_out,ru,tier_2,standard_translation,0.0028,0.0078,20,0
4,residual,ru,tier_2,standard_translation,0.0335,0.0391,20,0
4,attn_out,ru,tier_2,standard_translation,-0.0021,0.0022,20,0
4,mlp_out,ru,tier_2,standard_translation,0.0097,0.0134,20,0
5,residual,ru,tier_2,standard_translation,0.0311,0.0323,20,0
5,attn_out,ru,tier_2,standard_translation,0.0101,0.014,20,0
5,mlp_out,ru,tier_2,standard_translation,0.0133,0.009,20,0
6,residual,ru,tier_2,standard_translation,0.0307,0.0306,20,0
6,attn_out,ru,tier_2,standard_translation,0.0094,0.0048,20,0
6,mlp_out,ru,tier_2,standard_translation,0.0079,0.0112,20,0
7,residual,ru,tier_2,standard_translation,0.0041,0.0246,20,0
7,attn_out,ru,tier_2,standard_translation,0.0085,0.0041,20,0
7,mlp_out,ru,tier_2,standard_translation,0.0035,0.0097,20,0
8,residual,ru,tier_2,standard_translation,0.0026,0.0259,20,0
8,attn_out,ru,tier_2,standard_translation,-0.0004,0.0035,20,0
8,mlp_out,ru,tier_2,standard_translation,0.01,0.0113,20,0
9,residual,ru,tier_2,standard_translation,-0.0116,0.0245,20,0
9,attn_out,ru,tier_2,standard_translation,-0.0042,0.0036,20,0
9,mlp_out,ru,tier_2,standard_translation,-0.0016,0.0146,20,0
10,residual,ru,tier_2,standard_translation,-0.0122,0.0234,20,0
10,attn_out,ru,tier_2,standard_translation,-0.0039,0.0085,20,0
10,mlp_out,ru,tier_2,standard_translation,0.0002,0.0056,20,0
11,residual,ru,tier_2,standard_translation,-0.0179,0.0239,20,0
11,attn_out,ru,tier_2,standard_translation,-0.0016,0.0028,20,0
11,mlp_out,ru,tier_2,standard_translation,-0.006,0.013,20,0
12,residual,ru,tier_2,standard_translation,-0.0173,0.017,20,0
12,attn_out,ru,tier_2,standard_translation,-0.0023,0.0035,20,0
12,mlp_out,ru,tier_2,standard_translation,0.0056,0.0058,20,0
13,residual,ru,tier_2,standard_translation,-0.0199,0.017,20,0
13,attn_out,ru,tier_2,standard_translation,-0.0028,0.0029,20,0
13,mlp_out,ru,tier_2,standard_translation,0.007,0.012,20,0
14,residual,ru,tier_2,standard_translation,-0.0172,0.0167,20,0
14,attn_out,ru,tier_2,standard_translation,0.0013,0.0016,20,0
14,mlp_out,ru,tier_2,standard_translation,0.0035,0.0124,20,0
15,residual,ru,tier_2,standard_translation,-0.0056,0.0165,20,0
15,attn_out,ru,tier_2,standard_translation,-0.0016,0.003,20,0
15,mlp_out,ru,tier_2,standard_translation,-0.0007,0.0044,20,0
16,residual,ru,tier_2,standard_translation,-0.0034,0.0137,20,0
16,attn_out,ru,tier_2,standard_translation,0.0002,0.0022,20,0
16,mlp_out,ru,tier_2,standard_translation,0.0025,0.0053,20,0
17,residual,ru,tier_2,standard_translation,-0.0015,0.0039,20,0
17,attn_out,ru,tier_2,standard_translation,-0.0002,0.0012,20,0
17,mlp_out,ru,tier_2,standard_translation,-0.0008,0.0032,20,0
18,residual,ru,tier_2,standard_translation,0.0005,0.0037,20,0
18,attn_out,ru,tier_2,standard_translation,0.0002,0.0003,20,0
18,mlp_out,ru,tier_2,standard_translation,0.0018,0.0047,20,0
19,residual,ru,tier_2,standard_translation,0.0009,0.0031,20,0
19,attn_out,ru,tier_2,standard_translation,-0.0009,0.0009,20,0
19,mlp_out,ru,tier_2,standard_translation,0.0006,0.0033,20,0
20,residual,ru,tier_2,standard_translation,-0.0022,0.001,20,0
20,attn_out,ru,tier_2,standard_translation,-0.0005,0.0014,20,0
20,mlp_out,ru,tier_2,standard_translation,-0.0004,0.0022,20,0
21,residual,ru,tier_2,standard_translation,-0.0023,0.0012,20,0
21,attn_out,ru,tier_2,standard_translation,-0.0009,0.0015,20,0
21,mlp_out,ru,tier_2,standard_translation,0.0015,0.0048,20,0
22,residual,ru,tier_2,standard_translation,-0.0037,0.0012,20,0
22,attn_out,ru,tier_2,standard_translation,-0.0003,0.0003,20,0
22,mlp_out,ru,tier_2,standard_translation,-0.0,0.0017,20,0
23,residual,ru,tier_2,standard_translation,-0.0036,0.001,20,0
23,attn_out,ru,tier_2,standard_translation,0.0002,0.0011,20,0
23,mlp_out,ru,tier_2,standard_translation,0.0012,0.0021,20,0
24,residual,ru,tier_2,standard_translation,-0.0029,0.0014,20,0
24,attn_out,ru,tier_2,standard_translation,-0.0003,0.0004,20,0
24,mlp_out,ru,tier_2,standard_translation,-0.0006,0.0015,20,0
25,residual,ru,tier_2,standard_translation,-0.0032,0.0018,20,0
25,attn_out,ru,tier_2,standard_translation,0.0003,0.0009,20,0
25,mlp_out,ru,tier_2,standard_translation,-0.0007,0.0013,20,0
26,residual,ru,tier_2,standard_translation,-0.0042,0.0004,20,0
26,attn_out,ru,tier_2,standard_translation,-0.0004,0.0006,20,0
26,mlp_out,ru,tier_2,standard_translation,-0.0018,0.0005,20,0
27,residual,ru,tier_2,standard_translation,-0.004,0.0006,20,0
27,attn_out,ru,tier_2,standard_translation,-0.0001,0.0005,20,0
27,mlp_out,ru,tier_2,standard_translation,-0.0005,0.0012,20,0
28,residual,ru,tier_2,standard_translation,-0.0023,0.0018,20,0
28,attn_out,ru,tier_2,standard_translation,0.0,0.0007,20,0
28,mlp_out,ru,tier_2,standard_translation,-0.0009,0.001,20,0
29,residual,ru,tier_2,standard_translation,-0.0013,0.0011,20,0
29,attn_out,ru,tier_2,standard_translation,-0.0002,0.0004,20,0
29,mlp_out,ru,tier_2,standard_translation,-0.0005,0.0012,20,0
30,residual,ru,tier_2,standard_translation,-0.0004,0.0009,20,0
30,attn_out,ru,tier_2,standard_translation,-0.0002,0.0007,20,0
30,mlp_out,ru,tier_2,standard_translation,-0.0006,0.001,20,0
31,residual,ru,tier_2,standard_translation,0.0,0.0,20,0
31,attn_out,ru,tier_2,standard_translation,0.0,0.0,20,0
31,mlp_out,ru,tier_2,standard_translation,0.0,0.0,20,0
0,residual,ko,tier_2,standard_translation,2.1772,3.2879,20,0
0,attn_out,ko,tier_2,standard_translation,0.3921,0.6779,20,0
0,mlp_out,ko,tier_2,standard_translation,2.383,3.3175,20,0
1,residual,ko,tier_2,standard_translation,1.8722,3.2562,20,0
1,attn_out,ko,tier_2,standard_translation,-0.5744,0.8295,20,0
1,mlp_out,ko,tier_2,standard_translation,0.3178,0.3772,20,0
2,residual,ko,tier_2,standard_translation,1.7754,2.5147,20,0
2,attn_out,ko,tier_2,standard_translation,0.5638,0.9251,20,0
2,mlp_out,ko,tier_2,standard_translation,-0.1466,0.3816,20,0
3,residual,ko,tier_2,standard_translation,1.1283,1.1981,20,0
3,attn_out,ko,tier_2,standard_translation,-0.1279,0.2684,20,0
3,mlp_out,ko,tier_2,standard_translation,-0.8422,0.9924,20,0
4,residual,ko,tier_2,standard_translation,0.7496,0.6223,20,0
4,attn_out,ko,tier_2,standard_translation,0.0554,0.1086,20,0
4,mlp_out,ko,tier_2,standard_translation,-0.2526,0.4907,20,0
5,residual,ko,tier_2,standard_translation,0.3796,1.1483,20,0
5,attn_out,ko,tier_2,standard_translation,-0.5754,0.6893,20,0
5,mlp_out,ko,tier_2,standard_translation,0.0474,0.1449,20,0
6,residual,ko,tier_2,standard_translation,1.1958,1.3663,20,0
6,attn_out,ko,tier_2,standard_translation,-0.4005,0.4986,20,0
6,mlp_out,ko,tier_2,standard_translation,-0.6148,0.8407,20,0
7,residual,ko,tier_2,standard_translation,1.1904,1.1437,20,0
7,attn_out,ko,tier_2,standard_translation,0.5852,1.223,20,0
7,mlp_out,ko,tier_2,standard_translation,-0.7914,1.8696,20,0
8,residual,ko,tier_2,standard_translation,1.0912,1.16,20,0
8,attn_out,ko,tier_2,standard_translation,0.1797,0.4165,20,0
8,mlp_out,ko,tier_2,standard_translation,0.4697,0.7912,20,0
9,residual,ko,tier_2,standard_translation,1.525,2.2051,20,0
9,attn_out,ko,tier_2,standard_translation,0.0064,0.372,20,0
9,mlp_out,ko,tier_2,standard_translation,0.952,1.4075,20,0
10,residual,ko,tier_2,standard_translation,1.6481,2.6371,20,0
10,attn_out,ko,tier_2,standard_translation,0.4761,0.9671,20,0
10,mlp_out,ko,tier_2,standard_translation,0.2841,1.2581,20,0
11,residual,ko,tier_2,standard_translation,1.6862,3.2472,20,0
11,attn_out,ko,tier_2,standard_translation,0.0229,0.3709,20,0
11,mlp_out,ko,tier_2,standard_translation,1.2221,2.4984,20,0
12,residual,ko,tier_2,standard_translation,1.6437,3.2253,20,0
12,attn_out,ko,tier_2,standard_translation,-0.12,0.3873,20,0
12,mlp_out,ko,tier_2,standard_translation,0.2954,1.0622,20,0
13,residual,ko,tier_2,standard_translation,1.7549,3.5157,20,0
13,attn_out,ko,tier_2,standard_translation,0.1065,0.4367,20,0
13,mlp_out,ko,tier_2,standard_translation,0.4234,1.4921,20,0
14,residual,ko,tier_2,standard_translation,1.9644,3.6839,20,0
14,attn_out,ko,tier_2,standard_translation,-0.075,0.1403,20,0
14,mlp_out,ko,tier_2,standard_translation,0.117,0.7267,20,0
15,residual,ko,tier_2,standard_translation,1.2829,2.569,20,0
15,attn_out,ko,tier_2,standard_translation,-0.0103,0.231,20,0
15,mlp_out,ko,tier_2,standard_translation,0.69,1.1635,20,0
16,residual,ko,tier_2,standard_translation,0.8593,1.9466,20,0
16,attn_out,ko,tier_2,standard_translation,-0.0025,0.0939,20,0
16,mlp_out,ko,tier_2,standard_translation,0.6961,1.1526,20,0
17,residual,ko,tier_2,standard_translation,-0.0157,0.3101,20,0
17,attn_out,ko,tier_2,standard_translation,-0.0152,0.0232,20,0
17,mlp_out,ko,tier_2,standard_translation,0.226,0.2594,20,0
18,residual,ko,tier_2,standard_translation,-0.0026,0.4788,20,0
18,attn_out,ko,tier_2,standard_translation,-0.0083,0.0507,20,0
18,mlp_out,ko,tier_2,standard_translation,0.1157,0.2348,20,0
19,residual,ko,tier_2,standard_translation,0.1895,0.3418,20,0
19,attn_out,ko,tier_2,standard_translation,0.0724,0.1197,20,0
19,mlp_out,ko,tier_2,standard_translation,-0.0565,0.1413,20,0
20,residual,ko,tier_2,standard_translation,0.6137,0.8855,20,0
20,attn_out,ko,tier_2,standard_translation,0.1328,0.2093,20,0
20,mlp_out,ko,tier_2,standard_translation,0.2323,0.3039,20,0
21,residual,ko,tier_2,standard_translation,0.379,0.4582,20,0
21,attn_out,ko,tier_2,standard_translation,0.0952,0.1847,20,0
21,mlp_out,ko,tier_2,standard_translation,-0.0208,0.0414,20,0
22,residual,ko,tier_2,standard_translation,0.3925,0.4501,20,0
22,attn_out,ko,tier_2,standard_translation,-0.0304,0.0671,20,0
22,mlp_out,ko,tier_2,standard_translation,-0.0595,0.1012,20,0
23,residual,ko,tier_2,standard_translation,0.2987,0.4392,20,0
23,attn_out,ko,tier_2,standard_translation,0.0237,0.029,20,0
23,mlp_out,ko,tier_2,standard_translation,0.0633,0.2034,20,0
24,residual,ko,tier_2,standard_translation,0.2376,0.311,20,0
24,attn_out,ko,tier_2,standard_translation,0.0125,0.0148,20,0
24,mlp_out,ko,tier_2,standard_translation,-0.077,0.1682,20,0
25,residual,ko,tier_2,standard_translation,0.2487,0.2637,20,0
25,attn_out,ko,tier_2,standard_translation,-0.0055,0.0386,20,0
25,mlp_out,ko,tier_2,standard_translation,0.1087,0.1966,20,0
26,residual,ko,tier_2,standard_translation,0.1993,0.266,20,0
26,attn_out,ko,tier_2,standard_translation,0.0501,0.0794,20,0
26,mlp_out,ko,tier_2,standard_translation,0.0466,0.0787,20,0
27,residual,ko,tier_2,standard_translation,0.1641,0.2514,20,0
27,attn_out,ko,tier_2,standard_translation,-0.0424,0.0825,20,0
27,mlp_out,ko,tier_2,standard_translation,0.069,0.1369,20,0
28,residual,ko,tier_2,standard_translation,0.1261,0.1975,20,0
28,attn_out,ko,tier_2,standard_translation,-0.0671,0.1056,20,0
28,mlp_out,ko,tier_2,standard_translation,-0.0587,0.1183,20,0
29,residual,ko,tier_2,standard_translation,-0.0414,0.1348,20,0
29,attn_out,ko,tier_2,standard_translation,0.0193,0.0263,20,0
29,mlp_out,ko,tier_2,standard_translation,0.0207,0.0446,20,0
30,residual,ko,tier_2,standard_translation,-0.03,0.0531,20,0
30,attn_out,ko,tier_2,standard_translation,0.0155,0.0298,20,0
30,mlp_out,ko,tier_2,standard_translation,-0.0031,0.0147,20,0
31,residual,ko,tier_2,standard_translation,0.0,0.0,20,0
31,attn_out,ko,tier_2,standard_translation,0.0,0.0,20,0
31,mlp_out,ko,tier_2,standard_translation,0.0,0.0,20,0
0,residual,ja,tier_2,standard_translation,-0.0633,0.3894,20,0
0,attn_out,ja,tier_2,standard_translation,-0.0564,0.1841,20,0
0,mlp_out,ja,tier_2,standard_translation,0.0398,0.1927,20,0
1,residual,ja,tier_2,standard_translation,-0.0024,0.3179,20,0
1,attn_out,ja,tier_2,standard_translation,-0.0574,0.1251,20,0
1,mlp_out,ja,tier_2,standard_translation,0.0477,0.0321,20,0
2,residual,ja,tier_2,standard_translation,-0.0624,0.1825,20,0
2,attn_out,ja,tier_2,standard_translation,-0.0224,0.1113,20,0
2,mlp_out,ja,tier_2,standard_translation,0.0563,0.0885,20,0
3,residual,ja,tier_2,standard_translation,-0.0589,0.1437,20,0
3,attn_out,ja,tier_2,standard_translation,0.0551,0.1297,20,0
3,mlp_out,ja,tier_2,standard_translation,-0.0244,0.0847,20,0
4,residual,ja,tier_2,standard_translation,-0.0452,0.1551,20,0
4,attn_out,ja,tier_2,standard_translation,0.0066,0.03,20,0
4,mlp_out,ja,tier_2,standard_translation,-0.0056,0.146,20,0
5,residual,ja,tier_2,standard_translation,-0.0352,0.1268,20,0
5,attn_out,ja,tier_2,standard_translation,-0.0442,0.0807,20,0
5,mlp_out,ja,tier_2,standard_translation,-0.0196,0.078,20,0
6,residual,ja,tier_2,standard_translation,0.0137,0.1357,20,0
6,attn_out,ja,tier_2,standard_translation,-0.0371,0.038,20,0
6,mlp_out,ja,tier_2,standard_translation,0.064,0.0672,20,0
7,residual,ja,tier_2,standard_translation,0.015,0.1856,20,0
7,attn_out,ja,tier_2,standard_translation,-0.0401,0.0489,20,0
7,mlp_out,ja,tier_2,standard_translation,0.0319,0.0535,20,0
8,residual,ja,tier_2,standard_translation,0.0128,0.1719,20,0
8,attn_out,ja,tier_2,standard_translation,0.0087,0.0331,20,0
8,mlp_out,ja,tier_2,standard_translation,0.0107,0.0472,20,0
9,residual,ja,tier_2,standard_translation,0.0458,0.2048,20,0
9,attn_out,ja,tier_2,standard_translation,0.0359,0.0838,20,0
9,mlp_out,ja,tier_2,standard_translation,0.0018,0.0269,20,0
10,residual,ja,tier_2,standard_translation,0.0068,0.2737,20,0
10,attn_out,ja,tier_2,standard_translation,-0.0044,0.0664,20,0
10,mlp_out,ja,tier_2,standard_translation,0.046,0.062,20,0
11,residual,ja,tier_2,standard_translation,-0.0072,0.3,20,0
11,attn_out,ja,tier_2,standard_translation,-0.0192,0.0108,20,0
11,mlp_out,ja,tier_2,standard_translation,0.0595,0.0648,20,0
12,residual,ja,tier_2,standard_translation,-0.0081,0.299,20,0
12,attn_out,ja,tier_2,standard_translation,-0.0408,0.0694,20,0
12,mlp_out,ja,tier_2,standard_translation,0.0614,0.0429,20,0
13,residual,ja,tier_2,standard_translation,-0.0229,0.2919,20,0
13,attn_out,ja,tier_2,standard_translation,-0.0096,0.0081,20,0
13,mlp_out,ja,tier_2,standard_translation,-0.036,0.0737,20,0
14,residual,ja,tier_2,standard_translation,0.0017,0.2396,20,0
14,attn_out,ja,tier_2,standard_translation,-0.033,0.0317,20,0
14,mlp_out,ja,tier_2,standard_translation,-0.0059,0.0636,20,0
15,residual,ja,tier_2,standard_translation,-0.0199,0.1646,20,0
15,attn_out,ja,tier_2,standard_translation,-0.0179,0.0234,20,0
15,mlp_out,ja,tier_2,standard_translation,-0.0128,0.0683,20,0
16,residual,ja,tier_2,standard_translation,-0.0117,0.1462,20,0
16,attn_out,ja,tier_2,standard_translation,-0.0104,0.0251,20,0
16,mlp_out,ja,tier_2,standard_translation,-0.0034,0.0524,20,0
17,residual,ja,tier_2,standard_translation,-0.0093,0.1022,20,0
17,attn_out,ja,tier_2,standard_translation,-0.0041,0.0048,20,0
17,mlp_out,ja,tier_2,standard_translation,-0.0048,0.0329,20,0
18,residual,ja,tier_2,standard_translation,-0.0201,0.1114,20,0
18,attn_out,ja,tier_2,standard_translation,-0.0067,0.0257,20,0
18,mlp_out,ja,tier_2,standard_translation,0.0121,0.0173,20,0
19,residual,ja,tier_2,standard_translation,0.0024,0.0921,20,0
19,attn_out,ja,tier_2,standard_translation,-0.0071,0.0076,20,0
19,mlp_out,ja,tier_2,standard_translation,-0.0218,0.0427,20,0
20,residual,ja,tier_2,standard_translation,-0.0318,0.0899,20,0
20,attn_out,ja,tier_2,standard_translation,0.0006,0.0043,20,0
20,mlp_out,ja,tier_2,standard_translation,-0.0254,0.0234,20,0
21,residual,ja,tier_2,standard_translation,-0.0328,0.0862,20,0
21,attn_out,ja,tier_2,standard_translation,-0.0025,0.0085,20,0
21,mlp_out,ja,tier_2,standard_translation,-0.0052,0.0254,20,0
22,residual,ja,tier_2,standard_translation,-0.0232,0.0833,20,0
22,attn_out,ja,tier_2,standard_translation,0.0008,0.004,20,0
22,mlp_out,ja,tier_2,standard_translation,-0.0173,0.0403,20,0
23,residual,ja,tier_2,standard_translation,-0.0144,0.0802,20,0
23,attn_out,ja,tier_2,standard_translation,0.001,0.0059,20,0
23,mlp_out,ja,tier_2,standard_translation,-0.0038,0.0215,20,0
24,residual,ja,tier_2,standard_translation,-0.0175,0.0878,20,0
24,attn_out,ja,tier_2,standard_translation,0.0001,0.0044,20,0
24,mlp_out,ja,tier_2,standard_translation,-0.0126,0.022,20,0
25,residual,ja,tier_2,standard_translation,-0.0019,0.0878,20,0
25,attn_out,ja,tier_2,standard_translation,-0.0005,0.0034,20,0
25,mlp_out,ja,tier_2,standard_translation,-0.0038,0.0082,20,0
26,residual,ja,tier_2,standard_translation,-0.0049,0.0804,20,0
26,attn_out,ja,tier_2,standard_translation,-0.0016,0.0068,20,0
26,mlp_out,ja,tier_2,standard_translation,-0.0151,0.0251,20,0
27,residual,ja,tier_2,standard_translation,-0.0271,0.054,20,0
27,attn_out,ja,tier_2,standard_translation,0.0001,0.0017,20,0
27,mlp_out,ja,tier_2,standard_translation,-0.0054,0.0202,20,0
28,residual,ja,tier_2,standard_translation,-0.0244,0.0456,20,0
28,attn_out,ja,tier_2,standard_translation,-0.0001,0.0016,20,0
28,mlp_out,ja,tier_2,standard_translation,-0.0196,0.0435,20,0
29,residual,ja,tier_2,standard_translation,-0.0261,0.0255,20,0
29,attn_out,ja,tier_2,standard_translation,0.0011,0.0089,20,0
29,mlp_out,ja,tier_2,standard_translation,-0.0162,0.0294,20,0
30,residual,ja,tier_2,standard_translation,-0.0103,0.0209,20,0
30,attn_out,ja,tier_2,standard_translation,0.0016,0.006,20,0
30,mlp_out,ja,tier_2,standard_translation,-0.0031,0.0136,20,0
31,residual,ja,tier_2,standard_translation,0.0,0.0,20,0
31,attn_out,ja,tier_2,standard_translation,0.0,0.0,20,0
31,mlp_out,ja,tier_2,standard_translation,0.0,0.0,20,0
0,residual,tr,tier_3,standard_translation,-0.0596,0.2119,20,0
0,attn_out,tr,tier_3,standard_translation,0.0413,0.0894,20,0
0,mlp_out,tr,tier_3,standard_translation,-0.0777,0.2258,20,0
1,residual,tr,tier_3,standard_translation,-0.0437,0.2613,20,0
1,attn_out,tr,tier_3,standard_translation,0.0201,0.0581,20,0
1,mlp_out,tr,tier_3,standard_translation,-0.0154,0.0742,20,0
2,residual,tr,tier_3,standard_translation,-0.0286,0.3043,20,0
2,attn_out,tr,tier_3,standard_translation,-0.0203,0.0277,20,0
2,mlp_out,tr,tier_3,standard_translation,-0.0032,0.028,20,0
3,residual,tr,tier_3,standard_translation,0.0324,0.3399,20,0
3,attn_out,tr,tier_3,standard_translation,0.0194,0.0709,20,0
3,mlp_out,tr,tier_3,standard_translation,-0.0427,0.1015,20,0
4,residual,tr,tier_3,standard_translation,0.0626,0.3515,20,0
4,attn_out,tr,tier_3,standard_translation,0.0118,0.033,20,0
4,mlp_out,tr,tier_3,standard_translation,-0.0024,0.1062,20,0
5,residual,tr,tier_3,standard_translation,0.1455,0.3893,20,0
5,attn_out,tr,tier_3,standard_translation,0.002,0.0996,20,0
5,mlp_out,tr,tier_3,standard_translation,0.0443,0.0606,20,0
6,residual,tr,tier_3,standard_translation,0.1239,0.3805,20,0
6,attn_out,tr,tier_3,standard_translation,0.0772,0.0507,20,0
6,mlp_out,tr,tier_3,standard_translation,0.0219,0.0905,20,0
7,residual,tr,tier_3,standard_translation,0.0588,0.3058,20,0
7,attn_out,tr,tier_3,standard_translation,0.0244,0.1432,20,0
7,mlp_out,tr,tier_3,standard_translation,0.0689,0.0974,20,0
8,residual,tr,tier_3,standard_translation,0.051,0.284,20,0
8,attn_out,tr,tier_3,standard_translation,-0.0242,0.0401,20,0
8,mlp_out,tr,tier_3,standard_translation,0.0504,0.2261,20,0
9,residual,tr,tier_3,standard_translation,-0.0828,0.2632,20,0
9,attn_out,tr,tier_3,standard_translation,-0.003,0.0465,20,0
9,mlp_out,tr,tier_3,standard_translation,-0.113,0.0845,20,0
10,residual,tr,tier_3,standard_translation,-0.1102,0.2224,20,0
10,attn_out,tr,tier_3,standard_translation,-0.0453,0.0434,20,0
10,mlp_out,tr,tier_3,standard_translation,-0.0704,0.1071,20,0
11,residual,tr,tier_3,standard_translation,-0.1381,0.186,20,0
11,attn_out,tr,tier_3,standard_translation,-0.0087,0.0272,20,0
11,mlp_out,tr,tier_3,standard_translation,-0.0895,0.0775,20,0
12,residual,tr,tier_3,standard_translation,-0.1505,0.1316,20,0
12,attn_out,tr,tier_3,standard_translation,-0.0741,0.0615,20,0
12,mlp_out,tr,tier_3,standard_translation,-0.0275,0.0725,20,0
13,residual,tr,tier_3,standard_translation,-0.1472,0.132,20,0
13,attn_out,tr,tier_3,standard_translation,-0.0056,0.0133,20,0
13,mlp_out,tr,tier_3,standard_translation,-0.0194,0.0472,20,0
14,residual,tr,tier_3,standard_translation,-0.1303,0.1041,20,0
14,attn_out,tr,tier_3,standard_translation,0.0481,0.0477,20,0
14,mlp_out,tr,tier_3,standard_translation,0.0055,0.0864,20,0
15,residual,tr,tier_3,standard_translation,-0.042,0.0898,20,0
15,attn_out,tr,tier_3,standard_translation,-0.0184,0.0232,20,0
15,mlp_out,tr,tier_3,standard_translation,0.0307,0.047,20,0
16,residual,tr,tier_3,standard_translation,0.0129,0.0678,20,0
16,attn_out,tr,tier_3,standard_translation,0.0205,0.0185,20,0
16,mlp_out,tr,tier_3,standard_translation,0.0724,0.0317,20,0
17,residual,tr,tier_3,standard_translation,0.0422,0.0919,20,0
17,attn_out,tr,tier_3,standard_translation,0.0134,0.0121,20,0
17,mlp_out,tr,tier_3,standard_translation,0.0402,0.0399,20,0
18,residual,tr,tier_3,standard_translation,0.0477,0.0671,20,0
18,attn_out,tr,tier_3,standard_translation,0.0078,0.0051,20,0
18,mlp_out,tr,tier_3,standard_translation,0.049,0.0341,20,0
19,residual,tr,tier_3,standard_translation,0.0437,0.0784,20,0
19,attn_out,tr,tier_3,standard_translation,0.0163,0.0245,20,0
19,mlp_out,tr,tier_3,standard_translation,0.0488,0.052,20,0
20,residual,tr,tier_3,standard_translation,0.0088,0.0334,20,0
20,attn_out,tr,tier_3,standard_translation,0.0018,0.0101,20,0
20,mlp_out,tr,tier_3,standard_translation,0.0188,0.0296,20,0
21,residual,tr,tier_3,standard_translation,0.0127,0.0343,20,0
21,attn_out,tr,tier_3,standard_translation,0.0203,0.0218,20,0
21,mlp_out,tr,tier_3,standard_translation,0.018,0.0716,20,0
22,residual,tr,tier_3,standard_translation,0.0092,0.0325,20,0
22,attn_out,tr,tier_3,standard_translation,-0.0023,0.0156,20,0
22,mlp_out,tr,tier_3,standard_translation,0.0419,0.0411,20,0
23,residual,tr,tier_3,standard_translation,0.0016,0.0394,20,0
23,attn_out,tr,tier_3,standard_translation,-0.0014,0.0098,20,0
23,mlp_out,tr,tier_3,standard_translation,0.0236,0.047,20,0
24,residual,tr,tier_3,standard_translation,-0.0228,0.0553,20,0
24,attn_out,tr,tier_3,standard_translation,-0.0002,0.0107,20,0
24,mlp_out,tr,tier_3,standard_translation,0.0359,0.0366,20,0
25,residual,tr,tier_3,standard_translation,-0.0172,0.0276,20,0
25,attn_out,tr,tier_3,standard_translation,-0.0026,0.0045,20,0
25,mlp_out,tr,tier_3,standard_translation,-0.0051,0.0094,20,0
26,residual,tr,tier_3,standard_translation,-0.0379,0.0334,20,0
26,attn_out,tr,tier_3,standard_translation,0.0052,0.0096,20,0
26,mlp_out,tr,tier_3,standard_translation,0.0178,0.0264,20,0
27,residual,tr,tier_3,standard_translation,-0.0324,0.0352,20,0
27,attn_out,tr,tier_3,standard_translation,0.0127,0.0172,20,0
27,mlp_out,tr,tier_3,standard_translation,0.0232,0.0211,20,0
28,residual,tr,tier_3,standard_translation,-0.0299,0.0303,20,0
28,attn_out,tr,tier_3,standard_translation,0.0176,0.0167,20,0
28,mlp_out,tr,tier_3,standard_translation,-0.0178,0.0059,20,0
29,residual,tr,tier_3,standard_translation,-0.0116,0.0248,20,0
29,attn_out,tr,tier_3,standard_translation,0.0092,0.0056,20,0
29,mlp_out,tr,tier_3,standard_translation,-0.0025,0.0048,20,0
30,residual,tr,tier_3,standard_translation,-0.0067,0.023,20,0
30,attn_out,tr,tier_3,standard_translation,-0.003,0.0057,20,0
30,mlp_out,tr,tier_3,standard_translation,-0.0149,0.0108,20,0
31,residual,tr,tier_3,standard_translation,0.0,0.0,20,0
31,attn_out,tr,tier_3,standard_translation,0.0,0.0,20,0
31,mlp_out,tr,tier_3,standard_translation,0.0,0.0,20,0
0,residual,id,tier_3,standard_translation,-0.0356,0.0461,20,0
0,attn_out,id,tier_3,standard_translation,0.0017,0.0185,20,0
0,mlp_out,id,tier_3,standard_translation,-0.0362,0.0894,20,0
1,residual,id,tier_3,standard_translation,-0.0228,0.0465,20,0
1,attn_out,id,tier_3,standard_translation,-0.0185,0.0218,20,0
1,mlp_out,id,tier_3,standard_translation,-0.0136,0.0263,20,0
2,residual,id,tier_3,standard_translation,-0.0113,0.0545,20,0
2,attn_out,id,tier_3,standard_translation,-0.0029,0.0129,20,0
2,mlp_out,id,tier_3,standard_translation,-0.006,0.0189,20,0
3,residual,id,tier_3,standard_translation,-0.0046,0.0467,20,0
3,attn_out,id,tier_3,standard_translation,0.0004,0.0151,20,0
3,mlp_out,id,tier_3,standard_translation,-0.0106,0.0137,20,0
4,residual,id,tier_3,standard_translation,-0.0083,0.052,20,0
4,attn_out,id,tier_3,standard_translation,-0.0028,0.006,20,0
4,mlp_out,id,tier_3,standard_translation,0.0081,0.0196,20,0
5,residual,id,tier_3,standard_translation,0.0028,0.0496,20,0
5,attn_out,id,tier_3,standard_translation,0.0142,0.0298,20,0
5,mlp_out,id,tier_3,standard_translation,0.0199,0.0334,20,0
6,residual,id,tier_3,standard_translation,0.0165,0.0551,20,0
6,attn_out,id,tier_3,standard_translation,0.01,0.0188,20,0
6,mlp_out,id,tier_3,standard_translation,0.0204,0.0204,20,0
7,residual,id,tier_3,standard_translation,-0.0203,0.0842,20,0
7,attn_out,id,tier_3,standard_translation,0.0333,0.0131,20,0
7,mlp_out,id,tier_3,standard_translation,0.0508,0.033,20,0
8,residual,id,tier_3,standard_translation,-0.0217,0.0875,20,0
8,attn_out,id,tier_3,standard_translation,-0.0004,0.0087,20,0
8,mlp_out,id,tier_3,standard_translation,0.059,0.0559,20,0
9,residual,id,tier_3,standard_translation,-0.0454,0.1073,20,0
9,attn_out,id,tier_3,standard_translation,0.0023,0.0174,20,0
9,mlp_out,id,tier_3,standard_translation,0.0112,0.0225,20,0
10,residual,id,tier_3,standard_translation,-0.0536,0.1002,20,0
10,attn_out,id,tier_3,standard_translation,-0.0003,0.0138,20,0
10,mlp_out,id,tier_3,standard_translation,0.0293,0.0257,20,0
11,residual,id,tier_3,standard_translation,-0.0576,0.1076,20,0
11,attn_out,id,tier_3,standard_translation,-0.0011,0.0106,20,0
11,mlp_out,id,tier_3,standard_translation,0.0001,0.0462,20,0
12,residual,id,tier_3,standard_translation,-0.0447,0.1046,20,0
12,attn_out,id,tier_3,standard_translation,-0.0075,0.0134,20,0
12,mlp_out,id,tier_3,standard_translation,0.0344,0.0272,20,0
13,residual,id,tier_3,standard_translation,-0.0458,0.1044,20,0
13,attn_out,id,tier_3,standard_translation,-0.0033,0.0077,20,0
13,mlp_out,id,tier_3,standard_translation,0.0195,0.0329,20,0
14,residual,id,tier_3,standard_translation,-0.0443,0.0933,20,0
14,attn_out,id,tier_3,standard_translation,-0.0034,0.0039,20,0
14,mlp_out,id,tier_3,standard_translation,0.0055,0.0449,20,0
15,residual,id,tier_3,standard_translation,-0.0403,0.0763,20,0
15,attn_out,id,tier_3,standard_translation,-0.0119,0.0126,20,0
15,mlp_out,id,tier_3,standard_translation,-0.0184,0.0345,20,0
16,residual,id,tier_3,standard_translation,-0.0409,0.0568,20,0
16,attn_out,id,tier_3,standard_translation,-0.0065,0.0058,20,0
16,mlp_out,id,tier_3,standard_translation,-0.0001,0.0259,20,0
17,residual,id,tier_3,standard_translation,-0.0003,0.0212,20,0
17,attn_out,id,tier_3,standard_translation,-0.0022,0.0034,20,0
17,mlp_out,id,tier_3,standard_translation,-0.0012,0.0063,20,0
18,residual,id,tier_3,standard_translation,0.0085,0.0164,20,0
18,attn_out,id,tier_3,standard_translation,0.0015,0.0023,20,0
18,mlp_out,id,tier_3,standard_translation,0.0053,0.0069,20,0
19,residual,id,tier_3,standard_translation,0.002,0.0139,20,0
19,attn_out,id,tier_3,standard_translation,0.0001,0.0028,20,0
19,mlp_out,id,tier_3,standard_translation,0.0021,0.0055,20,0
20,residual,id,tier_3,standard_translation,-0.0051,0.0108,20,0
20,attn_out,id,tier_3,standard_translation,-0.0001,0.0013,20,0
20,mlp_out,id,tier_3,standard_translation,-0.0035,0.0081,20,0
21,residual,id,tier_3,standard_translation,-0.0094,0.0111,20,0
21,attn_out,id,tier_3,standard_translation,0.0006,0.0008,20,0
21,mlp_out,id,tier_3,standard_translation,-0.0,0.0044,20,0
22,residual,id,tier_3,standard_translation,-0.0106,0.0126,20,0
22,attn_out,id,tier_3,standard_translation,-0.0009,0.0018,20,0
22,mlp_out,id,tier_3,standard_translation,-0.0025,0.0017,20,0
23,residual,id,tier_3,standard_translation,-0.0143,0.0115,20,0
23,attn_out,id,tier_3,standard_translation,-0.0001,0.0018,20,0
23,mlp_out,id,tier_3,standard_translation,0.0011,0.0022,20,0
24,residual,id,tier_3,standard_translation,-0.0161,0.0104,20,0
24,attn_out,id,tier_3,standard_translation,-0.0007,0.0008,20,0
24,mlp_out,id,tier_3,standard_translation,0.0015,0.007,20,0
25,residual,id,tier_3,standard_translation,-0.0163,0.0123,20,0
25,attn_out,id,tier_3,standard_translation,0.0004,0.0016,20,0
25,mlp_out,id,tier_3,standard_translation,-0.0055,0.0057,20,0
26,residual,id,tier_3,standard_translation,-0.0173,0.0114,20,0
26,attn_out,id,tier_3,standard_translation,-0.0014,0.0023,20,0
26,mlp_out,id,tier_3,standard_translation,-0.0038,0.0056,20,0
27,residual,id,tier_3,standard_translation,-0.0161,0.011,20,0
27,attn_out,id,tier_3,standard_translation,0.0002,0.0009,20,0
27,mlp_out,id,tier_3,standard_translation,-0.0019,0.0085,20,0
28,residual,id,tier_3,standard_translation,-0.0085,0.007,20,0
28,attn_out,id,tier_3,standard_translation,-0.001,0.0013,20,0
28,mlp_out,id,tier_3,standard_translation,-0.0046,0.0034,20,0
29,residual,id,tier_3,standard_translation,-0.0063,0.0069,20,0
29,attn_out,id,tier_3,standard_translation,0.0023,0.0018,20,0
29,mlp_out,id,tier_3,standard_translation,-0.0038,0.0044,20,0
30,residual,id,tier_3,standard_translation,-0.0036,0.0051,20,0
30,attn_out,id,tier_3,standard_translation,-0.0006,0.001,20,0
30,mlp_out,id,tier_3,standard_translation,-0.0029,0.004,20,0
31,residual,id,tier_3,standard_translation,0.0,0.0,20,0
31,attn_out,id,tier_3,standard_translation,0.0,0.0,20,0
31,mlp_out,id,tier_3,standard_translation,0.0,0.0,20,0
0,residual,hi,tier_3,standard_translation,0.1957,0.4475,20,0
0,attn_out,hi,tier_3,standard_translation,-0.0233,0.1494,20,0
0,mlp_out,hi,tier_3,standard_translation,0.1285,0.4904,20,0
1,residual,hi,tier_3,standard_translation,0.2663,0.31,20,0
1,attn_out,hi,tier_3,standard_translation,-0.1095,0.1148,20,0
1,mlp_out,hi,tier_3,standard_translation,-0.015,0.1422,20,0
2,residual,hi,tier_3,standard_translation,0.3593,0.3649,20,0
2,attn_out,hi,tier_3,standard_translation,-0.0854,0.0872,20,0
2,mlp_out,hi,tier_3,standard_translation,-0.1468,0.1584,20,0
3,residual,hi,tier_3,standard_translation,0.352,0.3832,20,0
3,attn_out,hi,tier_3,standard_translation,0.0032,0.0428,20,0
3,mlp_out,hi,tier_3,standard_translation,-0.1073,0.1096,20,0
4,residual,hi,tier_3,standard_translation,0.3426,0.3864,20,0
4,attn_out,hi,tier_3,standard_translation,-0.0029,0.0144,20,0
4,mlp_out,hi,tier_3,standard_translation,-0.1364,0.184,20,0
5,residual,hi,tier_3,standard_translation,0.2664,0.3677,20,0
5,attn_out,hi,tier_3,standard_translation,-0.0406,0.2504,20,0
5,mlp_out,hi,tier_3,standard_translation,-0.0611,0.2631,20,0
6,residual,hi,tier_3,standard_translation,0.2409,0.3217,20,0
6,attn_out,hi,tier_3,standard_translation,-0.0056,0.0926,20,0
6,mlp_out,hi,tier_3,standard_translation,-0.1217,0.154,20,0
7,residual,hi,tier_3,standard_translation,0.1643,0.2817,20,0
7,attn_out,hi,tier_3,standard_translation,-0.0042,0.0577,20,0
7,mlp_out,hi,tier_3,standard_translation,0.0398,0.1764,20,0
8,residual,hi,tier_3,standard_translation,0.1542,0.2711,20,0
8,attn_out,hi,tier_3,standard_translation,-0.0195,0.0305,20,0
8,mlp_out,hi,tier_3,standard_translation,-0.0057,0.0958,20,0
9,residual,hi,tier_3,standard_translation,0.0833,0.2637,20,0
9,attn_out,hi,tier_3,standard_translation,-0.0353,0.0569,20,0
9,mlp_out,hi,tier_3,standard_translation,-0.0106,0.0498,20,0
10,residual,hi,tier_3,standard_translation,0.0822,0.3067,20,0
10,attn_out,hi,tier_3,standard_translation,-0.0142,0.0672,20,0
10,mlp_out,hi,tier_3,standard_translation,0.0353,0.1863,20,0
11,residual,hi,tier_3,standard_translation,0.0497,0.34,20,0
11,attn_out,hi,tier_3,standard_translation,-0.0131,0.0346,20,0
11,mlp_out,hi,tier_3,standard_translation,-0.0213,0.1985,20,0
12,residual,hi,tier_3,standard_translation,0.0524,0.4539,20,0
12,attn_out,hi,tier_3,standard_translation,-0.0736,0.0406,20,0
12,mlp_out,hi,tier_3,standard_translation,0.0913,0.1027,20,0
13,residual,hi,tier_3,standard_translation,0.0442,0.4491,20,0
13,attn_out,hi,tier_3,standard_translation,-0.0194,0.0123,20,0
13,mlp_out,hi,tier_3,standard_translation,0.0411,0.1581,20,0
14,residual,hi,tier_3,standard_translation,0.0479,0.4331,20,0
14,attn_out,hi,tier_3,standard_translation,-0.0096,0.0199,20,0
14,mlp_out,hi,tier_3,standard_translation,0.0272,0.1805,20,0
15,residual,hi,tier_3,standard_translation,0.1241,0.3747,20,0
15,attn_out,hi,tier_3,standard_translation,0.002,0.0403,20,0
15,mlp_out,hi,tier_3,standard_translation,-0.0094,0.0296,20,0
16,residual,hi,tier_3,standard_translation,0.1399,0.3553,20,0
16,attn_out,hi,tier_3,standard_translation,0.0039,0.0115,20,0
16,mlp_out,hi,tier_3,standard_translation,0.0417,0.0493,20,0
17,residual,hi,tier_3,standard_translation,0.0244,0.1597,20,0
17,attn_out,hi,tier_3,standard_translation,-0.003,0.0109,20,0
17,mlp_out,hi,tier_3,standard_translation,0.0065,0.0176,20,0
18,residual,hi,tier_3,standard_translation,0.0168,0.1436,20,0
18,attn_out,hi,tier_3,standard_translation,0.0018,0.0047,20,0
18,mlp_out,hi,tier_3,standard_translation,0.0102,0.0106,20,0
19,residual,hi,tier_3,standard_translation,-0.0343,0.1535,20,0
19,attn_out,hi,tier_3,standard_translation,0.0051,0.0078,20,0
19,mlp_out,hi,tier_3,standard_translation,-0.0034,0.0193,20,0
20,residual,hi,tier_3,standard_translation,-0.0421,0.1097,20,0
20,attn_out,hi,tier_3,standard_translation,-0.0108,0.0111,20,0
20,mlp_out,hi,tier_3,standard_translation,0.0049,0.0182,20,0
21,residual,hi,tier_3,standard_translation,-0.0391,0.124,20,0
21,attn_out,hi,tier_3,standard_translation,-0.0011,0.0094,20,0
21,mlp_out,hi,tier_3,standard_translation,0.0065,0.0112,20,0
22,residual,hi,tier_3,standard_translation,-0.0407,0.1257,20,0
22,attn_out,hi,tier_3,standard_translation,-0.0004,0.0024,20,0
22,mlp_out,hi,tier_3,standard_translation,0.0027,0.0112,20,0
23,residual,hi,tier_3,standard_translation,-0.0263,0.1106,20,0
23,attn_out,hi,tier_3,standard_translation,-0.0043,0.0076,20,0
23,mlp_out,hi,tier_3,standard_translation,-0.0035,0.008,20,0
24,residual,hi,tier_3,standard_translation,-0.0311,0.1131,20,0
24,attn_out,hi,tier_3,standard_translation,0.0012,0.0081,20,0
24,mlp_out,hi,tier_3,standard_translation,0.0034,0.0124,20,0
25,residual,hi,tier_3,standard_translation,-0.0394,0.0885,20,0
25,attn_out,hi,tier_3,standard_translation,0.0004,0.0036,20,0
25,mlp_out,hi,tier_3,standard_translation,-0.0082,0.0105,20,0
26,residual,hi,tier_3,standard_translation,-0.035,0.0845,20,0
26,attn_out,hi,tier_3,standard_translation,0.0009,0.003,20,0
26,mlp_out,hi,tier_3,standard_translation,-0.0053,0.0086,20,0
27,residual,hi,tier_3,standard_translation,-0.0089,0.0194,20,0
27,attn_out,hi,tier_3,standard_translation,0.0047,0.0034,20,0
27,mlp_out,hi,tier_3,standard_translation,-0.0049,0.0181,20,0
28,residual,hi,tier_3,standard_translation,-0.0089,0.0195,20,0
28,attn_out,hi,tier_3,standard_translation,0.005,0.0051,20,0
28,mlp_out,hi,tier_3,standard_translation,-0.0092,0.0085,20,0
29,residual,hi,tier_3,standard_translation,-0.0002,0.0185,20,0
29,attn_out,hi,tier_3,standard_translation,0.0063,0.0095,20,0
29,mlp_out,hi,tier_3,standard_translation,-0.0039,0.007,20,0
30,residual,hi,tier_3,standard_translation,0.0052,0.0182,20,0
30,attn_out,hi,tier_3,standard_translation,-0.0033,0.0019,20,0
30,mlp_out,hi,tier_3,standard_translation,-0.0055,0.0106,20,0
31,residual,hi,tier_3,standard_translation,0.0,0.0,20,0
31,attn_out,hi,tier_3,standard_translation,0.0,0.0,20,0
31,mlp_out,hi,tier_3,standard_translation,0.0,0.0,20,0
0,residual,sw,tier_3,standard_translation,0.0119,0.0298,20,0
0,attn_out,sw,tier_3,standard_translation,0.005,0.0101,20,0
0,mlp_out,sw,tier_3,standard_translation,0.0253,0.0222,20,0
1,residual,sw,tier_3,standard_translation,0.0237,0.0352,20,0
1,attn_out,sw,tier_3,standard_translation,0.0082,0.0152,20,0
1,mlp_out,sw,tier_3,standard_translation,0.0069,0.0046,20,0
2,residual,sw,tier_3,standard_translation,0.0402,0.0403,20,0
2,attn_out,sw,tier_3,standard_translation,0.0005,0.0037,20,0
2,mlp_out,sw,tier_3,standard_translation,0.0062,0.0122,20,0
3,residual,sw,tier_3,standard_translation,0.0302,0.0612,20,0
3,attn_out,sw,tier_3,standard_translation,0.0045,0.0052,20,0
3,mlp_out,sw,tier_3,standard_translation,0.0032,0.0129,20,0
4,residual,sw,tier_3,standard_translation,0.0289,0.0621,20,0
4,attn_out,sw,tier_3,standard_translation,0.0016,0.008,20,0
4,mlp_out,sw,tier_3,standard_translation,0.009,0.0198,20,0
5,residual,sw,tier_3,standard_translation,0.0249,0.0481,20,0
5,attn_out,sw,tier_3,standard_translation,-0.0012,0.0065,20,0
5,mlp_out,sw,tier_3,standard_translation,0.0077,0.0153,20,0
6,residual,sw,tier_3,standard_translation,0.0314,0.0469,20,0
6,attn_out,sw,tier_3,standard_translation,-0.0048,0.0038,20,0
6,mlp_out,sw,tier_3,standard_translation,0.007,0.0137,20,0
7,residual,sw,tier_3,standard_translation,0.058,0.0561,20,0
7,attn_out,sw,tier_3,standard_translation,-0.0007,0.0035,20,0
7,mlp_out,sw,tier_3,standard_translation,-0.0016,0.0073,20,0
8,residual,sw,tier_3,standard_translation,0.0585,0.0584,20,0
8,attn_out,sw,tier_3,standard_translation,0.0004,0.0012,20,0
8,mlp_out,sw,tier_3,standard_translation,-0.0032,0.0099,20,0
9,residual,sw,tier_3,standard_translation,0.0606,0.0568,20,0
9,attn_out,sw,tier_3,standard_translation,0.0014,0.0059,20,0
9,mlp_out,sw,tier_3,standard_translation,0.0029,0.0062,20,0
10,residual,sw,tier_3,standard_translation,0.0623,0.0518,20,0
10,attn_out,sw,tier_3,standard_translation,-0.0018,0.0034,20,0
10,mlp_out,sw,tier_3,standard_translation,0.0044,0.0023,20,0
11,residual,sw,tier_3,standard_translation,0.0609,0.0518,20,0
11,attn_out,sw,tier_3,standard_translation,0.0007,0.0003,20,0
11,mlp_out,sw,tier_3,standard_translation,0.0043,0.0073,20,0
12,residual,sw,tier_3,standard_translation,0.0533,0.0532,20,0
12,attn_out,sw,tier_3,standard_translation,0.0,0.0029,20,0
12,mlp_out,sw,tier_3,standard_translation,0.0027,0.0051,20,0
13,residual,sw,tier_3,standard_translation,0.0482,0.0508,20,0
13,attn_out,sw,tier_3,standard_translation,-0.0014,0.002,20,0
13,mlp_out,sw,tier_3,standard_translation,0.0026,0.0034,20,0
14,residual,sw,tier_3,standard_translation,0.0472,0.0456,20,0
14,attn_out,sw,tier_3,standard_translation,0.0001,0.0017,20,0
14,mlp_out,sw,tier_3,standard_translation,0.0025,0.0045,20,0
15,residual,sw,tier_3,standard_translation,0.0468,0.0417,20,0
15,attn_out,sw,tier_3,standard_translation,-0.0003,0.0009,20,0
15,mlp_out,sw,tier_3,standard_translation,0.0017,0.0024,20,0
16,residual,sw,tier_3,standard_translation,0.0449,0.0398,20,0
16,attn_out,sw,tier_3,standard_translation,-0.0001,0.0015,20,0
16,mlp_out,sw,tier_3,standard_translation,0.0026,0.0032,20,0
17,residual,sw,tier_3,standard_translation,0.0173,0.0262,20,0
17,attn_out,sw,tier_3,standard_translation,0.0001,0.0004,20,0
17,mlp_out,sw,tier_3,standard_translation,0.0006,0.002,20,0
18,residual,sw,tier_3,standard_translation,0.0088,0.0232,20,0
18,attn_out,sw,tier_3,standard_translation,-0.0009,0.0007,20,0
18,mlp_out,sw,tier_3,standard_translation,-0.0001,0.0007,20,0
19,residual,sw,tier_3,standard_translation,0.0148,0.0252,20,0
19,attn_out,sw,tier_3,standard_translation,-0.0003,0.0017,20,0
19,mlp_out,sw,tier_3,standard_translation,0.0005,0.003,20,0
20,residual,sw,tier_3,standard_translation,0.0167,0.0213,20,0
20,attn_out,sw,tier_3,standard_translation,0.0005,0.002,20,0
20,mlp_out,sw,tier_3,standard_translation,0.0002,0.0018,20,0
21,residual,sw,tier_3,standard_translation,0.0071,0.0167,20,0
21,attn_out,sw,tier_3,standard_translation,-0.0002,0.0002,20,0
21,mlp_out,sw,tier_3,standard_translation,0.0006,0.0014,20,0
22,residual,sw,tier_3,standard_translation,0.0064,0.0174,20,0
22,attn_out,sw,tier_3,standard_translation,-0.0002,0.0005,20,0
22,mlp_out,sw,tier_3,standard_translation,0.0007,0.0005,20,0
23,residual,sw,tier_3,standard_translation,0.0085,0.0194,20,0
23,attn_out,sw,tier_3,standard_translation,0.0002,0.0003,20,0
23,mlp_out,sw,tier_3,standard_translation,0.0008,0.0003,20,0
24,residual,sw,tier_3,standard_translation,0.0069,0.0208,20,0
24,attn_out,sw,tier_3,standard_translation,-0.0003,0.0005,20,0
24,mlp_out,sw,tier_3,standard_translation,0.0003,0.0004,20,0
25,residual,sw,tier_3,standard_translation,0.0048,0.0199,20,0
25,attn_out,sw,tier_3,standard_translation,-0.0002,0.0005,20,0
25,mlp_out,sw,tier_3,standard_translation,-0.0007,0.0006,20,0
26,residual,sw,tier_3,standard_translation,0.004,0.0174,20,0
26,attn_out,sw,tier_3,standard_translation,-0.0001,0.0003,20,0
26,mlp_out,sw,tier_3,standard_translation,0.0013,0.0009,20,0
27,residual,sw,tier_3,standard_translation,0.0015,0.0168,20,0
27,attn_out,sw,tier_3,standard_translation,-0.0002,0.0001,20,0
27,mlp_out,sw,tier_3,standard_translation,-0.0002,0.0002,20,0
28,residual,sw,tier_3,standard_translation,0.0023,0.0094,20,0
28,attn_out,sw,tier_3,standard_translation,0.0001,0.0002,20,0
28,mlp_out,sw,tier_3,standard_translation,-0.0003,0.0004,20,0
29,residual,sw,tier_3,standard_translation,0.001,0.0014,20,0
29,attn_out,sw,tier_3,standard_translation,0.0003,0.0001,20,0
29,mlp_out,sw,tier_3,standard_translation,-0.0002,0.0002,20,0
30,residual,sw,tier_3,standard_translation,0.0006,0.0003,20,0
30,attn_out,sw,tier_3,standard_translation,0.0,0.0,20,0
30,mlp_out,sw,tier_3,standard_translation,0.0004,0.0002,20,0
31,residual,sw,tier_3,standard_translation,0.0,0.0,20,0
31,attn_out,sw,tier_3,standard_translation,0.0,0.0,20,0
31,mlp_out,sw,tier_3,standard_translation,0.0,0.0,20,0
0,residual,yo,tier_4,standard_translation,-0.0134,0.0482,20,0
0,attn_out,yo,tier_4,standard_translation,-0.0092,0.0086,20,0
0,mlp_out,yo,tier_4,standard_translation,-0.0089,0.0323,20,0
1,residual,yo,tier_4,standard_translation,-0.0106,0.0538,20,0
1,attn_out,yo,tier_4,standard_translation,-0.0042,0.0067,20,0
1,mlp_out,yo,tier_4,standard_translation,0.0,0.0064,20,0
2,residual,yo,tier_4,standard_translation,-0.0117,0.0516,20,0
2,attn_out,yo,tier_4,standard_translation,-0.0002,0.0059,20,0
2,mlp_out,yo,tier_4,standard_translation,0.0003,0.005,20,0
3,residual,yo,tier_4,standard_translation,-0.0017,0.0432,20,0
3,attn_out,yo,tier_4,standard_translation,-0.0003,0.0034,20,0
3,mlp_out,yo,tier_4,standard_translation,0.0025,0.0068,20,0
4,residual,yo,tier_4,standard_translation,-0.0017,0.0456,20,0
4,attn_out,yo,tier_4,standard_translation,-0.0005,0.0057,20,0
4,mlp_out,yo,tier_4,standard_translation,0.002,0.0049,20,0
5,residual,yo,tier_4,standard_translation,0.0074,0.0489,20,0
5,attn_out,yo,tier_4,standard_translation,0.0041,0.0091,20,0
5,mlp_out,yo,tier_4,standard_translation,-0.0058,0.0055,20,0
6,residual,yo,tier_4,standard_translation,0.0139,0.0557,20,0
6,attn_out,yo,tier_4,standard_translation,-0.0031,0.0044,20,0
6,mlp_out,yo,tier_4,standard_translation,0.0007,0.0068,20,0
7,residual,yo,tier_4,standard_translation,0.0437,0.0382,20,0
7,attn_out,yo,tier_4,standard_translation,0.0019,0.0078,20,0
7,mlp_out,yo,tier_4,standard_translation,-0.0027,0.0075,20,0
8,residual,yo,tier_4,standard_translation,0.0456,0.034,20,0
8,attn_out,yo,tier_4,standard_translation,-0.0005,0.0029,20,0
8,mlp_out,yo,tier_4,standard_translation,0.0051,0.002,20,0
9,residual,yo,tier_4,standard_translation,0.055,0.0297,20,0
9,attn_out,yo,tier_4,standard_translation,0.0029,0.0067,20,0
9,mlp_out,yo,tier_4,standard_translation,-0.0058,0.0039,20,0
10,residual,yo,tier_4,standard_translation,0.0613,0.0203,20,0
10,attn_out,yo,tier_4,standard_translation,-0.0014,0.0019,20,0
10,mlp_out,yo,tier_4,standard_translation,-0.0008,0.0025,20,0
11,residual,yo,tier_4,standard_translation,0.0701,0.0192,20,0
11,attn_out,yo,tier_4,standard_translation,-0.0005,0.0023,20,0
11,mlp_out,yo,tier_4,standard_translation,-0.001,0.0017,20,0
12,residual,yo,tier_4,standard_translation,0.0646,0.0234,20,0
12,attn_out,yo,tier_4,standard_translation,-0.0023,0.0018,20,0
12,mlp_out,yo,tier_4,standard_translation,0.0016,0.0052,20,0
13,residual,yo,tier_4,standard_translation,0.0699,0.021,20,0
13,attn_out,yo,tier_4,standard_translation,-0.0012,0.0013,20,0
13,mlp_out,yo,tier_4,standard_translation,0.0013,0.0034,20,0
14,residual,yo,tier_4,standard_translation,0.0726,0.0275,20,0
14,attn_out,yo,tier_4,standard_translation,0.0005,0.0007,20,0
14,mlp_out,yo,tier_4,standard_translation,0.0017,0.002,20,0
15,residual,yo,tier_4,standard_translation,0.0669,0.0348,20,0
15,attn_out,yo,tier_4,standard_translation,0.001,0.0022,20,0
15,mlp_out,yo,tier_4,standard_translation,-0.0019,0.0042,20,0
16,residual,yo,tier_4,standard_translation,0.0688,0.0293,20,0
16,attn_out,yo,tier_4,standard_translation,-0.0015,0.0019,20,0
16,mlp_out,yo,tier_4,standard_translation,-0.0014,0.0025,20,0
17,residual,yo,tier_4,standard_translation,0.0236,0.0216,20,0
17,attn_out,yo,tier_4,standard_translation,0.0001,0.0004,20,0
17,mlp_out,yo,tier_4,standard_translation,0.0003,0.0018,20,0
18,residual,yo,tier_4,standard_translation,0.0171,0.016,20,0
18,attn_out,yo,tier_4,standard_translation,-0.0006,0.0002,20,0
18,mlp_out,yo,tier_4,standard_translation,0.0003,0.0008,20,0
19,residual,yo,tier_4,standard_translation,0.018,0.0156,20,0
19,attn_out,yo,tier_4,standard_translation,0.0003,0.0006,20,0
19,mlp_out,yo,tier_4,standard_translation,0.0012,0.0018,20,0
20,residual,yo,tier_4,standard_translation,0.0135,0.0129,20,0
20,attn_out,yo,tier_4,standard_translation,0.0004,0.0007,20,0
20,mlp_out,yo,tier_4,standard_translation,0.0004,0.0006,20,0
21,residual,yo,tier_4,standard_translation,0.0096,0.0104,20,0
21,attn_out,yo,tier_4,standard_translation,0.0005,0.0007,20,0
21,mlp_out,yo,tier_4,standard_translation,0.0009,0.0007,20,0
22,residual,yo,tier_4,standard_translation,0.0093,0.0091,20,0
22,attn_out,yo,tier_4,standard_translation,0.0003,0.0004,20,0
22,mlp_out,yo,tier_4,standard_translation,0.0018,0.003,20,0
23,residual,yo,tier_4,standard_translation,0.0077,0.0102,20,0
23,attn_out,yo,tier_4,standard_translation,-0.0,0.0003,20,0
23,mlp_out,yo,tier_4,standard_translation,0.0004,0.0008,20,0
24,residual,yo,tier_4,standard_translation,0.0016,0.0057,20,0
24,attn_out,yo,tier_4,standard_translation,0.0001,0.0005,20,0
24,mlp_out,yo,tier_4,standard_translation,0.0005,0.0006,20,0
25,residual,yo,tier_4,standard_translation,0.0004,0.0069,20,0
25,attn_out,yo,tier_4,standard_translation,0.0004,0.0005,20,0
25,mlp_out,yo,tier_4,standard_translation,-0.0003,0.001,20,0
26,residual,yo,tier_4,standard_translation,0.0001,0.0072,20,0
26,attn_out,yo,tier_4,standard_translation,0.0001,0.0002,20,0
26,mlp_out,yo,tier_4,standard_translation,-0.0007,0.0016,20,0
27,residual,yo,tier_4,standard_translation,-0.0004,0.0078,20,0
27,attn_out,yo,tier_4,standard_translation,0.0002,0.0001,20,0
27,mlp_out,yo,tier_4,standard_translation,0.0,0.0004,20,0
28,residual,yo,tier_4,standard_translation,0.0016,0.0032,20,0
28,attn_out,yo,tier_4,standard_translation,0.0004,0.0008,20,0
28,mlp_out,yo,tier_4,standard_translation,0.0014,0.0026,20,0
29,residual,yo,tier_4,standard_translation,0.0004,0.0008,20,0
29,attn_out,yo,tier_4,standard_translation,0.0008,0.0016,20,0
29,mlp_out,yo,tier_4,standard_translation,0.0006,0.001,20,0
30,residual,yo,tier_4,standard_translation,0.0009,0.0015,20,0
30,attn_out,yo,tier_4,standard_translation,-0.0004,0.0008,20,0
30,mlp_out,yo,tier_4,standard_translation,0.0006,0.0012,20,0
31,residual,yo,tier_4,standard_translation,0.0,0.0,20,0
31,attn_out,yo,tier_4,standard_translation,0.0,0.0,20,0
31,mlp_out,yo,tier_4,standard_translation,0.0,0.0,20,0
0,residual,zu,tier_4,standard_translation,-0.0172,0.0188,20,0
0,attn_out,zu,tier_4,standard_translation,-0.0018,0.012,20,0
0,mlp_out,zu,tier_4,standard_translation,-0.025,0.0134,20,0
1,residual,zu,tier_4,standard_translation,-0.0175,0.0192,20,0
1,attn_out,zu,tier_4,standard_translation,0.0026,0.0097,20,0
1,mlp_out,zu,tier_4,standard_translation,0.0011,0.0064,20,0
2,residual,zu,tier_4,standard_translation,-0.016,0.0154,20,0
2,attn_out,zu,tier_4,standard_translation,-0.0029,0.004,20,0
2,mlp_out,zu,tier_4,standard_translation,0.0054,0.0191,20,0
3,residual,zu,tier_4,standard_translation,-0.0223,0.0116,20,0
3,attn_out,zu,tier_4,standard_translation,0.0039,0.0026,20,0
3,mlp_out,zu,tier_4,standard_translation,0.003,0.0113,20,0
4,residual,zu,tier_4,standard_translation,-0.0248,0.0131,20,0
4,attn_out,zu,tier_4,standard_translation,0.0016,0.0038,20,0
4,mlp_out,zu,tier_4,standard_translation,0.0006,0.0024,20,0
5,residual,zu,tier_4,standard_translation,-0.0367,0.0375,20,0
5,attn_out,zu,tier_4,standard_translation,-0.0002,0.0044,20,0
5,mlp_out,zu,tier_4,standard_translation,0.0083,0.006,20,0
6,residual,zu,tier_4,standard_translation,-0.0187,0.0409,20,0
6,attn_out,zu,tier_4,standard_translation,-0.0029,0.0046,20,0
6,mlp_out,zu,tier_4,standard_translation,-0.0017,0.004,20,0
7,residual,zu,tier_4,standard_translation,0.0101,0.0283,20,0
7,attn_out,zu,tier_4,standard_translation,-0.0027,0.0039,20,0
7,mlp_out,zu,tier_4,standard_translation,-0.0076,0.0079,20,0
8,residual,zu,tier_4,standard_translation,0.0178,0.0284,20,0
8,attn_out,zu,tier_4,standard_translation,0.0015,0.001,20,0
8,mlp_out,zu,tier_4,standard_translation,-0.0055,0.0091,20,0
9,residual,zu,tier_4,standard_translation,0.0259,0.0267,20,0
9,attn_out,zu,tier_4,standard_translation,0.0082,0.006,20,0
9,mlp_out,zu,tier_4,standard_translation,-0.0006,0.0033,20,0
10,residual,zu,tier_4,standard_translation,0.0337,0.0262,20,0
10,attn_out,zu,tier_4,standard_translation,-0.0002,0.0017,20,0
10,mlp_out,zu,tier_4,standard_translation,0.0045,0.0043,20,0
11,residual,zu,tier_4,standard_translation,0.0395,0.0251,20,0
11,attn_out,zu,tier_4,standard_translation,0.0026,0.0012,20,0
11,mlp_out,zu,tier_4,standard_translation,-0.0067,0.006,20,0
12,residual,zu,tier_4,standard_translation,0.0271,0.03,20,0
12,attn_out,zu,tier_4,standard_translation,0.0021,0.0008,20,0
12,mlp_out,zu,tier_4,standard_translation,-0.0015,0.0037,20,0
13,residual,zu,tier_4,standard_translation,0.0218,0.0279,20,0
13,attn_out,zu,tier_4,standard_translation,0.0018,0.001,20,0
13,mlp_out,zu,tier_4,standard_translation,-0.0012,0.0073,20,0
14,residual,zu,tier_4,standard_translation,0.0125,0.015,20,0
14,attn_out,zu,tier_4,standard_translation,-0.0022,0.0018,20,0
14,mlp_out,zu,tier_4,standard_translation,-0.0039,0.0055,20,0
15,residual,zu,tier_4,standard_translation,0.0162,0.0117,20,0
15,attn_out,zu,tier_4,standard_translation,0.0013,0.0019,20,0
15,mlp_out,zu,tier_4,standard_translation,0.0003,0.0023,20,0
16,residual,zu,tier_4,standard_translation,0.0123,0.0113,20,0
16,attn_out,zu,tier_4,standard_translation,0.0004,0.001,20,0
16,mlp_out,zu,tier_4,standard_translation,0.0002,0.0012,20,0
17,residual,zu,tier_4,standard_translation,-0.0157,0.013,20,0
17,attn_out,zu,tier_4,standard_translation,0.0011,0.0006,20,0
17,mlp_out,zu,tier_4,standard_translation,-0.0043,0.0017,20,0
18,residual,zu,tier_4,standard_translation,-0.007,0.0089,20,0
18,attn_out,zu,tier_4,standard_translation,-0.0012,0.001,20,0
18,mlp_out,zu,tier_4,standard_translation,0.0,0.0015,20,0
19,residual,zu,tier_4,standard_translation,0.0037,0.0115,20,0
19,attn_out,zu,tier_4,standard_translation,-0.0009,0.0009,20,0
19,mlp_out,zu,tier_4,standard_translation,0.0017,0.0014,20,0
20,residual,zu,tier_4,standard_translation,0.0004,0.008,20,0
20,attn_out,zu,tier_4,standard_translation,-0.0003,0.0004,20,0
20,mlp_out,zu,tier_4,standard_translation,-0.0018,0.0025,20,0
21,residual,zu,tier_4,standard_translation,-0.0005,0.0088,20,0
21,attn_out,zu,tier_4,standard_translation,-0.0001,0.0002,20,0
21,mlp_out,zu,tier_4,standard_translation,-0.0026,0.0014,20,0
22,residual,zu,tier_4,standard_translation,0.0024,0.0087,20,0
22,attn_out,zu,tier_4,standard_translation,0.0,0.0009,20,0
22,mlp_out,zu,tier_4,standard_translation,-0.0011,0.0008,20,0
23,residual,zu,tier_4,standard_translation,0.0013,0.0053,20,0
23,attn_out,zu,tier_4,standard_translation,0.0003,0.0005,20,0
23,mlp_out,zu,tier_4,standard_translation,-0.0046,0.003,20,0
24,residual,zu,tier_4,standard_translation,0.0039,0.0068,20,0
24,attn_out,zu,tier_4,standard_translation,0.0003,0.0008,20,0
24,mlp_out,zu,tier_4,standard_translation,0.0012,0.0011,20,0
25,residual,zu,tier_4,standard_translation,0.0029,0.0062,20,0
25,attn_out,zu,tier_4,standard_translation,0.0003,0.0004,20,0
25,mlp_out,zu,tier_4,standard_translation,-0.0,0.0007,20,0
26,residual,zu,tier_4,standard_translation,0.0028,0.0041,20,0
26,attn_out,zu,tier_4,standard_translation,0.0001,0.0002,20,0
26,mlp_out,zu,tier_4,standard_translation,0.0011,0.0009,20,0
27,residual,zu,tier_4,standard_translation,0.0021,0.003,20,0
27,attn_out,zu,tier_4,standard_translation,-0.0002,0.0003,20,0
27,mlp_out,zu,tier_4,standard_translation,0.0006,0.0008,20,0
28,residual,zu,tier_4,standard_translation,0.0019,0.003,20,0
28,attn_out,zu,tier_4,standard_translation,0.0001,0.0002,20,0
28,mlp_out,zu,tier_4,standard_translation,0.0006,0.0005,20,0
29,residual,zu,tier_4,standard_translation,0.0012,0.0005,20,0
29,attn_out,zu,tier_4,standard_translation,0.0002,0.0004,20,0
29,mlp_out,zu,tier_4,standard_translation,-0.0002,0.0004,20,0
30,residual,zu,tier_4,standard_translation,0.0007,0.0002,20,0
30,attn_out,zu,tier_4,standard_translation,0.0001,0.0001,20,0
30,mlp_out,zu,tier_4,standard_translation,-0.0,0.0003,20,0
31,residual,zu,tier_4,standard_translation,0.0,0.0,20,0
31,attn_out,zu,tier_4,standard_translation,0.0,0.0,20,0
31,mlp_out,zu,tier_4,standard_translation,0.0,0.0,20,0
0,residual,gd,tier_4,standard_translation,-0.0127,0.0246,20,0
0,attn_out,gd,tier_4,standard_translation,-0.0121,0.0137,20,0
0,mlp_out,gd,tier_4,standard_translation,-0.0033,0.026,20,0
1,residual,gd,tier_4,standard_translation,-0.0097,0.0275,20,0
1,attn_out,gd,tier_4,standard_translation,-0.008,0.0086,20,0
1,mlp_out,gd,tier_4,standard_translation,-0.0062,0.0078,20,0
2,residual,gd,tier_4,standard_translation,0.0123,0.0249,20,0
2,attn_out,gd,tier_4,standard_translation,0.0017,0.003,20,0
2,mlp_out,gd,tier_4,standard_translation,-0.0025,0.0065,20,0
3,residual,gd,tier_4,standard_translation,0.0367,0.0312,20,0
3,attn_out,gd,tier_4,standard_translation,0.0013,0.0026,20,0
3,mlp_out,gd,tier_4,standard_translation,-0.0036,0.0051,20,0
4,residual,gd,tier_4,standard_translation,0.047,0.0284,20,0
4,attn_out,gd,tier_4,standard_translation,0.0039,0.0025,20,0
4,mlp_out,gd,tier_4,standard_translation,-0.0002,0.0075,20,0
5,residual,gd,tier_4,standard_translation,0.0757,0.031,20,0
5,attn_out,gd,tier_4,standard_translation,0.0013,0.003,20,0
5,mlp_out,gd,tier_4,standard_translation,-0.0015,0.0074,20,0
6,residual,gd,tier_4,standard_translation,0.0885,0.0191,20,0
6,attn_out,gd,tier_4,standard_translation,-0.0021,0.006,20,0
6,mlp_out,gd,tier_4,standard_translation,-0.003,0.0048,20,0
7,residual,gd,tier_4,standard_translation,0.124,0.0332,20,0
7,attn_out,gd,tier_4,standard_translation,-0.0017,0.0054,20,0
7,mlp_out,gd,tier_4,standard_translation,0.0005,0.0035,20,0
8,residual,gd,tier_4,standard_translation,0.1281,0.0326,20,0
8,attn_out,gd,tier_4,standard_translation,-0.0021,0.0024,20,0
8,mlp_out,gd,tier_4,standard_translation,0.0084,0.0048,20,0
9,residual,gd,tier_4,standard_translation,0.1325,0.0355,20,0
9,attn_out,gd,tier_4,standard_translation,0.0029,0.0038,20,0
9,mlp_out,gd,tier_4,standard_translation,0.0012,0.0071,20,0
10,residual,gd,tier_4,standard_translation,0.1421,0.0357,20,0
10,attn_out,gd,tier_4,standard_translation,-0.0008,0.0008,20,0
10,mlp_out,gd,tier_4,standard_translation,0.0013,0.0033,20,0
11,residual,gd,tier_4,standard_translation,0.1389,0.0378,20,0
11,attn_out,gd,tier_4,standard_translation,0.0001,0.0017,20,0
11,mlp_out,gd,tier_4,standard_translation,0.0041,0.0031,20,0
12,residual,gd,tier_4,standard_translation,0.1094,0.0334,20,0
12,attn_out,gd,tier_4,standard_translation,-0.0019,0.0015,20,0
12,mlp_out,gd,tier_4,standard_translation,0.0057,0.0039,20,0
13,residual,gd,tier_4,standard_translation,0.0915,0.028,20,0
13,attn_out,gd,tier_4,standard_translation,-0.0003,0.0013,20,0
13,mlp_out,gd,tier_4,standard_translation,0.0052,0.0021,20,0
14,residual,gd,tier_4,standard_translation,0.0711,0.0268,20,0
14,attn_out,gd,tier_4,standard_translation,-0.0014,0.0015,20,0
14,mlp_out,gd,tier_4,standard_translation,0.0046,0.0021,20,0
15,residual,gd,tier_4,standard_translation,0.0517,0.0241,20,0
15,attn_out,gd,tier_4,standard_translation,-0.0002,0.0007,20,0
15,mlp_out,gd,tier_4,standard_translation,0.0022,0.0024,20,0
16,residual,gd,tier_4,standard_translation,0.0492,0.021,20,0
16,attn_out,gd,tier_4,standard_translation,0.0001,0.0013,20,0
16,mlp_out,gd,tier_4,standard_translation,0.0033,0.0026,20,0
17,residual,gd,tier_4,standard_translation,0.0146,0.0058,20,0
17,attn_out,gd,tier_4,standard_translation,-0.0001,0.0005,20,0
17,mlp_out,gd,tier_4,standard_translation,0.0005,0.0008,20,0
18,residual,gd,tier_4,standard_translation,0.008,0.003,20,0
18,attn_out,gd,tier_4,standard_translation,-0.0003,0.0008,20,0
18,mlp_out,gd,tier_4,standard_translation,-0.0009,0.0004,20,0
19,residual,gd,tier_4,standard_translation,0.0039,0.0025,20,0
19,attn_out,gd,tier_4,standard_translation,-0.0002,0.0003,20,0
19,mlp_out,gd,tier_4,standard_translation,0.0005,0.0006,20,0
20,residual,gd,tier_4,standard_translation,0.0018,0.0032,20,0
20,attn_out,gd,tier_4,standard_translation,-0.0002,0.0003,20,0
20,mlp_out,gd,tier_4,standard_translation,-0.0001,0.0004,20,0
21,residual,gd,tier_4,standard_translation,0.0021,0.0034,20,0
21,attn_out,gd,tier_4,standard_translation,-0.0,0.0002,20,0
21,mlp_out,gd,tier_4,standard_translation,0.0004,0.0005,20,0
22,residual,gd,tier_4,standard_translation,0.0018,0.0029,20,0
22,attn_out,gd,tier_4,standard_translation,-0.0002,0.0003,20,0
22,mlp_out,gd,tier_4,standard_translation,0.0004,0.0003,20,0
23,residual,gd,tier_4,standard_translation,0.0017,0.0026,20,0
23,attn_out,gd,tier_4,standard_translation,-0.0,0.0002,20,0
23,mlp_out,gd,tier_4,standard_translation,-0.0001,0.0005,20,0
24,residual,gd,tier_4,standard_translation,0.002,0.0019,20,0
24,attn_out,gd,tier_4,standard_translation,0.0002,0.0005,20,0
24,mlp_out,gd,tier_4,standard_translation,0.0003,0.0002,20,0
25,residual,gd,tier_4,standard_translation,0.0017,0.0019,20,0
25,attn_out,gd,tier_4,standard_translation,-0.0,0.0002,20,0
25,mlp_out,gd,tier_4,standard_translation,-0.0001,0.0004,20,0
26,residual,gd,tier_4,standard_translation,0.0023,0.0021,20,0
26,attn_out,gd,tier_4,standard_translation,0.0001,0.0001,20,0
26,mlp_out,gd,tier_4,standard_translation,-0.0,0.0006,20,0
27,residual,gd,tier_4,standard_translation,0.0014,0.0016,20,0
27,attn_out,gd,tier_4,standard_translation,-0.0001,0.0002,20,0
27,mlp_out,gd,tier_4,standard_translation,-0.0001,0.0002,20,0
28,residual,gd,tier_4,standard_translation,0.0007,0.0012,20,0
28,attn_out,gd,tier_4,standard_translation,-0.0,0.0001,20,0
28,mlp_out,gd,tier_4,standard_translation,0.0002,0.0004,20,0
29,residual,gd,tier_4,standard_translation,0.0007,0.0004,20,0
29,attn_out,gd,tier_4,standard_translation,0.0001,0.0001,20,0
29,mlp_out,gd,tier_4,standard_translation,-0.0002,0.0001,20,0
30,residual,gd,tier_4,standard_translation,0.0001,0.0002,20,0
30,attn_out,gd,tier_4,standard_translation,-0.0,0.0,20,0
30,mlp_out,gd,tier_4,standard_translation,-0.0,0.0001,20,0
31,residual,gd,tier_4,standard_translation,0.0,0.0,20,0
31,attn_out,gd,tier_4,standard_translation,0.0,0.0,20,0
31,mlp_out,gd,tier_4,standard_translation,0.0,0.0,20,0
0,residual,gn,tier_4,standard_translation,-0.0219,0.0276,20,0
0,attn_out,gn,tier_4,standard_translation,0.004,0.0147,20,0
0,mlp_out,gn,tier_4,standard_translation,-0.0354,0.0322,20,0
1,residual,gn,tier_4,standard_translation,-0.0036,0.0361,20,0
1,attn_out,gn,tier_4,standard_translation,-0.0036,0.0088,20,0
1,mlp_out,gn,tier_4,standard_translation,-0.0088,0.0161,20,0
2,residual,gn,tier_4,standard_translation,0.0113,0.0493,20,0
2,attn_out,gn,tier_4,standard_translation,-0.0017,0.0083,20,0
2,mlp_out,gn,tier_4,standard_translation,-0.0011,0.0093,20,0
3,residual,gn,tier_4,standard_translation,0.0314,0.0682,20,0
3,attn_out,gn,tier_4,standard_translation,0.0018,0.0038,20,0
3,mlp_out,gn,tier_4,standard_translation,0.0007,0.0124,20,0
4,residual,gn,tier_4,standard_translation,0.0279,0.0668,20,0
4,attn_out,gn,tier_4,standard_translation,-0.0001,0.0115,20,0
4,mlp_out,gn,tier_4,standard_translation,0.0132,0.0175,20,0
5,residual,gn,tier_4,standard_translation,0.0823,0.0632,20,0
5,attn_out,gn,tier_4,standard_translation,0.0038,0.0095,20,0
5,mlp_out,gn,tier_4,standard_translation,-0.0079,0.0183,20,0
6,residual,gn,tier_4,standard_translation,0.1079,0.07,20,0
6,attn_out,gn,tier_4,standard_translation,0.0012,0.0094,20,0
6,mlp_out,gn,tier_4,standard_translation,-0.0005,0.0205,20,0
7,residual,gn,tier_4,standard_translation,0.154,0.08,20,0
7,attn_out,gn,tier_4,standard_translation,0.0124,0.0147,20,0
7,mlp_out,gn,tier_4,standard_translation,-0.0062,0.0182,20,0
8,residual,gn,tier_4,standard_translation,0.1644,0.084,20,0
8,attn_out,gn,tier_4,standard_translation,-0.0002,0.0026,20,0
8,mlp_out,gn,tier_4,standard_translation,0.0071,0.0103,20,0
9,residual,gn,tier_4,standard_translation,0.1518,0.0748,20,0
9,attn_out,gn,tier_4,standard_translation,0.0105,0.01,20,0
9,mlp_out,gn,tier_4,standard_translation,-0.0047,0.0048,20,0
10,residual,gn,tier_4,standard_translation,0.1465,0.0701,20,0
10,attn_out,gn,tier_4,standard_translation,0.0082,0.0091,20,0
10,mlp_out,gn,tier_4,standard_translation,-0.0035,0.0139,20,0
11,residual,gn,tier_4,standard_translation,0.1475,0.066,20,0
11,attn_out,gn,tier_4,standard_translation,0.0035,0.0045,20,0
11,mlp_out,gn,tier_4,standard_translation,0.0032,0.0104,20,0
12,residual,gn,tier_4,standard_translation,0.1219,0.0645,20,0
12,attn_out,gn,tier_4,standard_translation,0.0016,0.0044,20,0
12,mlp_out,gn,tier_4,standard_translation,0.0043,0.0039,20,0
13,residual,gn,tier_4,standard_translation,0.1095,0.0578,20,0
13,attn_out,gn,tier_4,standard_translation,0.0007,0.0018,20,0
13,mlp_out,gn,tier_4,standard_translation,0.0016,0.009,20,0
14,residual,gn,tier_4,standard_translation,0.0933,0.0579,20,0
14,attn_out,gn,tier_4,standard_translation,-0.0005,0.0015,20,0
14,mlp_out,gn,tier_4,standard_translation,-0.0032,0.0134,20,0
15,residual,gn,tier_4,standard_translation,0.0849,0.0517,20,0
15,attn_out,gn,tier_4,standard_translation,0.0009,0.0007,20,0
15,mlp_out,gn,tier_4,standard_translation,0.0027,0.003,20,0
16,residual,gn,tier_4,standard_translation,0.0777,0.0443,20,0
16,attn_out,gn,tier_4,standard_translation,-0.0008,0.0029,20,0
16,mlp_out,gn,tier_4,standard_translation,0.0073,0.0138,20,0
17,residual,gn,tier_4,standard_translation,0.0238,0.0176,20,0
17,attn_out,gn,tier_4,standard_translation,-0.0004,0.0008,20,0
17,mlp_out,gn,tier_4,standard_translation,0.0024,0.0026,20,0
18,residual,gn,tier_4,standard_translation,0.0193,0.0166,20,0
18,attn_out,gn,tier_4,standard_translation,0.0004,0.0007,20,0
18,mlp_out,gn,tier_4,standard_translation,0.0013,0.0021,20,0
19,residual,gn,tier_4,standard_translation,0.0118,0.0094,20,0
19,attn_out,gn,tier_4,standard_translation,-0.0004,0.0015,20,0
19,mlp_out,gn,tier_4,standard_translation,0.0002,0.0008,20,0
20,residual,gn,tier_4,standard_translation,0.0139,0.0158,20,0
20,attn_out,gn,tier_4,standard_translation,-0.0003,0.0012,20,0
20,mlp_out,gn,tier_4,standard_translation,0.0029,0.0052,20,0
21,residual,gn,tier_4,standard_translation,0.0122,0.0138,20,0
21,attn_out,gn,tier_4,standard_translation,-0.0006,0.0012,20,0
21,mlp_out,gn,tier_4,standard_translation,0.0019,0.0035,20,0
22,residual,gn,tier_4,standard_translation,0.0103,0.013,20,0
22,attn_out,gn,tier_4,standard_translation,0.0001,0.0003,20,0
22,mlp_out,gn,tier_4,standard_translation,0.0019,0.0027,20,0
23,residual,gn,tier_4,standard_translation,0.0083,0.0069,20,0
23,attn_out,gn,tier_4,standard_translation,-0.0004,0.0008,20,0
23,mlp_out,gn,tier_4,standard_translation,-0.0,0.001,20,0
24,residual,gn,tier_4,standard_translation,-0.0015,0.0091,20,0
24,attn_out,gn,tier_4,standard_translation,0.0002,0.0005,20,0
24,mlp_out,gn,tier_4,standard_translation,-0.0001,0.001,20,0
25,residual,gn,tier_4,standard_translation,-0.0009,0.0065,20,0
25,attn_out,gn,tier_4,standard_translation,0.0005,0.0003,20,0
25,mlp_out,gn,tier_4,standard_translation,-0.0001,0.0002,20,0
26,residual,gn,tier_4,standard_translation,-0.0002,0.0042,20,0
26,attn_out,gn,tier_4,standard_translation,0.0003,0.0003,20,0
26,mlp_out,gn,tier_4,standard_translation,0.0006,0.0008,20,0
27,residual,gn,tier_4,standard_translation,0.0003,0.0027,20,0
27,attn_out,gn,tier_4,standard_translation,0.0006,0.0007,20,0
27,mlp_out,gn,tier_4,standard_translation,0.0009,0.0017,20,0
28,residual,gn,tier_4,standard_translation,-0.0004,0.0024,20,0
28,attn_out,gn,tier_4,standard_translation,-0.0001,0.0003,20,0
28,mlp_out,gn,tier_4,standard_translation,-0.0001,0.0002,20,0
29,residual,gn,tier_4,standard_translation,0.0017,0.0016,20,0
29,attn_out,gn,tier_4,standard_translation,0.0002,0.0009,20,0
29,mlp_out,gn,tier_4,standard_translation,-0.0002,0.0002,20,0
30,residual,gn,tier_4,standard_translation,0.0001,0.0005,20,0
30,attn_out,gn,tier_4,standard_translation,-0.0,0.0002,20,0
30,mlp_out,gn,tier_4,standard_translation,-0.0005,0.0004,20,0
31,residual,gn,tier_4,standard_translation,0.0,0.0,20,0
31,attn_out,gn,tier_4,standard_translation,0.0,0.0,20,0
31,mlp_out,gn,tier_4,standard_translation,0.0,0.0,20,0
0,residual,de,tier_1,transliteration,0.5904,1.1579,20,0
0,attn_out,de,tier_1,transliteration,0.2212,0.4638,20,0
0,mlp_out,de,tier_1,transliteration,0.604,1.055,20,0
1,residual,de,tier_1,transliteration,0.8429,1.3715,20,0
1,attn_out,de,tier_1,transliteration,0.1082,0.1789,20,0
1,mlp_out,de,tier_1,transliteration,-0.1339,0.3051,20,0
2,residual,de,tier_1,transliteration,0.6692,1.0045,20,0
2,attn_out,de,tier_1,transliteration,0.0686,0.1328,20,0
2,mlp_out,de,tier_1,transliteration,-0.097,0.3083,20,0
3,residual,de,tier_1,transliteration,0.6268,0.9385,20,0
3,attn_out,de,tier_1,transliteration,0.0128,0.1097,20,0
3,mlp_out,de,tier_1,transliteration,0.2381,0.3185,20,0
4,residual,de,tier_1,transliteration,0.546,0.864,20,0
4,attn_out,de,tier_1,transliteration,0.0857,0.1244,20,0
4,mlp_out,de,tier_1,transliteration,0.1745,0.3369,20,0
5,residual,de,tier_1,transliteration,0.3503,0.5923,20,0
5,attn_out,de,tier_1,transliteration,-0.1206,0.2674,20,0
5,mlp_out,de,tier_1,transliteration,0.1197,0.1813,20,0
6,residual,de,tier_1,transliteration,0.2785,0.4934,20,0
6,attn_out,de,tier_1,transliteration,0.0957,0.2245,20,0
6,mlp_out,de,tier_1,transliteration,0.0102,0.1425,20,0
7,residual,de,tier_1,transliteration,0.1784,0.3246,20,0
7,attn_out,de,tier_1,transliteration,0.1306,0.2356,20,0
7,mlp_out,de,tier_1,transliteration,0.0233,0.0864,20,0
8,residual,de,tier_1,transliteration,0.085,0.2833,20,0
8,attn_out,de,tier_1,transliteration,-0.0495,0.165,20,0
8,mlp_out,de,tier_1,transliteration,0.0487,0.163,20,0
9,residual,de,tier_1,transliteration,0.0199,0.3675,20,0
9,attn_out,de,tier_1,transliteration,0.0398,0.1161,20,0
9,mlp_out,de,tier_1,transliteration,0.0984,0.1774,20,0
10,residual,de,tier_1,transliteration,-0.0384,0.4369,20,0
10,attn_out,de,tier_1,transliteration,-0.0063,0.0915,20,0
10,mlp_out,de,tier_1,transliteration,0.1524,0.2072,20,0
11,residual,de,tier_1,transliteration,0.0227,0.3909,20,0
11,attn_out,de,tier_1,transliteration,0.0662,0.1992,20,0
11,mlp_out,de,tier_1,transliteration,0.0063,0.081,20,0
12,residual,de,tier_1,transliteration,0.0519,0.2726,20,0
12,attn_out,de,tier_1,transliteration,0.0157,0.0208,20,0
12,mlp_out,de,tier_1,transliteration,-0.0333,0.1492,20,0
13,residual,de,tier_1,transliteration,0.0723,0.2309,20,0
13,attn_out,de,tier_1,transliteration,0.1,0.241,20,0
13,mlp_out,de,tier_1,transliteration,-0.0011,0.1049,20,0
14,residual,de,tier_1,transliteration,-0.0275,0.3223,20,0
14,attn_out,de,tier_1,transliteration,0.0633,0.1247,20,0
14,mlp_out,de,tier_1,transliteration,-0.0098,0.1465,20,0
15,residual,de,tier_1,transliteration,-0.0097,0.2661,20,0
15,attn_out,de,tier_1,transliteration,0.0893,0.1903,20,0
15,mlp_out,de,tier_1,transliteration,0.0361,0.1013,20,0
16,residual,de,tier_1,transliteration,0.0349,0.155,20,0
16,attn_out,de,tier_1,transliteration,0.0371,0.0486,20,0
16,mlp_out,de,tier_1,transliteration,0.1756,0.2718,20,0
17,residual,de,tier_1,transliteration,0.0634,0.1524,20,0
17,attn_out,de,tier_1,transliteration,0.0287,0.0909,20,0
17,mlp_out,de,tier_1,transliteration,-0.0833,0.1512,20,0
18,residual,de,tier_1,transliteration,0.052,0.0781,20,0
18,attn_out,de,tier_1,transliteration,0.0004,0.0354,20,0
18,mlp_out,de,tier_1,transliteration,0.0205,0.0317,20,0
19,residual,de,tier_1,transliteration,0.0101,0.0525,20,0
19,attn_out,de,tier_1,transliteration,-0.0128,0.0195,20,0
19,mlp_out,de,tier_1,transliteration,-0.0069,0.0373,20,0
20,residual,de,tier_1,transliteration,0.0198,0.0681,20,0
20,attn_out,de,tier_1,transliteration,-0.012,0.0439,20,0
20,mlp_out,de,tier_1,transliteration,0.003,0.0198,20,0
21,residual,de,tier_1,transliteration,0.0023,0.0481,20,0
21,attn_out,de,tier_1,transliteration,-0.0134,0.0103,20,0
21,mlp_out,de,tier_1,transliteration,-0.0104,0.0282,20,0
22,residual,de,tier_1,transliteration,-0.0215,0.0291,20,0
22,attn_out,de,tier_1,transliteration,0.01,0.0279,20,0
22,mlp_out,de,tier_1,transliteration,-0.0037,0.0732,20,0
23,residual,de,tier_1,transliteration,-0.0348,0.0311,20,0
23,attn_out,de,tier_1,transliteration,0.0133,0.0251,20,0
23,mlp_out,de,tier_1,transliteration,0.0135,0.0197,20,0
24,residual,de,tier_1,transliteration,-0.029,0.0203,20,0
24,attn_out,de,tier_1,transliteration,-0.0219,0.025,20,0
24,mlp_out,de,tier_1,transliteration,-0.0171,0.0613,20,0
25,residual,de,tier_1,transliteration,-0.0375,0.0283,20,0
25,attn_out,de,tier_1,transliteration,0.02,0.0277,20,0
25,mlp_out,de,tier_1,transliteration,-0.0317,0.0453,20,0
26,residual,de,tier_1,transliteration,-0.0251,0.0237,20,0
26,attn_out,de,tier_1,transliteration,0.0026,0.0108,20,0
26,mlp_out,de,tier_1,transliteration,0.0062,0.0417,20,0
27,residual,de,tier_1,transliteration,-0.0198,0.0185,20,0
27,attn_out,de,tier_1,transliteration,0.0045,0.0524,20,0
27,mlp_out,de,tier_1,transliteration,0.0002,0.0168,20,0
28,residual,de,tier_1,transliteration,-0.0167,0.0092,20,0
28,attn_out,de,tier_1,transliteration,-0.0037,0.013,20,0
28,mlp_out,de,tier_1,transliteration,-0.008,0.0186,20,0
29,residual,de,tier_1,transliteration,-0.0104,0.0223,20,0
29,attn_out,de,tier_1,transliteration,0.0105,0.0263,20,0
29,mlp_out,de,tier_1,transliteration,-0.0138,0.0674,20,0
30,residual,de,tier_1,transliteration,0.0024,0.036,20,0
30,attn_out,de,tier_1,transliteration,-0.006,0.0152,20,0
30,mlp_out,de,tier_1,transliteration,-0.0112,0.0226,20,0
31,residual,de,tier_1,transliteration,0.0,0.0,20,0
31,attn_out,de,tier_1,transliteration,0.0,0.0,20,0
31,mlp_out,de,tier_1,transliteration,0.0,0.0,20,0
0,residual,fr,tier_1,transliteration,0.0822,0.1693,20,0
0,attn_out,fr,tier_1,transliteration,-0.0306,0.0263,20,0
0,mlp_out,fr,tier_1,transliteration,0.0839,0.1561,20,0
1,residual,fr,tier_1,transliteration,0.0766,0.2204,20,0
1,attn_out,fr,tier_1,transliteration,0.0034,0.0537,20,0
1,mlp_out,fr,tier_1,transliteration,0.0249,0.0471,20,0
2,residual,fr,tier_1,transliteration,0.1047,0.2015,20,0
2,attn_out,fr,tier_1,transliteration,-0.0186,0.029,20,0
2,mlp_out,fr,tier_1,transliteration,0.0066,0.0285,20,0
3,residual,fr,tier_1,transliteration,0.1058,0.1902,20,0
3,attn_out,fr,tier_1,transliteration,0.0001,0.0175,20,0
3,mlp_out,fr,tier_1,transliteration,0.0169,0.0415,20,0
4,residual,fr,tier_1,transliteration,0.1027,0.181,20,0
4,attn_out,fr,tier_1,transliteration,0.0025,0.0136,20,0
4,mlp_out,fr,tier_1,transliteration,-0.0101,0.058,20,0
5,residual,fr,tier_1,transliteration,0.0887,0.166,20,0
5,attn_out,fr,tier_1,transliteration,0.002,0.0271,20,0
5,mlp_out,fr,tier_1,transliteration,0.0085,0.0459,20,0
6,residual,fr,tier_1,transliteration,0.0829,0.1654,20,0
6,attn_out,fr,tier_1,transliteration,0.0028,0.0186,20,0
6,mlp_out,fr,tier_1,transliteration,0.0082,0.0497,20,0
7,residual,fr,tier_1,transliteration,0.0801,0.126,20,0
7,attn_out,fr,tier_1,transliteration,-0.0198,0.03,20,0
7,mlp_out,fr,tier_1,transliteration,0.0262,0.0154,20,0
8,residual,fr,tier_1,transliteration,0.0866,0.1217,20,0
8,attn_out,fr,tier_1,transliteration,0.0092,0.017,20,0
8,mlp_out,fr,tier_1,transliteration,0.0069,0.0449,20,0
9,residual,fr,tier_1,transliteration,0.0784,0.1075,20,0
9,attn_out,fr,tier_1,transliteration,0.013,0.0331,20,0
9,mlp_out,fr,tier_1,transliteration,-0.0069,0.0323,20,0
10,residual,fr,tier_1,transliteration,0.0865,0.1164,20,0
10,attn_out,fr,tier_1,transliteration,0.0044,0.0156,20,0
10,mlp_out,fr,tier_1,transliteration,-0.0232,0.0373,20,0
11,residual,fr,tier_1,transliteration,0.0835,0.1152,20,0
11,attn_out,fr,tier_1,transliteration,0.0137,0.0235,20,0
11,mlp_out,fr,tier_1,transliteration,-0.0142,0.0232,20,0
12,residual,fr,tier_1,transliteration,0.0674,0.0824,20,0
12,attn_out,fr,tier_1,transliteration,0.0082,0.0109,20,0
12,mlp_out,fr,tier_1,transliteration,0.0064,0.0216,20,0
13,residual,fr,tier_1,transliteration,0.0735,0.0884,20,0
13,attn_out,fr,tier_1,transliteration,0.0005,0.011,20,0
13,mlp_out,fr,tier_1,transliteration,0.0127,0.0278,20,0
14,residual,fr,tier_1,transliteration,0.103,0.0868,20,0
14,attn_out,fr,tier_1,transliteration,-0.0132,0.0214,20,0
14,mlp_out,fr,tier_1,transliteration,0.0273,0.0381,20,0
15,residual,fr,tier_1,transliteration,0.0944,0.0783,20,0
15,attn_out,fr,tier_1,transliteration,0.0138,0.0318,20,0
15,mlp_out,fr,tier_1,transliteration,0.0168,0.0182,20,0
16,residual,fr,tier_1,transliteration,0.0933,0.0633,20,0
16,attn_out,fr,tier_1,transliteration,-0.0105,0.0142,20,0
16,mlp_out,fr,tier_1,transliteration,0.0306,0.0331,20,0
17,residual,fr,tier_1,transliteration,0.0304,0.0389,20,0
17,attn_out,fr,tier_1,transliteration,-0.0062,0.0156,20,0
17,mlp_out,fr,tier_1,transliteration,-0.004,0.0247,20,0
18,residual,fr,tier_1,transliteration,0.0138,0.0308,20,0
18,attn_out,fr,tier_1,transliteration,-0.0055,0.0052,20,0
18,mlp_out,fr,tier_1,transliteration,-0.0006,0.0275,20,0
19,residual,fr,tier_1,transliteration,0.0028,0.0232,20,0
19,attn_out,fr,tier_1,transliteration,0.002,0.0073,20,0
19,mlp_out,fr,tier_1,transliteration,0.0012,0.0145,20,0
20,residual,fr,tier_1,transliteration,-0.0069,0.0187,20,0
20,attn_out,fr,tier_1,transliteration,-0.0069,0.0081,20,0
20,mlp_out,fr,tier_1,transliteration,-0.0023,0.015,20,0
21,residual,fr,tier_1,transliteration,-0.0077,0.0182,20,0
21,attn_out,fr,tier_1,transliteration,0.0005,0.0059,20,0
21,mlp_out,fr,tier_1,transliteration,-0.0085,0.0137,20,0
22,residual,fr,tier_1,transliteration,-0.0083,0.0191,20,0
22,attn_out,fr,tier_1,transliteration,-0.0053,0.0037,20,0
22,mlp_out,fr,tier_1,transliteration,-0.0023,0.0071,20,0
23,residual,fr,tier_1,transliteration,-0.0094,0.0204,20,0
23,attn_out,fr,tier_1,transliteration,-0.007,0.0086,20,0
23,mlp_out,fr,tier_1,transliteration,-0.0011,0.0137,20,0
24,residual,fr,tier_1,transliteration,-0.0099,0.0233,20,0
24,attn_out,fr,tier_1,transliteration,-0.0012,0.0068,20,0
24,mlp_out,fr,tier_1,transliteration,-0.0,0.0171,20,0
25,residual,fr,tier_1,transliteration,-0.0109,0.0243,20,0
25,attn_out,fr,tier_1,transliteration,-0.006,0.0075,20,0
25,mlp_out,fr,tier_1,transliteration,0.0022,0.0089,20,0
26,residual,fr,tier_1,transliteration,-0.0102,0.0232,20,0
26,attn_out,fr,tier_1,transliteration,0.0016,0.0062,20,0
26,mlp_out,fr,tier_1,transliteration,-0.0027,0.017,20,0
27,residual,fr,tier_1,transliteration,-0.0103,0.0239,20,0
27,attn_out,fr,tier_1,transliteration,-0.0015,0.0058,20,0
27,mlp_out,fr,tier_1,transliteration,-0.0112,0.0191,20,0
28,residual,fr,tier_1,transliteration,-0.0093,0.0217,20,0
28,attn_out,fr,tier_1,transliteration,0.0016,0.0076,20,0
28,mlp_out,fr,tier_1,transliteration,-0.0099,0.0219,20,0
29,residual,fr,tier_1,transliteration,-0.0119,0.0228,20,0
29,attn_out,fr,tier_1,transliteration,-0.0022,0.0024,20,0
29,mlp_out,fr,tier_1,transliteration,0.0059,0.0198,20,0
30,residual,fr,tier_1,transliteration,-0.0089,0.0239,20,0
30,attn_out,fr,tier_1,transliteration,-0.0029,0.0037,20,0
30,mlp_out,fr,tier_1,transliteration,-0.0006,0.0203,20,0
31,residual,fr,tier_1,transliteration,0.0,0.0,20,0
31,attn_out,fr,tier_1,transliteration,0.0,0.0,20,0
31,mlp_out,fr,tier_1,transliteration,0.0,0.0,20,0
0,residual,zh,tier_1,transliteration,1.4023,3.1482,20,0
0,attn_out,zh,tier_1,transliteration,0.5447,1.1505,20,0
0,mlp_out,zh,tier_1,transliteration,1.2054,2.7231,20,0
1,residual,zh,tier_1,transliteration,1.3087,2.8321,20,0
1,attn_out,zh,tier_1,transliteration,0.5923,1.1389,20,0
1,mlp_out,zh,tier_1,transliteration,0.6912,1.4828,20,0
2,residual,zh,tier_1,transliteration,0.8332,1.7942,20,0
2,attn_out,zh,tier_1,transliteration,0.1606,0.2925,20,0
2,mlp_out,zh,tier_1,transliteration,0.3875,0.7813,20,0
3,residual,zh,tier_1,transliteration,0.7117,1.5592,20,0
3,attn_out,zh,tier_1,transliteration,0.3667,0.7205,20,0
3,mlp_out,zh,tier_1,transliteration,0.0815,0.1081,20,0
4,residual,zh,tier_1,transliteration,0.6605,1.4404,20,0
4,attn_out,zh,tier_1,transliteration,0.2039,0.4209,20,0
4,mlp_out,zh,tier_1,transliteration,0.2107,0.4919,20,0
5,residual,zh,tier_1,transliteration,0.2276,0.5611,20,0
5,attn_out,zh,tier_1,transliteration,-0.0607,0.144,20,0
5,mlp_out,zh,tier_1,transliteration,0.0667,0.1744,20,0
6,residual,zh,tier_1,transliteration,0.2566,0.6073,20,0
6,attn_out,zh,tier_1,transliteration,-0.0272,0.0424,20,0
6,mlp_out,zh,tier_1,transliteration,0.1992,0.3953,20,0
7,residual,zh,tier_1,transliteration,-0.0417,0.0914,20,0
7,attn_out,zh,tier_1,transliteration,-0.2589,0.4823,20,0
7,mlp_out,zh,tier_1,transliteration,-0.1228,0.2175,20,0
8,residual,zh,tier_1,transliteration,0.0338,0.1653,20,0
8,attn_out,zh,tier_1,transliteration,-0.0663,0.1476,20,0
8,mlp_out,zh,tier_1,transliteration,0.0407,0.0895,20,0
9,residual,zh,tier_1,transliteration,0.1727,0.3792,20,0
9,attn_out,zh,tier_1,transliteration,0.0463,0.0872,20,0
9,mlp_out,zh,tier_1,transliteration,-0.0836,0.2036,20,0
10,residual,zh,tier_1,transliteration,0.2292,0.5145,20,0
10,attn_out,zh,tier_1,transliteration,0.0635,0.1185,20,0
10,mlp_out,zh,tier_1,transliteration,-0.0243,0.1007,20,0
11,residual,zh,tier_1,transliteration,0.2123,0.4643,20,0
11,attn_out,zh,tier_1,transliteration,-0.1217,0.277,20,0
11,mlp_out,zh,tier_1,transliteration,-0.0948,0.2401,20,0
12,residual,zh,tier_1,transliteration,0.1015,0.2455,20,0
12,attn_out,zh,tier_1,transliteration,-0.0343,0.0696,20,0
12,mlp_out,zh,tier_1,transliteration,-0.0482,0.1447,20,0
13,residual,zh,tier_1,transliteration,0.034,0.1187,20,0
13,attn_out,zh,tier_1,transliteration,-0.0333,0.0817,20,0
13,mlp_out,zh,tier_1,transliteration,-0.1267,0.2945,20,0
14,residual,zh,tier_1,transliteration,0.0288,0.1408,20,0
14,attn_out,zh,tier_1,transliteration,-0.0146,0.0511,20,0
14,mlp_out,zh,tier_1,transliteration,-0.0506,0.1035,20,0
15,residual,zh,tier_1,transliteration,0.0198,0.1763,20,0
15,attn_out,zh,tier_1,transliteration,0.0325,0.0625,20,0
15,mlp_out,zh,tier_1,transliteration,-0.0433,0.0707,20,0
16,residual,zh,tier_1,transliteration,0.0739,0.3272,20,0
16,attn_out,zh,tier_1,transliteration,-0.0865,0.1907,20,0
16,mlp_out,zh,tier_1,transliteration,-0.0438,0.0943,20,0
17,residual,zh,tier_1,transliteration,0.0668,0.1655,20,0
17,attn_out,zh,tier_1,transliteration,-0.0112,0.0313,20,0
17,mlp_out,zh,tier_1,transliteration,-0.0294,0.0633,20,0
18,residual,zh,tier_1,transliteration,0.105,0.2546,20,0
18,attn_out,zh,tier_1,transliteration,-0.0052,0.0143,20,0
18,mlp_out,zh,tier_1,transliteration,-0.0077,0.0166,20,0
19,residual,zh,tier_1,transliteration,0.0324,0.0983,20,0
19,attn_out,zh,tier_1,transliteration,-0.0297,0.053,20,0
19,mlp_out,zh,tier_1,transliteration,-0.1573,0.315,20,0
20,residual,zh,tier_1,transliteration,-0.0195,0.0106,20,0
20,attn_out,zh,tier_1,transliteration,0.0027,0.0105,20,0
20,mlp_out,zh,tier_1,transliteration,0.0613,0.1365,20,0
21,residual,zh,tier_1,transliteration,-0.0055,0.0221,20,0
21,attn_out,zh,tier_1,transliteration,-0.0069,0.0134,20,0
21,mlp_out,zh,tier_1,transliteration,0.0276,0.0508,20,0
22,residual,zh,tier_1,transliteration,-0.0299,0.028,20,0
22,attn_out,zh,tier_1,transliteration,-0.0099,0.023,20,0
22,mlp_out,zh,tier_1,transliteration,0.0119,0.0282,20,0
23,residual,zh,tier_1,transliteration,-0.0207,0.0118,20,0
23,attn_out,zh,tier_1,transliteration,-0.0036,0.0067,20,0
23,mlp_out,zh,tier_1,transliteration,0.0103,0.0212,20,0
24,residual,zh,tier_1,transliteration,-0.0178,0.0106,20,0
24,attn_out,zh,tier_1,transliteration,0.0357,0.0755,20,0
24,mlp_out,zh,tier_1,transliteration,0.0437,0.0889,20,0
25,residual,zh,tier_1,transliteration,-0.0242,0.0277,20,0
25,attn_out,zh,tier_1,transliteration,0.0128,0.028,20,0
25,mlp_out,zh,tier_1,transliteration,-0.0195,0.0243,20,0
26,residual,zh,tier_1,transliteration,-0.0146,0.0083,20,0
26,attn_out,zh,tier_1,transliteration,-0.0119,0.0174,20,0
26,mlp_out,zh,tier_1,transliteration,0.0255,0.0582,20,0
27,residual,zh,tier_1,transliteration,-0.0129,0.0094,20,0
27,attn_out,zh,tier_1,transliteration,-0.0626,0.1291,20,0
27,mlp_out,zh,tier_1,transliteration,0.0246,0.0485,20,0
28,residual,zh,tier_1,transliteration,-0.0131,0.0188,20,0
28,attn_out,zh,tier_1,transliteration,-0.001,0.004,20,0
28,mlp_out,zh,tier_1,transliteration,-0.0147,0.0138,20,0
29,residual,zh,tier_1,transliteration,-0.0024,0.03,20,0
29,attn_out,zh,tier_1,transliteration,-0.0131,0.0149,20,0
29,mlp_out,zh,tier_1,transliteration,-0.0267,0.0376,20,0
30,residual,zh,tier_1,transliteration,-0.0279,0.0467,20,0
30,attn_out,zh,tier_1,transliteration,-0.0088,0.0148,20,0
30,mlp_out,zh,tier_1,transliteration,-0.0004,0.0083,20,0
31,residual,zh,tier_1,transliteration,0.0,0.0,20,0
31,attn_out,zh,tier_1,transliteration,0.0,0.0,20,0
31,mlp_out,zh,tier_1,transliteration,0.0,0.0,20,0
0,residual,es,tier_1,transliteration,-0.2499,0.3281,20,0
0,attn_out,es,tier_1,transliteration,-0.0755,0.0955,20,0
0,mlp_out,es,tier_1,transliteration,-0.1693,0.2507,20,0
1,residual,es,tier_1,transliteration,-0.1194,0.2229,20,0
1,attn_out,es,tier_1,transliteration,-0.0372,0.0735,20,0
1,mlp_out,es,tier_1,transliteration,0.0798,0.1945,20,0
2,residual,es,tier_1,transliteration,-0.0679,0.201,20,0
2,attn_out,es,tier_1,transliteration,0.008,0.022,20,0
2,mlp_out,es,tier_1,transliteration,0.0024,0.1035,20,0
3,residual,es,tier_1,transliteration,-0.0673,0.191,20,0
3,attn_out,es,tier_1,transliteration,-0.1091,0.1316,20,0
3,mlp_out,es,tier_1,transliteration,0.0767,0.2768,20,0
4,residual,es,tier_1,transliteration,-0.0709,0.2077,20,0
4,attn_out,es,tier_1,transliteration,-0.0089,0.0574,20,0
4,mlp_out,es,tier_1,transliteration,-0.0561,0.2616,20,0
5,residual,es,tier_1,transliteration,-0.0836,0.2277,20,0
5,attn_out,es,tier_1,transliteration,-0.0799,0.1382,20,0
5,mlp_out,es,tier_1,transliteration,0.0635,0.2428,20,0
6,residual,es,tier_1,transliteration,-0.1377,0.2699,20,0
6,attn_out,es,tier_1,transliteration,-0.0179,0.0625,20,0
6,mlp_out,es,tier_1,transliteration,-0.0919,0.1849,20,0
7,residual,es,tier_1,transliteration,-0.0717,0.2481,20,0
7,attn_out,es,tier_1,transliteration,-0.02,0.0687,20,0
7,mlp_out,es,tier_1,transliteration,-0.0282,0.0383,20,0
8,residual,es,tier_1,transliteration,-0.0269,0.2083,20,0
8,attn_out,es,tier_1,transliteration,-0.018,0.0365,20,0
8,mlp_out,es,tier_1,transliteration,0.0534,0.0705,20,0
9,residual,es,tier_1,transliteration,0.0159,0.1606,20,0
9,attn_out,es,tier_1,transliteration,-0.0579,0.0956,20,0
9,mlp_out,es,tier_1,transliteration,-0.0301,0.0793,20,0
10,residual,es,tier_1,transliteration,0.0411,0.1344,20,0
10,attn_out,es,tier_1,transliteration,-0.0632,0.1475,20,0
10,mlp_out,es,tier_1,transliteration,-0.0744,0.1128,20,0
11,residual,es,tier_1,transliteration,0.0339,0.122,20,0
11,attn_out,es,tier_1,transliteration,-0.0025,0.0691,20,0
11,mlp_out,es,tier_1,transliteration,-0.0764,0.1242,20,0
12,residual,es,tier_1,transliteration,0.0463,0.1243,20,0
12,attn_out,es,tier_1,transliteration,-0.0038,0.0456,20,0
12,mlp_out,es,tier_1,transliteration,-0.1122,0.2087,20,0
13,residual,es,tier_1,transliteration,0.0475,0.1329,20,0
13,attn_out,es,tier_1,transliteration,-0.0742,0.1715,20,0
13,mlp_out,es,tier_1,transliteration,-0.0872,0.1012,20,0
14,residual,es,tier_1,transliteration,0.1335,0.1832,20,0
14,attn_out,es,tier_1,transliteration,0.0747,0.0987,20,0
14,mlp_out,es,tier_1,transliteration,0.1147,0.0989,20,0
15,residual,es,tier_1,transliteration,0.1203,0.1392,20,0
15,attn_out,es,tier_1,transliteration,0.0245,0.0852,20,0
15,mlp_out,es,tier_1,transliteration,0.1019,0.1307,20,0
16,residual,es,tier_1,transliteration,0.1358,0.1341,20,0
16,attn_out,es,tier_1,transliteration,0.024,0.1043,20,0
16,mlp_out,es,tier_1,transliteration,0.0845,0.1075,20,0
17,residual,es,tier_1,transliteration,0.0756,0.1009,20,0
17,attn_out,es,tier_1,transliteration,-0.0049,0.0229,20,0
17,mlp_out,es,tier_1,transliteration,0.0636,0.0735,20,0
18,residual,es,tier_1,transliteration,-0.0117,0.0905,20,0
18,attn_out,es,tier_1,transliteration,-0.0118,0.0172,20,0
18,mlp_out,es,tier_1,transliteration,0.0245,0.0192,20,0
19,residual,es,tier_1,transliteration,-0.0425,0.0936,20,0
19,attn_out,es,tier_1,transliteration,-0.0156,0.0201,20,0
19,mlp_out,es,tier_1,transliteration,0.0253,0.0163,20,0
20,residual,es,tier_1,transliteration,-0.0479,0.0935,20,0
20,attn_out,es,tier_1,transliteration,0.0016,0.0048,20,0
20,mlp_out,es,tier_1,transliteration,0.017,0.0504,20,0
21,residual,es,tier_1,transliteration,-0.0457,0.089,20,0
21,attn_out,es,tier_1,transliteration,-0.0109,0.0281,20,0
21,mlp_out,es,tier_1,transliteration,0.0415,0.0645,20,0
22,residual,es,tier_1,transliteration,-0.0568,0.1029,20,0
22,attn_out,es,tier_1,transliteration,-0.007,0.0037,20,0
22,mlp_out,es,tier_1,transliteration,0.0347,0.0358,20,0
23,residual,es,tier_1,transliteration,-0.0736,0.1244,20,0
23,attn_out,es,tier_1,transliteration,0.0039,0.032,20,0
23,mlp_out,es,tier_1,transliteration,0.0086,0.0438,20,0
24,residual,es,tier_1,transliteration,-0.0636,0.1094,20,0
24,attn_out,es,tier_1,transliteration,-0.0334,0.032,20,0
24,mlp_out,es,tier_1,transliteration,0.0127,0.0286,20,0
25,residual,es,tier_1,transliteration,-0.0599,0.1071,20,0
25,attn_out,es,tier_1,transliteration,-0.0128,0.0232,20,0
25,mlp_out,es,tier_1,transliteration,-0.01,0.0375,20,0
26,residual,es,tier_1,transliteration,-0.0567,0.1047,20,0
26,attn_out,es,tier_1,transliteration,-0.0032,0.0141,20,0
26,mlp_out,es,tier_1,transliteration,-0.0309,0.0462,20,0
27,residual,es,tier_1,transliteration,-0.0507,0.1021,20,0
27,attn_out,es,tier_1,transliteration,0.0031,0.013,20,0
27,mlp_out,es,tier_1,transliteration,-0.0198,0.0332,20,0
28,residual,es,tier_1,transliteration,-0.0532,0.0858,20,0
28,attn_out,es,tier_1,transliteration,-0.0034,0.015,20,0
28,mlp_out,es,tier_1,transliteration,-0.0315,0.0283,20,0
29,residual,es,tier_1,transliteration,-0.0353,0.0505,20,0
29,attn_out,es,tier_1,transliteration,0.0045,0.0102,20,0
29,mlp_out,es,tier_1,transliteration,0.0324,0.0356,20,0
30,residual,es,tier_1,transliteration,-0.0101,0.0432,20,0
30,attn_out,es,tier_1,transliteration,0.0084,0.0075,20,0
30,mlp_out,es,tier_1,transliteration,0.001,0.0225,20,0
31,residual,es,tier_1,transliteration,0.0,0.0,20,0
31,attn_out,es,tier_1,transliteration,0.0,0.0,20,0
31,mlp_out,es,tier_1,transliteration,0.0,0.0,20,0
0,residual,ar,tier_2,transliteration,-0.197,0.5601,20,0
0,attn_out,ar,tier_2,transliteration,0.0157,0.0273,20,0
0,mlp_out,ar,tier_2,transliteration,-0.299,0.5857,20,0
1,residual,ar,tier_2,transliteration,-0.2574,0.4755,20,0
1,attn_out,ar,tier_2,transliteration,0.0313,0.0644,20,0
1,mlp_out,ar,tier_2,transliteration,-0.0343,0.0514,20,0
2,residual,ar,tier_2,transliteration,-0.2172,0.4137,20,0
2,attn_out,ar,tier_2,transliteration,0.0261,0.0328,20,0
2,mlp_out,ar,tier_2,transliteration,-0.0073,0.1366,20,0
3,residual,ar,tier_2,transliteration,-0.2144,0.3882,20,0
3,attn_out,ar,tier_2,transliteration,0.0198,0.0468,20,0
3,mlp_out,ar,tier_2,transliteration,0.0416,0.0626,20,0
4,residual,ar,tier_2,transliteration,-0.187,0.3496,20,0
4,attn_out,ar,tier_2,transliteration,-0.0,0.0596,20,0
4,mlp_out,ar,tier_2,transliteration,0.0195,0.1213,20,0
5,residual,ar,tier_2,transliteration,-0.1423,0.3494,20,0
5,attn_out,ar,tier_2,transliteration,-0.0368,0.0706,20,0
5,mlp_out,ar,tier_2,transliteration,-0.0532,0.1025,20,0
6,residual,ar,tier_2,transliteration,-0.1669,0.3795,20,0
6,attn_out,ar,tier_2,transliteration,0.0337,0.0565,20,0
6,mlp_out,ar,tier_2,transliteration,-0.0003,0.027,20,0
7,residual,ar,tier_2,transliteration,-0.1562,0.2645,20,0
7,attn_out,ar,tier_2,transliteration,0.0141,0.0564,20,0
7,mlp_out,ar,tier_2,transliteration,-0.0058,0.0853,20,0
8,residual,ar,tier_2,transliteration,-0.1556,0.265,20,0
8,attn_out,ar,tier_2,transliteration,-0.0272,0.0277,20,0
8,mlp_out,ar,tier_2,transliteration,-0.0002,0.0496,20,0
9,residual,ar,tier_2,transliteration,-0.1348,0.2477,20,0
9,attn_out,ar,tier_2,transliteration,-0.0088,0.0109,20,0
9,mlp_out,ar,tier_2,transliteration,0.0145,0.0911,20,0
10,residual,ar,tier_2,transliteration,-0.1378,0.2408,20,0
10,attn_out,ar,tier_2,transliteration,0.0033,0.0396,20,0
10,mlp_out,ar,tier_2,transliteration,0.0207,0.0304,20,0
11,residual,ar,tier_2,transliteration,-0.089,0.2477,20,0
11,attn_out,ar,tier_2,transliteration,0.0412,0.0481,20,0
11,mlp_out,ar,tier_2,transliteration,-0.0655,0.044,20,0
12,residual,ar,tier_2,transliteration,-0.0763,0.2546,20,0
12,attn_out,ar,tier_2,transliteration,-0.0129,0.0384,20,0
12,mlp_out,ar,tier_2,transliteration,-0.0327,0.0498,20,0
13,residual,ar,tier_2,transliteration,-0.0397,0.2315,20,0
13,attn_out,ar,tier_2,transliteration,-0.0159,0.0266,20,0
13,mlp_out,ar,tier_2,transliteration,-0.0357,0.0119,20,0
14,residual,ar,tier_2,transliteration,-0.0071,0.2781,20,0
14,attn_out,ar,tier_2,transliteration,-0.0169,0.0165,20,0
14,mlp_out,ar,tier_2,transliteration,-0.0495,0.1057,20,0
15,residual,ar,tier_2,transliteration,-0.0231,0.2761,20,0
15,attn_out,ar,tier_2,transliteration,-0.0145,0.0245,20,0
15,mlp_out,ar,tier_2,transliteration,-0.0073,0.0678,20,0
16,residual,ar,tier_2,transliteration,-0.0372,0.2498,20,0
16,attn_out,ar,tier_2,transliteration,-0.0106,0.0178,20,0
16,mlp_out,ar,tier_2,transliteration,-0.0643,0.0986,20,0
17,residual,ar,tier_2,transliteration,0.0278,0.0643,20,0
17,attn_out,ar,tier_2,transliteration,-0.003,0.0069,20,0
17,mlp_out,ar,tier_2,transliteration,0.004,0.02,20,0
18,residual,ar,tier_2,transliteration,0.0345,0.0366,20,0
18,attn_out,ar,tier_2,transliteration,0.0038,0.0116,20,0
18,mlp_out,ar,tier_2,transliteration,-0.0005,0.0115,20,0
19,residual,ar,tier_2,transliteration,0.0098,0.0313,20,0
19,attn_out,ar,tier_2,transliteration,0.0056,0.0052,20,0
19,mlp_out,ar,tier_2,transliteration,-0.0147,0.0155,20,0
20,residual,ar,tier_2,transliteration,0.0091,0.0082,20,0
20,attn_out,ar,tier_2,transliteration,0.0024,0.0093,20,0
20,mlp_out,ar,tier_2,transliteration,-0.0007,0.0078,20,0
21,residual,ar,tier_2,transliteration,0.0056,0.0105,20,0
21,attn_out,ar,tier_2,transliteration,-0.001,0.0078,20,0
21,mlp_out,ar,tier_2,transliteration,-0.0124,0.0145,20,0
22,residual,ar,tier_2,transliteration,0.0048,0.0099,20,0
22,attn_out,ar,tier_2,transliteration,0.0046,0.006,20,0
22,mlp_out,ar,tier_2,transliteration,-0.0004,0.0094,20,0
23,residual,ar,tier_2,transliteration,0.0057,0.0117,20,0
23,attn_out,ar,tier_2,transliteration,0.0035,0.0054,20,0
23,mlp_out,ar,tier_2,transliteration,0.007,0.0128,20,0
24,residual,ar,tier_2,transliteration,0.0051,0.0084,20,0
24,attn_out,ar,tier_2,transliteration,-0.0039,0.007,20,0
24,mlp_out,ar,tier_2,transliteration,-0.0093,0.0248,20,0
25,residual,ar,tier_2,transliteration,0.0061,0.0064,20,0
25,attn_out,ar,tier_2,transliteration,-0.0009,0.0026,20,0
25,mlp_out,ar,tier_2,transliteration,-0.0054,0.0029,20,0
26,residual,ar,tier_2,transliteration,0.0037,0.007,20,0
26,attn_out,ar,tier_2,transliteration,-0.0047,0.0131,20,0
26,mlp_out,ar,tier_2,transliteration,0.0016,0.0021,20,0
27,residual,ar,tier_2,transliteration,-0.0015,0.0075,20,0
27,attn_out,ar,tier_2,transliteration,0.0029,0.0079,20,0
27,mlp_out,ar,tier_2,transliteration,0.0017,0.0059,20,0
28,residual,ar,tier_2,transliteration,-0.0028,0.0115,20,0
28,attn_out,ar,tier_2,transliteration,-0.0033,0.0086,20,0
28,mlp_out,ar,tier_2,transliteration,0.0073,0.0157,20,0
29,residual,ar,tier_2,transliteration,0.0021,0.0106,20,0
29,attn_out,ar,tier_2,transliteration,-0.003,0.0094,20,0
29,mlp_out,ar,tier_2,transliteration,0.0056,0.0094,20,0
30,residual,ar,tier_2,transliteration,-0.0038,0.008,20,0
30,attn_out,ar,tier_2,transliteration,-0.0031,0.0079,20,0
30,mlp_out,ar,tier_2,transliteration,0.0015,0.0031,20,0
31,residual,ar,tier_2,transliteration,0.0,0.0,20,0
31,attn_out,ar,tier_2,transliteration,0.0,0.0,20,0
31,mlp_out,ar,tier_2,transliteration,0.0,0.0,20,0
0,residual,ru,tier_2,transliteration,2.6456,5.0185,20,0
0,attn_out,ru,tier_2,transliteration,0.0353,0.1406,20,0
0,mlp_out,ru,tier_2,transliteration,2.3322,4.5302,20,0
1,residual,ru,tier_2,transliteration,2.1012,4.128,20,0
1,attn_out,ru,tier_2,transliteration,-0.8959,1.8038,20,0
1,mlp_out,ru,tier_2,transliteration,0.158,0.3152,20,0
2,residual,ru,tier_2,transliteration,1.7214,3.3984,20,0
2,attn_out,ru,tier_2,transliteration,-0.7605,1.4816,20,0
2,mlp_out,ru,tier_2,transliteration,0.4847,0.8685,20,0
3,residual,ru,tier_2,transliteration,1.5661,3.0501,20,0
3,attn_out,ru,tier_2,transliteration,-0.2383,0.3753,20,0
3,mlp_out,ru,tier_2,transliteration,0.1989,0.3589,20,0
4,residual,ru,tier_2,transliteration,1.3821,2.6229,20,0
4,attn_out,ru,tier_2,transliteration,-0.2447,0.5535,20,0
4,mlp_out,ru,tier_2,transliteration,0.276,0.4261,20,0
5,residual,ru,tier_2,transliteration,1.5681,2.9584,20,0
5,attn_out,ru,tier_2,transliteration,-0.3459,0.5997,20,0
5,mlp_out,ru,tier_2,transliteration,0.1407,0.2956,20,0
6,residual,ru,tier_2,transliteration,1.1005,2.0493,20,0
6,attn_out,ru,tier_2,transliteration,-0.5192,0.9458,20,0
6,mlp_out,ru,tier_2,transliteration,0.369,0.6955,20,0
7,residual,ru,tier_2,transliteration,0.6124,1.0168,20,0
7,attn_out,ru,tier_2,transliteration,-0.6563,1.2609,20,0
7,mlp_out,ru,tier_2,transliteration,0.1703,0.2572,20,0
8,residual,ru,tier_2,transliteration,0.6182,1.0163,20,0
8,attn_out,ru,tier_2,transliteration,-0.0564,0.0933,20,0
8,mlp_out,ru,tier_2,transliteration,0.4976,0.9973,20,0
9,residual,ru,tier_2,transliteration,0.3834,0.5733,20,0
9,attn_out,ru,tier_2,transliteration,-0.1208,0.2315,20,0
9,mlp_out,ru,tier_2,transliteration,0.0178,0.1033,20,0
10,residual,ru,tier_2,transliteration,0.2867,0.3862,20,0
10,attn_out,ru,tier_2,transliteration,-0.2103,0.4911,20,0
10,mlp_out,ru,tier_2,transliteration,-0.3166,0.7439,20,0
11,residual,ru,tier_2,transliteration,0.0958,0.1318,20,0
11,attn_out,ru,tier_2,transliteration,-0.0068,0.0595,20,0
11,mlp_out,ru,tier_2,transliteration,-1.1878,2.5306,20,0
12,residual,ru,tier_2,transliteration,-0.3858,1.0207,20,0
12,attn_out,ru,tier_2,transliteration,-0.2571,0.4778,20,0
12,mlp_out,ru,tier_2,transliteration,-0.492,0.971,20,0
13,residual,ru,tier_2,transliteration,-0.4831,1.2025,20,0
13,attn_out,ru,tier_2,transliteration,-0.4862,0.9059,20,0
13,mlp_out,ru,tier_2,transliteration,-0.2917,0.5744,20,0
14,residual,ru,tier_2,transliteration,-0.6866,1.585,20,0
14,attn_out,ru,tier_2,transliteration,0.098,0.168,20,0
14,mlp_out,ru,tier_2,transliteration,-1.0649,2.0159,20,0
15,residual,ru,tier_2,transliteration,-0.6684,1.4528,20,0
15,attn_out,ru,tier_2,transliteration,-0.3891,0.7285,20,0
15,mlp_out,ru,tier_2,transliteration,-0.4674,0.8484,20,0
16,residual,ru,tier_2,transliteration,-0.9248,2.0498,20,0
16,attn_out,ru,tier_2,transliteration,-0.1566,0.4126,20,0
16,mlp_out,ru,tier_2,transliteration,-0.2101,0.4238,20,0
17,residual,ru,tier_2,transliteration,-0.5837,1.4295,20,0
17,attn_out,ru,tier_2,transliteration,-0.0818,0.201,20,0
17,mlp_out,ru,tier_2,transliteration,-0.405,0.7683,20,0
18,residual,ru,tier_2,transliteration,-0.4772,1.2091,20,0
18,attn_out,ru,tier_2,transliteration,-0.1249,0.3442,20,0
18,mlp_out,ru,tier_2,transliteration,-0.2956,0.6104,20,0
19,residual,ru,tier_2,transliteration,-0.3112,0.9143,20,0
19,attn_out,ru,tier_2,transliteration,0.0744,0.1025,20,0
19,mlp_out,ru,tier_2,transliteration,-0.2725,0.6145,20,0
20,residual,ru,tier_2,transliteration,-0.3426,0.9158,20,0
20,attn_out,ru,tier_2,transliteration,-0.0323,0.0814,20,0
20,mlp_out,ru,tier_2,transliteration,0.0854,0.1171,20,0
21,residual,ru,tier_2,transliteration,-0.222,0.6557,20,0
21,attn_out,ru,tier_2,transliteration,-0.1162,0.2714,20,0
21,mlp_out,ru,tier_2,transliteration,0.034,0.1187,20,0
22,residual,ru,tier_2,transliteration,-0.23,0.6764,20,0
22,attn_out,ru,tier_2,transliteration,-0.1408,0.2967,20,0
22,mlp_out,ru,tier_2,transliteration,0.0531,0.1144,20,0
23,residual,ru,tier_2,transliteration,-0.2419,0.6762,20,0
23,attn_out,ru,tier_2,transliteration,-0.0747,0.1832,20,0
23,mlp_out,ru,tier_2,transliteration,-0.033,0.0269,20,0
24,residual,ru,tier_2,transliteration,-0.2162,0.605,20,0
24,attn_out,ru,tier_2,transliteration,-0.0894,0.2098,20,0
24,mlp_out,ru,tier_2,transliteration,-0.1788,0.3199,20,0
25,residual,ru,tier_2,transliteration,-0.2169,0.6061,20,0
25,attn_out,ru,tier_2,transliteration,0.0969,0.1949,20,0
25,mlp_out,ru,tier_2,transliteration,-0.1624,0.3962,20,0
26,residual,ru,tier_2,transliteration,-0.2838,0.731,20,0
26,attn_out,ru,tier_2,transliteration,0.1149,0.2224,20,0
26,mlp_out,ru,tier_2,transliteration,-0.3528,0.791,20,0
27,residual,ru,tier_2,transliteration,-0.2536,0.6681,20,0
27,attn_out,ru,tier_2,transliteration,0.0791,0.1278,20,0
27,mlp_out,ru,tier_2,transliteration,0.0043,0.134,20,0
28,residual,ru,tier_2,transliteration,-0.3691,0.8217,20,0
28,attn_out,ru,tier_2,transliteration,0.1293,0.2737,20,0
28,mlp_out,ru,tier_2,transliteration,-0.208,0.4995,20,0
29,residual,ru,tier_2,transliteration,-0.4156,0.8825,20,0
29,attn_out,ru,tier_2,transliteration,0.0559,0.1203,20,0
29,mlp_out,ru,tier_2,transliteration,-0.1305,0.218,20,0
30,residual,ru,tier_2,transliteration,-0.1522,0.3644,20,0
30,attn_out,ru,tier_2,transliteration,-0.0192,0.0279,20,0
30,mlp_out,ru,tier_2,transliteration,-0.0668,0.1774,20,0
31,residual,ru,tier_2,transliteration,0.0,0.0,20,0
31,attn_out,ru,tier_2,transliteration,0.0,0.0,20,0
31,mlp_out,ru,tier_2,transliteration,0.0,0.0,20,0
0,residual,ko,tier_2,transliteration,0.5164,1.1971,20,0
0,attn_out,ko,tier_2,transliteration,0.1255,0.1724,20,0
0,mlp_out,ko,tier_2,transliteration,0.7198,1.0093,20,0
1,residual,ko,tier_2,transliteration,0.0497,0.8805,20,0
1,attn_out,ko,tier_2,transliteration,-0.097,0.3894,20,0
1,mlp_out,ko,tier_2,transliteration,0.0913,0.2248,20,0
2,residual,ko,tier_2,transliteration,0.2112,0.5937,20,0
2,attn_out,ko,tier_2,transliteration,-0.1604,0.2714,20,0
2,mlp_out,ko,tier_2,transliteration,-0.0843,0.1402,20,0
3,residual,ko,tier_2,transliteration,0.273,0.705,20,0
3,attn_out,ko,tier_2,transliteration,-0.1416,0.2431,20,0
3,mlp_out,ko,tier_2,transliteration,-0.0383,0.1015,20,0
4,residual,ko,tier_2,transliteration,0.4056,0.6708,20,0
4,attn_out,ko,tier_2,transliteration,0.0355,0.1503,20,0
4,mlp_out,ko,tier_2,transliteration,-0.2312,0.358,20,0
5,residual,ko,tier_2,transliteration,0.4612,0.6909,20,0
5,attn_out,ko,tier_2,transliteration,-0.0418,0.1583,20,0
5,mlp_out,ko,tier_2,transliteration,0.3299,0.4377,20,0
6,residual,ko,tier_2,transliteration,0.4801,0.6067,20,0
6,attn_out,ko,tier_2,transliteration,-0.1114,0.109,20,0
6,mlp_out,ko,tier_2,transliteration,0.4736,0.5227,20,0
7,residual,ko,tier_2,transliteration,0.5704,0.6146,20,0
7,attn_out,ko,tier_2,transliteration,-0.0856,0.0713,20,0
7,mlp_out,ko,tier_2,transliteration,0.2144,0.1987,20,0
8,residual,ko,tier_2,transliteration,0.6525,0.6988,20,0
8,attn_out,ko,tier_2,transliteration,-0.0194,0.2418,20,0
8,mlp_out,ko,tier_2,transliteration,0.4289,0.6972,20,0
9,residual,ko,tier_2,transliteration,0.6576,0.6947,20,0
9,attn_out,ko,tier_2,transliteration,-0.0799,0.1862,20,0
9,mlp_out,ko,tier_2,transliteration,0.1996,0.2388,20,0
10,residual,ko,tier_2,transliteration,0.6316,0.6615,20,0
10,attn_out,ko,tier_2,transliteration,-0.0515,0.3447,20,0
10,mlp_out,ko,tier_2,transliteration,0.2133,0.7981,20,0
11,residual,ko,tier_2,transliteration,0.7324,0.838,20,0
11,attn_out,ko,tier_2,transliteration,0.2979,0.3753,20,0
11,mlp_out,ko,tier_2,transliteration,-0.2078,0.1692,20,0
12,residual,ko,tier_2,transliteration,0.8093,0.8029,20,0
12,attn_out,ko,tier_2,transliteration,0.1468,0.2201,20,0
12,mlp_out,ko,tier_2,transliteration,-0.1141,0.26,20,0
13,residual,ko,tier_2,transliteration,0.7949,0.8091,20,0
13,attn_out,ko,tier_2,transliteration,0.2126,0.484,20,0
13,mlp_out,ko,tier_2,transliteration,0.434,0.9524,20,0
14,residual,ko,tier_2,transliteration,0.6297,0.8909,20,0
14,attn_out,ko,tier_2,transliteration,0.0619,0.163,20,0
14,mlp_out,ko,tier_2,transliteration,0.0635,0.0916,20,0
15,residual,ko,tier_2,transliteration,0.5804,0.9154,20,0
15,attn_out,ko,tier_2,transliteration,0.1111,0.1133,20,0
15,mlp_out,ko,tier_2,transliteration,0.0192,0.1552,20,0
16,residual,ko,tier_2,transliteration,0.4752,1.0093,20,0
16,attn_out,ko,tier_2,transliteration,0.0169,0.1578,20,0
16,mlp_out,ko,tier_2,transliteration,0.0805,0.4213,20,0
17,residual,ko,tier_2,transliteration,0.1916,0.519,20,0
17,attn_out,ko,tier_2,transliteration,0.1224,0.2512,20,0
17,mlp_out,ko,tier_2,transliteration,0.0954,0.2975,20,0
18,residual,ko,tier_2,transliteration,0.1616,0.4927,20,0
18,attn_out,ko,tier_2,transliteration,0.0484,0.061,20,0
18,mlp_out,ko,tier_2,transliteration,-0.0651,0.2378,20,0
19,residual,ko,tier_2,transliteration,0.1241,0.1614,20,0
19,attn_out,ko,tier_2,transliteration,0.0802,0.1362,20,0
19,mlp_out,ko,tier_2,transliteration,0.1162,0.1285,20,0
20,residual,ko,tier_2,transliteration,0.0345,0.1129,20,0
20,attn_out,ko,tier_2,transliteration,-0.0081,0.0345,20,0
20,mlp_out,ko,tier_2,transliteration,0.0157,0.0257,20,0
21,residual,ko,tier_2,transliteration,0.012,0.0861,20,0
21,attn_out,ko,tier_2,transliteration,-0.0014,0.0432,20,0
21,mlp_out,ko,tier_2,transliteration,0.028,0.0763,20,0
22,residual,ko,tier_2,transliteration,0.0392,0.0786,20,0
22,attn_out,ko,tier_2,transliteration,-0.0071,0.0163,20,0
22,mlp_out,ko,tier_2,transliteration,-0.0611,0.0801,20,0
23,residual,ko,tier_2,transliteration,-0.0012,0.0951,20,0
23,attn_out,ko,tier_2,transliteration,0.0002,0.1098,20,0
23,mlp_out,ko,tier_2,transliteration,-0.0037,0.0588,20,0
24,residual,ko,tier_2,transliteration,-0.0133,0.0957,20,0
24,attn_out,ko,tier_2,transliteration,-0.0737,0.1079,20,0
24,mlp_out,ko,tier_2,transliteration,-0.0359,0.1919,20,0
25,residual,ko,tier_2,transliteration,-0.0549,0.1609,20,0
25,attn_out,ko,tier_2,transliteration,-0.0244,0.0582,20,0
25,mlp_out,ko,tier_2,transliteration,-0.0029,0.0367,20,0
26,residual,ko,tier_2,transliteration,-0.0714,0.2684,20,0
26,attn_out,ko,tier_2,transliteration,-0.0406,0.0723,20,0
26,mlp_out,ko,tier_2,transliteration,-0.0368,0.1013,20,0
27,residual,ko,tier_2,transliteration,-0.1086,0.2818,20,0
27,attn_out,ko,tier_2,transliteration,0.0116,0.1306,20,0
27,mlp_out,ko,tier_2,transliteration,-0.06,0.0794,20,0
28,residual,ko,tier_2,transliteration,-0.1316,0.2456,20,0
28,attn_out,ko,tier_2,transliteration,-0.0198,0.0572,20,0
28,mlp_out,ko,tier_2,transliteration,0.0526,0.0632,20,0
29,residual,ko,tier_2,transliteration,-0.0125,0.1105,20,0
29,attn_out,ko,tier_2,transliteration,-0.0189,0.0316,20,0
29,mlp_out,ko,tier_2,transliteration,0.0352,0.0736,20,0
30,residual,ko,tier_2,transliteration,0.0307,0.2377,20,0
30,attn_out,ko,tier_2,transliteration,0.0123,0.0513,20,0
30,mlp_out,ko,tier_2,transliteration,0.0483,0.2236,20,0
31,residual,ko,tier_2,transliteration,0.0,0.0,20,0
31,attn_out,ko,tier_2,transliteration,0.0,0.0,20,0
31,mlp_out,ko,tier_2,transliteration,0.0,0.0,20,0
0,residual,ja,tier_2,transliteration,-0.1388,0.3509,20,0
0,attn_out,ja,tier_2,transliteration,0.0073,0.0767,20,0
0,mlp_out,ja,tier_2,transliteration,-0.0747,0.1185,20,0
1,residual,ja,tier_2,transliteration,-0.1078,0.2447,20,0
1,attn_out,ja,tier_2,transliteration,0.1417,0.1176,20,0
1,mlp_out,ja,tier_2,transliteration,0.0393,0.0685,20,0
2,residual,ja,tier_2,transliteration,-0.0867,0.3036,20,0
2,attn_out,ja,tier_2,transliteration,-0.0084,0.0154,20,0
2,mlp_out,ja,tier_2,transliteration,0.0919,0.0614,20,0
3,residual,ja,tier_2,transliteration,-0.1,0.2676,20,0
3,attn_out,ja,tier_2,transliteration,-0.0044,0.0565,20,0
3,mlp_out,ja,tier_2,transliteration,0.0432,0.07,20,0
4,residual,ja,tier_2,transliteration,-0.1104,0.2588,20,0
4,attn_out,ja,tier_2,transliteration,-0.0065,0.0555,20,0
4,mlp_out,ja,tier_2,transliteration,0.026,0.1479,20,0
5,residual,ja,tier_2,transliteration,-0.106,0.2434,20,0
5,attn_out,ja,tier_2,transliteration,0.0185,0.0333,20,0
5,mlp_out,ja,tier_2,transliteration,-0.042,0.0827,20,0
6,residual,ja,tier_2,transliteration,-0.0956,0.2362,20,0
6,attn_out,ja,tier_2,transliteration,-0.0583,0.0515,20,0
6,mlp_out,ja,tier_2,transliteration,0.0447,0.1098,20,0
7,residual,ja,tier_2,transliteration,-0.0272,0.131,20,0
7,attn_out,ja,tier_2,transliteration,0.0481,0.0766,20,0
7,mlp_out,ja,tier_2,transliteration,0.0375,0.0497,20,0
8,residual,ja,tier_2,transliteration,-0.0152,0.1292,20,0
8,attn_out,ja,tier_2,transliteration,-0.0145,0.0325,20,0
8,mlp_out,ja,tier_2,transliteration,0.0806,0.0722,20,0
9,residual,ja,tier_2,transliteration,0.0308,0.1003,20,0
9,attn_out,ja,tier_2,transliteration,0.0087,0.0233,20,0
9,mlp_out,ja,tier_2,transliteration,0.021,0.06,20,0
10,residual,ja,tier_2,transliteration,0.0263,0.0847,20,0
10,attn_out,ja,tier_2,transliteration,0.0522,0.0382,20,0
10,mlp_out,ja,tier_2,transliteration,-0.0574,0.0812,20,0
11,residual,ja,tier_2,transliteration,0.0474,0.0714,20,0
11,attn_out,ja,tier_2,transliteration,-0.0218,0.018,20,0
11,mlp_out,ja,tier_2,transliteration,0.0725,0.1163,20,0
12,residual,ja,tier_2,transliteration,0.0922,0.0283,20,0
12,attn_out,ja,tier_2,transliteration,0.0045,0.0279,20,0
12,mlp_out,ja,tier_2,transliteration,0.02,0.0277,20,0
13,residual,ja,tier_2,transliteration,0.0784,0.0364,20,0
13,attn_out,ja,tier_2,transliteration,-0.0367,0.0356,20,0
13,mlp_out,ja,tier_2,transliteration,0.054,0.0844,20,0
14,residual,ja,tier_2,transliteration,0.0725,0.0498,20,0
14,attn_out,ja,tier_2,transliteration,0.0373,0.0171,20,0
14,mlp_out,ja,tier_2,transliteration,-0.0157,0.038,20,0
15,residual,ja,tier_2,transliteration,-0.0163,0.0923,20,0
15,attn_out,ja,tier_2,transliteration,-0.0092,0.0421,20,0
15,mlp_out,ja,tier_2,transliteration,0.0194,0.0524,20,0
16,residual,ja,tier_2,transliteration,-0.0405,0.0869,20,0
16,attn_out,ja,tier_2,transliteration,-0.0034,0.0255,20,0
16,mlp_out,ja,tier_2,transliteration,0.0398,0.0289,20,0
17,residual,ja,tier_2,transliteration,-0.0096,0.0263,20,0
17,attn_out,ja,tier_2,transliteration,0.0037,0.0064,20,0
17,mlp_out,ja,tier_2,transliteration,-0.0176,0.0175,20,0
18,residual,ja,tier_2,transliteration,-0.0109,0.0384,20,0
18,attn_out,ja,tier_2,transliteration,0.0195,0.0099,20,0
18,mlp_out,ja,tier_2,transliteration,0.0096,0.0086,20,0
19,residual,ja,tier_2,transliteration,-0.0366,0.012,20,0
19,attn_out,ja,tier_2,transliteration,-0.0102,0.0108,20,0
19,mlp_out,ja,tier_2,transliteration,-0.0092,0.0116,20,0
20,residual,ja,tier_2,transliteration,-0.0186,0.0181,20,0
20,attn_out,ja,tier_2,transliteration,0.0021,0.0105,20,0
20,mlp_out,ja,tier_2,transliteration,0.0031,0.0057,20,0
21,residual,ja,tier_2,transliteration,-0.0168,0.0213,20,0
21,attn_out,ja,tier_2,transliteration,0.0005,0.004,20,0
21,mlp_out,ja,tier_2,transliteration,-0.0082,0.0045,20,0
22,residual,ja,tier_2,transliteration,-0.0075,0.0088,20,0
22,attn_out,ja,tier_2,transliteration,0.0033,0.0044,20,0
22,mlp_out,ja,tier_2,transliteration,-0.0003,0.0178,20,0
23,residual,ja,tier_2,transliteration,-0.0128,0.0047,20,0
23,attn_out,ja,tier_2,transliteration,-0.0009,0.0015,20,0
23,mlp_out,ja,tier_2,transliteration,0.0003,0.0135,20,0
24,residual,ja,tier_2,transliteration,-0.0002,0.0064,20,0
24,attn_out,ja,tier_2,transliteration,-0.0004,0.0067,20,0
24,mlp_out,ja,tier_2,transliteration,-0.0047,0.0071,20,0
25,residual,ja,tier_2,transliteration,0.0075,0.0145,20,0
25,attn_out,ja,tier_2,transliteration,0.0023,0.0032,20,0
25,mlp_out,ja,tier_2,transliteration,-0.0055,0.0055,20,0
26,residual,ja,tier_2,transliteration,0.0072,0.0112,20,0
26,attn_out,ja,tier_2,transliteration,0.003,0.0026,20,0
26,mlp_out,ja,tier_2,transliteration,-0.0035,0.0059,20,0
27,residual,ja,tier_2,transliteration,-0.0009,0.0087,20,0
27,attn_out,ja,tier_2,transliteration,0.0047,0.0035,20,0
27,mlp_out,ja,tier_2,transliteration,-0.0076,0.0073,20,0
28,residual,ja,tier_2,transliteration,-0.0046,0.0075,20,0
28,attn_out,ja,tier_2,transliteration,-0.0002,0.0014,20,0
28,mlp_out,ja,tier_2,transliteration,0.0011,0.0081,20,0
29,residual,ja,tier_2,transliteration,-0.0024,0.0068,20,0
29,attn_out,ja,tier_2,transliteration,-0.0018,0.0019,20,0
29,mlp_out,ja,tier_2,transliteration,-0.009,0.0131,20,0
30,residual,ja,tier_2,transliteration,-0.004,0.0136,20,0
30,attn_out,ja,tier_2,transliteration,-0.0013,0.0024,20,0
30,mlp_out,ja,tier_2,transliteration,-0.0048,0.012,20,0
31,residual,ja,tier_2,transliteration,0.0,0.0,20,0
31,attn_out,ja,tier_2,transliteration,0.0,0.0,20,0
31,mlp_out,ja,tier_2,transliteration,0.0,0.0,20,0
0,residual,tr,tier_3,transliteration,0.1559,0.1235,20,0
0,attn_out,tr,tier_3,transliteration,0.0207,0.0874,20,0
0,mlp_out,tr,tier_3,transliteration,0.1204,0.1131,20,0
1,residual,tr,tier_3,transliteration,0.1597,0.0945,20,0
1,attn_out,tr,tier_3,transliteration,0.0327,0.042,20,0
1,mlp_out,tr,tier_3,transliteration,0.0439,0.0466,20,0
2,residual,tr,tier_3,transliteration,0.1447,0.1317,20,0
2,attn_out,tr,tier_3,transliteration,-0.0168,0.0335,20,0
2,mlp_out,tr,tier_3,transliteration,-0.0227,0.0455,20,0
3,residual,tr,tier_3,transliteration,0.1551,0.1476,20,0
3,attn_out,tr,tier_3,transliteration,-0.0125,0.0553,20,0
3,mlp_out,tr,tier_3,transliteration,0.0261,0.0183,20,0
4,residual,tr,tier_3,transliteration,0.1747,0.1701,20,0
4,attn_out,tr,tier_3,transliteration,-0.0011,0.0158,20,0
4,mlp_out,tr,tier_3,transliteration,-0.0059,0.145,20,0
5,residual,tr,tier_3,transliteration,0.2081,0.1957,20,0
5,attn_out,tr,tier_3,transliteration,0.021,0.071,20,0
5,mlp_out,tr,tier_3,transliteration,0.0625,0.0945,20,0
6,residual,tr,tier_3,transliteration,0.2222,0.1989,20,0
6,attn_out,tr,tier_3,transliteration,-0.0276,0.0691,20,0
6,mlp_out,tr,tier_3,transliteration,-0.0117,0.048,20,0
7,residual,tr,tier_3,transliteration,0.2153,0.2373,20,0
7,attn_out,tr,tier_3,transliteration,0.0175,0.0566,20,0
7,mlp_out,tr,tier_3,transliteration,-0.0041,0.0543,20,0
8,residual,tr,tier_3,transliteration,0.2171,0.2289,20,0
8,attn_out,tr,tier_3,transliteration,0.0347,0.0171,20,0
8,mlp_out,tr,tier_3,transliteration,0.0147,0.1144,20,0
9,residual,tr,tier_3,transliteration,0.2246,0.2501,20,0
9,attn_out,tr,tier_3,transliteration,0.0106,0.0201,20,0
9,mlp_out,tr,tier_3,transliteration,-0.0037,0.0275,20,0
10,residual,tr,tier_3,transliteration,0.2191,0.2565,20,0
10,attn_out,tr,tier_3,transliteration,0.0078,0.0178,20,0
10,mlp_out,tr,tier_3,transliteration,-0.0376,0.0791,20,0
11,residual,tr,tier_3,transliteration,0.1988,0.2656,20,0
11,attn_out,tr,tier_3,transliteration,0.0461,0.0516,20,0
11,mlp_out,tr,tier_3,transliteration,-0.0167,0.0461,20,0
12,residual,tr,tier_3,transliteration,0.229,0.2106,20,0
12,attn_out,tr,tier_3,transliteration,0.0064,0.0555,20,0
12,mlp_out,tr,tier_3,transliteration,0.0314,0.039,20,0
13,residual,tr,tier_3,transliteration,0.2163,0.1785,20,0
13,attn_out,tr,tier_3,transliteration,0.0383,0.031,20,0
13,mlp_out,tr,tier_3,transliteration,-0.0339,0.0238,20,0
14,residual,tr,tier_3,transliteration,0.1848,0.2235,20,0
14,attn_out,tr,tier_3,transliteration,0.0488,0.0412,20,0
14,mlp_out,tr,tier_3,transliteration,0.0802,0.0625,20,0
15,residual,tr,tier_3,transliteration,0.1782,0.2323,20,0
15,attn_out,tr,tier_3,transliteration,0.0028,0.017,20,0
15,mlp_out,tr,tier_3,transliteration,0.0596,0.0521,20,0
16,residual,tr,tier_3,transliteration,0.1642,0.2891,20,0
16,attn_out,tr,tier_3,transliteration,0.0005,0.0217,20,0
16,mlp_out,tr,tier_3,transliteration,0.0342,0.049,20,0
17,residual,tr,tier_3,transliteration,0.0997,0.1822,20,0
17,attn_out,tr,tier_3,transliteration,0.0178,0.0152,20,0
17,mlp_out,tr,tier_3,transliteration,0.0083,0.0267,20,0
18,residual,tr,tier_3,transliteration,0.0652,0.1716,20,0
18,attn_out,tr,tier_3,transliteration,0.0141,0.0241,20,0
18,mlp_out,tr,tier_3,transliteration,0.014,0.0318,20,0
19,residual,tr,tier_3,transliteration,0.0217,0.0603,20,0
19,attn_out,tr,tier_3,transliteration,0.0002,0.0171,20,0
19,mlp_out,tr,tier_3,transliteration,-0.0001,0.0197,20,0
20,residual,tr,tier_3,transliteration,0.0219,0.0422,20,0
20,attn_out,tr,tier_3,transliteration,-0.003,0.0049,20,0
20,mlp_out,tr,tier_3,transliteration,0.0092,0.0156,20,0
21,residual,tr,tier_3,transliteration,0.0173,0.0343,20,0
21,attn_out,tr,tier_3,transliteration,-0.0014,0.013,20,0
21,mlp_out,tr,tier_3,transliteration,-0.0049,0.0091,20,0
22,residual,tr,tier_3,transliteration,0.0078,0.023,20,0
22,attn_out,tr,tier_3,transliteration,-0.0035,0.0068,20,0
22,mlp_out,tr,tier_3,transliteration,0.0246,0.0138,20,0
23,residual,tr,tier_3,transliteration,0.0076,0.0199,20,0
23,attn_out,tr,tier_3,transliteration,-0.0033,0.0156,20,0
23,mlp_out,tr,tier_3,transliteration,-0.0253,0.0469,20,0
24,residual,tr,tier_3,transliteration,0.0062,0.0203,20,0
24,attn_out,tr,tier_3,transliteration,-0.0039,0.0181,20,0
24,mlp_out,tr,tier_3,transliteration,-0.0139,0.0443,20,0
25,residual,tr,tier_3,transliteration,0.0099,0.0106,20,0
25,attn_out,tr,tier_3,transliteration,-0.0027,0.017,20,0
25,mlp_out,tr,tier_3,transliteration,-0.003,0.0103,20,0
26,residual,tr,tier_3,transliteration,0.0095,0.0114,20,0
26,attn_out,tr,tier_3,transliteration,0.0035,0.0079,20,0
26,mlp_out,tr,tier_3,transliteration,0.0038,0.0291,20,0
27,residual,tr,tier_3,transliteration,0.0124,0.0082,20,0
27,attn_out,tr,tier_3,transliteration,0.0015,0.0053,20,0
27,mlp_out,tr,tier_3,transliteration,-0.0091,0.049,20,0
28,residual,tr,tier_3,transliteration,0.0146,0.0066,20,0
28,attn_out,tr,tier_3,transliteration,0.0061,0.0137,20,0
28,mlp_out,tr,tier_3,transliteration,-0.0187,0.0305,20,0
29,residual,tr,tier_3,transliteration,0.0135,0.0134,20,0
29,attn_out,tr,tier_3,transliteration,-0.0009,0.0183,20,0
29,mlp_out,tr,tier_3,transliteration,0.0222,0.0202,20,0
30,residual,tr,tier_3,transliteration,0.0229,0.0443,20,0
30,attn_out,tr,tier_3,transliteration,-0.0033,0.0035,20,0
30,mlp_out,tr,tier_3,transliteration,0.0129,0.0146,20,0
31,residual,tr,tier_3,transliteration,0.0,0.0,20,0
31,attn_out,tr,tier_3,transliteration,0.0,0.0,20,0
31,mlp_out,tr,tier_3,transliteration,0.0,0.0,20,0
0,residual,id,tier_3,transliteration,0.1223,0.2644,20,0
0,attn_out,id,tier_3,transliteration,0.0722,0.2041,20,0
0,mlp_out,id,tier_3,transliteration,0.018,0.4226,20,0
1,residual,id,tier_3,transliteration,0.0761,0.3295,20,0
1,attn_out,id,tier_3,transliteration,0.0685,0.1014,20,0
1,mlp_out,id,tier_3,transliteration,0.1117,0.1234,20,0
2,residual,id,tier_3,transliteration,0.1259,0.3005,20,0
2,attn_out,id,tier_3,transliteration,0.0845,0.173,20,0
2,mlp_out,id,tier_3,transliteration,0.0496,0.0924,20,0
3,residual,id,tier_3,transliteration,0.1151,0.3106,20,0
3,attn_out,id,tier_3,transliteration,0.0463,0.1051,20,0
3,mlp_out,id,tier_3,transliteration,0.1577,0.1155,20,0
4,residual,id,tier_3,transliteration,0.0261,0.4225,20,0
4,attn_out,id,tier_3,transliteration,0.0193,0.0628,20,0
4,mlp_out,id,tier_3,transliteration,0.1117,0.0865,20,0
5,residual,id,tier_3,transliteration,-0.0111,0.4925,20,0
5,attn_out,id,tier_3,transliteration,-0.082,0.3482,20,0
5,mlp_out,id,tier_3,transliteration,0.2348,0.1593,20,0
6,residual,id,tier_3,transliteration,-0.1192,0.5184,20,0
6,attn_out,id,tier_3,transliteration,-0.006,0.0716,20,0
6,mlp_out,id,tier_3,transliteration,0.0574,0.2902,20,0
7,residual,id,tier_3,transliteration,-0.0979,0.5259,20,0
7,attn_out,id,tier_3,transliteration,-0.0033,0.1005,20,0
7,mlp_out,id,tier_3,transliteration,0.0606,0.1197,20,0
8,residual,id,tier_3,transliteration,0.0161,0.4649,20,0
8,attn_out,id,tier_3,transliteration,0.025,0.1249,20,0
8,mlp_out,id,tier_3,transliteration,-0.0723,0.1582,20,0
9,residual,id,tier_3,transliteration,-0.0697,0.4093,20,0
9,attn_out,id,tier_3,transliteration,0.0304,0.11,20,0
9,mlp_out,id,tier_3,transliteration,-0.1041,0.0557,20,0
10,residual,id,tier_3,transliteration,-0.089,0.399,20,0
10,attn_out,id,tier_3,transliteration,0.1038,0.2469,20,0
10,mlp_out,id,tier_3,transliteration,-0.1196,0.0891,20,0
11,residual,id,tier_3,transliteration,-0.0401,0.4097,20,0
11,attn_out,id,tier_3,transliteration,-0.063,0.1254,20,0
11,mlp_out,id,tier_3,transliteration,-0.1064,0.0938,20,0
12,residual,id,tier_3,transliteration,-0.0894,0.4328,20,0
12,attn_out,id,tier_3,transliteration,-0.0662,0.141,20,0
12,mlp_out,id,tier_3,transliteration,0.1026,0.1,20,0
13,residual,id,tier_3,transliteration,-0.1123,0.4545,20,0
13,attn_out,id,tier_3,transliteration,-0.0595,0.1697,20,0
13,mlp_out,id,tier_3,transliteration,0.0851,0.141,20,0
14,residual,id,tier_3,transliteration,-0.0883,0.4348,20,0
14,attn_out,id,tier_3,transliteration,0.0204,0.1058,20,0
14,mlp_out,id,tier_3,transliteration,0.0086,0.0598,20,0
15,residual,id,tier_3,transliteration,-0.1218,0.3962,20,0
15,attn_out,id,tier_3,transliteration,-0.0215,0.0664,20,0
15,mlp_out,id,tier_3,transliteration,-0.0509,0.0907,20,0
16,residual,id,tier_3,transliteration,-0.165,0.4482,20,0
16,attn_out,id,tier_3,transliteration,-0.025,0.0864,20,0
16,mlp_out,id,tier_3,transliteration,0.0652,0.1765,20,0
17,residual,id,tier_3,transliteration,-0.2498,0.3413,20,0
17,attn_out,id,tier_3,transliteration,-0.0336,0.0745,20,0
17,mlp_out,id,tier_3,transliteration,-0.0264,0.0489,20,0
18,residual,id,tier_3,transliteration,-0.2375,0.3148,20,0
18,attn_out,id,tier_3,transliteration,-0.008,0.0722,20,0
18,mlp_out,id,tier_3,transliteration,-0.002,0.0664,20,0
19,residual,id,tier_3,transliteration,-0.2314,0.2407,20,0
19,attn_out,id,tier_3,transliteration,-0.0285,0.0171,20,0
19,mlp_out,id,tier_3,transliteration,0.0192,0.1082,20,0
20,residual,id,tier_3,transliteration,-0.1694,0.2169,20,0
20,attn_out,id,tier_3,transliteration,-0.025,0.0236,20,0
20,mlp_out,id,tier_3,transliteration,-0.0911,0.0546,20,0
21,residual,id,tier_3,transliteration,-0.1609,0.1923,20,0
21,attn_out,id,tier_3,transliteration,0.0114,0.0204,20,0
21,mlp_out,id,tier_3,transliteration,0.0573,0.0733,20,0
22,residual,id,tier_3,transliteration,-0.1546,0.1751,20,0
22,attn_out,id,tier_3,transliteration,-0.0246,0.024,20,0
22,mlp_out,id,tier_3,transliteration,0.0171,0.0411,20,0
23,residual,id,tier_3,transliteration,-0.1567,0.1801,20,0
23,attn_out,id,tier_3,transliteration,-0.0296,0.0358,20,0
23,mlp_out,id,tier_3,transliteration,0.065,0.072,20,0
24,residual,id,tier_3,transliteration,-0.1453,0.1389,20,0
24,attn_out,id,tier_3,transliteration,-0.0081,0.029,20,0
24,mlp_out,id,tier_3,transliteration,-0.0379,0.0584,20,0
25,residual,id,tier_3,transliteration,-0.1425,0.1227,20,0
25,attn_out,id,tier_3,transliteration,-0.0321,0.0272,20,0
25,mlp_out,id,tier_3,transliteration,-0.0247,0.0496,20,0
26,residual,id,tier_3,transliteration,-0.1418,0.1409,20,0
26,attn_out,id,tier_3,transliteration,-0.0211,0.0147,20,0
26,mlp_out,id,tier_3,transliteration,-0.0573,0.0318,20,0
27,residual,id,tier_3,transliteration,-0.1218,0.1148,20,0
27,attn_out,id,tier_3,transliteration,-0.0467,0.0545,20,0
27,mlp_out,id,tier_3,transliteration,-0.0332,0.0496,20,0
28,residual,id,tier_3,transliteration,-0.1371,0.1597,20,0
28,attn_out,id,tier_3,transliteration,0.0032,0.0041,20,0
28,mlp_out,id,tier_3,transliteration,-0.086,0.1349,20,0
29,residual,id,tier_3,transliteration,-0.1544,0.1746,20,0
29,attn_out,id,tier_3,transliteration,0.0219,0.0309,20,0
29,mlp_out,id,tier_3,transliteration,0.0282,0.0167,20,0
30,residual,id,tier_3,transliteration,-0.0974,0.0824,20,0
30,attn_out,id,tier_3,transliteration,0.0166,0.0202,20,0
30,mlp_out,id,tier_3,transliteration,-0.0447,0.039,20,0
31,residual,id,tier_3,transliteration,0.0,0.0,20,0
31,attn_out,id,tier_3,transliteration,0.0,0.0,20,0
31,mlp_out,id,tier_3,transliteration,0.0,0.0,20,0
0,residual,hi,tier_3,transliteration,0.6413,2.6617,20,0
0,attn_out,hi,tier_3,transliteration,0.0567,0.3713,20,0
0,mlp_out,hi,tier_3,transliteration,0.1303,1.6589,20,0
1,residual,hi,tier_3,transliteration,0.387,2.8073,20,0
1,attn_out,hi,tier_3,transliteration,-0.568,0.6977,20,0
1,mlp_out,hi,tier_3,transliteration,-0.1597,0.4252,20,0
2,residual,hi,tier_3,transliteration,0.3378,2.2927,20,0
2,attn_out,hi,tier_3,transliteration,-0.1056,0.4046,20,0
2,mlp_out,hi,tier_3,transliteration,-0.0918,0.3246,20,0
3,residual,hi,tier_3,transliteration,0.4135,2.2645,20,0
3,attn_out,hi,tier_3,transliteration,0.0461,0.269,20,0
3,mlp_out,hi,tier_3,transliteration,-0.0753,0.4153,20,0
4,residual,hi,tier_3,transliteration,0.3943,1.9932,20,0
4,attn_out,hi,tier_3,transliteration,-0.0108,0.1116,20,0
4,mlp_out,hi,tier_3,transliteration,-0.0113,0.4849,20,0
5,residual,hi,tier_3,transliteration,0.3317,1.9663,20,0
5,attn_out,hi,tier_3,transliteration,-0.0962,0.1137,20,0
5,mlp_out,hi,tier_3,transliteration,-0.115,0.7446,20,0
6,residual,hi,tier_3,transliteration,0.0724,1.6657,20,0
6,attn_out,hi,tier_3,transliteration,-0.2399,0.2926,20,0
6,mlp_out,hi,tier_3,transliteration,0.3441,1.0948,20,0
7,residual,hi,tier_3,transliteration,-0.2091,0.4975,20,0
7,attn_out,hi,tier_3,transliteration,-0.009,0.3561,20,0
7,mlp_out,hi,tier_3,transliteration,-0.4507,0.6011,20,0
8,residual,hi,tier_3,transliteration,-0.2658,0.1771,20,0
8,attn_out,hi,tier_3,transliteration,-0.0491,0.1053,20,0
8,mlp_out,hi,tier_3,transliteration,0.0299,0.2567,20,0
9,residual,hi,tier_3,transliteration,-0.218,0.1545,20,0
9,attn_out,hi,tier_3,transliteration,-0.2529,0.3382,20,0
9,mlp_out,hi,tier_3,transliteration,-0.0136,0.0967,20,0
10,residual,hi,tier_3,transliteration,-0.3173,0.357,20,0
10,attn_out,hi,tier_3,transliteration,0.0636,0.1787,20,0
10,mlp_out,hi,tier_3,transliteration,-0.4928,0.6438,20,0
11,residual,hi,tier_3,transliteration,-0.2874,0.6425,20,0
11,attn_out,hi,tier_3,transliteration,-0.1278,0.3424,20,0
11,mlp_out,hi,tier_3,transliteration,0.126,0.1663,20,0
12,residual,hi,tier_3,transliteration,-0.4095,0.5515,20,0
12,attn_out,hi,tier_3,transliteration,0.0218,0.2365,20,0
12,mlp_out,hi,tier_3,transliteration,-0.3703,0.6685,20,0
13,residual,hi,tier_3,transliteration,-0.4108,0.6,20,0
13,attn_out,hi,tier_3,transliteration,-0.2414,0.5681,20,0
13,mlp_out,hi,tier_3,transliteration,-0.3216,0.4893,20,0
14,residual,hi,tier_3,transliteration,-0.3371,0.6478,20,0
14,attn_out,hi,tier_3,transliteration,-0.1867,0.3113,20,0
14,mlp_out,hi,tier_3,transliteration,0.217,0.3943,20,0
15,residual,hi,tier_3,transliteration,-0.361,0.6679,20,0
15,attn_out,hi,tier_3,transliteration,0.0459,0.2174,20,0
15,mlp_out,hi,tier_3,transliteration,-0.2188,0.3393,20,0
16,residual,hi,tier_3,transliteration,-0.3193,1.1395,20,0
16,attn_out,hi,tier_3,transliteration,-0.0856,0.0661,20,0
16,mlp_out,hi,tier_3,transliteration,-0.2134,0.2644,20,0
17,residual,hi,tier_3,transliteration,0.0271,0.5624,20,0
17,attn_out,hi,tier_3,transliteration,-0.1234,0.1847,20,0
17,mlp_out,hi,tier_3,transliteration,0.0902,0.2063,20,0
18,residual,hi,tier_3,transliteration,-0.0605,0.2841,20,0
18,attn_out,hi,tier_3,transliteration,0.0443,0.1113,20,0
18,mlp_out,hi,tier_3,transliteration,0.0184,0.4182,20,0
19,residual,hi,tier_3,transliteration,-0.0598,0.2662,20,0
19,attn_out,hi,tier_3,transliteration,0.0022,0.1874,20,0
19,mlp_out,hi,tier_3,transliteration,-0.1313,0.1913,20,0
20,residual,hi,tier_3,transliteration,0.1701,0.3368,20,0
20,attn_out,hi,tier_3,transliteration,-0.1574,0.1917,20,0
20,mlp_out,hi,tier_3,transliteration,-0.1502,0.1747,20,0
21,residual,hi,tier_3,transliteration,0.1213,0.2959,20,0
21,attn_out,hi,tier_3,transliteration,0.03,0.1558,20,0
21,mlp_out,hi,tier_3,transliteration,-0.1366,0.1129,20,0
22,residual,hi,tier_3,transliteration,0.0242,0.2131,20,0
22,attn_out,hi,tier_3,transliteration,-0.0683,0.1982,20,0
22,mlp_out,hi,tier_3,transliteration,0.0362,0.0988,20,0
23,residual,hi,tier_3,transliteration,-0.0108,0.2917,20,0
23,attn_out,hi,tier_3,transliteration,-0.105,0.2149,20,0
23,mlp_out,hi,tier_3,transliteration,-0.3431,0.5178,20,0
24,residual,hi,tier_3,transliteration,-0.0682,0.2726,20,0
24,attn_out,hi,tier_3,transliteration,0.0925,0.1994,20,0
24,mlp_out,hi,tier_3,transliteration,0.1281,0.2255,20,0
25,residual,hi,tier_3,transliteration,-0.0455,0.1667,20,0
25,attn_out,hi,tier_3,transliteration,-0.0432,0.0736,20,0
25,mlp_out,hi,tier_3,transliteration,0.0602,0.2099,20,0
26,residual,hi,tier_3,transliteration,-0.0366,0.14,20,0
26,attn_out,hi,tier_3,transliteration,0.0257,0.0311,20,0
26,mlp_out,hi,tier_3,transliteration,-0.2381,0.2957,20,0
27,residual,hi,tier_3,transliteration,-0.0649,0.1216,20,0
27,attn_out,hi,tier_3,transliteration,-0.0686,0.1184,20,0
27,mlp_out,hi,tier_3,transliteration,0.009,0.1114,20,0
28,residual,hi,tier_3,transliteration,-0.0616,0.0954,20,0
28,attn_out,hi,tier_3,transliteration,0.0216,0.0298,20,0
28,mlp_out,hi,tier_3,transliteration,-0.0347,0.0804,20,0
29,residual,hi,tier_3,transliteration,-0.1818,0.1717,20,0
29,attn_out,hi,tier_3,transliteration,0.0585,0.0862,20,0
29,mlp_out,hi,tier_3,transliteration,0.3088,0.447,20,0
30,residual,hi,tier_3,transliteration,0.0375,0.1454,20,0
30,attn_out,hi,tier_3,transliteration,0.1028,0.1713,20,0
30,mlp_out,hi,tier_3,transliteration,0.1145,0.1632,20,0
31,residual,hi,tier_3,transliteration,0.0,0.0,20,0
31,attn_out,hi,tier_3,transliteration,0.0,0.0,20,0
31,mlp_out,hi,tier_3,transliteration,0.0,0.0,20,0
0,residual,sw,tier_3,transliteration,-0.083,0.1402,20,0
0,attn_out,sw,tier_3,transliteration,-0.0447,0.0762,20,0
0,mlp_out,sw,tier_3,transliteration,-0.0797,0.147,20,0
1,residual,sw,tier_3,transliteration,-0.084,0.1296,20,0
1,attn_out,sw,tier_3,transliteration,-0.0041,0.0561,20,0
1,mlp_out,sw,tier_3,transliteration,-0.0702,0.0887,20,0
2,residual,sw,tier_3,transliteration,-0.0765,0.1371,20,0
2,attn_out,sw,tier_3,transliteration,-0.0244,0.0501,20,0
2,mlp_out,sw,tier_3,transliteration,-0.0414,0.0925,20,0
3,residual,sw,tier_3,transliteration,-0.0798,0.1409,20,0
3,attn_out,sw,tier_3,transliteration,0.0188,0.0205,20,0
3,mlp_out,sw,tier_3,transliteration,-0.044,0.0786,20,0
4,residual,sw,tier_3,transliteration,-0.075,0.1458,20,0
4,attn_out,sw,tier_3,transliteration,0.015,0.0264,20,0
4,mlp_out,sw,tier_3,transliteration,-0.0301,0.0603,20,0
5,residual,sw,tier_3,transliteration,-0.0572,0.1544,20,0
5,attn_out,sw,tier_3,transliteration,0.0276,0.0221,20,0
5,mlp_out,sw,tier_3,transliteration,-0.0115,0.0242,20,0
6,residual,sw,tier_3,transliteration,-0.0362,0.1168,20,0
6,attn_out,sw,tier_3,transliteration,0.0128,0.0212,20,0
6,mlp_out,sw,tier_3,transliteration,-0.0145,0.0207,20,0
7,residual,sw,tier_3,transliteration,-0.0115,0.0725,20,0
7,attn_out,sw,tier_3,transliteration,0.0126,0.0172,20,0
7,mlp_out,sw,tier_3,transliteration,-0.0117,0.0184,20,0
8,residual,sw,tier_3,transliteration,-0.0103,0.0644,20,0
8,attn_out,sw,tier_3,transliteration,0.005,0.0076,20,0
8,mlp_out,sw,tier_3,transliteration,-0.0001,0.0294,20,0
9,residual,sw,tier_3,transliteration,-0.0111,0.0312,20,0
9,attn_out,sw,tier_3,transliteration,-0.0076,0.0094,20,0
9,mlp_out,sw,tier_3,transliteration,-0.0154,0.0207,20,0
10,residual,sw,tier_3,transliteration,-0.022,0.0332,20,0
10,attn_out,sw,tier_3,transliteration,0.0017,0.0104,20,0
10,mlp_out,sw,tier_3,transliteration,-0.0116,0.0255,20,0
11,residual,sw,tier_3,transliteration,-0.0315,0.0332,20,0
11,attn_out,sw,tier_3,transliteration,-0.0055,0.0055,20,0
11,mlp_out,sw,tier_3,transliteration,-0.0037,0.0214,20,0
12,residual,sw,tier_3,transliteration,-0.0415,0.047,20,0
12,attn_out,sw,tier_3,transliteration,-0.0015,0.0044,20,0
12,mlp_out,sw,tier_3,transliteration,-0.0163,0.0245,20,0
13,residual,sw,tier_3,transliteration,-0.0294,0.0278,20,0
13,attn_out,sw,tier_3,transliteration,-0.0033,0.003,20,0
13,mlp_out,sw,tier_3,transliteration,-0.0044,0.0133,20,0
14,residual,sw,tier_3,transliteration,-0.0011,0.0307,20,0
14,attn_out,sw,tier_3,transliteration,0.0014,0.0053,20,0
14,mlp_out,sw,tier_3,transliteration,-0.001,0.0071,20,0
15,residual,sw,tier_3,transliteration,0.0223,0.0391,20,0
15,attn_out,sw,tier_3,transliteration,0.0001,0.0023,20,0
15,mlp_out,sw,tier_3,transliteration,0.0077,0.0215,20,0
16,residual,sw,tier_3,transliteration,0.0226,0.0369,20,0
16,attn_out,sw,tier_3,transliteration,0.0039,0.0048,20,0
16,mlp_out,sw,tier_3,transliteration,-0.0041,0.0154,20,0
17,residual,sw,tier_3,transliteration,0.0043,0.0122,20,0
17,attn_out,sw,tier_3,transliteration,0.0044,0.0033,20,0
17,mlp_out,sw,tier_3,transliteration,-0.0022,0.006,20,0
18,residual,sw,tier_3,transliteration,0.0074,0.0118,20,0
18,attn_out,sw,tier_3,transliteration,0.0016,0.0084,20,0
18,mlp_out,sw,tier_3,transliteration,0.0032,0.0125,20,0
19,residual,sw,tier_3,transliteration,0.0124,0.0088,20,0
19,attn_out,sw,tier_3,transliteration,0.0006,0.0008,20,0
19,mlp_out,sw,tier_3,transliteration,0.0078,0.007,20,0
20,residual,sw,tier_3,transliteration,-0.0079,0.0167,20,0
20,attn_out,sw,tier_3,transliteration,0.0018,0.0011,20,0
20,mlp_out,sw,tier_3,transliteration,-0.0041,0.004,20,0
21,residual,sw,tier_3,transliteration,-0.0133,0.0191,20,0
21,attn_out,sw,tier_3,transliteration,-0.0005,0.0008,20,0
21,mlp_out,sw,tier_3,transliteration,-0.0079,0.0085,20,0
22,residual,sw,tier_3,transliteration,-0.0113,0.0172,20,0
22,attn_out,sw,tier_3,transliteration,-0.001,0.0039,20,0
22,mlp_out,sw,tier_3,transliteration,-0.0033,0.0043,20,0
23,residual,sw,tier_3,transliteration,-0.0129,0.0117,20,0
23,attn_out,sw,tier_3,transliteration,-0.0006,0.0012,20,0
23,mlp_out,sw,tier_3,transliteration,-0.0035,0.0076,20,0
24,residual,sw,tier_3,transliteration,-0.002,0.0051,20,0
24,attn_out,sw,tier_3,transliteration,-0.0004,0.0013,20,0
24,mlp_out,sw,tier_3,transliteration,0.0009,0.0027,20,0
25,residual,sw,tier_3,transliteration,0.0006,0.0022,20,0
25,attn_out,sw,tier_3,transliteration,0.0005,0.0006,20,0
25,mlp_out,sw,tier_3,transliteration,0.0011,0.0009,20,0
26,residual,sw,tier_3,transliteration,-0.0001,0.0021,20,0
26,attn_out,sw,tier_3,transliteration,-0.0007,0.0008,20,0
26,mlp_out,sw,tier_3,transliteration,0.0009,0.0015,20,0
27,residual,sw,tier_3,transliteration,-0.0001,0.0014,20,0
27,attn_out,sw,tier_3,transliteration,0.0002,0.0006,20,0
27,mlp_out,sw,tier_3,transliteration,-0.0,0.0024,20,0
28,residual,sw,tier_3,transliteration,0.001,0.001,20,0
28,attn_out,sw,tier_3,transliteration,0.0002,0.001,20,0
28,mlp_out,sw,tier_3,transliteration,0.0005,0.0004,20,0
29,residual,sw,tier_3,transliteration,0.0007,0.0017,20,0
29,attn_out,sw,tier_3,transliteration,-0.0003,0.0009,20,0
29,mlp_out,sw,tier_3,transliteration,0.0,0.0007,20,0
30,residual,sw,tier_3,transliteration,-0.0003,0.0005,20,0
30,attn_out,sw,tier_3,transliteration,-0.0001,0.0002,20,0
30,mlp_out,sw,tier_3,transliteration,0.0,0.0001,20,0
31,residual,sw,tier_3,transliteration,0.0,0.0,20,0
31,attn_out,sw,tier_3,transliteration,0.0,0.0,20,0
31,mlp_out,sw,tier_3,transliteration,0.0,0.0,20,0
0,residual,yo,tier_4,transliteration,-0.0314,0.1873,20,0
0,attn_out,yo,tier_4,transliteration,-0.0266,0.0263,20,0
0,mlp_out,yo,tier_4,transliteration,-0.0872,0.1494,20,0
1,residual,yo,tier_4,transliteration,-0.1256,0.5181,20,0
1,attn_out,yo,tier_4,transliteration,0.0426,0.0873,20,0
1,mlp_out,yo,tier_4,transliteration,-0.0083,0.0435,20,0
2,residual,yo,tier_4,transliteration,-0.0908,0.4974,20,0
2,attn_out,yo,tier_4,transliteration,-0.029,0.0536,20,0
2,mlp_out,yo,tier_4,transliteration,0.0173,0.1368,20,0
3,residual,yo,tier_4,transliteration,-0.128,0.4614,20,0
3,attn_out,yo,tier_4,transliteration,-0.0321,0.068,20,0
3,mlp_out,yo,tier_4,transliteration,0.071,0.2782,20,0
4,residual,yo,tier_4,transliteration,-0.0804,0.4437,20,0
4,attn_out,yo,tier_4,transliteration,-0.0131,0.0211,20,0
4,mlp_out,yo,tier_4,transliteration,-0.0124,0.0596,20,0
5,residual,yo,tier_4,transliteration,-0.1003,0.356,20,0
5,attn_out,yo,tier_4,transliteration,-0.0067,0.0377,20,0
5,mlp_out,yo,tier_4,transliteration,0.0153,0.0831,20,0
6,residual,yo,tier_4,transliteration,-0.0882,0.3395,20,0
6,attn_out,yo,tier_4,transliteration,0.0082,0.0158,20,0
6,mlp_out,yo,tier_4,transliteration,-0.028,0.0516,20,0
7,residual,yo,tier_4,transliteration,-0.0309,0.2778,20,0
7,attn_out,yo,tier_4,transliteration,0.0283,0.0436,20,0
7,mlp_out,yo,tier_4,transliteration,0.0046,0.0433,20,0
8,residual,yo,tier_4,transliteration,-0.0336,0.2927,20,0
8,attn_out,yo,tier_4,transliteration,0.0002,0.0321,20,0
8,mlp_out,yo,tier_4,transliteration,0.0709,0.108,20,0
9,residual,yo,tier_4,transliteration,0.0072,0.2606,20,0
9,attn_out,yo,tier_4,transliteration,0.006,0.0219,20,0
9,mlp_out,yo,tier_4,transliteration,0.0381,0.0635,20,0
10,residual,yo,tier_4,transliteration,0.0044,0.2131,20,0
10,attn_out,yo,tier_4,transliteration,0.0071,0.0089,20,0
10,mlp_out,yo,tier_4,transliteration,0.0319,0.0536,20,0
11,residual,yo,tier_4,transliteration,0.0691,0.2354,20,0
11,attn_out,yo,tier_4,transliteration,0.0296,0.034,20,0
11,mlp_out,yo,tier_4,transliteration,0.0406,0.0714,20,0
12,residual,yo,tier_4,transliteration,0.027,0.1487,20,0
12,attn_out,yo,tier_4,transliteration,-0.0056,0.0141,20,0
12,mlp_out,yo,tier_4,transliteration,0.0084,0.0245,20,0
13,residual,yo,tier_4,transliteration,0.0461,0.1302,20,0
13,attn_out,yo,tier_4,transliteration,-0.001,0.0136,20,0
13,mlp_out,yo,tier_4,transliteration,0.0092,0.0229,20,0
14,residual,yo,tier_4,transliteration,0.0121,0.085,20,0
14,attn_out,yo,tier_4,transliteration,-0.0073,0.0117,20,0
14,mlp_out,yo,tier_4,transliteration,-0.0133,0.0132,20,0
15,residual,yo,tier_4,transliteration,0.0579,0.088,20,0
15,attn_out,yo,tier_4,transliteration,-0.0016,0.0125,20,0
15,mlp_out,yo,tier_4,transliteration,0.004,0.0092,20,0
16,residual,yo,tier_4,transliteration,0.1327,0.1816,20,0
16,attn_out,yo,tier_4,transliteration,-0.0003,0.0159,20,0
16,mlp_out,yo,tier_4,transliteration,0.0025,0.0304,20,0
17,residual,yo,tier_4,transliteration,0.0721,0.1414,20,0
17,attn_out,yo,tier_4,transliteration,0.0002,0.0019,20,0
17,mlp_out,yo,tier_4,transliteration,0.0181,0.0215,20,0
18,residual,yo,tier_4,transliteration,0.04,0.0809,20,0
18,attn_out,yo,tier_4,transliteration,-0.0017,0.0073,20,0
18,mlp_out,yo,tier_4,transliteration,-0.005,0.0066,20,0
19,residual,yo,tier_4,transliteration,0.0133,0.0439,20,0
19,attn_out,yo,tier_4,transliteration,-0.0008,0.0045,20,0
19,mlp_out,yo,tier_4,transliteration,0.0019,0.0073,20,0
20,residual,yo,tier_4,transliteration,0.0106,0.0203,20,0
20,attn_out,yo,tier_4,transliteration,-0.002,0.0042,20,0
20,mlp_out,yo,tier_4,transliteration,-0.0042,0.0051,20,0
21,residual,yo,tier_4,transliteration,0.0034,0.0088,20,0
21,attn_out,yo,tier_4,transliteration,-0.0015,0.0016,20,0
21,mlp_out,yo,tier_4,transliteration,0.0018,0.0133,20,0
22,residual,yo,tier_4,transliteration,0.0044,0.0072,20,0
22,attn_out,yo,tier_4,transliteration,-0.0005,0.0045,20,0
22,mlp_out,yo,tier_4,transliteration,-0.0007,0.0085,20,0
23,residual,yo,tier_4,transliteration,-0.0008,0.0069,20,0
23,attn_out,yo,tier_4,transliteration,-0.0009,0.0061,20,0
23,mlp_out,yo,tier_4,transliteration,-0.0008,0.003,20,0
24,residual,yo,tier_4,transliteration,0.001,0.0061,20,0
24,attn_out,yo,tier_4,transliteration,-0.0021,0.0043,20,0
24,mlp_out,yo,tier_4,transliteration,-0.0042,0.0061,20,0
25,residual,yo,tier_4,transliteration,-0.002,0.0025,20,0
25,attn_out,yo,tier_4,transliteration,-0.0017,0.0034,20,0
25,mlp_out,yo,tier_4,transliteration,-0.0006,0.0042,20,0
26,residual,yo,tier_4,transliteration,0.0028,0.0042,20,0
26,attn_out,yo,tier_4,transliteration,-0.0008,0.0011,20,0
26,mlp_out,yo,tier_4,transliteration,0.0043,0.0105,20,0
27,residual,yo,tier_4,transliteration,-0.0018,0.0019,20,0
27,attn_out,yo,tier_4,transliteration,0.0007,0.006,20,0
27,mlp_out,yo,tier_4,transliteration,-0.0022,0.0025,20,0
28,residual,yo,tier_4,transliteration,-0.0022,0.0027,20,0
28,attn_out,yo,tier_4,transliteration,-0.003,0.0055,20,0
28,mlp_out,yo,tier_4,transliteration,0.0005,0.0028,20,0
29,residual,yo,tier_4,transliteration,0.0005,0.0088,20,0
29,attn_out,yo,tier_4,transliteration,-0.0004,0.0013,20,0
29,mlp_out,yo,tier_4,transliteration,0.004,0.0087,20,0
30,residual,yo,tier_4,transliteration,0.0024,0.0045,20,0
30,attn_out,yo,tier_4,transliteration,0.0002,0.0005,20,0
30,mlp_out,yo,tier_4,transliteration,-0.0026,0.0053,20,0
31,residual,yo,tier_4,transliteration,0.0,0.0,20,0
31,attn_out,yo,tier_4,transliteration,0.0,0.0,20,0
31,mlp_out,yo,tier_4,transliteration,0.0,0.0,20,0
0,residual,zu,tier_4,transliteration,-7.3207,14.6093,20,0
0,attn_out,zu,tier_4,transliteration,-0.667,1.3717,20,0
0,mlp_out,zu,tier_4,transliteration,-6.646,13.2817,20,0
1,residual,zu,tier_4,transliteration,-8.4364,16.6171,20,0
1,attn_out,zu,tier_4,transliteration,1.2316,2.4388,20,0
1,mlp_out,zu,tier_4,transliteration,-0.1255,0.2415,20,0
2,residual,zu,tier_4,transliteration,-6.8626,13.4725,20,0
2,attn_out,zu,tier_4,transliteration,-0.7092,1.4231,20,0
2,mlp_out,zu,tier_4,transliteration,2.8543,5.7497,20,0
3,residual,zu,tier_4,transliteration,-6.4914,12.7385,20,0
3,attn_out,zu,tier_4,transliteration,0.7888,1.5768,20,0
3,mlp_out,zu,tier_4,transliteration,0.0417,0.1182,20,0
4,residual,zu,tier_4,transliteration,-8.1406,16.0335,20,0
4,attn_out,zu,tier_4,transliteration,-1.2154,2.4026,20,0
4,mlp_out,zu,tier_4,transliteration,-0.2073,0.3467,20,0
5,residual,zu,tier_4,transliteration,-7.5397,14.8587,20,0
5,attn_out,zu,tier_4,transliteration,0.9374,1.8782,20,0
5,mlp_out,zu,tier_4,transliteration,-2.0493,4.0698,20,0
6,residual,zu,tier_4,transliteration,-8.7298,17.2282,20,0
6,attn_out,zu,tier_4,transliteration,-0.9485,1.8941,20,0
6,mlp_out,zu,tier_4,transliteration,-2.6135,5.1153,20,0
7,residual,zu,tier_4,transliteration,-4.9223,9.6707,20,0
7,attn_out,zu,tier_4,transliteration,-0.0314,0.0574,20,0
7,mlp_out,zu,tier_4,transliteration,-1.4893,2.9696,20,0
8,residual,zu,tier_4,transliteration,-3.102,6.0393,20,0
8,attn_out,zu,tier_4,transliteration,0.3944,0.7897,20,0
8,mlp_out,zu,tier_4,transliteration,-1.2513,2.4519,20,0
9,residual,zu,tier_4,transliteration,-2.1282,4.1178,20,0
9,attn_out,zu,tier_4,transliteration,-1.2521,2.4804,20,0
9,mlp_out,zu,tier_4,transliteration,-0.6984,1.3672,20,0
10,residual,zu,tier_4,transliteration,-0.9767,1.836,20,0
10,attn_out,zu,tier_4,transliteration,0.2058,0.4141,20,0
10,mlp_out,zu,tier_4,transliteration,-0.8438,1.6418,20,0
11,residual,zu,tier_4,transliteration,-0.0879,0.0818,20,0
11,attn_out,zu,tier_4,transliteration,-0.2584,0.5059,20,0
11,mlp_out,zu,tier_4,transliteration,0.9105,1.8708,20,0
12,residual,zu,tier_4,transliteration,0.2076,0.504,20,0
12,attn_out,zu,tier_4,transliteration,-0.7327,1.4593,20,0
12,mlp_out,zu,tier_4,transliteration,-0.4004,0.7483,20,0
13,residual,zu,tier_4,transliteration,1.1835,2.4533,20,0
13,attn_out,zu,tier_4,transliteration,-0.0355,0.0779,20,0
13,mlp_out,zu,tier_4,transliteration,0.412,0.8199,20,0
14,residual,zu,tier_4,transliteration,1.334,2.7459,20,0
14,attn_out,zu,tier_4,transliteration,-0.1574,0.3143,20,0
14,mlp_out,zu,tier_4,transliteration,0.605,1.2163,20,0
15,residual,zu,tier_4,transliteration,1.1153,2.3036,20,0
15,attn_out,zu,tier_4,transliteration,-0.3023,0.6059,20,0
15,mlp_out,zu,tier_4,transliteration,0.0606,0.1116,20,0
16,residual,zu,tier_4,transliteration,0.5363,1.1647,20,0
16,attn_out,zu,tier_4,transliteration,-0.3692,0.7413,20,0
16,mlp_out,zu,tier_4,transliteration,0.3127,0.6306,20,0
17,residual,zu,tier_4,transliteration,-1.0736,2.079,20,0
17,attn_out,zu,tier_4,transliteration,-0.1108,0.2203,20,0
17,mlp_out,zu,tier_4,transliteration,0.0375,0.0815,20,0
18,residual,zu,tier_4,transliteration,-0.5539,1.0801,20,0
18,attn_out,zu,tier_4,transliteration,-0.1048,0.1973,20,0
18,mlp_out,zu,tier_4,transliteration,0.2412,0.477,20,0
19,residual,zu,tier_4,transliteration,-0.2909,0.5797,20,0
19,attn_out,zu,tier_4,transliteration,-0.1274,0.2506,20,0
19,mlp_out,zu,tier_4,transliteration,0.2271,0.4536,20,0
20,residual,zu,tier_4,transliteration,-0.6275,1.2244,20,0
20,attn_out,zu,tier_4,transliteration,0.0693,0.1412,20,0
20,mlp_out,zu,tier_4,transliteration,-0.1593,0.3097,20,0
21,residual,zu,tier_4,transliteration,-0.7105,1.3834,20,0
21,attn_out,zu,tier_4,transliteration,0.0386,0.0786,20,0
21,mlp_out,zu,tier_4,transliteration,-0.2443,0.4745,20,0
22,residual,zu,tier_4,transliteration,-0.5991,1.1639,20,0
22,attn_out,zu,tier_4,transliteration,-0.0369,0.0739,20,0
22,mlp_out,zu,tier_4,transliteration,0.0047,0.0148,20,0
23,residual,zu,tier_4,transliteration,-0.4982,0.965,20,0
23,attn_out,zu,tier_4,transliteration,0.0594,0.1191,20,0
23,mlp_out,zu,tier_4,transliteration,-0.1173,0.23,20,0
24,residual,zu,tier_4,transliteration,-0.0277,0.0459,20,0
24,attn_out,zu,tier_4,transliteration,-0.0469,0.0934,20,0
24,mlp_out,zu,tier_4,transliteration,-0.0626,0.1235,20,0
25,residual,zu,tier_4,transliteration,-0.0792,0.1491,20,0
25,attn_out,zu,tier_4,transliteration,-0.0557,0.1112,20,0
25,mlp_out,zu,tier_4,transliteration,-0.1015,0.2035,20,0
26,residual,zu,tier_4,transliteration,-0.0351,0.063,20,0
26,attn_out,zu,tier_4,transliteration,-0.0787,0.1546,20,0
26,mlp_out,zu,tier_4,transliteration,0.0123,0.0263,20,0
27,residual,zu,tier_4,transliteration,0.0044,0.0155,20,0
27,attn_out,zu,tier_4,transliteration,-0.0644,0.1282,20,0
27,mlp_out,zu,tier_4,transliteration,-0.0271,0.0535,20,0
28,residual,zu,tier_4,transliteration,0.0145,0.0371,20,0
28,attn_out,zu,tier_4,transliteration,-0.0232,0.0462,20,0
28,mlp_out,zu,tier_4,transliteration,-0.0403,0.0768,20,0
29,residual,zu,tier_4,transliteration,-0.0182,0.0357,20,0
29,attn_out,zu,tier_4,transliteration,0.0089,0.0182,20,0
29,mlp_out,zu,tier_4,transliteration,-0.027,0.0519,20,0
30,residual,zu,tier_4,transliteration,-0.0487,0.0952,20,0
30,attn_out,zu,tier_4,transliteration,-0.0351,0.0701,20,0
30,mlp_out,zu,tier_4,transliteration,-0.0287,0.0563,20,0
31,residual,zu,tier_4,transliteration,0.0,0.0,20,0
31,attn_out,zu,tier_4,transliteration,0.0,0.0,20,0
31,mlp_out,zu,tier_4,transliteration,0.0,0.0,20,0
0,residual,gd,tier_4,transliteration,-0.1712,0.2573,20,0
0,attn_out,gd,tier_4,transliteration,-0.073,0.0993,20,0
0,mlp_out,gd,tier_4,transliteration,-0.2132,0.304,20,0
1,residual,gd,tier_4,transliteration,-0.2334,0.232,20,0
1,attn_out,gd,tier_4,transliteration,-0.0664,0.1349,20,0
1,mlp_out,gd,tier_4,transliteration,-0.0154,0.0268,20,0
2,residual,gd,tier_4,transliteration,-0.1932,0.2201,20,0
2,attn_out,gd,tier_4,transliteration,-0.0236,0.0462,20,0
2,mlp_out,gd,tier_4,transliteration,-0.0642,0.0823,20,0
3,residual,gd,tier_4,transliteration,-0.2018,0.2125,20,0
3,attn_out,gd,tier_4,transliteration,0.0586,0.0968,20,0
3,mlp_out,gd,tier_4,transliteration,-0.1057,0.156,20,0
4,residual,gd,tier_4,transliteration,-0.1832,0.2367,20,0
4,attn_out,gd,tier_4,transliteration,-0.0041,0.0314,20,0
4,mlp_out,gd,tier_4,transliteration,-0.0263,0.067,20,0
5,residual,gd,tier_4,transliteration,-0.1111,0.267,20,0
5,attn_out,gd,tier_4,transliteration,0.0199,0.0527,20,0
5,mlp_out,gd,tier_4,transliteration,0.0158,0.1337,20,0
6,residual,gd,tier_4,transliteration,-0.1091,0.2637,20,0
6,attn_out,gd,tier_4,transliteration,0.0255,0.0476,20,0
6,mlp_out,gd,tier_4,transliteration,0.0298,0.0666,20,0
7,residual,gd,tier_4,transliteration,-0.0992,0.1572,20,0
7,attn_out,gd,tier_4,transliteration,0.0145,0.027,20,0
7,mlp_out,gd,tier_4,transliteration,0.0156,0.04,20,0
8,residual,gd,tier_4,transliteration,-0.1138,0.1473,20,0
8,attn_out,gd,tier_4,transliteration,0.014,0.0301,20,0
8,mlp_out,gd,tier_4,transliteration,0.0083,0.0481,20,0
9,residual,gd,tier_4,transliteration,-0.1058,0.1346,20,0
9,attn_out,gd,tier_4,transliteration,0.0176,0.0505,20,0
9,mlp_out,gd,tier_4,transliteration,-0.0089,0.0343,20,0
10,residual,gd,tier_4,transliteration,-0.1081,0.1276,20,0
10,attn_out,gd,tier_4,transliteration,-0.0105,0.0145,20,0
10,mlp_out,gd,tier_4,transliteration,0.0068,0.0146,20,0
11,residual,gd,tier_4,transliteration,-0.0604,0.1022,20,0
11,attn_out,gd,tier_4,transliteration,0.0226,0.0395,20,0
11,mlp_out,gd,tier_4,transliteration,0.012,0.0343,20,0
12,residual,gd,tier_4,transliteration,0.0028,0.0758,20,0
12,attn_out,gd,tier_4,transliteration,-0.0182,0.0164,20,0
12,mlp_out,gd,tier_4,transliteration,0.009,0.0436,20,0
13,residual,gd,tier_4,transliteration,-0.0447,0.1244,20,0
13,attn_out,gd,tier_4,transliteration,0.0032,0.0107,20,0
13,mlp_out,gd,tier_4,transliteration,-0.0044,0.0543,20,0
14,residual,gd,tier_4,transliteration,-0.0693,0.196,20,0
14,attn_out,gd,tier_4,transliteration,0.0048,0.0052,20,0
14,mlp_out,gd,tier_4,transliteration,-0.0047,0.0049,20,0
15,residual,gd,tier_4,transliteration,-0.0639,0.181,20,0
15,attn_out,gd,tier_4,transliteration,0.0039,0.0059,20,0
15,mlp_out,gd,tier_4,transliteration,-0.0217,0.0324,20,0
16,residual,gd,tier_4,transliteration,-0.104,0.2066,20,0
16,attn_out,gd,tier_4,transliteration,-0.0053,0.0083,20,0
16,mlp_out,gd,tier_4,transliteration,-0.0228,0.033,20,0
17,residual,gd,tier_4,transliteration,-0.0301,0.0295,20,0
17,attn_out,gd,tier_4,transliteration,0.0004,0.005,20,0
17,mlp_out,gd,tier_4,transliteration,-0.0065,0.0094,20,0
18,residual,gd,tier_4,transliteration,-0.0228,0.0506,20,0
18,attn_out,gd,tier_4,transliteration,-0.0031,0.0123,20,0
18,mlp_out,gd,tier_4,transliteration,-0.0127,0.0209,20,0
19,residual,gd,tier_4,transliteration,-0.0067,0.0247,20,0
19,attn_out,gd,tier_4,transliteration,-0.0009,0.0036,20,0
19,mlp_out,gd,tier_4,transliteration,-0.0016,0.0069,20,0
20,residual,gd,tier_4,transliteration,0.0108,0.0331,20,0
20,attn_out,gd,tier_4,transliteration,-0.0014,0.0036,20,0
20,mlp_out,gd,tier_4,transliteration,0.0021,0.0061,20,0
21,residual,gd,tier_4,transliteration,0.0135,0.0381,20,0
21,attn_out,gd,tier_4,transliteration,0.001,0.0034,20,0
21,mlp_out,gd,tier_4,transliteration,0.0036,0.008,20,0
22,residual,gd,tier_4,transliteration,0.0166,0.0268,20,0
22,attn_out,gd,tier_4,transliteration,-0.0007,0.0046,20,0
22,mlp_out,gd,tier_4,transliteration,0.0005,0.0053,20,0
23,residual,gd,tier_4,transliteration,0.0157,0.0324,20,0
23,attn_out,gd,tier_4,transliteration,0.0016,0.002,20,0
23,mlp_out,gd,tier_4,transliteration,-0.004,0.0022,20,0
24,residual,gd,tier_4,transliteration,0.0033,0.0036,20,0
24,attn_out,gd,tier_4,transliteration,0.0031,0.0029,20,0
24,mlp_out,gd,tier_4,transliteration,0.0012,0.0061,20,0
25,residual,gd,tier_4,transliteration,0.0035,0.0095,20,0
25,attn_out,gd,tier_4,transliteration,0.0003,0.0015,20,0
25,mlp_out,gd,tier_4,transliteration,-0.0012,0.0024,20,0
26,residual,gd,tier_4,transliteration,0.0045,0.0083,20,0
26,attn_out,gd,tier_4,transliteration,0.0019,0.0026,20,0
26,mlp_out,gd,tier_4,transliteration,0.0002,0.002,20,0
27,residual,gd,tier_4,transliteration,-0.0003,0.004,20,0
27,attn_out,gd,tier_4,transliteration,0.0002,0.002,20,0
27,mlp_out,gd,tier_4,transliteration,-0.0009,0.0015,20,0
28,residual,gd,tier_4,transliteration,-0.0021,0.0043,20,0
28,attn_out,gd,tier_4,transliteration,0.0035,0.0046,20,0
28,mlp_out,gd,tier_4,transliteration,-0.0014,0.0041,20,0
29,residual,gd,tier_4,transliteration,0.0011,0.0024,20,0
29,attn_out,gd,tier_4,transliteration,-0.0001,0.001,20,0
29,mlp_out,gd,tier_4,transliteration,0.0015,0.0023,20,0
30,residual,gd,tier_4,transliteration,0.0007,0.0027,20,0
30,attn_out,gd,tier_4,transliteration,-0.0003,0.0004,20,0
30,mlp_out,gd,tier_4,transliteration,0.0003,0.0017,20,0
31,residual,gd,tier_4,transliteration,0.0,0.0,20,0
31,attn_out,gd,tier_4,transliteration,0.0,0.0,20,0
31,mlp_out,gd,tier_4,transliteration,0.0,0.0,20,0
0,residual,gn,tier_4,transliteration,0.0252,0.0687,20,0
0,attn_out,gn,tier_4,transliteration,0.0012,0.0223,20,0
0,mlp_out,gn,tier_4,transliteration,0.0062,0.0453,20,0
1,residual,gn,tier_4,transliteration,0.0123,0.0503,20,0
1,attn_out,gn,tier_4,transliteration,0.0101,0.0257,20,0
1,mlp_out,gn,tier_4,transliteration,-0.007,0.0317,20,0
2,residual,gn,tier_4,transliteration,0.0174,0.0466,20,0
2,attn_out,gn,tier_4,transliteration,0.0042,0.0071,20,0
2,mlp_out,gn,tier_4,transliteration,0.0036,0.0104,20,0
3,residual,gn,tier_4,transliteration,0.0104,0.0489,20,0
3,attn_out,gn,tier_4,transliteration,0.0112,0.008,20,0
3,mlp_out,gn,tier_4,transliteration,0.0072,0.0209,20,0
4,residual,gn,tier_4,transliteration,0.0046,0.0515,20,0
4,attn_out,gn,tier_4,transliteration,-0.0022,0.0083,20,0
4,mlp_out,gn,tier_4,transliteration,-0.0061,0.0297,20,0
5,residual,gn,tier_4,transliteration,0.0001,0.0342,20,0
5,attn_out,gn,tier_4,transliteration,0.0035,0.0059,20,0
5,mlp_out,gn,tier_4,transliteration,-0.0158,0.0147,20,0
6,residual,gn,tier_4,transliteration,0.0014,0.0423,20,0
6,attn_out,gn,tier_4,transliteration,0.0018,0.0027,20,0
6,mlp_out,gn,tier_4,transliteration,-0.0197,0.0248,20,0
7,residual,gn,tier_4,transliteration,0.0031,0.0364,20,0
7,attn_out,gn,tier_4,transliteration,0.0002,0.0218,20,0
7,mlp_out,gn,tier_4,transliteration,-0.009,0.0132,20,0
8,residual,gn,tier_4,transliteration,0.0063,0.0305,20,0
8,attn_out,gn,tier_4,transliteration,0.0032,0.014,20,0
8,mlp_out,gn,tier_4,transliteration,-0.0202,0.0201,20,0
9,residual,gn,tier_4,transliteration,0.022,0.0263,20,0
9,attn_out,gn,tier_4,transliteration,-0.0094,0.0044,20,0
9,mlp_out,gn,tier_4,transliteration,-0.0042,0.0087,20,0
10,residual,gn,tier_4,transliteration,0.0193,0.0416,20,0
10,attn_out,gn,tier_4,transliteration,0.0001,0.0063,20,0
10,mlp_out,gn,tier_4,transliteration,-0.0059,0.0065,20,0
11,residual,gn,tier_4,transliteration,0.0299,0.034,20,0
11,attn_out,gn,tier_4,transliteration,-0.0001,0.0127,20,0
11,mlp_out,gn,tier_4,transliteration,-0.001,0.0097,20,0
12,residual,gn,tier_4,transliteration,0.0275,0.0354,20,0
12,attn_out,gn,tier_4,transliteration,-0.0004,0.0054,20,0
12,mlp_out,gn,tier_4,transliteration,-0.0108,0.0102,20,0
13,residual,gn,tier_4,transliteration,0.0353,0.036,20,0
13,attn_out,gn,tier_4,transliteration,0.0057,0.0051,20,0
13,mlp_out,gn,tier_4,transliteration,0.0037,0.0105,20,0
14,residual,gn,tier_4,transliteration,0.0452,0.0296,20,0
14,attn_out,gn,tier_4,transliteration,0.0008,0.0067,20,0
14,mlp_out,gn,tier_4,transliteration,0.0051,0.0055,20,0
15,residual,gn,tier_4,transliteration,0.0527,0.0191,20,0
15,attn_out,gn,tier_4,transliteration,-0.003,0.0014,20,0
15,mlp_out,gn,tier_4,transliteration,0.0009,0.0067,20,0
16,residual,gn,tier_4,transliteration,0.0491,0.0256,20,0
16,attn_out,gn,tier_4,transliteration,0.001,0.0035,20,0
16,mlp_out,gn,tier_4,transliteration,-0.0025,0.0078,20,0
17,residual,gn,tier_4,transliteration,0.0224,0.0301,20,0
17,attn_out,gn,tier_4,transliteration,0.0005,0.0005,20,0
17,mlp_out,gn,tier_4,transliteration,-0.0018,0.003,20,0
18,residual,gn,tier_4,transliteration,0.0193,0.0198,20,0
18,attn_out,gn,tier_4,transliteration,0.0002,0.0012,20,0
18,mlp_out,gn,tier_4,transliteration,-0.003,0.003,20,0
19,residual,gn,tier_4,transliteration,0.0172,0.0225,20,0
19,attn_out,gn,tier_4,transliteration,0.0007,0.0007,20,0
19,mlp_out,gn,tier_4,transliteration,0.0031,0.0011,20,0
20,residual,gn,tier_4,transliteration,0.0041,0.0181,20,0
20,attn_out,gn,tier_4,transliteration,0.0006,0.0015,20,0
20,mlp_out,gn,tier_4,transliteration,-0.0011,0.0015,20,0
21,residual,gn,tier_4,transliteration,0.0027,0.0135,20,0
21,attn_out,gn,tier_4,transliteration,0.0003,0.0007,20,0
21,mlp_out,gn,tier_4,transliteration,-0.0015,0.0029,20,0
22,residual,gn,tier_4,transliteration,0.0046,0.0122,20,0
22,attn_out,gn,tier_4,transliteration,0.0002,0.0016,20,0
22,mlp_out,gn,tier_4,transliteration,0.001,0.0032,20,0
23,residual,gn,tier_4,transliteration,0.0008,0.0039,20,0
23,attn_out,gn,tier_4,transliteration,0.0004,0.0006,20,0
23,mlp_out,gn,tier_4,transliteration,0.0018,0.002,20,0
24,residual,gn,tier_4,transliteration,0.0009,0.0026,20,0
24,attn_out,gn,tier_4,transliteration,0.0002,0.0027,20,0
24,mlp_out,gn,tier_4,transliteration,-0.0011,0.0008,20,0
25,residual,gn,tier_4,transliteration,0.0016,0.0011,20,0
25,attn_out,gn,tier_4,transliteration,0.0013,0.0013,20,0
25,mlp_out,gn,tier_4,transliteration,0.001,0.0007,20,0
26,residual,gn,tier_4,transliteration,0.0013,0.0017,20,0
26,attn_out,gn,tier_4,transliteration,0.0004,0.0008,20,0
26,mlp_out,gn,tier_4,transliteration,0.0006,0.0012,20,0
27,residual,gn,tier_4,transliteration,0.0014,0.0015,20,0
27,attn_out,gn,tier_4,transliteration,0.0004,0.001,20,0
27,mlp_out,gn,tier_4,transliteration,0.0005,0.0014,20,0
28,residual,gn,tier_4,transliteration,0.0006,0.0014,20,0
28,attn_out,gn,tier_4,transliteration,0.0001,0.0005,20,0
28,mlp_out,gn,tier_4,transliteration,-0.0002,0.0009,20,0
29,residual,gn,tier_4,transliteration,0.001,0.0014,20,0
29,attn_out,gn,tier_4,transliteration,-0.0002,0.0007,20,0
29,mlp_out,gn,tier_4,transliteration,0.0006,0.0006,20,0
30,residual,gn,tier_4,transliteration,-0.0004,0.0003,20,0
30,attn_out,gn,tier_4,transliteration,-0.0,0.0001,20,0
30,mlp_out,gn,tier_4,transliteration,-0.0001,0.0004,20,0
31,residual,gn,tier_4,transliteration,0.0,0.0,20,0
31,attn_out,gn,tier_4,transliteration,0.0,0.0,20,0
31,mlp_out,gn,tier_4,transliteration,0.0,0.0,20,0
0,residual,de,tier_1,code_switching,-0.0902,0.284,20,0
0,attn_out,de,tier_1,code_switching,0.1459,0.2645,20,0
0,mlp_out,de,tier_1,code_switching,-0.1185,0.2681,20,0
1,residual,de,tier_1,code_switching,-0.0082,0.2157,20,0
1,attn_out,de,tier_1,code_switching,0.056,0.0845,20,0
1,mlp_out,de,tier_1,code_switching,0.0997,0.0711,20,0
2,residual,de,tier_1,code_switching,-0.0204,0.2418,20,0
2,attn_out,de,tier_1,code_switching,-0.0363,0.0768,20,0
2,mlp_out,de,tier_1,code_switching,0.0658,0.1369,20,0
3,residual,de,tier_1,code_switching,0.0421,0.1722,20,0
3,attn_out,de,tier_1,code_switching,0.0392,0.0317,20,0
3,mlp_out,de,tier_1,code_switching,-0.0437,0.1031,20,0
4,residual,de,tier_1,code_switching,-0.0308,0.2614,20,0
4,attn_out,de,tier_1,code_switching,0.0398,0.0673,20,0
4,mlp_out,de,tier_1,code_switching,-0.0333,0.2043,20,0
5,residual,de,tier_1,code_switching,0.011,0.2475,20,0
5,attn_out,de,tier_1,code_switching,0.0465,0.0552,20,0
5,mlp_out,de,tier_1,code_switching,-0.0971,0.1738,20,0
6,residual,de,tier_1,code_switching,0.0614,0.2258,20,0
6,attn_out,de,tier_1,code_switching,0.0252,0.0548,20,0
6,mlp_out,de,tier_1,code_switching,0.0372,0.1182,20,0
7,residual,de,tier_1,code_switching,0.1416,0.1793,20,0
7,attn_out,de,tier_1,code_switching,0.0284,0.0375,20,0
7,mlp_out,de,tier_1,code_switching,-0.0621,0.1167,20,0
8,residual,de,tier_1,code_switching,0.1494,0.1795,20,0
8,attn_out,de,tier_1,code_switching,0.0047,0.0183,20,0
8,mlp_out,de,tier_1,code_switching,0.0062,0.1756,20,0
9,residual,de,tier_1,code_switching,0.088,0.206,20,0
9,attn_out,de,tier_1,code_switching,-0.014,0.0319,20,0
9,mlp_out,de,tier_1,code_switching,-0.0782,0.1907,20,0
10,residual,de,tier_1,code_switching,0.1132,0.1603,20,0
10,attn_out,de,tier_1,code_switching,0.0027,0.0239,20,0
10,mlp_out,de,tier_1,code_switching,-0.0016,0.0655,20,0
11,residual,de,tier_1,code_switching,0.1166,0.149,20,0
11,attn_out,de,tier_1,code_switching,-0.0034,0.0067,20,0
11,mlp_out,de,tier_1,code_switching,-0.037,0.1235,20,0
12,residual,de,tier_1,code_switching,0.0728,0.1155,20,0
12,attn_out,de,tier_1,code_switching,-0.003,0.0042,20,0
12,mlp_out,de,tier_1,code_switching,0.0391,0.0463,20,0
13,residual,de,tier_1,code_switching,0.0587,0.1123,20,0
13,attn_out,de,tier_1,code_switching,-0.0102,0.0187,20,0
13,mlp_out,de,tier_1,code_switching,0.0194,0.0434,20,0
14,residual,de,tier_1,code_switching,0.0542,0.0385,20,0
14,attn_out,de,tier_1,code_switching,-0.0017,0.0069,20,0
14,mlp_out,de,tier_1,code_switching,0.0368,0.0624,20,0
15,residual,de,tier_1,code_switching,0.0557,0.0503,20,0
15,attn_out,de,tier_1,code_switching,-0.01,0.021,20,0
15,mlp_out,de,tier_1,code_switching,0.0231,0.0258,20,0
16,residual,de,tier_1,code_switching,0.0587,0.0564,20,0
16,attn_out,de,tier_1,code_switching,-0.011,0.0133,20,0
16,mlp_out,de,tier_1,code_switching,0.0364,0.0533,20,0
17,residual,de,tier_1,code_switching,0.0224,0.0186,20,0
17,attn_out,de,tier_1,code_switching,-0.0041,0.0084,20,0
17,mlp_out,de,tier_1,code_switching,0.0059,0.0114,20,0
18,residual,de,tier_1,code_switching,0.024,0.0214,20,0
18,attn_out,de,tier_1,code_switching,-0.001,0.0031,20,0
18,mlp_out,de,tier_1,code_switching,0.0023,0.0033,20,0
19,residual,de,tier_1,code_switching,0.0235,0.0211,20,0
19,attn_out,de,tier_1,code_switching,0.0011,0.0014,20,0
19,mlp_out,de,tier_1,code_switching,0.0196,0.0239,20,0
20,residual,de,tier_1,code_switching,0.0097,0.0126,20,0
20,attn_out,de,tier_1,code_switching,0.0629,0.1405,20,0
20,mlp_out,de,tier_1,code_switching,-0.0055,0.0152,20,0
21,residual,de,tier_1,code_switching,-0.0301,0.0811,20,0
21,attn_out,de,tier_1,code_switching,0.0039,0.0062,20,0
21,mlp_out,de,tier_1,code_switching,-0.0018,0.0095,20,0
22,residual,de,tier_1,code_switching,-0.0362,0.0871,20,0
22,attn_out,de,tier_1,code_switching,-0.0,0.0011,20,0
22,mlp_out,de,tier_1,code_switching,0.0045,0.0076,20,0
23,residual,de,tier_1,code_switching,-0.0284,0.0696,20,0
23,attn_out,de,tier_1,code_switching,0.0035,0.0065,20,0
23,mlp_out,de,tier_1,code_switching,0.0055,0.0113,20,0
24,residual,de,tier_1,code_switching,-0.0267,0.0618,20,0
24,attn_out,de,tier_1,code_switching,0.0018,0.002,20,0
24,mlp_out,de,tier_1,code_switching,0.0067,0.0097,20,0
25,residual,de,tier_1,code_switching,-0.0285,0.0609,20,0
25,attn_out,de,tier_1,code_switching,0.0018,0.003,20,0
25,mlp_out,de,tier_1,code_switching,0.0045,0.0081,20,0
26,residual,de,tier_1,code_switching,-0.0321,0.0663,20,0
26,attn_out,de,tier_1,code_switching,-0.001,0.0008,20,0
26,mlp_out,de,tier_1,code_switching,-0.0026,0.0066,20,0
27,residual,de,tier_1,code_switching,-0.0207,0.047,20,0
27,attn_out,de,tier_1,code_switching,0.0004,0.0005,20,0
27,mlp_out,de,tier_1,code_switching,0.0017,0.001,20,0
28,residual,de,tier_1,code_switching,-0.0082,0.0219,20,0
28,attn_out,de,tier_1,code_switching,-0.0007,0.0012,20,0
28,mlp_out,de,tier_1,code_switching,0.0034,0.008,20,0
29,residual,de,tier_1,code_switching,0.0029,0.0024,20,0
29,attn_out,de,tier_1,code_switching,0.0026,0.0032,20,0
29,mlp_out,de,tier_1,code_switching,0.0016,0.0036,20,0
30,residual,de,tier_1,code_switching,0.0067,0.0064,20,0
30,attn_out,de,tier_1,code_switching,-0.0001,0.0005,20,0
30,mlp_out,de,tier_1,code_switching,-0.0014,0.0008,20,0
31,residual,de,tier_1,code_switching,0.0,0.0,20,0
31,attn_out,de,tier_1,code_switching,0.0,0.0,20,0
31,mlp_out,de,tier_1,code_switching,0.0,0.0,20,0
0,residual,fr,tier_1,code_switching,0.0154,0.7923,20,0
0,attn_out,fr,tier_1,code_switching,-0.4861,0.854,20,0
0,mlp_out,fr,tier_1,code_switching,0.0796,0.583,20,0
1,residual,fr,tier_1,code_switching,0.3497,0.3252,20,0
1,attn_out,fr,tier_1,code_switching,0.1473,0.3462,20,0
1,mlp_out,fr,tier_1,code_switching,-0.1154,0.3715,20,0
2,residual,fr,tier_1,code_switching,0.3943,0.3122,20,0
2,attn_out,fr,tier_1,code_switching,-0.041,0.1375,20,0
2,mlp_out,fr,tier_1,code_switching,0.2889,0.4941,20,0
3,residual,fr,tier_1,code_switching,0.2615,0.3861,20,0
3,attn_out,fr,tier_1,code_switching,-0.1772,0.3278,20,0
3,mlp_out,fr,tier_1,code_switching,0.0235,0.0248,20,0
4,residual,fr,tier_1,code_switching,0.3611,0.2788,20,0
4,attn_out,fr,tier_1,code_switching,0.0644,0.1074,20,0
4,mlp_out,fr,tier_1,code_switching,-0.0747,0.81,20,0
5,residual,fr,tier_1,code_switching,0.1988,0.4734,20,0
5,attn_out,fr,tier_1,code_switching,0.0261,0.2491,20,0
5,mlp_out,fr,tier_1,code_switching,0.5643,0.6586,20,0
6,residual,fr,tier_1,code_switching,0.2601,0.388,20,0
6,attn_out,fr,tier_1,code_switching,0.2405,0.4691,20,0
6,mlp_out,fr,tier_1,code_switching,0.2689,0.1957,20,0
7,residual,fr,tier_1,code_switching,0.1977,0.3962,20,0
7,attn_out,fr,tier_1,code_switching,0.2753,0.4372,20,0
7,mlp_out,fr,tier_1,code_switching,0.0586,0.1335,20,0
8,residual,fr,tier_1,code_switching,0.1972,0.3857,20,0
8,attn_out,fr,tier_1,code_switching,0.0084,0.0657,20,0
8,mlp_out,fr,tier_1,code_switching,0.3284,0.2467,20,0
9,residual,fr,tier_1,code_switching,0.2843,0.2055,20,0
9,attn_out,fr,tier_1,code_switching,0.0446,0.07,20,0
9,mlp_out,fr,tier_1,code_switching,0.1152,0.3291,20,0
10,residual,fr,tier_1,code_switching,0.2392,0.2369,20,0
10,attn_out,fr,tier_1,code_switching,0.0172,0.0499,20,0
10,mlp_out,fr,tier_1,code_switching,0.0735,0.0904,20,0
11,residual,fr,tier_1,code_switching,0.145,0.382,20,0
11,attn_out,fr,tier_1,code_switching,0.0478,0.1042,20,0
11,mlp_out,fr,tier_1,code_switching,0.1505,0.1546,20,0
12,residual,fr,tier_1,code_switching,0.0862,0.4373,20,0
12,attn_out,fr,tier_1,code_switching,0.0292,0.0972,20,0
12,mlp_out,fr,tier_1,code_switching,0.0183,0.0114,20,0
13,residual,fr,tier_1,code_switching,0.104,0.3707,20,0
13,attn_out,fr,tier_1,code_switching,0.0202,0.0425,20,0
13,mlp_out,fr,tier_1,code_switching,0.0226,0.0209,20,0
14,residual,fr,tier_1,code_switching,0.0231,0.5017,20,0
14,attn_out,fr,tier_1,code_switching,-0.0107,0.0134,20,0
14,mlp_out,fr,tier_1,code_switching,0.117,0.1055,20,0
15,residual,fr,tier_1,code_switching,0.0871,0.3454,20,0
15,attn_out,fr,tier_1,code_switching,0.0061,0.0185,20,0
15,mlp_out,fr,tier_1,code_switching,0.0249,0.0444,20,0
16,residual,fr,tier_1,code_switching,0.0497,0.3929,20,0
16,attn_out,fr,tier_1,code_switching,0.0081,0.0175,20,0
16,mlp_out,fr,tier_1,code_switching,0.0622,0.0571,20,0
17,residual,fr,tier_1,code_switching,-0.0473,0.2346,20,0
17,attn_out,fr,tier_1,code_switching,0.0107,0.0207,20,0
17,mlp_out,fr,tier_1,code_switching,0.0751,0.1336,20,0
18,residual,fr,tier_1,code_switching,-0.0445,0.1641,20,0
18,attn_out,fr,tier_1,code_switching,0.0074,0.0152,20,0
18,mlp_out,fr,tier_1,code_switching,-0.0026,0.004,20,0
19,residual,fr,tier_1,code_switching,-0.0322,0.1122,20,0
19,attn_out,fr,tier_1,code_switching,0.004,0.0063,20,0
19,mlp_out,fr,tier_1,code_switching,0.0104,0.0259,20,0
20,residual,fr,tier_1,code_switching,0.0132,0.039,20,0
20,attn_out,fr,tier_1,code_switching,0.0005,0.0018,20,0
20,mlp_out,fr,tier_1,code_switching,-0.0018,0.0107,20,0
21,residual,fr,tier_1,code_switching,-0.0207,0.1019,20,0
21,attn_out,fr,tier_1,code_switching,-0.0141,0.0317,20,0
21,mlp_out,fr,tier_1,code_switching,0.0012,0.0047,20,0
22,residual,fr,tier_1,code_switching,-0.0147,0.0958,20,0
22,attn_out,fr,tier_1,code_switching,-0.0013,0.0018,20,0
22,mlp_out,fr,tier_1,code_switching,-0.0249,0.0559,20,0
23,residual,fr,tier_1,code_switching,-0.0122,0.0901,20,0
23,attn_out,fr,tier_1,code_switching,-0.009,0.0179,20,0
23,mlp_out,fr,tier_1,code_switching,-0.0081,0.0189,20,0
24,residual,fr,tier_1,code_switching,0.0253,0.0117,20,0
24,attn_out,fr,tier_1,code_switching,0.0023,0.003,20,0
24,mlp_out,fr,tier_1,code_switching,0.0035,0.0031,20,0
25,residual,fr,tier_1,code_switching,0.0272,0.0208,20,0
25,attn_out,fr,tier_1,code_switching,-0.0078,0.015,20,0
25,mlp_out,fr,tier_1,code_switching,0.0037,0.0056,20,0
26,residual,fr,tier_1,code_switching,0.0358,0.0383,20,0
26,attn_out,fr,tier_1,code_switching,0.0001,0.001,20,0
26,mlp_out,fr,tier_1,code_switching,-0.0012,0.0105,20,0
27,residual,fr,tier_1,code_switching,-0.0042,0.0327,20,0
27,attn_out,fr,tier_1,code_switching,-0.0041,0.008,20,0
27,mlp_out,fr,tier_1,code_switching,-0.0054,0.0134,20,0
28,residual,fr,tier_1,code_switching,0.0054,0.0084,20,0
28,attn_out,fr,tier_1,code_switching,-0.0031,0.007,20,0
28,mlp_out,fr,tier_1,code_switching,-0.0069,0.0119,20,0
29,residual,fr,tier_1,code_switching,-0.0056,0.0283,20,0
29,attn_out,fr,tier_1,code_switching,-0.0022,0.0048,20,0
29,mlp_out,fr,tier_1,code_switching,-0.0041,0.0128,20,0
30,residual,fr,tier_1,code_switching,0.0004,0.0106,20,0
30,attn_out,fr,tier_1,code_switching,0.0001,0.0005,20,0
30,mlp_out,fr,tier_1,code_switching,0.0003,0.0015,20,0
31,residual,fr,tier_1,code_switching,0.0,0.0,20,0
31,attn_out,fr,tier_1,code_switching,0.0,0.0,20,0
31,mlp_out,fr,tier_1,code_switching,0.0,0.0,20,0
0,residual,zh,tier_1,code_switching,0.319,0.2915,20,0
0,attn_out,zh,tier_1,code_switching,0.0284,0.292,20,0
0,mlp_out,zh,tier_1,code_switching,0.4092,0.3669,20,0
1,residual,zh,tier_1,code_switching,0.2214,0.2399,20,0
1,attn_out,zh,tier_1,code_switching,0.0898,0.2781,20,0
1,mlp_out,zh,tier_1,code_switching,0.1253,0.281,20,0
2,residual,zh,tier_1,code_switching,0.2055,0.309,20,0
2,attn_out,zh,tier_1,code_switching,0.1844,0.3246,20,0
2,mlp_out,zh,tier_1,code_switching,-0.06,0.163,20,0
3,residual,zh,tier_1,code_switching,-0.0801,0.2899,20,0
3,attn_out,zh,tier_1,code_switching,-0.0143,0.3566,20,0
3,mlp_out,zh,tier_1,code_switching,-0.0684,0.4057,20,0
4,residual,zh,tier_1,code_switching,-0.1,0.249,20,0
4,attn_out,zh,tier_1,code_switching,-0.0461,0.0604,20,0
4,mlp_out,zh,tier_1,code_switching,-0.024,0.2315,20,0
5,residual,zh,tier_1,code_switching,0.1057,0.6287,20,0
5,attn_out,zh,tier_1,code_switching,0.1686,0.5763,20,0
5,mlp_out,zh,tier_1,code_switching,0.0575,0.1304,20,0
6,residual,zh,tier_1,code_switching,0.0736,0.5251,20,0
6,attn_out,zh,tier_1,code_switching,-0.0333,0.074,20,0
6,mlp_out,zh,tier_1,code_switching,0.2785,0.3655,20,0
7,residual,zh,tier_1,code_switching,0.0358,0.6353,20,0
7,attn_out,zh,tier_1,code_switching,-0.0099,0.1775,20,0
7,mlp_out,zh,tier_1,code_switching,0.1458,0.2642,20,0
8,residual,zh,tier_1,code_switching,0.01,0.6069,20,0
8,attn_out,zh,tier_1,code_switching,0.0259,0.0334,20,0
8,mlp_out,zh,tier_1,code_switching,-0.0713,0.2243,20,0
9,residual,zh,tier_1,code_switching,0.0598,0.4867,20,0
9,attn_out,zh,tier_1,code_switching,0.0814,0.1545,20,0
9,mlp_out,zh,tier_1,code_switching,-0.1354,0.35,20,0
10,residual,zh,tier_1,code_switching,-0.2034,0.3761,20,0
10,attn_out,zh,tier_1,code_switching,0.023,0.1416,20,0
10,mlp_out,zh,tier_1,code_switching,-0.0918,0.4218,20,0
11,residual,zh,tier_1,code_switching,-0.2226,0.3718,20,0
11,attn_out,zh,tier_1,code_switching,0.0504,0.0952,20,0
11,mlp_out,zh,tier_1,code_switching,-0.0174,0.0264,20,0
12,residual,zh,tier_1,code_switching,-0.156,0.3054,20,0
12,attn_out,zh,tier_1,code_switching,0.0318,0.0285,20,0
12,mlp_out,zh,tier_1,code_switching,-0.043,0.1858,20,0
13,residual,zh,tier_1,code_switching,-0.1402,0.3172,20,0
13,attn_out,zh,tier_1,code_switching,-0.0434,0.1429,20,0
13,mlp_out,zh,tier_1,code_switching,-0.0237,0.1171,20,0
14,residual,zh,tier_1,code_switching,-0.0345,0.239,20,0
14,attn_out,zh,tier_1,code_switching,-0.0092,0.0583,20,0
14,mlp_out,zh,tier_1,code_switching,0.0953,0.1539,20,0
15,residual,zh,tier_1,code_switching,0.0086,0.2201,20,0
15,attn_out,zh,tier_1,code_switching,0.0316,0.0437,20,0
15,mlp_out,zh,tier_1,code_switching,0.0141,0.0561,20,0
16,residual,zh,tier_1,code_switching,0.0239,0.2413,20,0
16,attn_out,zh,tier_1,code_switching,0.0008,0.004,20,0
16,mlp_out,zh,tier_1,code_switching,-0.0005,0.0551,20,0
17,residual,zh,tier_1,code_switching,0.0961,0.2481,20,0
17,attn_out,zh,tier_1,code_switching,-0.0072,0.0191,20,0
17,mlp_out,zh,tier_1,code_switching,0.0146,0.0389,20,0
18,residual,zh,tier_1,code_switching,0.1021,0.244,20,0
18,attn_out,zh,tier_1,code_switching,0.001,0.0123,20,0
18,mlp_out,zh,tier_1,code_switching,0.0503,0.1315,20,0
19,residual,zh,tier_1,code_switching,0.1068,0.2366,20,0
19,attn_out,zh,tier_1,code_switching,-0.003,0.0062,20,0
19,mlp_out,zh,tier_1,code_switching,0.0246,0.0188,20,0
20,residual,zh,tier_1,code_switching,0.0948,0.1929,20,0
20,attn_out,zh,tier_1,code_switching,0.0042,0.0066,20,0
20,mlp_out,zh,tier_1,code_switching,0.0121,0.0176,20,0
21,residual,zh,tier_1,code_switching,0.0816,0.194,20,0
21,attn_out,zh,tier_1,code_switching,-0.006,0.0051,20,0
21,mlp_out,zh,tier_1,code_switching,0.0094,0.0243,20,0
22,residual,zh,tier_1,code_switching,0.0875,0.1848,20,0
22,attn_out,zh,tier_1,code_switching,0.0003,0.0018,20,0
22,mlp_out,zh,tier_1,code_switching,0.0064,0.0177,20,0
23,residual,zh,tier_1,code_switching,0.0813,0.182,20,0
23,attn_out,zh,tier_1,code_switching,-0.0037,0.006,20,0
23,mlp_out,zh,tier_1,code_switching,0.0097,0.04,20,0
24,residual,zh,tier_1,code_switching,0.0888,0.1751,20,0
24,attn_out,zh,tier_1,code_switching,-0.0015,0.0057,20,0
24,mlp_out,zh,tier_1,code_switching,0.0029,0.0074,20,0
25,residual,zh,tier_1,code_switching,0.0905,0.181,20,0
25,attn_out,zh,tier_1,code_switching,-0.0005,0.0089,20,0
25,mlp_out,zh,tier_1,code_switching,0.0072,0.0071,20,0
26,residual,zh,tier_1,code_switching,0.0914,0.1755,20,0
26,attn_out,zh,tier_1,code_switching,0.0059,0.0068,20,0
26,mlp_out,zh,tier_1,code_switching,0.0077,0.0149,20,0
27,residual,zh,tier_1,code_switching,-0.01,0.0294,20,0
27,attn_out,zh,tier_1,code_switching,0.0001,0.0032,20,0
27,mlp_out,zh,tier_1,code_switching,-0.0087,0.0103,20,0
28,residual,zh,tier_1,code_switching,0.0051,0.0111,20,0
28,attn_out,zh,tier_1,code_switching,-0.001,0.0026,20,0
28,mlp_out,zh,tier_1,code_switching,-0.0031,0.0061,20,0
29,residual,zh,tier_1,code_switching,-0.0044,0.0045,20,0
29,attn_out,zh,tier_1,code_switching,-0.0008,0.0009,20,0
29,mlp_out,zh,tier_1,code_switching,-0.0027,0.0046,20,0
30,residual,zh,tier_1,code_switching,-0.004,0.004,20,0
30,attn_out,zh,tier_1,code_switching,0.0002,0.0005,20,0
30,mlp_out,zh,tier_1,code_switching,-0.0014,0.0027,20,0
31,residual,zh,tier_1,code_switching,0.0,0.0,20,0
31,attn_out,zh,tier_1,code_switching,0.0,0.0,20,0
31,mlp_out,zh,tier_1,code_switching,0.0,0.0,20,0
0,residual,es,tier_1,code_switching,0.0913,0.4075,20,0
0,attn_out,es,tier_1,code_switching,0.3085,0.4825,20,0
0,mlp_out,es,tier_1,code_switching,-0.2371,0.6493,20,0
1,residual,es,tier_1,code_switching,0.3612,0.4007,20,0
1,attn_out,es,tier_1,code_switching,0.3384,0.3226,20,0
1,mlp_out,es,tier_1,code_switching,-0.0554,0.482,20,0
2,residual,es,tier_1,code_switching,0.4022,0.4422,20,0
2,attn_out,es,tier_1,code_switching,-0.106,0.2228,20,0
2,mlp_out,es,tier_1,code_switching,0.274,0.2371,20,0
3,residual,es,tier_1,code_switching,0.1249,0.7739,20,0
3,attn_out,es,tier_1,code_switching,0.106,0.389,20,0
3,mlp_out,es,tier_1,code_switching,0.1508,0.2053,20,0
4,residual,es,tier_1,code_switching,0.1963,0.7176,20,0
4,attn_out,es,tier_1,code_switching,0.1052,0.1201,20,0
4,mlp_out,es,tier_1,code_switching,0.2303,0.1968,20,0
5,residual,es,tier_1,code_switching,0.3156,0.795,20,0
5,attn_out,es,tier_1,code_switching,0.2894,0.2162,20,0
5,mlp_out,es,tier_1,code_switching,0.1197,0.2593,20,0
6,residual,es,tier_1,code_switching,0.3284,0.7975,20,0
6,attn_out,es,tier_1,code_switching,0.0601,0.09,20,0
6,mlp_out,es,tier_1,code_switching,0.0038,0.3891,20,0
7,residual,es,tier_1,code_switching,0.3597,0.8723,20,0
7,attn_out,es,tier_1,code_switching,0.1478,0.0995,20,0
7,mlp_out,es,tier_1,code_switching,0.1237,0.0438,20,0
8,residual,es,tier_1,code_switching,0.3375,0.8876,20,0
8,attn_out,es,tier_1,code_switching,0.0287,0.0568,20,0
8,mlp_out,es,tier_1,code_switching,0.2793,0.3008,20,0
9,residual,es,tier_1,code_switching,0.2585,0.7277,20,0
9,attn_out,es,tier_1,code_switching,-0.0189,0.0629,20,0
9,mlp_out,es,tier_1,code_switching,-0.0776,0.1628,20,0
10,residual,es,tier_1,code_switching,0.2332,0.6106,20,0
10,attn_out,es,tier_1,code_switching,-0.0204,0.1065,20,0
10,mlp_out,es,tier_1,code_switching,0.0673,0.1699,20,0
11,residual,es,tier_1,code_switching,0.2047,0.5918,20,0
11,attn_out,es,tier_1,code_switching,-0.0111,0.0181,20,0
11,mlp_out,es,tier_1,code_switching,-0.0096,0.1932,20,0
12,residual,es,tier_1,code_switching,0.1562,0.4576,20,0
12,attn_out,es,tier_1,code_switching,-0.0015,0.0735,20,0
12,mlp_out,es,tier_1,code_switching,0.0498,0.0509,20,0
13,residual,es,tier_1,code_switching,0.1305,0.4354,20,0
13,attn_out,es,tier_1,code_switching,0.0094,0.0349,20,0
13,mlp_out,es,tier_1,code_switching,0.1518,0.0954,20,0
14,residual,es,tier_1,code_switching,0.0528,0.3977,20,0
14,attn_out,es,tier_1,code_switching,0.0311,0.0584,20,0
14,mlp_out,es,tier_1,code_switching,0.1197,0.1549,20,0
15,residual,es,tier_1,code_switching,0.0667,0.2957,20,0
15,attn_out,es,tier_1,code_switching,0.0107,0.0361,20,0
15,mlp_out,es,tier_1,code_switching,-0.0256,0.088,20,0
16,residual,es,tier_1,code_switching,0.0527,0.2988,20,0
16,attn_out,es,tier_1,code_switching,-0.0021,0.0172,20,0
16,mlp_out,es,tier_1,code_switching,-0.0256,0.1347,20,0
17,residual,es,tier_1,code_switching,-0.0364,0.1791,20,0
17,attn_out,es,tier_1,code_switching,-0.0054,0.0071,20,0
17,mlp_out,es,tier_1,code_switching,0.006,0.0204,20,0
18,residual,es,tier_1,code_switching,-0.0114,0.1038,20,0
18,attn_out,es,tier_1,code_switching,-0.005,0.0035,20,0
18,mlp_out,es,tier_1,code_switching,-0.0052,0.0608,20,0
19,residual,es,tier_1,code_switching,-0.0059,0.0909,20,0
19,attn_out,es,tier_1,code_switching,-0.0061,0.0193,20,0
19,mlp_out,es,tier_1,code_switching,-0.018,0.0285,20,0
20,residual,es,tier_1,code_switching,-0.0599,0.1536,20,0
20,attn_out,es,tier_1,code_switching,-0.0206,0.0263,20,0
20,mlp_out,es,tier_1,code_switching,-0.0158,0.0315,20,0
21,residual,es,tier_1,code_switching,-0.0634,0.1592,20,0
21,attn_out,es,tier_1,code_switching,-0.0106,0.011,20,0
21,mlp_out,es,tier_1,code_switching,-0.0185,0.0231,20,0
22,residual,es,tier_1,code_switching,-0.0585,0.1339,20,0
22,attn_out,es,tier_1,code_switching,-0.0023,0.0091,20,0
22,mlp_out,es,tier_1,code_switching,-0.0292,0.0409,20,0
23,residual,es,tier_1,code_switching,-0.0498,0.1292,20,0
23,attn_out,es,tier_1,code_switching,-0.0024,0.0041,20,0
23,mlp_out,es,tier_1,code_switching,-0.0253,0.0458,20,0
24,residual,es,tier_1,code_switching,-0.0645,0.1185,20,0
24,attn_out,es,tier_1,code_switching,0.0102,0.0118,20,0
24,mlp_out,es,tier_1,code_switching,-0.0449,0.0813,20,0
25,residual,es,tier_1,code_switching,-0.0463,0.0924,20,0
25,attn_out,es,tier_1,code_switching,-0.0103,0.0123,20,0
25,mlp_out,es,tier_1,code_switching,-0.0251,0.04,20,0
26,residual,es,tier_1,code_switching,-0.0495,0.1084,20,0
26,attn_out,es,tier_1,code_switching,0.0014,0.0051,20,0
26,mlp_out,es,tier_1,code_switching,-0.0296,0.0499,20,0
27,residual,es,tier_1,code_switching,-0.0339,0.0967,20,0
27,attn_out,es,tier_1,code_switching,0.0081,0.0124,20,0
27,mlp_out,es,tier_1,code_switching,-0.0503,0.0871,20,0
28,residual,es,tier_1,code_switching,-0.0493,0.1109,20,0
28,attn_out,es,tier_1,code_switching,0.007,0.0132,20,0
28,mlp_out,es,tier_1,code_switching,0.0004,0.0041,20,0
29,residual,es,tier_1,code_switching,-0.0435,0.0928,20,0
29,attn_out,es,tier_1,code_switching,-0.0027,0.0028,20,0
29,mlp_out,es,tier_1,code_switching,0.0018,0.0017,20,0
30,residual,es,tier_1,code_switching,-0.0638,0.1339,20,0
30,attn_out,es,tier_1,code_switching,0.0036,0.0072,20,0
30,mlp_out,es,tier_1,code_switching,0.0184,0.0356,20,0
31,residual,es,tier_1,code_switching,0.0,0.0,20,0
31,attn_out,es,tier_1,code_switching,0.0,0.0,20,0
31,mlp_out,es,tier_1,code_switching,0.0,0.0,20,0
0,residual,ar,tier_2,code_switching,0.1802,0.2111,20,0
0,attn_out,ar,tier_2,code_switching,0.0146,0.2596,20,0
0,mlp_out,ar,tier_2,code_switching,0.0486,0.0815,20,0
1,residual,ar,tier_2,code_switching,0.117,0.0812,20,0
1,attn_out,ar,tier_2,code_switching,0.0236,0.0128,20,0
1,mlp_out,ar,tier_2,code_switching,0.1046,0.1207,20,0
2,residual,ar,tier_2,code_switching,0.117,0.1102,20,0
2,attn_out,ar,tier_2,code_switching,0.0108,0.0121,20,0
2,mlp_out,ar,tier_2,code_switching,0.006,0.0172,20,0
3,residual,ar,tier_2,code_switching,0.1095,0.138,20,0
3,attn_out,ar,tier_2,code_switching,0.0051,0.0242,20,0
3,mlp_out,ar,tier_2,code_switching,-0.0117,0.0578,20,0
4,residual,ar,tier_2,code_switching,0.1095,0.1362,20,0
4,attn_out,ar,tier_2,code_switching,-0.0088,0.0105,20,0
4,mlp_out,ar,tier_2,code_switching,0.0233,0.0108,20,0
5,residual,ar,tier_2,code_switching,0.101,0.1478,20,0
5,attn_out,ar,tier_2,code_switching,0.0241,0.0343,20,0
5,mlp_out,ar,tier_2,code_switching,-0.0601,0.0511,20,0
6,residual,ar,tier_2,code_switching,0.1157,0.1485,20,0
6,attn_out,ar,tier_2,code_switching,0.0089,0.0072,20,0
6,mlp_out,ar,tier_2,code_switching,-0.0169,0.0456,20,0
7,residual,ar,tier_2,code_switching,0.1278,0.1403,20,0
7,attn_out,ar,tier_2,code_switching,0.0137,0.0196,20,0
7,mlp_out,ar,tier_2,code_switching,-0.0041,0.0223,20,0
8,residual,ar,tier_2,code_switching,0.1278,0.1422,20,0
8,attn_out,ar,tier_2,code_switching,0.0002,0.006,20,0
8,mlp_out,ar,tier_2,code_switching,0.0196,0.0368,20,0
9,residual,ar,tier_2,code_switching,0.1083,0.112,20,0
9,attn_out,ar,tier_2,code_switching,-0.0053,0.0111,20,0
9,mlp_out,ar,tier_2,code_switching,-0.0081,0.0117,20,0
10,residual,ar,tier_2,code_switching,0.0962,0.0937,20,0
10,attn_out,ar,tier_2,code_switching,-0.0008,0.0066,20,0
10,mlp_out,ar,tier_2,code_switching,0.011,0.0187,20,0
11,residual,ar,tier_2,code_switching,0.1035,0.0745,20,0
11,attn_out,ar,tier_2,code_switching,0.0087,0.0099,20,0
11,mlp_out,ar,tier_2,code_switching,0.0052,0.0055,20,0
12,residual,ar,tier_2,code_switching,0.0744,0.0625,20,0
12,attn_out,ar,tier_2,code_switching,0.0001,0.0108,20,0
12,mlp_out,ar,tier_2,code_switching,0.0206,0.0241,20,0
13,residual,ar,tier_2,code_switching,0.0553,0.0608,20,0
13,attn_out,ar,tier_2,code_switching,-0.0002,0.0027,20,0
13,mlp_out,ar,tier_2,code_switching,0.0059,0.0133,20,0
14,residual,ar,tier_2,code_switching,0.0482,0.0496,20,0
14,attn_out,ar,tier_2,code_switching,0.0019,0.0035,20,0
14,mlp_out,ar,tier_2,code_switching,0.0139,0.0119,20,0
15,residual,ar,tier_2,code_switching,0.0406,0.0429,20,0
15,attn_out,ar,tier_2,code_switching,0.0006,0.0034,20,0
15,mlp_out,ar,tier_2,code_switching,0.0062,0.0102,20,0
16,residual,ar,tier_2,code_switching,0.0418,0.0365,20,0
16,attn_out,ar,tier_2,code_switching,-0.0003,0.0032,20,0
16,mlp_out,ar,tier_2,code_switching,0.0024,0.006,20,0
17,residual,ar,tier_2,code_switching,0.0307,0.0224,20,0
17,attn_out,ar,tier_2,code_switching,0.0016,0.0021,20,0
17,mlp_out,ar,tier_2,code_switching,-0.0046,0.0058,20,0
18,residual,ar,tier_2,code_switching,0.0322,0.0252,20,0
18,attn_out,ar,tier_2,code_switching,0.0038,0.0035,20,0
18,mlp_out,ar,tier_2,code_switching,-0.0012,0.0063,20,0
19,residual,ar,tier_2,code_switching,0.0263,0.0235,20,0
19,attn_out,ar,tier_2,code_switching,0.0017,0.0014,20,0
19,mlp_out,ar,tier_2,code_switching,0.0047,0.0069,20,0
20,residual,ar,tier_2,code_switching,0.0182,0.0257,20,0
20,attn_out,ar,tier_2,code_switching,0.0068,0.0082,20,0
20,mlp_out,ar,tier_2,code_switching,-0.0042,0.006,20,0
21,residual,ar,tier_2,code_switching,0.0189,0.0235,20,0
21,attn_out,ar,tier_2,code_switching,0.0012,0.0015,20,0
21,mlp_out,ar,tier_2,code_switching,0.0035,0.0067,20,0
22,residual,ar,tier_2,code_switching,0.0171,0.0229,20,0
22,attn_out,ar,tier_2,code_switching,-0.0003,0.0007,20,0
22,mlp_out,ar,tier_2,code_switching,0.0002,0.0031,20,0
23,residual,ar,tier_2,code_switching,0.0106,0.0213,20,0
23,attn_out,ar,tier_2,code_switching,0.0017,0.0022,20,0
23,mlp_out,ar,tier_2,code_switching,0.0023,0.0027,20,0
24,residual,ar,tier_2,code_switching,0.0089,0.0181,20,0
24,attn_out,ar,tier_2,code_switching,0.0014,0.002,20,0
24,mlp_out,ar,tier_2,code_switching,0.0029,0.006,20,0
25,residual,ar,tier_2,code_switching,0.0037,0.0157,20,0
25,attn_out,ar,tier_2,code_switching,0.0011,0.0015,20,0
25,mlp_out,ar,tier_2,code_switching,-0.0019,0.0013,20,0
26,residual,ar,tier_2,code_switching,0.0045,0.0131,20,0
26,attn_out,ar,tier_2,code_switching,-0.0009,0.0007,20,0
26,mlp_out,ar,tier_2,code_switching,0.0007,0.0035,20,0
27,residual,ar,tier_2,code_switching,0.0035,0.0079,20,0
27,attn_out,ar,tier_2,code_switching,-0.0002,0.0008,20,0
27,mlp_out,ar,tier_2,code_switching,0.0021,0.0031,20,0
28,residual,ar,tier_2,code_switching,-0.0001,0.0039,20,0
28,attn_out,ar,tier_2,code_switching,-0.0003,0.0006,20,0
28,mlp_out,ar,tier_2,code_switching,0.0005,0.0015,20,0
29,residual,ar,tier_2,code_switching,0.0021,0.0021,20,0
29,attn_out,ar,tier_2,code_switching,0.0006,0.0012,20,0
29,mlp_out,ar,tier_2,code_switching,-0.0009,0.0013,20,0
30,residual,ar,tier_2,code_switching,0.0014,0.0011,20,0
30,attn_out,ar,tier_2,code_switching,0.0001,0.0002,20,0
30,mlp_out,ar,tier_2,code_switching,0.0012,0.0017,20,0
31,residual,ar,tier_2,code_switching,0.0,0.0,20,0
31,attn_out,ar,tier_2,code_switching,0.0,0.0,20,0
31,mlp_out,ar,tier_2,code_switching,0.0,0.0,20,0
0,residual,ru,tier_2,code_switching,0.2463,0.3341,20,0
0,attn_out,ru,tier_2,code_switching,0.0335,0.0686,20,0
0,mlp_out,ru,tier_2,code_switching,0.1845,0.2392,20,0
1,residual,ru,tier_2,code_switching,0.1876,0.1729,20,0
1,attn_out,ru,tier_2,code_switching,-0.0117,0.0509,20,0
1,mlp_out,ru,tier_2,code_switching,0.0364,0.0446,20,0
2,residual,ru,tier_2,code_switching,0.1727,0.1429,20,0
2,attn_out,ru,tier_2,code_switching,0.0049,0.0165,20,0
2,mlp_out,ru,tier_2,code_switching,-0.0323,0.043,20,0
3,residual,ru,tier_2,code_switching,0.1774,0.155,20,0
3,attn_out,ru,tier_2,code_switching,0.0041,0.0253,20,0
3,mlp_out,ru,tier_2,code_switching,0.0072,0.0132,20,0
4,residual,ru,tier_2,code_switching,0.158,0.1117,20,0
4,attn_out,ru,tier_2,code_switching,-0.0143,0.0263,20,0
4,mlp_out,ru,tier_2,code_switching,0.0917,0.0482,20,0
5,residual,ru,tier_2,code_switching,0.1098,0.0442,20,0
5,attn_out,ru,tier_2,code_switching,-0.011,0.0472,20,0
5,mlp_out,ru,tier_2,code_switching,0.0277,0.0246,20,0
6,residual,ru,tier_2,code_switching,0.1122,0.0412,20,0
6,attn_out,ru,tier_2,code_switching,0.0013,0.0317,20,0
6,mlp_out,ru,tier_2,code_switching,-0.0094,0.0566,20,0
7,residual,ru,tier_2,code_switching,0.1315,0.1063,20,0
7,attn_out,ru,tier_2,code_switching,-0.0085,0.0343,20,0
7,mlp_out,ru,tier_2,code_switching,-0.0043,0.0207,20,0
8,residual,ru,tier_2,code_switching,0.1537,0.1374,20,0
8,attn_out,ru,tier_2,code_switching,-0.0106,0.0163,20,0
8,mlp_out,ru,tier_2,code_switching,-0.0002,0.0315,20,0
9,residual,ru,tier_2,code_switching,0.0816,0.034,20,0
9,attn_out,ru,tier_2,code_switching,-0.0034,0.008,20,0
9,mlp_out,ru,tier_2,code_switching,-0.0095,0.0303,20,0
10,residual,ru,tier_2,code_switching,0.0736,0.045,20,0
10,attn_out,ru,tier_2,code_switching,-0.0052,0.009,20,0
10,mlp_out,ru,tier_2,code_switching,0.0117,0.007,20,0
11,residual,ru,tier_2,code_switching,0.0801,0.0605,20,0
11,attn_out,ru,tier_2,code_switching,0.0053,0.0076,20,0
11,mlp_out,ru,tier_2,code_switching,0.0139,0.0127,20,0
12,residual,ru,tier_2,code_switching,0.0658,0.0679,20,0
12,attn_out,ru,tier_2,code_switching,-0.0082,0.0095,20,0
12,mlp_out,ru,tier_2,code_switching,0.0168,0.0215,20,0
13,residual,ru,tier_2,code_switching,0.0528,0.0636,20,0
13,attn_out,ru,tier_2,code_switching,-0.0035,0.0046,20,0
13,mlp_out,ru,tier_2,code_switching,0.008,0.0121,20,0
14,residual,ru,tier_2,code_switching,0.0404,0.0524,20,0
14,attn_out,ru,tier_2,code_switching,-0.0018,0.0047,20,0
14,mlp_out,ru,tier_2,code_switching,0.015,0.0338,20,0
15,residual,ru,tier_2,code_switching,0.0298,0.0411,20,0
15,attn_out,ru,tier_2,code_switching,0.0021,0.0015,20,0
15,mlp_out,ru,tier_2,code_switching,0.0115,0.0319,20,0
16,residual,ru,tier_2,code_switching,0.0321,0.0423,20,0
16,attn_out,ru,tier_2,code_switching,-0.0059,0.0146,20,0
16,mlp_out,ru,tier_2,code_switching,0.0039,0.0053,20,0
17,residual,ru,tier_2,code_switching,0.037,0.0597,20,0
17,attn_out,ru,tier_2,code_switching,-0.0026,0.0032,20,0
17,mlp_out,ru,tier_2,code_switching,0.0166,0.0262,20,0
18,residual,ru,tier_2,code_switching,0.0378,0.0627,20,0
18,attn_out,ru,tier_2,code_switching,-0.0047,0.0078,20,0
18,mlp_out,ru,tier_2,code_switching,0.0122,0.0265,20,0
19,residual,ru,tier_2,code_switching,0.0352,0.0565,20,0
19,attn_out,ru,tier_2,code_switching,-0.0025,0.0052,20,0
19,mlp_out,ru,tier_2,code_switching,0.0036,0.0049,20,0
20,residual,ru,tier_2,code_switching,-0.0026,0.0114,20,0
20,attn_out,ru,tier_2,code_switching,-0.0032,0.004,20,0
20,mlp_out,ru,tier_2,code_switching,-0.0036,0.009,20,0
21,residual,ru,tier_2,code_switching,-0.0027,0.0071,20,0
21,attn_out,ru,tier_2,code_switching,0.0006,0.0019,20,0
21,mlp_out,ru,tier_2,code_switching,-0.0029,0.0031,20,0
22,residual,ru,tier_2,code_switching,-0.0068,0.0121,20,0
22,attn_out,ru,tier_2,code_switching,0.0008,0.0026,20,0
22,mlp_out,ru,tier_2,code_switching,-0.0019,0.0017,20,0
23,residual,ru,tier_2,code_switching,-0.0048,0.0083,20,0
23,attn_out,ru,tier_2,code_switching,0.0,0.0013,20,0
23,mlp_out,ru,tier_2,code_switching,-0.0006,0.004,20,0
24,residual,ru,tier_2,code_switching,-0.0052,0.0072,20,0
24,attn_out,ru,tier_2,code_switching,-0.0006,0.0005,20,0
24,mlp_out,ru,tier_2,code_switching,-0.0009,0.0026,20,0
25,residual,ru,tier_2,code_switching,-0.0051,0.0086,20,0
25,attn_out,ru,tier_2,code_switching,-0.0003,0.0005,20,0
25,mlp_out,ru,tier_2,code_switching,-0.0002,0.0011,20,0
26,residual,ru,tier_2,code_switching,-0.0053,0.01,20,0
26,attn_out,ru,tier_2,code_switching,-0.001,0.001,20,0
26,mlp_out,ru,tier_2,code_switching,-0.0016,0.0019,20,0
27,residual,ru,tier_2,code_switching,-0.0026,0.0038,20,0
27,attn_out,ru,tier_2,code_switching,-0.0001,0.0005,20,0
27,mlp_out,ru,tier_2,code_switching,-0.0005,0.0006,20,0
28,residual,ru,tier_2,code_switching,-0.0004,0.0065,20,0
28,attn_out,ru,tier_2,code_switching,-0.0002,0.0003,20,0
28,mlp_out,ru,tier_2,code_switching,0.0,0.0012,20,0
29,residual,ru,tier_2,code_switching,0.0015,0.004,20,0
29,attn_out,ru,tier_2,code_switching,0.0005,0.0013,20,0
29,mlp_out,ru,tier_2,code_switching,-0.0008,0.0009,20,0
30,residual,ru,tier_2,code_switching,0.0017,0.0029,20,0
30,attn_out,ru,tier_2,code_switching,0.0001,0.0001,20,0
30,mlp_out,ru,tier_2,code_switching,0.0004,0.0008,20,0
31,residual,ru,tier_2,code_switching,0.0,0.0,20,0
31,attn_out,ru,tier_2,code_switching,0.0,0.0,20,0
31,mlp_out,ru,tier_2,code_switching,0.0,0.0,20,0
0,residual,ko,tier_2,code_switching,0.483,0.8661,20,0
0,attn_out,ko,tier_2,code_switching,0.0039,0.1113,20,0
0,mlp_out,ko,tier_2,code_switching,0.5546,1.0996,20,0
1,residual,ko,tier_2,code_switching,0.4646,0.7621,20,0
1,attn_out,ko,tier_2,code_switching,0.1122,0.1945,20,0
1,mlp_out,ko,tier_2,code_switching,0.0526,0.0598,20,0
2,residual,ko,tier_2,code_switching,0.592,0.9712,20,0
2,attn_out,ko,tier_2,code_switching,0.0704,0.0829,20,0
2,mlp_out,ko,tier_2,code_switching,0.1168,0.1849,20,0
3,residual,ko,tier_2,code_switching,0.4332,0.5666,20,0
3,attn_out,ko,tier_2,code_switching,-0.0258,0.1815,20,0
3,mlp_out,ko,tier_2,code_switching,-0.0192,0.0321,20,0
4,residual,ko,tier_2,code_switching,0.4451,0.5651,20,0
4,attn_out,ko,tier_2,code_switching,0.0064,0.0116,20,0
4,mlp_out,ko,tier_2,code_switching,0.0584,0.0295,20,0
5,residual,ko,tier_2,code_switching,0.4319,0.4263,20,0
5,attn_out,ko,tier_2,code_switching,0.0947,0.0655,20,0
5,mlp_out,ko,tier_2,code_switching,0.0008,0.0256,20,0
6,residual,ko,tier_2,code_switching,0.438,0.4017,20,0
6,attn_out,ko,tier_2,code_switching,0.0589,0.0836,20,0
6,mlp_out,ko,tier_2,code_switching,0.1594,0.1823,20,0
7,residual,ko,tier_2,code_switching,0.4433,0.4405,20,0
7,attn_out,ko,tier_2,code_switching,0.0197,0.0287,20,0
7,mlp_out,ko,tier_2,code_switching,0.0335,0.0699,20,0
8,residual,ko,tier_2,code_switching,0.4791,0.5172,20,0
8,attn_out,ko,tier_2,code_switching,0.0081,0.017,20,0
8,mlp_out,ko,tier_2,code_switching,0.087,0.0956,20,0
9,residual,ko,tier_2,code_switching,0.2973,0.2817,20,0
9,attn_out,ko,tier_2,code_switching,0.0397,0.0666,20,0
9,mlp_out,ko,tier_2,code_switching,0.1063,0.1976,20,0
10,residual,ko,tier_2,code_switching,0.2368,0.2435,20,0
10,attn_out,ko,tier_2,code_switching,-0.0067,0.0395,20,0
10,mlp_out,ko,tier_2,code_switching,-0.0329,0.0388,20,0
11,residual,ko,tier_2,code_switching,0.2486,0.2806,20,0
11,attn_out,ko,tier_2,code_switching,-0.0142,0.0318,20,0
11,mlp_out,ko,tier_2,code_switching,-0.007,0.0224,20,0
12,residual,ko,tier_2,code_switching,0.2348,0.32,20,0
12,attn_out,ko,tier_2,code_switching,0.0056,0.0267,20,0
12,mlp_out,ko,tier_2,code_switching,0.0114,0.0246,20,0
13,residual,ko,tier_2,code_switching,0.2955,0.4601,20,0
13,attn_out,ko,tier_2,code_switching,-0.0014,0.0042,20,0
13,mlp_out,ko,tier_2,code_switching,0.0491,0.0976,20,0
14,residual,ko,tier_2,code_switching,0.2374,0.4019,20,0
14,attn_out,ko,tier_2,code_switching,-0.0043,0.006,20,0
14,mlp_out,ko,tier_2,code_switching,-0.0124,0.0264,20,0
15,residual,ko,tier_2,code_switching,0.2665,0.4844,20,0
15,attn_out,ko,tier_2,code_switching,0.0018,0.0045,20,0
15,mlp_out,ko,tier_2,code_switching,-0.0325,0.065,20,0
16,residual,ko,tier_2,code_switching,0.2927,0.5374,20,0
16,attn_out,ko,tier_2,code_switching,-0.0018,0.0034,20,0
16,mlp_out,ko,tier_2,code_switching,0.0068,0.0136,20,0
17,residual,ko,tier_2,code_switching,0.2491,0.4882,20,0
17,attn_out,ko,tier_2,code_switching,0.0052,0.0099,20,0
17,mlp_out,ko,tier_2,code_switching,0.0099,0.0209,20,0
18,residual,ko,tier_2,code_switching,0.267,0.5296,20,0
18,attn_out,ko,tier_2,code_switching,-0.015,0.0326,20,0
18,mlp_out,ko,tier_2,code_switching,-0.0398,0.0803,20,0
19,residual,ko,tier_2,code_switching,0.2845,0.5542,20,0
19,attn_out,ko,tier_2,code_switching,0.01,0.0177,20,0
19,mlp_out,ko,tier_2,code_switching,0.0313,0.0605,20,0
20,residual,ko,tier_2,code_switching,0.3258,0.6505,20,0
20,attn_out,ko,tier_2,code_switching,-0.0054,0.0045,20,0
20,mlp_out,ko,tier_2,code_switching,0.0204,0.0406,20,0
21,residual,ko,tier_2,code_switching,0.3052,0.5961,20,0
21,attn_out,ko,tier_2,code_switching,-0.0058,0.0122,20,0
21,mlp_out,ko,tier_2,code_switching,0.0022,0.0102,20,0
22,residual,ko,tier_2,code_switching,0.3302,0.6486,20,0
22,attn_out,ko,tier_2,code_switching,-0.0004,0.0016,20,0
22,mlp_out,ko,tier_2,code_switching,-0.0058,0.0161,20,0
23,residual,ko,tier_2,code_switching,0.3064,0.6058,20,0
23,attn_out,ko,tier_2,code_switching,-0.0063,0.0135,20,0
23,mlp_out,ko,tier_2,code_switching,-0.0223,0.0438,20,0
24,residual,ko,tier_2,code_switching,0.3552,0.7096,20,0
24,attn_out,ko,tier_2,code_switching,-0.0016,0.0049,20,0
24,mlp_out,ko,tier_2,code_switching,0.001,0.0018,20,0
25,residual,ko,tier_2,code_switching,0.355,0.7118,20,0
25,attn_out,ko,tier_2,code_switching,-0.0011,0.0025,20,0
25,mlp_out,ko,tier_2,code_switching,0.0077,0.0156,20,0
26,residual,ko,tier_2,code_switching,0.3563,0.7128,20,0
26,attn_out,ko,tier_2,code_switching,0.0074,0.0159,20,0
26,mlp_out,ko,tier_2,code_switching,0.0014,0.0058,20,0
27,residual,ko,tier_2,code_switching,0.1482,0.2964,20,0
27,attn_out,ko,tier_2,code_switching,0.003,0.0063,20,0
27,mlp_out,ko,tier_2,code_switching,-0.0004,0.002,20,0
28,residual,ko,tier_2,code_switching,0.0758,0.1517,20,0
28,attn_out,ko,tier_2,code_switching,-0.0008,0.0018,20,0
28,mlp_out,ko,tier_2,code_switching,-0.004,0.0033,20,0
29,residual,ko,tier_2,code_switching,-0.0063,0.0128,20,0
29,attn_out,ko,tier_2,code_switching,0.0002,0.0002,20,0
29,mlp_out,ko,tier_2,code_switching,-0.0053,0.0101,20,0
30,residual,ko,tier_2,code_switching,-0.0049,0.0105,20,0
30,attn_out,ko,tier_2,code_switching,0.0007,0.0014,20,0
30,mlp_out,ko,tier_2,code_switching,-0.0015,0.0027,20,0
31,residual,ko,tier_2,code_switching,0.0,0.0,20,0
31,attn_out,ko,tier_2,code_switching,0.0,0.0,20,0
31,mlp_out,ko,tier_2,code_switching,0.0,0.0,20,0
0,residual,ja,tier_2,code_switching,0.2912,0.4869,20,0
0,attn_out,ja,tier_2,code_switching,0.227,0.6981,20,0
0,mlp_out,ja,tier_2,code_switching,0.3838,0.4657,20,0
1,residual,ja,tier_2,code_switching,0.2988,0.5175,20,0
1,attn_out,ja,tier_2,code_switching,0.2903,0.5652,20,0
1,mlp_out,ja,tier_2,code_switching,0.2499,0.9252,20,0
2,residual,ja,tier_2,code_switching,0.2475,0.5824,20,0
2,attn_out,ja,tier_2,code_switching,0.2569,0.5362,20,0
2,mlp_out,ja,tier_2,code_switching,0.1572,0.4038,20,0
3,residual,ja,tier_2,code_switching,0.1811,0.8506,20,0
3,attn_out,ja,tier_2,code_switching,0.0349,0.0627,20,0
3,mlp_out,ja,tier_2,code_switching,0.2561,0.7931,20,0
4,residual,ja,tier_2,code_switching,0.0791,0.7735,20,0
4,attn_out,ja,tier_2,code_switching,-0.096,0.1108,20,0
4,mlp_out,ja,tier_2,code_switching,0.3312,0.4729,20,0
5,residual,ja,tier_2,code_switching,0.0633,0.9713,20,0
5,attn_out,ja,tier_2,code_switching,-0.0761,0.1744,20,0
5,mlp_out,ja,tier_2,code_switching,0.0344,0.4707,20,0
6,residual,ja,tier_2,code_switching,0.0253,1.1405,20,0
6,attn_out,ja,tier_2,code_switching,-0.1287,0.4098,20,0
6,mlp_out,ja,tier_2,code_switching,0.1279,0.6514,20,0
7,residual,ja,tier_2,code_switching,0.0341,1.1423,20,0
7,attn_out,ja,tier_2,code_switching,-0.0802,0.1774,20,0
7,mlp_out,ja,tier_2,code_switching,0.0698,0.334,20,0
8,residual,ja,tier_2,code_switching,0.0392,1.1816,20,0
8,attn_out,ja,tier_2,code_switching,0.046,0.1168,20,0
8,mlp_out,ja,tier_2,code_switching,-0.0341,0.7462,20,0
9,residual,ja,tier_2,code_switching,0.2013,1.0716,20,0
9,attn_out,ja,tier_2,code_switching,0.0721,0.1172,20,0
9,mlp_out,ja,tier_2,code_switching,0.0009,0.2273,20,0
10,residual,ja,tier_2,code_switching,0.2189,0.9702,20,0
10,attn_out,ja,tier_2,code_switching,-0.0491,0.1077,20,0
10,mlp_out,ja,tier_2,code_switching,0.1228,0.1717,20,0
11,residual,ja,tier_2,code_switching,0.1767,1.047,20,0
11,attn_out,ja,tier_2,code_switching,0.0105,0.0736,20,0
11,mlp_out,ja,tier_2,code_switching,-0.0048,0.1813,20,0
12,residual,ja,tier_2,code_switching,0.1886,0.9354,20,0
12,attn_out,ja,tier_2,code_switching,-0.0299,0.0644,20,0
12,mlp_out,ja,tier_2,code_switching,0.2149,0.3351,20,0
13,residual,ja,tier_2,code_switching,0.1623,0.9152,20,0
13,attn_out,ja,tier_2,code_switching,0.0284,0.034,20,0
13,mlp_out,ja,tier_2,code_switching,0.0865,0.1688,20,0
14,residual,ja,tier_2,code_switching,0.1864,0.8843,20,0
14,attn_out,ja,tier_2,code_switching,0.0244,0.0281,20,0
14,mlp_out,ja,tier_2,code_switching,-0.0055,0.1979,20,0
15,residual,ja,tier_2,code_switching,0.214,0.864,20,0
15,attn_out,ja,tier_2,code_switching,0.0352,0.0331,20,0
15,mlp_out,ja,tier_2,code_switching,0.0043,0.0279,20,0
16,residual,ja,tier_2,code_switching,0.1994,0.866,20,0
16,attn_out,ja,tier_2,code_switching,0.0034,0.0355,20,0
16,mlp_out,ja,tier_2,code_switching,0.013,0.095,20,0
17,residual,ja,tier_2,code_switching,0.3005,0.6701,20,0
17,attn_out,ja,tier_2,code_switching,0.0008,0.0147,20,0
17,mlp_out,ja,tier_2,code_switching,0.0225,0.0314,20,0
18,residual,ja,tier_2,code_switching,0.3035,0.6612,20,0
18,attn_out,ja,tier_2,code_switching,-0.014,0.0301,20,0
18,mlp_out,ja,tier_2,code_switching,0.0819,0.161,20,0
19,residual,ja,tier_2,code_switching,0.3081,0.6292,20,0
19,attn_out,ja,tier_2,code_switching,-0.001,0.0126,20,0
19,mlp_out,ja,tier_2,code_switching,0.0545,0.1471,20,0
20,residual,ja,tier_2,code_switching,0.225,0.416,20,0
20,attn_out,ja,tier_2,code_switching,0.0102,0.026,20,0
20,mlp_out,ja,tier_2,code_switching,-0.0111,0.0374,20,0
21,residual,ja,tier_2,code_switching,0.1971,0.4091,20,0
21,attn_out,ja,tier_2,code_switching,-0.0012,0.0037,20,0
21,mlp_out,ja,tier_2,code_switching,-0.0054,0.0273,20,0
22,residual,ja,tier_2,code_switching,0.2045,0.4146,20,0
22,attn_out,ja,tier_2,code_switching,0.0005,0.0033,20,0
22,mlp_out,ja,tier_2,code_switching,0.0313,0.0292,20,0
23,residual,ja,tier_2,code_switching,0.2108,0.4011,20,0
23,attn_out,ja,tier_2,code_switching,0.0004,0.0045,20,0
23,mlp_out,ja,tier_2,code_switching,0.0021,0.0326,20,0
24,residual,ja,tier_2,code_switching,0.2016,0.3908,20,0
24,attn_out,ja,tier_2,code_switching,0.001,0.0061,20,0
24,mlp_out,ja,tier_2,code_switching,-0.0074,0.01,20,0
25,residual,ja,tier_2,code_switching,0.2048,0.3949,20,0
25,attn_out,ja,tier_2,code_switching,0.004,0.0087,20,0
25,mlp_out,ja,tier_2,code_switching,0.0126,0.0276,20,0
26,residual,ja,tier_2,code_switching,0.2024,0.3889,20,0
26,attn_out,ja,tier_2,code_switching,-0.0027,0.0067,20,0
26,mlp_out,ja,tier_2,code_switching,0.018,0.0387,20,0
27,residual,ja,tier_2,code_switching,0.0029,0.0253,20,0
27,attn_out,ja,tier_2,code_switching,-0.0003,0.0034,20,0
27,mlp_out,ja,tier_2,code_switching,-0.018,0.0173,20,0
28,residual,ja,tier_2,code_switching,0.0069,0.0403,20,0
28,attn_out,ja,tier_2,code_switching,-0.0043,0.0067,20,0
28,mlp_out,ja,tier_2,code_switching,0.0029,0.007,20,0
29,residual,ja,tier_2,code_switching,-0.0024,0.0288,20,0
29,attn_out,ja,tier_2,code_switching,-0.0054,0.0133,20,0
29,mlp_out,ja,tier_2,code_switching,-0.0039,0.0048,20,0
30,residual,ja,tier_2,code_switching,-0.0054,0.0157,20,0
30,attn_out,ja,tier_2,code_switching,0.0004,0.002,20,0
30,mlp_out,ja,tier_2,code_switching,-0.0035,0.0061,20,0
31,residual,ja,tier_2,code_switching,0.0,0.0,20,0
31,attn_out,ja,tier_2,code_switching,0.0,0.0,20,0
31,mlp_out,ja,tier_2,code_switching,0.0,0.0,20,0
0,residual,tr,tier_3,code_switching,0.4101,0.7601,20,0
0,attn_out,tr,tier_3,code_switching,0.4103,0.8125,20,0
0,mlp_out,tr,tier_3,code_switching,0.22,0.4424,20,0
1,residual,tr,tier_3,code_switching,0.2995,0.4159,20,0
1,attn_out,tr,tier_3,code_switching,0.0037,0.0528,20,0
1,mlp_out,tr,tier_3,code_switching,0.2737,0.5355,20,0
2,residual,tr,tier_3,code_switching,0.3164,0.3237,20,0
2,attn_out,tr,tier_3,code_switching,0.1865,0.2703,20,0
2,mlp_out,tr,tier_3,code_switching,0.1788,0.2978,20,0
3,residual,tr,tier_3,code_switching,0.4325,0.4619,20,0
3,attn_out,tr,tier_3,code_switching,0.2334,0.3044,20,0
3,mlp_out,tr,tier_3,code_switching,0.2159,0.3867,20,0
4,residual,tr,tier_3,code_switching,0.4403,0.4604,20,0
4,attn_out,tr,tier_3,code_switching,-0.0259,0.0544,20,0
4,mlp_out,tr,tier_3,code_switching,0.1399,0.139,20,0
5,residual,tr,tier_3,code_switching,0.4997,0.5191,20,0
5,attn_out,tr,tier_3,code_switching,0.1341,0.0944,20,0
5,mlp_out,tr,tier_3,code_switching,0.0444,0.0742,20,0
6,residual,tr,tier_3,code_switching,0.4775,0.4643,20,0
6,attn_out,tr,tier_3,code_switching,0.0279,0.0401,20,0
6,mlp_out,tr,tier_3,code_switching,0.129,0.0817,20,0
7,residual,tr,tier_3,code_switching,0.5497,0.4359,20,0
7,attn_out,tr,tier_3,code_switching,-0.0345,0.1807,20,0
7,mlp_out,tr,tier_3,code_switching,-0.0588,0.1276,20,0
8,residual,tr,tier_3,code_switching,0.5199,0.3747,20,0
8,attn_out,tr,tier_3,code_switching,-0.019,0.0398,20,0
8,mlp_out,tr,tier_3,code_switching,0.0724,0.068,20,0
9,residual,tr,tier_3,code_switching,0.3459,0.2407,20,0
9,attn_out,tr,tier_3,code_switching,0.0423,0.121,20,0
9,mlp_out,tr,tier_3,code_switching,-0.0371,0.0638,20,0
10,residual,tr,tier_3,code_switching,0.2905,0.2041,20,0
10,attn_out,tr,tier_3,code_switching,0.0282,0.0578,20,0
10,mlp_out,tr,tier_3,code_switching,0.0763,0.1776,20,0
11,residual,tr,tier_3,code_switching,0.283,0.1887,20,0
11,attn_out,tr,tier_3,code_switching,-0.0219,0.0581,20,0
11,mlp_out,tr,tier_3,code_switching,-0.0035,0.0362,20,0
12,residual,tr,tier_3,code_switching,0.2278,0.1906,20,0
12,attn_out,tr,tier_3,code_switching,0.0128,0.0548,20,0
12,mlp_out,tr,tier_3,code_switching,-0.0228,0.0457,20,0
13,residual,tr,tier_3,code_switching,0.1776,0.1356,20,0
13,attn_out,tr,tier_3,code_switching,-0.0088,0.0129,20,0
13,mlp_out,tr,tier_3,code_switching,0.0078,0.0206,20,0
14,residual,tr,tier_3,code_switching,0.1309,0.1022,20,0
14,attn_out,tr,tier_3,code_switching,0.0034,0.0126,20,0
14,mlp_out,tr,tier_3,code_switching,-0.0119,0.0145,20,0
15,residual,tr,tier_3,code_switching,0.0889,0.0643,20,0
15,attn_out,tr,tier_3,code_switching,-0.0085,0.0223,20,0
15,mlp_out,tr,tier_3,code_switching,0.0542,0.0869,20,0
16,residual,tr,tier_3,code_switching,0.0722,0.0571,20,0
16,attn_out,tr,tier_3,code_switching,-0.0025,0.0051,20,0
16,mlp_out,tr,tier_3,code_switching,-0.0016,0.0266,20,0
17,residual,tr,tier_3,code_switching,0.0324,0.0414,20,0
17,attn_out,tr,tier_3,code_switching,0.0016,0.0043,20,0
17,mlp_out,tr,tier_3,code_switching,-0.0145,0.0192,20,0
18,residual,tr,tier_3,code_switching,-0.0043,0.0247,20,0
18,attn_out,tr,tier_3,code_switching,-0.0159,0.0329,20,0
18,mlp_out,tr,tier_3,code_switching,-0.0302,0.0701,20,0
19,residual,tr,tier_3,code_switching,-0.0102,0.0296,20,0
19,attn_out,tr,tier_3,code_switching,-0.0156,0.0311,20,0
19,mlp_out,tr,tier_3,code_switching,-0.0959,0.1852,20,0
20,residual,tr,tier_3,code_switching,-0.1331,0.266,20,0
20,attn_out,tr,tier_3,code_switching,0.0092,0.0176,20,0
20,mlp_out,tr,tier_3,code_switching,-0.0111,0.0216,20,0
21,residual,tr,tier_3,code_switching,-0.1203,0.2427,20,0
21,attn_out,tr,tier_3,code_switching,-0.0006,0.0015,20,0
21,mlp_out,tr,tier_3,code_switching,-0.011,0.015,20,0
22,residual,tr,tier_3,code_switching,-0.1364,0.2694,20,0
22,attn_out,tr,tier_3,code_switching,-0.0012,0.0026,20,0
22,mlp_out,tr,tier_3,code_switching,0.0012,0.0055,20,0
23,residual,tr,tier_3,code_switching,-0.132,0.2653,20,0
23,attn_out,tr,tier_3,code_switching,0.0021,0.0042,20,0
23,mlp_out,tr,tier_3,code_switching,0.0023,0.0045,20,0
24,residual,tr,tier_3,code_switching,-0.1487,0.3025,20,0
24,attn_out,tr,tier_3,code_switching,0.0039,0.0086,20,0
24,mlp_out,tr,tier_3,code_switching,0.0044,0.0056,20,0
25,residual,tr,tier_3,code_switching,-0.1187,0.2483,20,0
25,attn_out,tr,tier_3,code_switching,0.0026,0.0039,20,0
25,mlp_out,tr,tier_3,code_switching,-0.0067,0.0156,20,0
26,residual,tr,tier_3,code_switching,-0.1421,0.2982,20,0
26,attn_out,tr,tier_3,code_switching,-0.006,0.0129,20,0
26,mlp_out,tr,tier_3,code_switching,-0.0006,0.0064,20,0
27,residual,tr,tier_3,code_switching,-0.0752,0.1614,20,0
27,attn_out,tr,tier_3,code_switching,-0.0101,0.0193,20,0
27,mlp_out,tr,tier_3,code_switching,0.0003,0.0102,20,0
28,residual,tr,tier_3,code_switching,-0.0608,0.1291,20,0
28,attn_out,tr,tier_3,code_switching,-0.0004,0.0009,20,0
28,mlp_out,tr,tier_3,code_switching,-0.0032,0.0077,20,0
29,residual,tr,tier_3,code_switching,0.0048,0.0073,20,0
29,attn_out,tr,tier_3,code_switching,0.0006,0.0008,20,0
29,mlp_out,tr,tier_3,code_switching,-0.0046,0.0077,20,0
30,residual,tr,tier_3,code_switching,0.003,0.0089,20,0
30,attn_out,tr,tier_3,code_switching,0.0,0.0008,20,0
30,mlp_out,tr,tier_3,code_switching,-0.0001,0.0029,20,0
31,residual,tr,tier_3,code_switching,0.0,0.0,20,0
31,attn_out,tr,tier_3,code_switching,0.0,0.0,20,0
31,mlp_out,tr,tier_3,code_switching,0.0,0.0,20,0
0,residual,id,tier_3,code_switching,0.0389,0.0595,20,0
0,attn_out,id,tier_3,code_switching,-0.0007,0.0311,20,0
0,mlp_out,id,tier_3,code_switching,0.0727,0.149,20,0
1,residual,id,tier_3,code_switching,0.0112,0.0489,20,0
1,attn_out,id,tier_3,code_switching,-0.0059,0.0136,20,0
1,mlp_out,id,tier_3,code_switching,-0.0063,0.0328,20,0
2,residual,id,tier_3,code_switching,0.0194,0.0351,20,0
2,attn_out,id,tier_3,code_switching,-0.0049,0.0227,20,0
2,mlp_out,id,tier_3,code_switching,-0.031,0.022,20,0
3,residual,id,tier_3,code_switching,0.0248,0.0471,20,0
3,attn_out,id,tier_3,code_switching,0.0176,0.0088,20,0
3,mlp_out,id,tier_3,code_switching,-0.1311,0.1532,20,0
4,residual,id,tier_3,code_switching,0.0266,0.048,20,0
4,attn_out,id,tier_3,code_switching,-0.0011,0.0201,20,0
4,mlp_out,id,tier_3,code_switching,-0.0044,0.014,20,0
5,residual,id,tier_3,code_switching,0.0247,0.0732,20,0
5,attn_out,id,tier_3,code_switching,0.0112,0.019,20,0
5,mlp_out,id,tier_3,code_switching,-0.0039,0.0171,20,0
6,residual,id,tier_3,code_switching,0.0204,0.0619,20,0
6,attn_out,id,tier_3,code_switching,-0.0107,0.0165,20,0
6,mlp_out,id,tier_3,code_switching,-0.0203,0.049,20,0
7,residual,id,tier_3,code_switching,0.0476,0.0479,20,0
7,attn_out,id,tier_3,code_switching,-0.0062,0.0224,20,0
7,mlp_out,id,tier_3,code_switching,-0.0002,0.0247,20,0
8,residual,id,tier_3,code_switching,0.0411,0.0477,20,0
8,attn_out,id,tier_3,code_switching,-0.0011,0.0069,20,0
8,mlp_out,id,tier_3,code_switching,-0.0149,0.0335,20,0
9,residual,id,tier_3,code_switching,-0.0025,0.0314,20,0
9,attn_out,id,tier_3,code_switching,0.0063,0.0031,20,0
9,mlp_out,id,tier_3,code_switching,-0.0043,0.0091,20,0
10,residual,id,tier_3,code_switching,-0.0032,0.0299,20,0
10,attn_out,id,tier_3,code_switching,-0.0068,0.0071,20,0
10,mlp_out,id,tier_3,code_switching,0.0086,0.0134,20,0
11,residual,id,tier_3,code_switching,0.0039,0.017,20,0
11,attn_out,id,tier_3,code_switching,-0.0006,0.008,20,0
11,mlp_out,id,tier_3,code_switching,-0.0062,0.0163,20,0
12,residual,id,tier_3,code_switching,-0.0027,0.0182,20,0
12,attn_out,id,tier_3,code_switching,0.0014,0.0086,20,0
12,mlp_out,id,tier_3,code_switching,-0.0015,0.0081,20,0
13,residual,id,tier_3,code_switching,-0.0067,0.0343,20,0
13,attn_out,id,tier_3,code_switching,0.0008,0.0038,20,0
13,mlp_out,id,tier_3,code_switching,0.0031,0.0111,20,0
14,residual,id,tier_3,code_switching,-0.0002,0.0199,20,0
14,attn_out,id,tier_3,code_switching,0.0017,0.0052,20,0
14,mlp_out,id,tier_3,code_switching,-0.0023,0.0111,20,0
15,residual,id,tier_3,code_switching,0.0037,0.0187,20,0
15,attn_out,id,tier_3,code_switching,0.0007,0.0022,20,0
15,mlp_out,id,tier_3,code_switching,0.002,0.0033,20,0
16,residual,id,tier_3,code_switching,0.0061,0.0112,20,0
16,attn_out,id,tier_3,code_switching,0.0017,0.0032,20,0
16,mlp_out,id,tier_3,code_switching,-0.0001,0.009,20,0
17,residual,id,tier_3,code_switching,0.0069,0.006,20,0
17,attn_out,id,tier_3,code_switching,-0.0,0.001,20,0
17,mlp_out,id,tier_3,code_switching,-0.0026,0.009,20,0
18,residual,id,tier_3,code_switching,0.0045,0.0062,20,0
18,attn_out,id,tier_3,code_switching,0.0004,0.0039,20,0
18,mlp_out,id,tier_3,code_switching,-0.0008,0.0016,20,0
19,residual,id,tier_3,code_switching,0.0086,0.0046,20,0
19,attn_out,id,tier_3,code_switching,-0.001,0.0022,20,0
19,mlp_out,id,tier_3,code_switching,0.0022,0.004,20,0
20,residual,id,tier_3,code_switching,0.0042,0.0064,20,0
20,attn_out,id,tier_3,code_switching,-0.0029,0.006,20,0
20,mlp_out,id,tier_3,code_switching,0.0018,0.0032,20,0
21,residual,id,tier_3,code_switching,0.0048,0.008,20,0
21,attn_out,id,tier_3,code_switching,-0.0003,0.0008,20,0
21,mlp_out,id,tier_3,code_switching,0.0012,0.0023,20,0
22,residual,id,tier_3,code_switching,0.0032,0.0099,20,0
22,attn_out,id,tier_3,code_switching,-0.0005,0.0009,20,0
22,mlp_out,id,tier_3,code_switching,0.0027,0.0019,20,0
23,residual,id,tier_3,code_switching,-0.003,0.0154,20,0
23,attn_out,id,tier_3,code_switching,-0.0001,0.0006,20,0
23,mlp_out,id,tier_3,code_switching,-0.0003,0.0019,20,0
24,residual,id,tier_3,code_switching,-0.0022,0.0155,20,0
24,attn_out,id,tier_3,code_switching,0.0011,0.0012,20,0
24,mlp_out,id,tier_3,code_switching,0.0016,0.0063,20,0
25,residual,id,tier_3,code_switching,-0.0019,0.0129,20,0
25,attn_out,id,tier_3,code_switching,0.0003,0.0008,20,0
25,mlp_out,id,tier_3,code_switching,-0.002,0.0032,20,0
26,residual,id,tier_3,code_switching,-0.0016,0.0133,20,0
26,attn_out,id,tier_3,code_switching,-0.0015,0.0018,20,0
26,mlp_out,id,tier_3,code_switching,-0.0017,0.004,20,0
27,residual,id,tier_3,code_switching,0.0006,0.0085,20,0
27,attn_out,id,tier_3,code_switching,-0.0004,0.0008,20,0
27,mlp_out,id,tier_3,code_switching,0.0017,0.0027,20,0
28,residual,id,tier_3,code_switching,-0.0011,0.0046,20,0
28,attn_out,id,tier_3,code_switching,-0.0001,0.0009,20,0
28,mlp_out,id,tier_3,code_switching,-0.0002,0.0005,20,0
29,residual,id,tier_3,code_switching,0.0018,0.0027,20,0
29,attn_out,id,tier_3,code_switching,0.0007,0.0009,20,0
29,mlp_out,id,tier_3,code_switching,0.0004,0.0012,20,0
30,residual,id,tier_3,code_switching,0.0012,0.002,20,0
30,attn_out,id,tier_3,code_switching,-0.0001,0.0001,20,0
30,mlp_out,id,tier_3,code_switching,0.0001,0.0011,20,0
31,residual,id,tier_3,code_switching,0.0,0.0,20,0
31,attn_out,id,tier_3,code_switching,0.0,0.0,20,0
31,mlp_out,id,tier_3,code_switching,0.0,0.0,20,0
0,residual,hi,tier_3,code_switching,0.3254,0.6614,20,0
0,attn_out,hi,tier_3,code_switching,-0.1296,0.1372,20,0
0,mlp_out,hi,tier_3,code_switching,0.5579,1.1661,20,0
1,residual,hi,tier_3,code_switching,0.5414,1.0734,20,0
1,attn_out,hi,tier_3,code_switching,0.0161,0.0803,20,0
1,mlp_out,hi,tier_3,code_switching,0.0956,0.1134,20,0
2,residual,hi,tier_3,code_switching,0.5204,0.9828,20,0
2,attn_out,hi,tier_3,code_switching,0.0092,0.031,20,0
2,mlp_out,hi,tier_3,code_switching,-0.0931,0.1822,20,0
3,residual,hi,tier_3,code_switching,0.5039,0.8636,20,0
3,attn_out,hi,tier_3,code_switching,-0.0765,0.1845,20,0
3,mlp_out,hi,tier_3,code_switching,-0.0294,0.0788,20,0
4,residual,hi,tier_3,code_switching,0.6252,1.0818,20,0
4,attn_out,hi,tier_3,code_switching,0.0606,0.1078,20,0
4,mlp_out,hi,tier_3,code_switching,0.0258,0.0628,20,0
5,residual,hi,tier_3,code_switching,0.4367,0.5012,20,0
5,attn_out,hi,tier_3,code_switching,-0.0596,0.2417,20,0
5,mlp_out,hi,tier_3,code_switching,0.1656,0.3344,20,0
6,residual,hi,tier_3,code_switching,0.4255,0.4386,20,0
6,attn_out,hi,tier_3,code_switching,0.1096,0.1619,20,0
6,mlp_out,hi,tier_3,code_switching,0.0322,0.0869,20,0
7,residual,hi,tier_3,code_switching,0.6547,0.6389,20,0
7,attn_out,hi,tier_3,code_switching,-0.0209,0.134,20,0
7,mlp_out,hi,tier_3,code_switching,0.2094,0.3887,20,0
8,residual,hi,tier_3,code_switching,0.7974,0.8922,20,0
8,attn_out,hi,tier_3,code_switching,-0.0262,0.055,20,0
8,mlp_out,hi,tier_3,code_switching,0.0314,0.0784,20,0
9,residual,hi,tier_3,code_switching,0.6217,0.714,20,0
9,attn_out,hi,tier_3,code_switching,0.0331,0.0528,20,0
9,mlp_out,hi,tier_3,code_switching,0.0935,0.1779,20,0
10,residual,hi,tier_3,code_switching,0.554,0.6645,20,0
10,attn_out,hi,tier_3,code_switching,-0.015,0.031,20,0
10,mlp_out,hi,tier_3,code_switching,0.0916,0.1134,20,0
11,residual,hi,tier_3,code_switching,0.4922,0.5481,20,0
11,attn_out,hi,tier_3,code_switching,-0.0475,0.1135,20,0
11,mlp_out,hi,tier_3,code_switching,0.1225,0.2239,20,0
12,residual,hi,tier_3,code_switching,0.5007,0.6797,20,0
12,attn_out,hi,tier_3,code_switching,-0.0235,0.0528,20,0
12,mlp_out,hi,tier_3,code_switching,0.0492,0.0482,20,0
13,residual,hi,tier_3,code_switching,0.518,0.7614,20,0
13,attn_out,hi,tier_3,code_switching,-0.004,0.0089,20,0
13,mlp_out,hi,tier_3,code_switching,0.0402,0.0564,20,0
14,residual,hi,tier_3,code_switching,0.2761,0.3566,20,0
14,attn_out,hi,tier_3,code_switching,-0.0126,0.0289,20,0
14,mlp_out,hi,tier_3,code_switching,0.0255,0.0321,20,0
15,residual,hi,tier_3,code_switching,0.1668,0.1866,20,0
15,attn_out,hi,tier_3,code_switching,0.0074,0.014,20,0
15,mlp_out,hi,tier_3,code_switching,-0.0012,0.0297,20,0
16,residual,hi,tier_3,code_switching,0.1761,0.2203,20,0
16,attn_out,hi,tier_3,code_switching,-0.019,0.0429,20,0
16,mlp_out,hi,tier_3,code_switching,0.0131,0.0107,20,0
17,residual,hi,tier_3,code_switching,0.1489,0.2668,20,0
17,attn_out,hi,tier_3,code_switching,-0.0048,0.01,20,0
17,mlp_out,hi,tier_3,code_switching,0.0229,0.0515,20,0
18,residual,hi,tier_3,code_switching,0.1386,0.2552,20,0
18,attn_out,hi,tier_3,code_switching,-0.0163,0.033,20,0
18,mlp_out,hi,tier_3,code_switching,-0.0231,0.0426,20,0
19,residual,hi,tier_3,code_switching,0.1484,0.2852,20,0
19,attn_out,hi,tier_3,code_switching,-0.0017,0.0064,20,0
19,mlp_out,hi,tier_3,code_switching,0.0015,0.0098,20,0
20,residual,hi,tier_3,code_switching,0.0932,0.1761,20,0
20,attn_out,hi,tier_3,code_switching,-0.0184,0.0334,20,0
20,mlp_out,hi,tier_3,code_switching,0.0098,0.0204,20,0
21,residual,hi,tier_3,code_switching,0.0188,0.0253,20,0
21,attn_out,hi,tier_3,code_switching,-0.0043,0.0089,20,0
21,mlp_out,hi,tier_3,code_switching,0.0016,0.0028,20,0
22,residual,hi,tier_3,code_switching,0.0138,0.017,20,0
22,attn_out,hi,tier_3,code_switching,0.0006,0.0012,20,0
22,mlp_out,hi,tier_3,code_switching,-0.02,0.0419,20,0
23,residual,hi,tier_3,code_switching,0.016,0.0229,20,0
23,attn_out,hi,tier_3,code_switching,-0.0007,0.0017,20,0
23,mlp_out,hi,tier_3,code_switching,-0.0013,0.0068,20,0
24,residual,hi,tier_3,code_switching,0.0847,0.1633,20,0
24,attn_out,hi,tier_3,code_switching,0.0082,0.0132,20,0
24,mlp_out,hi,tier_3,code_switching,0.0015,0.0045,20,0
25,residual,hi,tier_3,code_switching,0.0782,0.1487,20,0
25,attn_out,hi,tier_3,code_switching,0.0045,0.0086,20,0
25,mlp_out,hi,tier_3,code_switching,0.0171,0.0316,20,0
26,residual,hi,tier_3,code_switching,0.0806,0.1523,20,0
26,attn_out,hi,tier_3,code_switching,0.0026,0.0038,20,0
26,mlp_out,hi,tier_3,code_switching,0.0051,0.006,20,0
27,residual,hi,tier_3,code_switching,0.0565,0.1049,20,0
27,attn_out,hi,tier_3,code_switching,0.0033,0.0082,20,0
27,mlp_out,hi,tier_3,code_switching,0.0006,0.0071,20,0
28,residual,hi,tier_3,code_switching,0.0523,0.0958,20,0
28,attn_out,hi,tier_3,code_switching,0.0013,0.0021,20,0
28,mlp_out,hi,tier_3,code_switching,-0.0001,0.003,20,0
29,residual,hi,tier_3,code_switching,0.0039,0.0072,20,0
29,attn_out,hi,tier_3,code_switching,-0.0016,0.0034,20,0
29,mlp_out,hi,tier_3,code_switching,0.0016,0.0025,20,0
30,residual,hi,tier_3,code_switching,0.0017,0.0097,20,0
30,attn_out,hi,tier_3,code_switching,0.0009,0.0019,20,0
30,mlp_out,hi,tier_3,code_switching,0.0005,0.0027,20,0
31,residual,hi,tier_3,code_switching,0.0,0.0,20,0
31,attn_out,hi,tier_3,code_switching,0.0,0.0,20,0
31,mlp_out,hi,tier_3,code_switching,0.0,0.0,20,0
0,residual,sw,tier_3,code_switching,0.0768,0.0428,20,0
0,attn_out,sw,tier_3,code_switching,0.0128,0.0225,20,0
0,mlp_out,sw,tier_3,code_switching,0.0645,0.0351,20,0
1,residual,sw,tier_3,code_switching,0.1115,0.0507,20,0
1,attn_out,sw,tier_3,code_switching,0.0177,0.0163,20,0
1,mlp_out,sw,tier_3,code_switching,0.0128,0.0238,20,0
2,residual,sw,tier_3,code_switching,0.1601,0.0892,20,0
2,attn_out,sw,tier_3,code_switching,0.016,0.0215,20,0
2,mlp_out,sw,tier_3,code_switching,0.0083,0.017,20,0
3,residual,sw,tier_3,code_switching,0.2198,0.1297,20,0
3,attn_out,sw,tier_3,code_switching,0.0447,0.0652,20,0
3,mlp_out,sw,tier_3,code_switching,0.0078,0.0269,20,0
4,residual,sw,tier_3,code_switching,0.2127,0.125,20,0
4,attn_out,sw,tier_3,code_switching,0.0061,0.0052,20,0
4,mlp_out,sw,tier_3,code_switching,0.0601,0.0539,20,0
5,residual,sw,tier_3,code_switching,0.2434,0.1183,20,0
5,attn_out,sw,tier_3,code_switching,0.0297,0.0244,20,0
5,mlp_out,sw,tier_3,code_switching,0.0186,0.0366,20,0
6,residual,sw,tier_3,code_switching,0.2754,0.1429,20,0
6,attn_out,sw,tier_3,code_switching,0.0053,0.0194,20,0
6,mlp_out,sw,tier_3,code_switching,0.0319,0.0542,20,0
7,residual,sw,tier_3,code_switching,0.304,0.1557,20,0
7,attn_out,sw,tier_3,code_switching,0.0126,0.0127,20,0
7,mlp_out,sw,tier_3,code_switching,0.0104,0.0153,20,0
8,residual,sw,tier_3,code_switching,0.3039,0.1597,20,0
8,attn_out,sw,tier_3,code_switching,0.0013,0.0094,20,0
8,mlp_out,sw,tier_3,code_switching,0.0519,0.0429,20,0
9,residual,sw,tier_3,code_switching,0.2236,0.1213,20,0
9,attn_out,sw,tier_3,code_switching,0.0038,0.0104,20,0
9,mlp_out,sw,tier_3,code_switching,-0.013,0.0171,20,0
10,residual,sw,tier_3,code_switching,0.223,0.1233,20,0
10,attn_out,sw,tier_3,code_switching,-0.0007,0.0129,20,0
10,mlp_out,sw,tier_3,code_switching,0.0185,0.0146,20,0
11,residual,sw,tier_3,code_switching,0.2241,0.1206,20,0
11,attn_out,sw,tier_3,code_switching,-0.0061,0.0158,20,0
11,mlp_out,sw,tier_3,code_switching,-0.0002,0.023,20,0
12,residual,sw,tier_3,code_switching,0.1827,0.1019,20,0
12,attn_out,sw,tier_3,code_switching,-0.0034,0.0032,20,0
12,mlp_out,sw,tier_3,code_switching,-0.0001,0.0089,20,0
13,residual,sw,tier_3,code_switching,0.1583,0.09,20,0
13,attn_out,sw,tier_3,code_switching,-0.0012,0.0073,20,0
13,mlp_out,sw,tier_3,code_switching,-0.0065,0.0166,20,0
14,residual,sw,tier_3,code_switching,0.1492,0.1008,20,0
14,attn_out,sw,tier_3,code_switching,-0.0018,0.0054,20,0
14,mlp_out,sw,tier_3,code_switching,0.0069,0.0102,20,0
15,residual,sw,tier_3,code_switching,0.1036,0.0699,20,0
15,attn_out,sw,tier_3,code_switching,-0.0011,0.0042,20,0
15,mlp_out,sw,tier_3,code_switching,-0.002,0.0076,20,0
16,residual,sw,tier_3,code_switching,0.0938,0.0642,20,0
16,attn_out,sw,tier_3,code_switching,0.0011,0.0009,20,0
16,mlp_out,sw,tier_3,code_switching,-0.0044,0.0118,20,0
17,residual,sw,tier_3,code_switching,0.0249,0.017,20,0
17,attn_out,sw,tier_3,code_switching,0.0001,0.0026,20,0
17,mlp_out,sw,tier_3,code_switching,0.0011,0.0032,20,0
18,residual,sw,tier_3,code_switching,0.0107,0.0153,20,0
18,attn_out,sw,tier_3,code_switching,-0.0008,0.0014,20,0
18,mlp_out,sw,tier_3,code_switching,0.0006,0.0045,20,0
19,residual,sw,tier_3,code_switching,0.01,0.0096,20,0
19,attn_out,sw,tier_3,code_switching,0.0005,0.0017,20,0
19,mlp_out,sw,tier_3,code_switching,0.0011,0.0035,20,0
20,residual,sw,tier_3,code_switching,0.0102,0.0155,20,0
20,attn_out,sw,tier_3,code_switching,0.0,0.0022,20,0
20,mlp_out,sw,tier_3,code_switching,0.0011,0.0005,20,0
21,residual,sw,tier_3,code_switching,0.0123,0.012,20,0
21,attn_out,sw,tier_3,code_switching,0.0001,0.0007,20,0
21,mlp_out,sw,tier_3,code_switching,0.0028,0.0028,20,0
22,residual,sw,tier_3,code_switching,0.0081,0.0106,20,0
22,attn_out,sw,tier_3,code_switching,-0.0002,0.0004,20,0
22,mlp_out,sw,tier_3,code_switching,0.003,0.0047,20,0
23,residual,sw,tier_3,code_switching,0.0045,0.0162,20,0
23,attn_out,sw,tier_3,code_switching,-0.0004,0.0011,20,0
23,mlp_out,sw,tier_3,code_switching,-0.0002,0.0017,20,0
24,residual,sw,tier_3,code_switching,-0.0024,0.0138,20,0
24,attn_out,sw,tier_3,code_switching,0.0011,0.0015,20,0
24,mlp_out,sw,tier_3,code_switching,0.0005,0.001,20,0
25,residual,sw,tier_3,code_switching,-0.0031,0.0141,20,0
25,attn_out,sw,tier_3,code_switching,0.0002,0.0002,20,0
25,mlp_out,sw,tier_3,code_switching,0.0011,0.0013,20,0
26,residual,sw,tier_3,code_switching,-0.0027,0.0129,20,0
26,attn_out,sw,tier_3,code_switching,-0.0001,0.0001,20,0
26,mlp_out,sw,tier_3,code_switching,0.0014,0.0011,20,0
27,residual,sw,tier_3,code_switching,-0.0005,0.009,20,0
27,attn_out,sw,tier_3,code_switching,-0.0003,0.0003,20,0
27,mlp_out,sw,tier_3,code_switching,0.0014,0.0011,20,0
28,residual,sw,tier_3,code_switching,0.0011,0.0052,20,0
28,attn_out,sw,tier_3,code_switching,0.0002,0.0005,20,0
28,mlp_out,sw,tier_3,code_switching,0.001,0.0019,20,0
29,residual,sw,tier_3,code_switching,0.004,0.0025,20,0
29,attn_out,sw,tier_3,code_switching,0.0001,0.0011,20,0
29,mlp_out,sw,tier_3,code_switching,0.0008,0.001,20,0
30,residual,sw,tier_3,code_switching,0.0026,0.0022,20,0
30,attn_out,sw,tier_3,code_switching,0.0001,0.0002,20,0
30,mlp_out,sw,tier_3,code_switching,-0.0003,0.0009,20,0
31,residual,sw,tier_3,code_switching,0.0,0.0,20,0
31,attn_out,sw,tier_3,code_switching,0.0,0.0,20,0
31,mlp_out,sw,tier_3,code_switching,0.0,0.0,20,0
0,residual,yo,tier_4,code_switching,0.1196,0.0964,20,0
0,attn_out,yo,tier_4,code_switching,0.0142,0.0142,20,0
0,mlp_out,yo,tier_4,code_switching,0.1027,0.0843,20,0
1,residual,yo,tier_4,code_switching,0.158,0.0838,20,0
1,attn_out,yo,tier_4,code_switching,0.0172,0.0222,20,0
1,mlp_out,yo,tier_4,code_switching,0.0068,0.0115,20,0
2,residual,yo,tier_4,code_switching,0.2075,0.141,20,0
2,attn_out,yo,tier_4,code_switching,0.0069,0.0072,20,0
2,mlp_out,yo,tier_4,code_switching,-0.0019,0.0073,20,0
3,residual,yo,tier_4,code_switching,0.2358,0.1672,20,0
3,attn_out,yo,tier_4,code_switching,0.0243,0.0419,20,0
3,mlp_out,yo,tier_4,code_switching,-0.0015,0.0046,20,0
4,residual,yo,tier_4,code_switching,0.2408,0.1682,20,0
4,attn_out,yo,tier_4,code_switching,0.0048,0.0058,20,0
4,mlp_out,yo,tier_4,code_switching,0.0555,0.0345,20,0
5,residual,yo,tier_4,code_switching,0.2826,0.1646,20,0
5,attn_out,yo,tier_4,code_switching,0.028,0.0262,20,0
5,mlp_out,yo,tier_4,code_switching,0.0227,0.0284,20,0
6,residual,yo,tier_4,code_switching,0.3089,0.1746,20,0
6,attn_out,yo,tier_4,code_switching,0.011,0.0137,20,0
6,mlp_out,yo,tier_4,code_switching,0.0261,0.0307,20,0
7,residual,yo,tier_4,code_switching,0.3269,0.1824,20,0
7,attn_out,yo,tier_4,code_switching,0.0102,0.0092,20,0
7,mlp_out,yo,tier_4,code_switching,0.0054,0.0019,20,0
8,residual,yo,tier_4,code_switching,0.3231,0.1831,20,0
8,attn_out,yo,tier_4,code_switching,0.0003,0.0043,20,0
8,mlp_out,yo,tier_4,code_switching,0.0283,0.0359,20,0
9,residual,yo,tier_4,code_switching,0.272,0.1672,20,0
9,attn_out,yo,tier_4,code_switching,-0.0002,0.0027,20,0
9,mlp_out,yo,tier_4,code_switching,-0.0013,0.0103,20,0
10,residual,yo,tier_4,code_switching,0.2561,0.1551,20,0
10,attn_out,yo,tier_4,code_switching,-0.0017,0.0018,20,0
10,mlp_out,yo,tier_4,code_switching,0.0044,0.0063,20,0
11,residual,yo,tier_4,code_switching,0.2564,0.1591,20,0
11,attn_out,yo,tier_4,code_switching,0.0008,0.0037,20,0
11,mlp_out,yo,tier_4,code_switching,-0.0027,0.0106,20,0
12,residual,yo,tier_4,code_switching,0.1966,0.1311,20,0
12,attn_out,yo,tier_4,code_switching,-0.0027,0.005,20,0
12,mlp_out,yo,tier_4,code_switching,-0.0022,0.0094,20,0
13,residual,yo,tier_4,code_switching,0.1647,0.1154,20,0
13,attn_out,yo,tier_4,code_switching,-0.0047,0.0039,20,0
13,mlp_out,yo,tier_4,code_switching,-0.0007,0.0158,20,0
14,residual,yo,tier_4,code_switching,0.1231,0.0919,20,0
14,attn_out,yo,tier_4,code_switching,-0.0005,0.0005,20,0
14,mlp_out,yo,tier_4,code_switching,0.0056,0.0052,20,0
15,residual,yo,tier_4,code_switching,0.0797,0.0594,20,0
15,attn_out,yo,tier_4,code_switching,0.0001,0.002,20,0
15,mlp_out,yo,tier_4,code_switching,0.0009,0.0042,20,0
16,residual,yo,tier_4,code_switching,0.0698,0.0513,20,0
16,attn_out,yo,tier_4,code_switching,0.0018,0.0047,20,0
16,mlp_out,yo,tier_4,code_switching,0.0018,0.0113,20,0
17,residual,yo,tier_4,code_switching,0.0156,0.0198,20,0
17,attn_out,yo,tier_4,code_switching,-0.0003,0.0008,20,0
17,mlp_out,yo,tier_4,code_switching,0.0017,0.0023,20,0
18,residual,yo,tier_4,code_switching,0.0061,0.02,20,0
18,attn_out,yo,tier_4,code_switching,-0.0005,0.002,20,0
18,mlp_out,yo,tier_4,code_switching,0.0005,0.0059,20,0
19,residual,yo,tier_4,code_switching,0.0091,0.0153,20,0
19,attn_out,yo,tier_4,code_switching,-0.0005,0.0011,20,0
19,mlp_out,yo,tier_4,code_switching,0.0006,0.0031,20,0
20,residual,yo,tier_4,code_switching,0.0105,0.0169,20,0
20,attn_out,yo,tier_4,code_switching,0.0011,0.0026,20,0
20,mlp_out,yo,tier_4,code_switching,-0.0015,0.0018,20,0
21,residual,yo,tier_4,code_switching,0.0088,0.0187,20,0
21,attn_out,yo,tier_4,code_switching,-0.0002,0.0005,20,0
21,mlp_out,yo,tier_4,code_switching,0.0004,0.003,20,0
22,residual,yo,tier_4,code_switching,0.0064,0.0148,20,0
22,attn_out,yo,tier_4,code_switching,0.0001,0.0006,20,0
22,mlp_out,yo,tier_4,code_switching,0.0003,0.0018,20,0
23,residual,yo,tier_4,code_switching,0.0057,0.0076,20,0
23,attn_out,yo,tier_4,code_switching,-0.0003,0.0008,20,0
23,mlp_out,yo,tier_4,code_switching,-0.0003,0.0016,20,0
24,residual,yo,tier_4,code_switching,-0.0014,0.0055,20,0
24,attn_out,yo,tier_4,code_switching,-0.0002,0.0003,20,0
24,mlp_out,yo,tier_4,code_switching,0.0003,0.0003,20,0
25,residual,yo,tier_4,code_switching,-0.0012,0.0048,20,0
25,attn_out,yo,tier_4,code_switching,-0.0,0.0001,20,0
25,mlp_out,yo,tier_4,code_switching,-0.0,0.0004,20,0
26,residual,yo,tier_4,code_switching,-0.0015,0.0051,20,0
26,attn_out,yo,tier_4,code_switching,0.0001,0.0003,20,0
26,mlp_out,yo,tier_4,code_switching,-0.0005,0.0008,20,0
27,residual,yo,tier_4,code_switching,-0.0003,0.0038,20,0
27,attn_out,yo,tier_4,code_switching,0.0001,0.0002,20,0
27,mlp_out,yo,tier_4,code_switching,0.0007,0.001,20,0
28,residual,yo,tier_4,code_switching,0.0007,0.0019,20,0
28,attn_out,yo,tier_4,code_switching,-0.0,0.0003,20,0
28,mlp_out,yo,tier_4,code_switching,0.0003,0.0007,20,0
29,residual,yo,tier_4,code_switching,0.0024,0.0031,20,0
29,attn_out,yo,tier_4,code_switching,0.0004,0.0002,20,0
29,mlp_out,yo,tier_4,code_switching,-0.0,0.0003,20,0
30,residual,yo,tier_4,code_switching,0.0027,0.0028,20,0
30,attn_out,yo,tier_4,code_switching,0.0001,0.0001,20,0
30,mlp_out,yo,tier_4,code_switching,-0.0003,0.0004,20,0
31,residual,yo,tier_4,code_switching,0.0,0.0,20,0
31,attn_out,yo,tier_4,code_switching,0.0,0.0,20,0
31,mlp_out,yo,tier_4,code_switching,0.0,0.0,20,0
0,residual,zu,tier_4,code_switching,0.1357,0.1609,20,0
0,attn_out,zu,tier_4,code_switching,0.0099,0.04,20,0
0,mlp_out,zu,tier_4,code_switching,0.1132,0.1307,20,0
1,residual,zu,tier_4,code_switching,0.1582,0.1484,20,0
1,attn_out,zu,tier_4,code_switching,0.0099,0.0268,20,0
1,mlp_out,zu,tier_4,code_switching,0.0076,0.0223,20,0
2,residual,zu,tier_4,code_switching,0.2131,0.1989,20,0
2,attn_out,zu,tier_4,code_switching,0.0147,0.0301,20,0
2,mlp_out,zu,tier_4,code_switching,-0.0041,0.0221,20,0
3,residual,zu,tier_4,code_switching,0.2618,0.2274,20,0
3,attn_out,zu,tier_4,code_switching,0.0349,0.0512,20,0
3,mlp_out,zu,tier_4,code_switching,0.0017,0.0247,20,0
4,residual,zu,tier_4,code_switching,0.2605,0.2203,20,0
4,attn_out,zu,tier_4,code_switching,-0.0044,0.0099,20,0
4,mlp_out,zu,tier_4,code_switching,0.0874,0.0697,20,0
5,residual,zu,tier_4,code_switching,0.3,0.2,20,0
5,attn_out,zu,tier_4,code_switching,0.0378,0.0285,20,0
5,mlp_out,zu,tier_4,code_switching,0.0259,0.0501,20,0
6,residual,zu,tier_4,code_switching,0.3138,0.2018,20,0
6,attn_out,zu,tier_4,code_switching,0.0046,0.018,20,0
6,mlp_out,zu,tier_4,code_switching,0.0351,0.0469,20,0
7,residual,zu,tier_4,code_switching,0.3193,0.1862,20,0
7,attn_out,zu,tier_4,code_switching,0.0188,0.0215,20,0
7,mlp_out,zu,tier_4,code_switching,0.0188,0.0323,20,0
8,residual,zu,tier_4,code_switching,0.3138,0.1859,20,0
8,attn_out,zu,tier_4,code_switching,0.0028,0.0079,20,0
8,mlp_out,zu,tier_4,code_switching,0.034,0.0481,20,0
9,residual,zu,tier_4,code_switching,0.2488,0.1466,20,0
9,attn_out,zu,tier_4,code_switching,-0.0005,0.0123,20,0
9,mlp_out,zu,tier_4,code_switching,-0.0091,0.0205,20,0
10,residual,zu,tier_4,code_switching,0.2279,0.1215,20,0
10,attn_out,zu,tier_4,code_switching,-0.0107,0.0189,20,0
10,mlp_out,zu,tier_4,code_switching,0.0145,0.0152,20,0
11,residual,zu,tier_4,code_switching,0.2288,0.1224,20,0
11,attn_out,zu,tier_4,code_switching,0.0019,0.0075,20,0
11,mlp_out,zu,tier_4,code_switching,0.0048,0.0148,20,0
12,residual,zu,tier_4,code_switching,0.1717,0.0949,20,0
12,attn_out,zu,tier_4,code_switching,-0.0057,0.0101,20,0
12,mlp_out,zu,tier_4,code_switching,-0.0018,0.0179,20,0
13,residual,zu,tier_4,code_switching,0.153,0.0841,20,0
13,attn_out,zu,tier_4,code_switching,-0.0018,0.0066,20,0
13,mlp_out,zu,tier_4,code_switching,-0.0065,0.0108,20,0
14,residual,zu,tier_4,code_switching,0.1241,0.0767,20,0
14,attn_out,zu,tier_4,code_switching,0.0004,0.0016,20,0
14,mlp_out,zu,tier_4,code_switching,0.004,0.0034,20,0
15,residual,zu,tier_4,code_switching,0.0825,0.0627,20,0
15,attn_out,zu,tier_4,code_switching,0.002,0.0035,20,0
15,mlp_out,zu,tier_4,code_switching,0.003,0.0052,20,0
16,residual,zu,tier_4,code_switching,0.0732,0.058,20,0
16,attn_out,zu,tier_4,code_switching,0.0026,0.0034,20,0
16,mlp_out,zu,tier_4,code_switching,-0.0003,0.0114,20,0
17,residual,zu,tier_4,code_switching,0.0002,0.0124,20,0
17,attn_out,zu,tier_4,code_switching,-0.0011,0.0009,20,0
17,mlp_out,zu,tier_4,code_switching,0.0,0.005,20,0
18,residual,zu,tier_4,code_switching,-0.0095,0.0198,20,0
18,attn_out,zu,tier_4,code_switching,0.0017,0.0022,20,0
18,mlp_out,zu,tier_4,code_switching,0.0056,0.0075,20,0
19,residual,zu,tier_4,code_switching,-0.0038,0.0162,20,0
19,attn_out,zu,tier_4,code_switching,0.0002,0.0016,20,0
19,mlp_out,zu,tier_4,code_switching,0.0022,0.0042,20,0
20,residual,zu,tier_4,code_switching,-0.0012,0.0133,20,0
20,attn_out,zu,tier_4,code_switching,0.0015,0.0027,20,0
20,mlp_out,zu,tier_4,code_switching,0.001,0.0019,20,0
21,residual,zu,tier_4,code_switching,0.0016,0.0066,20,0
21,attn_out,zu,tier_4,code_switching,-0.0001,0.0005,20,0
21,mlp_out,zu,tier_4,code_switching,0.0002,0.0021,20,0
22,residual,zu,tier_4,code_switching,0.0009,0.0082,20,0
22,attn_out,zu,tier_4,code_switching,0.0005,0.0007,20,0
22,mlp_out,zu,tier_4,code_switching,0.0027,0.0014,20,0
23,residual,zu,tier_4,code_switching,0.0024,0.0077,20,0
23,attn_out,zu,tier_4,code_switching,-0.0005,0.0014,20,0
23,mlp_out,zu,tier_4,code_switching,0.0002,0.003,20,0
24,residual,zu,tier_4,code_switching,-0.0024,0.009,20,0
24,attn_out,zu,tier_4,code_switching,-0.0002,0.0004,20,0
24,mlp_out,zu,tier_4,code_switching,0.0004,0.0006,20,0
25,residual,zu,tier_4,code_switching,-0.0019,0.0075,20,0
25,attn_out,zu,tier_4,code_switching,0.0003,0.0002,20,0
25,mlp_out,zu,tier_4,code_switching,-0.0004,0.0006,20,0
26,residual,zu,tier_4,code_switching,-0.0008,0.0075,20,0
26,attn_out,zu,tier_4,code_switching,-0.0001,0.0007,20,0
26,mlp_out,zu,tier_4,code_switching,0.0005,0.0012,20,0
27,residual,zu,tier_4,code_switching,0.0008,0.006,20,0
27,attn_out,zu,tier_4,code_switching,-0.0001,0.0008,20,0
27,mlp_out,zu,tier_4,code_switching,0.0018,0.0015,20,0
28,residual,zu,tier_4,code_switching,0.0012,0.0023,20,0
28,attn_out,zu,tier_4,code_switching,-0.0001,0.0004,20,0
28,mlp_out,zu,tier_4,code_switching,0.0001,0.0005,20,0
29,residual,zu,tier_4,code_switching,0.0022,0.0037,20,0
29,attn_out,zu,tier_4,code_switching,0.0012,0.0005,20,0
29,mlp_out,zu,tier_4,code_switching,-0.0011,0.0013,20,0
30,residual,zu,tier_4,code_switching,0.0017,0.0014,20,0
30,attn_out,zu,tier_4,code_switching,0.0005,0.0002,20,0
30,mlp_out,zu,tier_4,code_switching,-0.0008,0.0006,20,0
31,residual,zu,tier_4,code_switching,0.0,0.0,20,0
31,attn_out,zu,tier_4,code_switching,0.0,0.0,20,0
31,mlp_out,zu,tier_4,code_switching,0.0,0.0,20,0
0,residual,gd,tier_4,code_switching,0.1299,0.094,20,0
0,attn_out,gd,tier_4,code_switching,0.0412,0.0734,20,0
0,mlp_out,gd,tier_4,code_switching,0.0837,0.0854,20,0
1,residual,gd,tier_4,code_switching,0.1781,0.1207,20,0
1,attn_out,gd,tier_4,code_switching,0.0162,0.0353,20,0
1,mlp_out,gd,tier_4,code_switching,0.0667,0.0751,20,0
2,residual,gd,tier_4,code_switching,0.26,0.2284,20,0
2,attn_out,gd,tier_4,code_switching,0.0632,0.0513,20,0
2,mlp_out,gd,tier_4,code_switching,-0.0034,0.0425,20,0
3,residual,gd,tier_4,code_switching,0.3038,0.2209,20,0
3,attn_out,gd,tier_4,code_switching,0.0905,0.0964,20,0
3,mlp_out,gd,tier_4,code_switching,0.0608,0.0685,20,0
4,residual,gd,tier_4,code_switching,0.3027,0.2187,20,0
4,attn_out,gd,tier_4,code_switching,0.0053,0.0052,20,0
4,mlp_out,gd,tier_4,code_switching,0.1519,0.1207,20,0
5,residual,gd,tier_4,code_switching,0.3518,0.2036,20,0
5,attn_out,gd,tier_4,code_switching,0.0878,0.0785,20,0
5,mlp_out,gd,tier_4,code_switching,0.0657,0.0853,20,0
6,residual,gd,tier_4,code_switching,0.368,0.2137,20,0
6,attn_out,gd,tier_4,code_switching,0.005,0.0295,20,0
6,mlp_out,gd,tier_4,code_switching,0.137,0.1092,20,0
7,residual,gd,tier_4,code_switching,0.4003,0.2261,20,0
7,attn_out,gd,tier_4,code_switching,0.028,0.0225,20,0
7,mlp_out,gd,tier_4,code_switching,0.0416,0.051,20,0
8,residual,gd,tier_4,code_switching,0.4003,0.2237,20,0
8,attn_out,gd,tier_4,code_switching,0.001,0.0032,20,0
8,mlp_out,gd,tier_4,code_switching,0.1422,0.1255,20,0
9,residual,gd,tier_4,code_switching,0.3217,0.2012,20,0
9,attn_out,gd,tier_4,code_switching,-0.005,0.0109,20,0
9,mlp_out,gd,tier_4,code_switching,0.0118,0.0157,20,0
10,residual,gd,tier_4,code_switching,0.3031,0.191,20,0
10,attn_out,gd,tier_4,code_switching,-0.0035,0.0132,20,0
10,mlp_out,gd,tier_4,code_switching,0.0271,0.0266,20,0
11,residual,gd,tier_4,code_switching,0.2997,0.1871,20,0
11,attn_out,gd,tier_4,code_switching,-0.0032,0.0054,20,0
11,mlp_out,gd,tier_4,code_switching,0.0493,0.047,20,0
12,residual,gd,tier_4,code_switching,0.2531,0.1744,20,0
12,attn_out,gd,tier_4,code_switching,-0.0059,0.0076,20,0
12,mlp_out,gd,tier_4,code_switching,0.0265,0.0264,20,0
13,residual,gd,tier_4,code_switching,0.233,0.166,20,0
13,attn_out,gd,tier_4,code_switching,-0.0061,0.0071,20,0
13,mlp_out,gd,tier_4,code_switching,0.0208,0.0211,20,0
14,residual,gd,tier_4,code_switching,0.2059,0.1638,20,0
14,attn_out,gd,tier_4,code_switching,-0.0059,0.0072,20,0
14,mlp_out,gd,tier_4,code_switching,0.0259,0.0265,20,0
15,residual,gd,tier_4,code_switching,0.1437,0.1024,20,0
15,attn_out,gd,tier_4,code_switching,0.002,0.006,20,0
15,mlp_out,gd,tier_4,code_switching,0.0087,0.0073,20,0
16,residual,gd,tier_4,code_switching,0.1265,0.091,20,0
16,attn_out,gd,tier_4,code_switching,-0.0008,0.0019,20,0
16,mlp_out,gd,tier_4,code_switching,0.0093,0.018,20,0
17,residual,gd,tier_4,code_switching,0.0351,0.0368,20,0
17,attn_out,gd,tier_4,code_switching,-0.0025,0.0017,20,0
17,mlp_out,gd,tier_4,code_switching,0.0088,0.0114,20,0
18,residual,gd,tier_4,code_switching,0.021,0.0279,20,0
18,attn_out,gd,tier_4,code_switching,-0.0009,0.0018,20,0
18,mlp_out,gd,tier_4,code_switching,-0.0001,0.0044,20,0
19,residual,gd,tier_4,code_switching,0.0218,0.0244,20,0
19,attn_out,gd,tier_4,code_switching,-0.0006,0.0013,20,0
19,mlp_out,gd,tier_4,code_switching,0.0056,0.0049,20,0
20,residual,gd,tier_4,code_switching,0.0221,0.0265,20,0
20,attn_out,gd,tier_4,code_switching,0.0008,0.0009,20,0
20,mlp_out,gd,tier_4,code_switching,0.0025,0.0044,20,0
21,residual,gd,tier_4,code_switching,0.0238,0.0236,20,0
21,attn_out,gd,tier_4,code_switching,-0.0002,0.0014,20,0
21,mlp_out,gd,tier_4,code_switching,0.0013,0.0037,20,0
22,residual,gd,tier_4,code_switching,0.0182,0.0184,20,0
22,attn_out,gd,tier_4,code_switching,-0.0002,0.0003,20,0
22,mlp_out,gd,tier_4,code_switching,0.0045,0.0046,20,0
23,residual,gd,tier_4,code_switching,0.0129,0.0123,20,0
23,attn_out,gd,tier_4,code_switching,0.0002,0.0011,20,0
23,mlp_out,gd,tier_4,code_switching,0.0017,0.0028,20,0
24,residual,gd,tier_4,code_switching,0.0027,0.011,20,0
24,attn_out,gd,tier_4,code_switching,-0.0002,0.0008,20,0
24,mlp_out,gd,tier_4,code_switching,0.0015,0.0013,20,0
25,residual,gd,tier_4,code_switching,-0.0009,0.0085,20,0
25,attn_out,gd,tier_4,code_switching,0.0003,0.0002,20,0
25,mlp_out,gd,tier_4,code_switching,0.0005,0.0009,20,0
26,residual,gd,tier_4,code_switching,-0.0007,0.0086,20,0
26,attn_out,gd,tier_4,code_switching,0.0001,0.0002,20,0
26,mlp_out,gd,tier_4,code_switching,0.0003,0.0006,20,0
27,residual,gd,tier_4,code_switching,0.0003,0.0035,20,0
27,attn_out,gd,tier_4,code_switching,-0.0004,0.0006,20,0
27,mlp_out,gd,tier_4,code_switching,0.0012,0.0017,20,0
28,residual,gd,tier_4,code_switching,0.0013,0.0021,20,0
28,attn_out,gd,tier_4,code_switching,-0.0,0.0004,20,0
28,mlp_out,gd,tier_4,code_switching,-0.0001,0.002,20,0
29,residual,gd,tier_4,code_switching,0.0041,0.007,20,0
29,attn_out,gd,tier_4,code_switching,0.0002,0.0003,20,0
29,mlp_out,gd,tier_4,code_switching,0.0003,0.0011,20,0
30,residual,gd,tier_4,code_switching,0.0028,0.0039,20,0
30,attn_out,gd,tier_4,code_switching,0.0002,0.0003,20,0
30,mlp_out,gd,tier_4,code_switching,-0.0003,0.002,20,0
31,residual,gd,tier_4,code_switching,0.0,0.0,20,0
31,attn_out,gd,tier_4,code_switching,0.0,0.0,20,0
31,mlp_out,gd,tier_4,code_switching,0.0,0.0,20,0
0,residual,gn,tier_4,code_switching,0.1256,0.096,20,0
0,attn_out,gn,tier_4,code_switching,0.0223,0.046,20,0
0,mlp_out,gn,tier_4,code_switching,0.0821,0.064,20,0
1,residual,gn,tier_4,code_switching,0.1731,0.136,20,0
1,attn_out,gn,tier_4,code_switching,0.056,0.0861,20,0
1,mlp_out,gn,tier_4,code_switching,0.0337,0.0887,20,0
2,residual,gn,tier_4,code_switching,0.2282,0.1519,20,0
2,attn_out,gn,tier_4,code_switching,0.0398,0.0799,20,0
2,mlp_out,gn,tier_4,code_switching,0.0125,0.0252,20,0
3,residual,gn,tier_4,code_switching,0.2973,0.1816,20,0
3,attn_out,gn,tier_4,code_switching,0.069,0.1465,20,0
3,mlp_out,gn,tier_4,code_switching,0.0114,0.0198,20,0
4,residual,gn,tier_4,code_switching,0.2917,0.1724,20,0
4,attn_out,gn,tier_4,code_switching,-0.0003,0.0123,20,0
4,mlp_out,gn,tier_4,code_switching,0.1241,0.1674,20,0
5,residual,gn,tier_4,code_switching,0.3347,0.1411,20,0
5,attn_out,gn,tier_4,code_switching,0.0497,0.0768,20,0
5,mlp_out,gn,tier_4,code_switching,0.0415,0.0217,20,0
6,residual,gn,tier_4,code_switching,0.3419,0.1516,20,0
6,attn_out,gn,tier_4,code_switching,-0.0095,0.0214,20,0
6,mlp_out,gn,tier_4,code_switching,0.0949,0.1308,20,0
7,residual,gn,tier_4,code_switching,0.3428,0.1832,20,0
7,attn_out,gn,tier_4,code_switching,0.017,0.0306,20,0
7,mlp_out,gn,tier_4,code_switching,0.0301,0.0476,20,0
8,residual,gn,tier_4,code_switching,0.3395,0.1846,20,0
8,attn_out,gn,tier_4,code_switching,0.0012,0.0068,20,0
8,mlp_out,gn,tier_4,code_switching,0.0761,0.0984,20,0
9,residual,gn,tier_4,code_switching,0.2143,0.1509,20,0
9,attn_out,gn,tier_4,code_switching,-0.0121,0.0329,20,0
9,mlp_out,gn,tier_4,code_switching,0.0034,0.0129,20,0
10,residual,gn,tier_4,code_switching,0.2057,0.1693,20,0
10,attn_out,gn,tier_4,code_switching,-0.0051,0.0136,20,0
10,mlp_out,gn,tier_4,code_switching,0.0282,0.0242,20,0
11,residual,gn,tier_4,code_switching,0.2095,0.1651,20,0
11,attn_out,gn,tier_4,code_switching,0.0155,0.0291,20,0
11,mlp_out,gn,tier_4,code_switching,0.0309,0.0597,20,0
12,residual,gn,tier_4,code_switching,0.1307,0.1579,20,0
12,attn_out,gn,tier_4,code_switching,-0.0059,0.0061,20,0
12,mlp_out,gn,tier_4,code_switching,-0.0094,0.0473,20,0
13,residual,gn,tier_4,code_switching,0.0943,0.1789,20,0
13,attn_out,gn,tier_4,code_switching,-0.0045,0.0192,20,0
13,mlp_out,gn,tier_4,code_switching,-0.01,0.0424,20,0
14,residual,gn,tier_4,code_switching,0.0941,0.1291,20,0
14,attn_out,gn,tier_4,code_switching,-0.0026,0.0034,20,0
14,mlp_out,gn,tier_4,code_switching,-0.0075,0.0353,20,0
15,residual,gn,tier_4,code_switching,0.0729,0.116,20,0
15,attn_out,gn,tier_4,code_switching,-0.0039,0.0115,20,0
15,mlp_out,gn,tier_4,code_switching,0.0016,0.0174,20,0
16,residual,gn,tier_4,code_switching,0.0618,0.1052,20,0
16,attn_out,gn,tier_4,code_switching,0.0014,0.0017,20,0
16,mlp_out,gn,tier_4,code_switching,0.0014,0.0147,20,0
17,residual,gn,tier_4,code_switching,0.0119,0.0259,20,0
17,attn_out,gn,tier_4,code_switching,-0.0008,0.0033,20,0
17,mlp_out,gn,tier_4,code_switching,0.002,0.0072,20,0
18,residual,gn,tier_4,code_switching,0.0102,0.016,20,0
18,attn_out,gn,tier_4,code_switching,-0.0006,0.0021,20,0
18,mlp_out,gn,tier_4,code_switching,0.0081,0.0142,20,0
19,residual,gn,tier_4,code_switching,0.0133,0.0124,20,0
19,attn_out,gn,tier_4,code_switching,-0.0013,0.0058,20,0
19,mlp_out,gn,tier_4,code_switching,0.0025,0.0035,20,0
20,residual,gn,tier_4,code_switching,0.0193,0.0139,20,0
20,attn_out,gn,tier_4,code_switching,-0.0012,0.0016,20,0
20,mlp_out,gn,tier_4,code_switching,-0.003,0.0064,20,0
21,residual,gn,tier_4,code_switching,0.0258,0.0246,20,0
21,attn_out,gn,tier_4,code_switching,0.0006,0.0008,20,0
21,mlp_out,gn,tier_4,code_switching,0.0069,0.0086,20,0
22,residual,gn,tier_4,code_switching,0.0226,0.0216,20,0
22,attn_out,gn,tier_4,code_switching,0.0008,0.0014,20,0
22,mlp_out,gn,tier_4,code_switching,-0.0023,0.0024,20,0
23,residual,gn,tier_4,code_switching,0.0162,0.0146,20,0
23,attn_out,gn,tier_4,code_switching,-0.0005,0.0019,20,0
23,mlp_out,gn,tier_4,code_switching,0.0018,0.0084,20,0
24,residual,gn,tier_4,code_switching,-0.0013,0.0175,20,0
24,attn_out,gn,tier_4,code_switching,-0.0002,0.0005,20,0
24,mlp_out,gn,tier_4,code_switching,0.0008,0.0007,20,0
25,residual,gn,tier_4,code_switching,-0.0048,0.0158,20,0
25,attn_out,gn,tier_4,code_switching,0.0002,0.0005,20,0
25,mlp_out,gn,tier_4,code_switching,0.0011,0.0016,20,0
26,residual,gn,tier_4,code_switching,-0.0047,0.0164,20,0
26,attn_out,gn,tier_4,code_switching,0.0001,0.0009,20,0
26,mlp_out,gn,tier_4,code_switching,0.0007,0.0019,20,0
27,residual,gn,tier_4,code_switching,0.0006,0.0078,20,0
27,attn_out,gn,tier_4,code_switching,-0.0007,0.0008,20,0
27,mlp_out,gn,tier_4,code_switching,0.0024,0.0031,20,0
28,residual,gn,tier_4,code_switching,0.0022,0.0043,20,0
28,attn_out,gn,tier_4,code_switching,0.0003,0.0007,20,0
28,mlp_out,gn,tier_4,code_switching,0.0004,0.0013,20,0
29,residual,gn,tier_4,code_switching,0.0045,0.005,20,0
29,attn_out,gn,tier_4,code_switching,0.0003,0.0003,20,0
29,mlp_out,gn,tier_4,code_switching,0.001,0.0013,20,0
30,residual,gn,tier_4,code_switching,0.003,0.0028,20,0
30,attn_out,gn,tier_4,code_switching,0.0005,0.0005,20,0
30,mlp_out,gn,tier_4,code_switching,-0.0001,0.0006,20,0
31,residual,gn,tier_4,code_switching,0.0,0.0,20,0
31,attn_out,gn,tier_4,code_switching,0.0,0.0,20,0
31,mlp_out,gn,tier_4,code_switching,0.0,0.0,20,0
