layer,component,language,tier,perturbation,mean_restoration,std_restoration,n_pairs_used,n_pairs_skipped
0,residual,de,tier_1,standard_translation,3.1686,7.2156,20,0
0,attn_out,de,tier_1,standard_translation,0.327,0.7963,20,0
0,mlp_out,de,tier_1,standard_translation,2.0394,4.9322,20,0
1,residual,de,tier_1,standard_translation,2.2051,4.8501,20,0
1,attn_out,de,tier_1,standard_translation,0.0939,0.1393,20,0
1,mlp_out,de,tier_1,standard_translation,0.6096,1.3117,20,0
2,residual,de,tier_1,standard_translation,1.9215,4.224,20,0
2,attn_out,de,tier_1,standard_translation,0.0122,0.1139,20,0
2,mlp_out,de,tier_1,standard_translation,0.8274,1.6094,20,0
3,residual,de,tier_1,standard_translation,1.6211,3.3113,20,0
3,attn_out,de,tier_1,standard_translation,0.6915,2.3169,20,0
3,mlp_out,de,tier_1,standard_translation,0.6672,1.1629,20,0
4,residual,de,tier_1,standard_translation,1.24,2.4307,20,0
4,attn_out,de,tier_1,standard_translation,-0.5633,0.997,20,0
4,mlp_out,de,tier_1,standard_translation,-0.2515,0.6328,20,0
5,residual,de,tier_1,standard_translation,1.0695,2.0099,20,0
5,attn_out,de,tier_1,standard_translation,-0.6141,1.2697,20,0
5,mlp_out,de,tier_1,standard_translation,-0.9785,2.1087,20,0
6,residual,de,tier_1,standard_translation,0.7699,1.428,20,0
6,attn_out,de,tier_1,standard_translation,-0.5704,1.0293,20,0
6,mlp_out,de,tier_1,standard_translation,-0.3977,1.386,20,0
7,residual,de,tier_1,standard_translation,1.1176,2.0334,20,0
7,attn_out,de,tier_1,standard_translation,-0.5302,0.8922,20,0
7,mlp_out,de,tier_1,standard_translation,-0.1278,0.5428,20,0
8,residual,de,tier_1,standard_translation,1.0205,1.782,20,0
8,attn_out,de,tier_1,standard_translation,-0.6605,1.517,20,0
8,mlp_out,de,tier_1,standard_translation,0.4178,0.6403,20,0
9,residual,de,tier_1,standard_translation,1.1229,2.1169,20,0
9,attn_out,de,tier_1,standard_translation,0.059,0.1566,20,0
9,mlp_out,de,tier_1,standard_translation,0.5684,0.9504,20,0
10,residual,de,tier_1,standard_translation,0.4455,1.0719,20,0
10,attn_out,de,tier_1,standard_translation,-0.143,0.3893,20,0
10,mlp_out,de,tier_1,standard_translation,-0.3615,0.9358,20,0
11,residual,de,tier_1,standard_translation,0.5295,1.528,20,0
11,attn_out,de,tier_1,standard_translation,0.0163,0.0908,20,0
11,mlp_out,de,tier_1,standard_translation,-0.0826,0.3579,20,0
12,residual,de,tier_1,standard_translation,0.7974,2.1283,20,0
12,attn_out,de,tier_1,standard_translation,0.0624,0.2882,20,0
12,mlp_out,de,tier_1,standard_translation,-0.2321,0.2935,20,0
13,residual,de,tier_1,standard_translation,0.5953,1.5981,20,0
13,attn_out,de,tier_1,standard_translation,0.0619,0.144,20,0
13,mlp_out,de,tier_1,standard_translation,0.0363,0.1551,20,0
14,residual,de,tier_1,standard_translation,0.5213,1.4873,20,0
14,attn_out,de,tier_1,standard_translation,0.1067,0.2989,20,0
14,mlp_out,de,tier_1,standard_translation,-0.0596,0.1222,20,0
15,residual,de,tier_1,standard_translation,0.3422,1.0598,20,0
15,attn_out,de,tier_1,standard_translation,-0.0474,0.1393,20,0
15,mlp_out,de,tier_1,standard_translation,-0.0758,0.1057,20,0
16,residual,de,tier_1,standard_translation,0.324,1.1122,20,0
16,attn_out,de,tier_1,standard_translation,0.0247,0.112,20,0
16,mlp_out,de,tier_1,standard_translation,0.0304,0.0868,20,0
17,residual,de,tier_1,standard_translation,0.1589,0.6408,20,0
17,attn_out,de,tier_1,standard_translation,-0.0062,0.017,20,0
17,mlp_out,de,tier_1,standard_translation,0.0284,0.0761,20,0
18,residual,de,tier_1,standard_translation,0.0766,0.4339,20,0
18,attn_out,de,tier_1,standard_translation,0.0041,0.0241,20,0
18,mlp_out,de,tier_1,standard_translation,0.0968,0.1931,20,0
19,residual,de,tier_1,standard_translation,0.1074,0.4795,20,0
19,attn_out,de,tier_1,standard_translation,-0.0061,0.0092,20,0
19,mlp_out,de,tier_1,standard_translation,0.0751,0.1771,20,0
20,residual,de,tier_1,standard_translation,0.1305,0.5251,20,0
20,attn_out,de,tier_1,standard_translation,0.0546,0.0787,20,0
20,mlp_out,de,tier_1,standard_translation,0.0831,0.1844,20,0
21,residual,de,tier_1,standard_translation,0.1728,0.6085,20,0
21,attn_out,de,tier_1,standard_translation,0.0699,0.144,20,0
21,mlp_out,de,tier_1,standard_translation,0.0917,0.2109,20,0
22,residual,de,tier_1,standard_translation,0.0022,0.2423,20,0
22,attn_out,de,tier_1,standard_translation,0.0263,0.0651,20,0
22,mlp_out,de,tier_1,standard_translation,-0.011,0.0655,20,0
23,residual,de,tier_1,standard_translation,-0.0097,0.1895,20,0
23,attn_out,de,tier_1,standard_translation,-0.006,0.0063,20,0
23,mlp_out,de,tier_1,standard_translation,0.0392,0.1574,20,0
24,residual,de,tier_1,standard_translation,-0.0487,0.1867,20,0
24,attn_out,de,tier_1,standard_translation,0.0301,0.0524,20,0
24,mlp_out,de,tier_1,standard_translation,-0.0343,0.1125,20,0
25,residual,de,tier_1,standard_translation,-0.0721,0.1517,20,0
25,attn_out,de,tier_1,standard_translation,0.0117,0.0354,20,0
25,mlp_out,de,tier_1,standard_translation,0.0157,0.0979,20,0
26,residual,de,tier_1,standard_translation,-0.1149,0.0841,20,0
26,attn_out,de,tier_1,standard_translation,0.0194,0.0339,20,0
26,mlp_out,de,tier_1,standard_translation,0.0392,0.0554,20,0
27,residual,de,tier_1,standard_translation,-0.0873,0.0992,20,0
27,attn_out,de,tier_1,standard_translation,0.01,0.0273,20,0
27,mlp_out,de,tier_1,standard_translation,-0.0333,0.0961,20,0
28,residual,de,tier_1,standard_translation,-0.0653,0.091,20,0
28,attn_out,de,tier_1,standard_translation,0.0125,0.0184,20,0
28,mlp_out,de,tier_1,standard_translation,0.076,0.0989,20,0
29,residual,de,tier_1,standard_translation,-0.0882,0.0686,20,0
29,attn_out,de,tier_1,standard_translation,0.0015,0.0117,20,0
29,mlp_out,de,tier_1,standard_translation,0.0557,0.0701,20,0
30,residual,de,tier_1,standard_translation,0.0482,0.135,20,0
30,attn_out,de,tier_1,standard_translation,0.012,0.0194,20,0
30,mlp_out,de,tier_1,standard_translation,0.0015,0.0307,20,0
31,residual,de,tier_1,standard_translation,0.0,0.0,20,0
31,attn_out,de,tier_1,standard_translation,0.0,0.0,20,0
31,mlp_out,de,tier_1,standard_translation,0.0,0.0,20,0
0,residual,fr,tier_1,standard_translation,0.223,0.4584,20,0
0,attn_out,fr,tier_1,standard_translation,-0.0656,0.2488,20,0
0,mlp_out,fr,tier_1,standard_translation,0.3194,0.5995,20,0
1,residual,fr,tier_1,standard_translation,0.3444,0.4862,20,0
1,attn_out,fr,tier_1,standard_translation,-0.1808,0.3969,20,0
1,mlp_out,fr,tier_1,standard_translation,-0.0085,0.2377,20,0
2,residual,fr,tier_1,standard_translation,0.2722,0.4501,20,0
2,attn_out,fr,tier_1,standard_translation,-0.1623,0.3361,20,0
2,mlp_out,fr,tier_1,standard_translation,0.0975,0.1273,20,0
3,residual,fr,tier_1,standard_translation,0.1457,0.3627,20,0
3,attn_out,fr,tier_1,standard_translation,-0.0022,0.1516,20,0
3,mlp_out,fr,tier_1,standard_translation,0.0478,0.1429,20,0
4,residual,fr,tier_1,standard_translation,0.1432,0.4463,20,0
4,attn_out,fr,tier_1,standard_translation,-0.0163,0.0669,20,0
4,mlp_out,fr,tier_1,standard_translation,-0.021,0.0625,20,0
5,residual,fr,tier_1,standard_translation,0.0882,0.3238,20,0
5,attn_out,fr,tier_1,standard_translation,-0.0515,0.0882,20,0
5,mlp_out,fr,tier_1,standard_translation,-0.0644,0.1081,20,0
6,residual,fr,tier_1,standard_translation,0.0986,0.3697,20,0
6,attn_out,fr,tier_1,standard_translation,-0.0584,0.1441,20,0
6,mlp_out,fr,tier_1,standard_translation,0.0334,0.2183,20,0
7,residual,fr,tier_1,standard_translation,0.0787,0.324,20,0
7,attn_out,fr,tier_1,standard_translation,-0.0374,0.0357,20,0
7,mlp_out,fr,tier_1,standard_translation,-0.0178,0.0716,20,0
8,residual,fr,tier_1,standard_translation,-0.0167,0.1198,20,0
8,attn_out,fr,tier_1,standard_translation,-0.0269,0.0399,20,0
8,mlp_out,fr,tier_1,standard_translation,-0.1539,0.3135,20,0
9,residual,fr,tier_1,standard_translation,0.0618,0.1337,20,0
9,attn_out,fr,tier_1,standard_translation,-0.0515,0.0596,20,0
9,mlp_out,fr,tier_1,standard_translation,0.0159,0.1156,20,0
10,residual,fr,tier_1,standard_translation,-0.0457,0.1634,20,0
10,attn_out,fr,tier_1,standard_translation,-0.0003,0.0496,20,0
10,mlp_out,fr,tier_1,standard_translation,-0.1665,0.2095,20,0
11,residual,fr,tier_1,standard_translation,0.0378,0.1305,20,0
11,attn_out,fr,tier_1,standard_translation,-0.0541,0.1467,20,0
11,mlp_out,fr,tier_1,standard_translation,-0.1267,0.2465,20,0
12,residual,fr,tier_1,standard_translation,0.2351,0.2345,20,0
12,attn_out,fr,tier_1,standard_translation,0.0292,0.0226,20,0
12,mlp_out,fr,tier_1,standard_translation,-0.0347,0.046,20,0
13,residual,fr,tier_1,standard_translation,0.1801,0.1992,20,0
13,attn_out,fr,tier_1,standard_translation,-0.0113,0.067,20,0
13,mlp_out,fr,tier_1,standard_translation,-0.0978,0.113,20,0
14,residual,fr,tier_1,standard_translation,0.1246,0.0842,20,0
14,attn_out,fr,tier_1,standard_translation,0.0109,0.0242,20,0
14,mlp_out,fr,tier_1,standard_translation,-0.0037,0.0136,20,0
15,residual,fr,tier_1,standard_translation,0.0826,0.0819,20,0
15,attn_out,fr,tier_1,standard_translation,-0.0009,0.0103,20,0
15,mlp_out,fr,tier_1,standard_translation,-0.0544,0.0547,20,0
16,residual,fr,tier_1,standard_translation,0.0578,0.0581,20,0
16,attn_out,fr,tier_1,standard_translation,0.0123,0.0193,20,0
16,mlp_out,fr,tier_1,standard_translation,0.0005,0.0228,20,0
17,residual,fr,tier_1,standard_translation,0.0438,0.0316,20,0
17,attn_out,fr,tier_1,standard_translation,0.002,0.002,20,0
17,mlp_out,fr,tier_1,standard_translation,0.0133,0.0283,20,0
18,residual,fr,tier_1,standard_translation,0.0083,0.0148,20,0
18,attn_out,fr,tier_1,standard_translation,-0.0036,0.01,20,0
18,mlp_out,fr,tier_1,standard_translation,-0.0152,0.0186,20,0
19,residual,fr,tier_1,standard_translation,-0.0004,0.0166,20,0
19,attn_out,fr,tier_1,standard_translation,-0.0098,0.0172,20,0
19,mlp_out,fr,tier_1,standard_translation,-0.0029,0.0082,20,0
20,residual,fr,tier_1,standard_translation,-0.0138,0.0278,20,0
20,attn_out,fr,tier_1,standard_translation,-0.0,0.0113,20,0
20,mlp_out,fr,tier_1,standard_translation,-0.0107,0.0235,20,0
21,residual,fr,tier_1,standard_translation,-0.0182,0.0288,20,0
21,attn_out,fr,tier_1,standard_translation,-0.0017,0.0059,20,0
21,mlp_out,fr,tier_1,standard_translation,-0.0133,0.012,20,0
22,residual,fr,tier_1,standard_translation,-0.0106,0.0073,20,0
22,attn_out,fr,tier_1,standard_translation,-0.0058,0.0069,20,0
22,mlp_out,fr,tier_1,standard_translation,0.0062,0.0036,20,0
23,residual,fr,tier_1,standard_translation,-0.0079,0.0031,20,0
23,attn_out,fr,tier_1,standard_translation,-0.0006,0.003,20,0
23,mlp_out,fr,tier_1,standard_translation,-0.0029,0.0079,20,0
24,residual,fr,tier_1,standard_translation,-0.0072,0.0105,20,0
24,attn_out,fr,tier_1,standard_translation,-0.0003,0.0021,20,0
24,mlp_out,fr,tier_1,standard_translation,-0.0063,0.0106,20,0
25,residual,fr,tier_1,standard_translation,-0.0061,0.0072,20,0
25,attn_out,fr,tier_1,standard_translation,-0.0011,0.0017,20,0
25,mlp_out,fr,tier_1,standard_translation,-0.0013,0.0143,20,0
26,residual,fr,tier_1,standard_translation,-0.0068,0.002,20,0
26,attn_out,fr,tier_1,standard_translation,-0.0003,0.0094,20,0
26,mlp_out,fr,tier_1,standard_translation,-0.0032,0.0111,20,0
27,residual,fr,tier_1,standard_translation,-0.0068,0.009,20,0
27,attn_out,fr,tier_1,standard_translation,0.0003,0.0022,20,0
27,mlp_out,fr,tier_1,standard_translation,-0.0091,0.0078,20,0
28,residual,fr,tier_1,standard_translation,-0.0027,0.0076,20,0
28,attn_out,fr,tier_1,standard_translation,-0.0002,0.0022,20,0
28,mlp_out,fr,tier_1,standard_translation,-0.0077,0.0059,20,0
29,residual,fr,tier_1,standard_translation,0.0039,0.0067,20,0
29,attn_out,fr,tier_1,standard_translation,-0.0032,0.0017,20,0
29,mlp_out,fr,tier_1,standard_translation,-0.003,0.0101,20,0
30,residual,fr,tier_1,standard_translation,-0.0039,0.0088,20,0
30,attn_out,fr,tier_1,standard_translation,-0.0012,0.0023,20,0
30,mlp_out,fr,tier_1,standard_translation,-0.004,0.0028,20,0
31,residual,fr,tier_1,standard_translation,0.0,0.0,20,0
31,attn_out,fr,tier_1,standard_translation,0.0,0.0,20,0
31,mlp_out,fr,tier_1,standard_translation,0.0,0.0,20,0
0,residual,zh,tier_1,standard_translation,0.5516,1.1194,20,0
0,attn_out,zh,tier_1,standard_translation,0.1206,0.4929,20,0
0,mlp_out,zh,tier_1,standard_translation,0.4682,0.6884,20,0
1,residual,zh,tier_1,standard_translation,0.6325,1.1645,20,0
1,attn_out,zh,tier_1,standard_translation,0.0355,0.2316,20,0
1,mlp_out,zh,tier_1,standard_translation,-0.1231,0.0697,20,0
2,residual,zh,tier_1,standard_translation,0.477,1.0173,20,0
2,attn_out,zh,tier_1,standard_translation,0.0122,0.0457,20,0
2,mlp_out,zh,tier_1,standard_translation,0.1203,0.59,20,0
3,residual,zh,tier_1,standard_translation,0.3565,0.9761,20,0
3,attn_out,zh,tier_1,standard_translation,0.0525,0.0461,20,0
3,mlp_out,zh,tier_1,standard_translation,0.0085,0.3975,20,0
4,residual,zh,tier_1,standard_translation,0.1139,0.7181,20,0
4,attn_out,zh,tier_1,standard_translation,0.0809,0.136,20,0
4,mlp_out,zh,tier_1,standard_translation,0.135,0.608,20,0
5,residual,zh,tier_1,standard_translation,-0.044,0.6104,20,0
5,attn_out,zh,tier_1,standard_translation,-0.0639,0.1189,20,0
5,mlp_out,zh,tier_1,standard_translation,-0.0915,0.2011,20,0
6,residual,zh,tier_1,standard_translation,-0.0535,0.4961,20,0
6,attn_out,zh,tier_1,standard_translation,0.1012,0.1867,20,0
6,mlp_out,zh,tier_1,standard_translation,-0.0053,0.2294,20,0
7,residual,zh,tier_1,standard_translation,-0.1367,0.4973,20,0
7,attn_out,zh,tier_1,standard_translation,0.0353,0.2137,20,0
7,mlp_out,zh,tier_1,standard_translation,0.0098,0.2552,20,0
8,residual,zh,tier_1,standard_translation,0.0088,0.3946,20,0
8,attn_out,zh,tier_1,standard_translation,0.07,0.1055,20,0
8,mlp_out,zh,tier_1,standard_translation,-0.113,0.1376,20,0
9,residual,zh,tier_1,standard_translation,0.0198,0.3481,20,0
9,attn_out,zh,tier_1,standard_translation,0.1779,0.1576,20,0
9,mlp_out,zh,tier_1,standard_translation,0.0338,0.1221,20,0
10,residual,zh,tier_1,standard_translation,-0.0121,0.3016,20,0
10,attn_out,zh,tier_1,standard_translation,0.0574,0.0489,20,0
10,mlp_out,zh,tier_1,standard_translation,-0.0476,0.092,20,0
11,residual,zh,tier_1,standard_translation,0.0046,0.3302,20,0
11,attn_out,zh,tier_1,standard_translation,-0.0173,0.0232,20,0
11,mlp_out,zh,tier_1,standard_translation,-0.0347,0.0752,20,0
12,residual,zh,tier_1,standard_translation,0.0175,0.3317,20,0
12,attn_out,zh,tier_1,standard_translation,-0.0119,0.0563,20,0
12,mlp_out,zh,tier_1,standard_translation,-0.0462,0.0351,20,0
13,residual,zh,tier_1,standard_translation,-0.0167,0.1979,20,0
13,attn_out,zh,tier_1,standard_translation,-0.0055,0.0432,20,0
13,mlp_out,zh,tier_1,standard_translation,-0.0353,0.0278,20,0
14,residual,zh,tier_1,standard_translation,-0.0048,0.2131,20,0
14,attn_out,zh,tier_1,standard_translation,-0.0047,0.017,20,0
14,mlp_out,zh,tier_1,standard_translation,-0.0261,0.0296,20,0
15,residual,zh,tier_1,standard_translation,-0.0227,0.1558,20,0
15,attn_out,zh,tier_1,standard_translation,0.0157,0.0131,20,0
15,mlp_out,zh,tier_1,standard_translation,-0.0116,0.0655,20,0
16,residual,zh,tier_1,standard_translation,0.0033,0.1985,20,0
16,attn_out,zh,tier_1,standard_translation,0.0058,0.0452,20,0
16,mlp_out,zh,tier_1,standard_translation,-0.0249,0.1022,20,0
17,residual,zh,tier_1,standard_translation,0.0071,0.1391,20,0
17,attn_out,zh,tier_1,standard_translation,0.0038,0.0051,20,0
17,mlp_out,zh,tier_1,standard_translation,0.014,0.0413,20,0
18,residual,zh,tier_1,standard_translation,-0.0183,0.1247,20,0
18,attn_out,zh,tier_1,standard_translation,-0.0015,0.0104,20,0
18,mlp_out,zh,tier_1,standard_translation,-0.0014,0.0098,20,0
19,residual,zh,tier_1,standard_translation,-0.0213,0.1319,20,0
19,attn_out,zh,tier_1,standard_translation,0.0004,0.0143,20,0
19,mlp_out,zh,tier_1,standard_translation,0.0022,0.0131,20,0
20,residual,zh,tier_1,standard_translation,-0.033,0.1268,20,0
20,attn_out,zh,tier_1,standard_translation,-0.0008,0.0039,20,0
20,mlp_out,zh,tier_1,standard_translation,-0.0189,0.0135,20,0
21,residual,zh,tier_1,standard_translation,-0.045,0.1308,20,0
21,attn_out,zh,tier_1,standard_translation,0.0019,0.0081,20,0
21,mlp_out,zh,tier_1,standard_translation,-0.0034,0.0221,20,0
22,residual,zh,tier_1,standard_translation,-0.0364,0.1263,20,0
22,attn_out,zh,tier_1,standard_translation,-0.0007,0.0047,20,0
22,mlp_out,zh,tier_1,standard_translation,-0.0038,0.0283,20,0
23,residual,zh,tier_1,standard_translation,-0.0291,0.1114,20,0
23,attn_out,zh,tier_1,standard_translation,-0.0053,0.0048,20,0
23,mlp_out,zh,tier_1,standard_translation,0.01,0.0186,20,0
24,residual,zh,tier_1,standard_translation,-0.0437,0.1103,20,0
24,attn_out,zh,tier_1,standard_translation,-0.0012,0.0052,20,0
24,mlp_out,zh,tier_1,standard_translation,-0.0013,0.0089,20,0
25,residual,zh,tier_1,standard_translation,-0.0468,0.1119,20,0
25,attn_out,zh,tier_1,standard_translation,-0.0006,0.0039,20,0
25,mlp_out,zh,tier_1,standard_translation,0.015,0.007,20,0
26,residual,zh,tier_1,standard_translation,-0.0465,0.0852,20,0
26,attn_out,zh,tier_1,standard_translation,-0.0028,0.0034,20,0
26,mlp_out,zh,tier_1,standard_translation,-0.0108,0.0216,20,0
27,residual,zh,tier_1,standard_translation,-0.0448,0.0809,20,0
27,attn_out,zh,tier_1,standard_translation,0.0002,0.0079,20,0
27,mlp_out,zh,tier_1,standard_translation,-0.003,0.0049,20,0
28,residual,zh,tier_1,standard_translation,-0.0306,0.0683,20,0
28,attn_out,zh,tier_1,standard_translation,-0.0026,0.0026,20,0
28,mlp_out,zh,tier_1,standard_translation,0.001,0.0236,20,0
29,residual,zh,tier_1,standard_translation,-0.0098,0.059,20,0
29,attn_out,zh,tier_1,standard_translation,0.0015,0.0006,20,0
29,mlp_out,zh,tier_1,standard_translation,-0.0017,0.0152,20,0
30,residual,zh,tier_1,standard_translation,-0.0039,0.0142,20,0
30,attn_out,zh,tier_1,standard_translation,0.0007,0.0026,20,0
30,mlp_out,zh,tier_1,standard_translation,0.0002,0.0026,20,0
31,residual,zh,tier_1,standard_translation,0.0,0.0,20,0
31,attn_out,zh,tier_1,standard_translation,0.0,0.0,20,0
31,mlp_out,zh,tier_1,standard_translation,0.0,0.0,20,0
0,residual,es,tier_1,standard_translation,-0.0973,0.1091,16,4
0,attn_out,es,tier_1,standard_translation,0.0255,0.0366,16,4
0,mlp_out,es,tier_1,standard_translation,-0.0734,0.069,16,4
1,residual,es,tier_1,standard_translation,-0.0887,0.1276,16,4
1,attn_out,es,tier_1,standard_translation,-0.0206,0.0428,16,4
1,mlp_out,es,tier_1,standard_translation,0.0033,0.0484,16,4
2,residual,es,tier_1,standard_translation,-0.0737,0.1407,16,4
2,attn_out,es,tier_1,standard_translation,0.0155,0.0316,16,4
2,mlp_out,es,tier_1,standard_translation,-0.0024,0.1052,16,4
3,residual,es,tier_1,standard_translation,-0.0239,0.1154,16,4
3,attn_out,es,tier_1,standard_translation,0.0222,0.0395,16,4
3,mlp_out,es,tier_1,standard_translation,-0.0434,0.063,16,4
4,residual,es,tier_1,standard_translation,0.0623,0.1436,16,4
4,attn_out,es,tier_1,standard_translation,-0.0132,0.0171,16,4
4,mlp_out,es,tier_1,standard_translation,0.053,0.0732,16,4
5,residual,es,tier_1,standard_translation,0.0834,0.1291,16,4
5,attn_out,es,tier_1,standard_translation,0.0487,0.051,16,4
5,mlp_out,es,tier_1,standard_translation,0.0838,0.0921,16,4
6,residual,es,tier_1,standard_translation,0.0971,0.1211,16,4
6,attn_out,es,tier_1,standard_translation,0.0542,0.0342,16,4
6,mlp_out,es,tier_1,standard_translation,0.1043,0.0964,16,4
7,residual,es,tier_1,standard_translation,0.1029,0.1239,16,4
7,attn_out,es,tier_1,standard_translation,0.0272,0.0131,16,4
7,mlp_out,es,tier_1,standard_translation,0.0876,0.0961,16,4
8,residual,es,tier_1,standard_translation,0.0915,0.1184,16,4
8,attn_out,es,tier_1,standard_translation,0.0118,0.0182,16,4
8,mlp_out,es,tier_1,standard_translation,0.1122,0.1003,16,4
9,residual,es,tier_1,standard_translation,0.0609,0.1137,16,4
9,attn_out,es,tier_1,standard_translation,0.0268,0.0354,16,4
9,mlp_out,es,tier_1,standard_translation,0.0857,0.0672,16,4
10,residual,es,tier_1,standard_translation,-0.0103,0.04,16,4
10,attn_out,es,tier_1,standard_translation,0.0135,0.0207,16,4
10,mlp_out,es,tier_1,standard_translation,0.0276,0.0502,16,4
11,residual,es,tier_1,standard_translation,-0.0431,0.0231,16,4
11,attn_out,es,tier_1,standard_translation,0.0155,0.0101,16,4
11,mlp_out,es,tier_1,standard_translation,0.0414,0.0577,16,4
12,residual,es,tier_1,standard_translation,-0.0946,0.0347,16,4
12,attn_out,es,tier_1,standard_translation,-0.0179,0.0025,16,4
12,mlp_out,es,tier_1,standard_translation,-0.0021,0.0216,16,4
13,residual,es,tier_1,standard_translation,-0.0282,0.0073,16,4
13,attn_out,es,tier_1,standard_translation,-0.0041,0.0088,16,4
13,mlp_out,es,tier_1,standard_translation,0.0119,0.0083,16,4
14,residual,es,tier_1,standard_translation,-0.012,0.0068,16,4
14,attn_out,es,tier_1,standard_translation,-0.0087,0.0037,16,4
14,mlp_out,es,tier_1,standard_translation,0.0059,0.0042,16,4
15,residual,es,tier_1,standard_translation,0.0222,0.0222,16,4
15,attn_out,es,tier_1,standard_translation,-0.0003,0.0025,16,4
15,mlp_out,es,tier_1,standard_translation,-0.0065,0.006,16,4
16,residual,es,tier_1,standard_translation,0.0039,0.0135,16,4
16,attn_out,es,tier_1,standard_translation,-0.0055,0.0046,16,4
16,mlp_out,es,tier_1,standard_translation,-0.0075,0.003,16,4
17,residual,es,tier_1,standard_translation,-0.0087,0.0053,16,4
17,attn_out,es,tier_1,standard_translation,-0.0027,0.0015,16,4
17,mlp_out,es,tier_1,standard_translation,-0.0068,0.0036,16,4
18,residual,es,tier_1,standard_translation,-0.0139,0.0056,16,4
18,attn_out,es,tier_1,standard_translation,-0.0013,0.0022,16,4
18,mlp_out,es,tier_1,standard_translation,-0.0038,0.0036,16,4
19,residual,es,tier_1,standard_translation,-0.0123,0.0043,16,4
19,attn_out,es,tier_1,standard_translation,-0.0016,0.0011,16,4
19,mlp_out,es,tier_1,standard_translation,0.0027,0.0022,16,4
20,residual,es,tier_1,standard_translation,-0.0107,0.0028,16,4
20,attn_out,es,tier_1,standard_translation,0.0025,0.0012,16,4
20,mlp_out,es,tier_1,standard_translation,-0.0026,0.0044,16,4
21,residual,es,tier_1,standard_translation,-0.0089,0.003,16,4
21,attn_out,es,tier_1,standard_translation,-0.0008,0.0024,16,4
21,mlp_out,es,tier_1,standard_translation,-0.0041,0.0017,16,4
22,residual,es,tier_1,standard_translation,-0.0054,0.0025,16,4
22,attn_out,es,tier_1,standard_translation,-0.0018,0.001,16,4
22,mlp_out,es,tier_1,standard_translation,-0.0031,0.003,16,4
23,residual,es,tier_1,standard_translation,-0.0084,0.0018,16,4
23,attn_out,es,tier_1,standard_translation,-0.0008,0.0008,16,4
23,mlp_out,es,tier_1,standard_translation,-0.0041,0.0013,16,4
24,residual,es,tier_1,standard_translation,-0.0077,0.0033,16,4
24,attn_out,es,tier_1,standard_translation,-0.0007,0.0005,16,4
24,mlp_out,es,tier_1,standard_translation,-0.0036,0.0034,16,4
25,residual,es,tier_1,standard_translation,-0.0065,0.0028,16,4
25,attn_out,es,tier_1,standard_translation,-0.0011,0.0017,16,4
25,mlp_out,es,tier_1,standard_translation,-0.0013,0.0025,16,4
26,residual,es,tier_1,standard_translation,-0.0064,0.0029,16,4
26,attn_out,es,tier_1,standard_translation,-0.0008,0.0015,16,4
26,mlp_out,es,tier_1,standard_translation,0.0011,0.0008,16,4
27,residual,es,tier_1,standard_translation,-0.0069,0.0037,16,4
27,attn_out,es,tier_1,standard_translation,0.0003,0.0008,16,4
27,mlp_out,es,tier_1,standard_translation,0.0064,0.0055,16,4
28,residual,es,tier_1,standard_translation,-0.0049,0.0027,16,4
28,attn_out,es,tier_1,standard_translation,0.0013,0.001,16,4
28,mlp_out,es,tier_1,standard_translation,-0.0037,0.0004,16,4
29,residual,es,tier_1,standard_translation,-0.0028,0.0033,16,4
29,attn_out,es,tier_1,standard_translation,0.0016,0.0011,16,4
29,mlp_out,es,tier_1,standard_translation,-0.0022,0.0024,16,4
30,residual,es,tier_1,standard_translation,-0.0032,0.0009,16,4
30,attn_out,es,tier_1,standard_translation,0.0005,0.0006,16,4
30,mlp_out,es,tier_1,standard_translation,0.0056,0.0024,16,4
31,residual,es,tier_1,standard_translation,0.0,0.0,16,4
31,attn_out,es,tier_1,standard_translation,0.0,0.0,16,4
31,mlp_out,es,tier_1,standard_translation,0.0,0.0,16,4
0,residual,ar,tier_2,standard_translation,0.0137,0.0674,20,0
0,attn_out,ar,tier_2,standard_translation,0.0172,0.0397,20,0
0,mlp_out,ar,tier_2,standard_translation,0.0195,0.0716,20,0
1,residual,ar,tier_2,standard_translation,0.0253,0.0671,20,0
1,attn_out,ar,tier_2,standard_translation,0.0142,0.0285,20,0
1,mlp_out,ar,tier_2,standard_translation,-0.0014,0.0216,20,0
2,residual,ar,tier_2,standard_translation,0.0244,0.0649,20,0
2,attn_out,ar,tier_2,standard_translation,-0.0057,0.0063,20,0
2,mlp_out,ar,tier_2,standard_translation,-0.0003,0.0428,20,0
3,residual,ar,tier_2,standard_translation,0.0347,0.0579,20,0
3,attn_out,ar,tier_2,standard_translation,0.0038,0.0114,20,0
3,mlp_out,ar,tier_2,standard_translation,0.0226,0.0418,20,0
4,residual,ar,tier_2,standard_translation,0.0231,0.0355,20,0
4,attn_out,ar,tier_2,standard_translation,0.0016,0.0069,20,0
4,mlp_out,ar,tier_2,standard_translation,0.0252,0.041,20,0
5,residual,ar,tier_2,standard_translation,0.021,0.033,20,0
5,attn_out,ar,tier_2,standard_translation,-0.0008,0.0067,20,0
5,mlp_out,ar,tier_2,standard_translation,0.0186,0.0427,20,0
6,residual,ar,tier_2,standard_translation,0.0169,0.0252,20,0
6,attn_out,ar,tier_2,standard_translation,0.0023,0.0102,20,0
6,mlp_out,ar,tier_2,standard_translation,0.0018,0.0147,20,0
7,residual,ar,tier_2,standard_translation,0.0128,0.0205,20,0
7,attn_out,ar,tier_2,standard_translation,-0.0054,0.002,20,0
7,mlp_out,ar,tier_2,standard_translation,0.0062,0.0225,20,0
8,residual,ar,tier_2,standard_translation,0.0097,0.0141,20,0
8,attn_out,ar,tier_2,standard_translation,-0.0023,0.0031,20,0
8,mlp_out,ar,tier_2,standard_translation,0.0035,0.011,20,0
9,residual,ar,tier_2,standard_translation,0.0079,0.0117,20,0
9,attn_out,ar,tier_2,standard_translation,-0.0003,0.0013,20,0
9,mlp_out,ar,tier_2,standard_translation,0.0042,0.0064,20,0
10,residual,ar,tier_2,standard_translation,-0.0027,0.0157,20,0
10,attn_out,ar,tier_2,standard_translation,-0.0027,0.0055,20,0
10,mlp_out,ar,tier_2,standard_translation,-0.005,0.0091,20,0
11,residual,ar,tier_2,standard_translation,-0.0017,0.015,20,0
11,attn_out,ar,tier_2,standard_translation,-0.0022,0.0046,20,0
11,mlp_out,ar,tier_2,standard_translation,0.0056,0.0068,20,0
12,residual,ar,tier_2,standard_translation,-0.0024,0.0157,20,0
12,attn_out,ar,tier_2,standard_translation,-0.0015,0.0022,20,0
12,mlp_out,ar,tier_2,standard_translation,-0.0006,0.002,20,0
13,residual,ar,tier_2,standard_translation,0.0003,0.011,20,0
13,attn_out,ar,tier_2,standard_translation,-0.0013,0.001,20,0
13,mlp_out,ar,tier_2,standard_translation,0.0003,0.0014,20,0
14,residual,ar,tier_2,standard_translation,-0.001,0.0086,20,0
14,attn_out,ar,tier_2,standard_translation,-0.0006,0.0018,20,0
14,mlp_out,ar,tier_2,standard_translation,0.0009,0.0009,20,0
15,residual,ar,tier_2,standard_translation,-0.0033,0.0035,20,0
15,attn_out,ar,tier_2,standard_translation,0.0001,0.0006,20,0
15,mlp_out,ar,tier_2,standard_translation,0.0,0.0016,20,0
16,residual,ar,tier_2,standard_translation,-0.0031,0.0044,20,0
16,attn_out,ar,tier_2,standard_translation,-0.0003,0.0007,20,0
16,mlp_out,ar,tier_2,standard_translation,-0.0007,0.0013,20,0
17,residual,ar,tier_2,standard_translation,-0.0,0.0039,20,0
17,attn_out,ar,tier_2,standard_translation,-0.0004,0.0005,20,0
17,mlp_out,ar,tier_2,standard_translation,-0.0003,0.001,20,0
18,residual,ar,tier_2,standard_translation,-0.0011,0.0025,20,0
18,attn_out,ar,tier_2,standard_translation,-0.0003,0.0006,20,0
18,mlp_out,ar,tier_2,standard_translation,-0.0004,0.0005,20,0
19,residual,ar,tier_2,standard_translation,-0.0006,0.0025,20,0
19,attn_out,ar,tier_2,standard_translation,-0.0007,0.0006,20,0
19,mlp_out,ar,tier_2,standard_translation,-0.0001,0.0007,20,0
20,residual,ar,tier_2,standard_translation,-0.0004,0.0021,20,0
20,attn_out,ar,tier_2,standard_translation,-0.0005,0.001,20,0
20,mlp_out,ar,tier_2,standard_translation,-0.0006,0.0011,20,0
21,residual,ar,tier_2,standard_translation,-0.0005,0.0024,20,0
21,attn_out,ar,tier_2,standard_translation,-0.0006,0.0008,20,0
21,mlp_out,ar,tier_2,standard_translation,0.0001,0.0009,20,0
22,residual,ar,tier_2,standard_translation,-0.0008,0.0026,20,0
22,attn_out,ar,tier_2,standard_translation,-0.0001,0.0007,20,0
22,mlp_out,ar,tier_2,standard_translation,-0.0012,0.0006,20,0
23,residual,ar,tier_2,standard_translation,-0.0005,0.0018,20,0
23,attn_out,ar,tier_2,standard_translation,-0.0007,0.0005,20,0
23,mlp_out,ar,tier_2,standard_translation,-0.0005,0.0015,20,0
24,residual,ar,tier_2,standard_translation,-0.0011,0.0017,20,0
24,attn_out,ar,tier_2,standard_translation,-0.0009,0.0005,20,0
24,mlp_out,ar,tier_2,standard_translation,-0.0016,0.0005,20,0
25,residual,ar,tier_2,standard_translation,-0.0011,0.0014,20,0
25,attn_out,ar,tier_2,standard_translation,-0.0005,0.0004,20,0
25,mlp_out,ar,tier_2,standard_translation,0.0002,0.0007,20,0
26,residual,ar,tier_2,standard_translation,-0.0006,0.0009,20,0
26,attn_out,ar,tier_2,standard_translation,0.0001,0.0004,20,0
26,mlp_out,ar,tier_2,standard_translation,-0.0003,0.0007,20,0
27,residual,ar,tier_2,standard_translation,-0.0011,0.0009,20,0
27,attn_out,ar,tier_2,standard_translation,-0.0001,0.0004,20,0
27,mlp_out,ar,tier_2,standard_translation,-0.0003,0.0006,20,0
28,residual,ar,tier_2,standard_translation,-0.0011,0.0005,20,0
28,attn_out,ar,tier_2,standard_translation,-0.0001,0.0004,20,0
28,mlp_out,ar,tier_2,standard_translation,-0.0004,0.0006,20,0
29,residual,ar,tier_2,standard_translation,-0.0012,0.0007,20,0
29,attn_out,ar,tier_2,standard_translation,-0.0001,0.0003,20,0
29,mlp_out,ar,tier_2,standard_translation,-0.0003,0.0006,20,0
30,residual,ar,tier_2,standard_translation,0.0003,0.0004,20,0
30,attn_out,ar,tier_2,standard_translation,0.0,0.0002,20,0
30,mlp_out,ar,tier_2,standard_translation,0.0002,0.0002,20,0
31,residual,ar,tier_2,standard_translation,0.0,0.0,20,0
31,attn_out,ar,tier_2,standard_translation,0.0,0.0,20,0
31,mlp_out,ar,tier_2,standard_translation,0.0,0.0,20,0
0,residual,ru,tier_2,standard_translation,-0.004,0.0385,20,0
0,attn_out,ru,tier_2,standard_translation,0.0247,0.0161,20,0
0,mlp_out,ru,tier_2,standard_translation,0.0005,0.0662,20,0
1,residual,ru,tier_2,standard_translation,0.0301,0.0711,20,0
1,attn_out,ru,tier_2,standard_translation,0.0103,0.0136,20,0
1,mlp_out,ru,tier_2,standard_translation,0.0114,0.0301,20,0
2,residual,ru,tier_2,standard_translation,0.0283,0.0857,20,0
2,attn_out,ru,tier_2,standard_translation,-0.009,0.0189,20,0
2,mlp_out,ru,tier_2,standard_translation,0.0289,0.0623,20,0
3,residual,ru,tier_2,standard_translation,0.0502,0.082,20,0
3,attn_out,ru,tier_2,standard_translation,0.0567,0.0524,20,0
3,mlp_out,ru,tier_2,standard_translation,0.0316,0.04,20,0
4,residual,ru,tier_2,standard_translation,0.0596,0.0569,20,0
4,attn_out,ru,tier_2,standard_translation,0.0015,0.0241,20,0
4,mlp_out,ru,tier_2,standard_translation,0.048,0.0099,20,0
5,residual,ru,tier_2,standard_translation,0.0697,0.0618,20,0
5,attn_out,ru,tier_2,standard_translation,0.0212,0.0091,20,0
5,mlp_out,ru,tier_2,standard_translation,0.0659,0.0306,20,0
6,residual,ru,tier_2,standard_translation,0.0609,0.0626,20,0
6,attn_out,ru,tier_2,standard_translation,0.0208,0.0205,20,0
6,mlp_out,ru,tier_2,standard_translation,0.0526,0.0344,20,0
7,residual,ru,tier_2,standard_translation,0.0421,0.0542,20,0
7,attn_out,ru,tier_2,standard_translation,0.0143,0.0196,20,0
7,mlp_out,ru,tier_2,standard_translation,0.046,0.0237,20,0
8,residual,ru,tier_2,standard_translation,0.019,0.0513,20,0
8,attn_out,ru,tier_2,standard_translation,0.02,0.0082,20,0
8,mlp_out,ru,tier_2,standard_translation,0.0267,0.0323,20,0
9,residual,ru,tier_2,standard_translation,-0.0015,0.0553,20,0
9,attn_out,ru,tier_2,standard_translation,0.0077,0.0082,20,0
9,mlp_out,ru,tier_2,standard_translation,0.0187,0.0366,20,0
10,residual,ru,tier_2,standard_translation,-0.0151,0.0512,20,0
10,attn_out,ru,tier_2,standard_translation,-0.0043,0.0189,20,0
10,mlp_out,ru,tier_2,standard_translation,0.0391,0.0245,20,0
11,residual,ru,tier_2,standard_translation,-0.0349,0.0647,20,0
11,attn_out,ru,tier_2,standard_translation,0.0012,0.0088,20,0
11,mlp_out,ru,tier_2,standard_translation,0.0069,0.0274,20,0
12,residual,ru,tier_2,standard_translation,-0.0468,0.0434,20,0
12,attn_out,ru,tier_2,standard_translation,-0.0155,0.0087,20,0
12,mlp_out,ru,tier_2,standard_translation,0.005,0.0109,20,0
13,residual,ru,tier_2,standard_translation,-0.0322,0.02,20,0
13,attn_out,ru,tier_2,standard_translation,-0.002,0.0028,20,0
13,mlp_out,ru,tier_2,standard_translation,0.0075,0.0072,20,0
14,residual,ru,tier_2,standard_translation,-0.0197,0.0094,20,0
14,attn_out,ru,tier_2,standard_translation,-0.003,0.0052,20,0
14,mlp_out,ru,tier_2,standard_translation,0.007,0.0103,20,0
15,residual,ru,tier_2,standard_translation,-0.0114,0.0126,20,0
15,attn_out,ru,tier_2,standard_translation,-0.0005,0.005,20,0
15,mlp_out,ru,tier_2,standard_translation,0.0025,0.0095,20,0
16,residual,ru,tier_2,standard_translation,-0.016,0.0132,20,0
16,attn_out,ru,tier_2,standard_translation,0.0003,0.0014,20,0
16,mlp_out,ru,tier_2,standard_translation,-0.0025,0.0073,20,0
17,residual,ru,tier_2,standard_translation,-0.0116,0.0132,20,0
17,attn_out,ru,tier_2,standard_translation,-0.0017,0.0047,20,0
17,mlp_out,ru,tier_2,standard_translation,-0.0019,0.0071,20,0
18,residual,ru,tier_2,standard_translation,-0.0088,0.0123,20,0
18,attn_out,ru,tier_2,standard_translation,-0.0001,0.0013,20,0
18,mlp_out,ru,tier_2,standard_translation,-0.0012,0.0066,20,0
19,residual,ru,tier_2,standard_translation,-0.0073,0.0116,20,0
19,attn_out,ru,tier_2,standard_translation,0.0007,0.0004,20,0
19,mlp_out,ru,tier_2,standard_translation,-0.0026,0.0044,20,0
20,residual,ru,tier_2,standard_translation,-0.0067,0.0123,20,0
20,attn_out,ru,tier_2,standard_translation,0.0008,0.0008,20,0
20,mlp_out,ru,tier_2,standard_translation,-0.0018,0.0038,20,0
21,residual,ru,tier_2,standard_translation,-0.0063,0.0113,20,0
21,attn_out,ru,tier_2,standard_translation,0.0005,0.0005,20,0
21,mlp_out,ru,tier_2,standard_translation,0.0016,0.0008,20,0
22,residual,ru,tier_2,standard_translation,-0.0049,0.0086,20,0
22,attn_out,ru,tier_2,standard_translation,0.0003,0.0008,20,0
22,mlp_out,ru,tier_2,standard_translation,-0.0034,0.0046,20,0
23,residual,ru,tier_2,standard_translation,-0.0049,0.0091,20,0
23,attn_out,ru,tier_2,standard_translation,0.0001,0.0005,20,0
23,mlp_out,ru,tier_2,standard_translation,-0.001,0.0019,20,0
24,residual,ru,tier_2,standard_translation,-0.0057,0.0084,20,0
24,attn_out,ru,tier_2,standard_translation,0.0004,0.0007,20,0
24,mlp_out,ru,tier_2,standard_translation,-0.001,0.0019,20,0
25,residual,ru,tier_2,standard_translation,-0.005,0.0081,20,0
25,attn_out,ru,tier_2,standard_translation,-0.0005,0.0005,20,0
25,mlp_out,ru,tier_2,standard_translation,-0.0031,0.0055,20,0
26,residual,ru,tier_2,standard_translation,-0.0034,0.0081,20,0
26,attn_out,ru,tier_2,standard_translation,0.0002,0.0012,20,0
26,mlp_out,ru,tier_2,standard_translation,-0.0013,0.0007,20,0
27,residual,ru,tier_2,standard_translation,-0.0036,0.0085,20,0
27,attn_out,ru,tier_2,standard_translation,-0.0003,0.0006,20,0
27,mlp_out,ru,tier_2,standard_translation,0.001,0.0026,20,0
28,residual,ru,tier_2,standard_translation,-0.0,0.0018,20,0
28,attn_out,ru,tier_2,standard_translation,0.0002,0.0004,20,0
28,mlp_out,ru,tier_2,standard_translation,0.0002,0.0021,20,0
29,residual,ru,tier_2,standard_translation,0.0,0.0018,20,0
29,attn_out,ru,tier_2,standard_translation,0.0,0.0007,20,0
29,mlp_out,ru,tier_2,standard_translation,0.0016,0.0009,20,0
30,residual,ru,tier_2,standard_translation,-0.0005,0.0004,20,0
30,attn_out,ru,tier_2,standard_translation,-0.0,0.0002,20,0
30,mlp_out,ru,tier_2,standard_translation,0.0011,0.0001,20,0
31,residual,ru,tier_2,standard_translation,0.0,0.0,20,0
31,attn_out,ru,tier_2,standard_translation,0.0,0.0,20,0
31,mlp_out,ru,tier_2,standard_translation,0.0,0.0,20,0
0,residual,ko,tier_2,standard_translation,0.3986,0.4726,20,0
0,attn_out,ko,tier_2,standard_translation,-0.0471,0.1921,20,0
0,mlp_out,ko,tier_2,standard_translation,0.1404,0.0645,20,0
1,residual,ko,tier_2,standard_translation,0.1585,0.3203,20,0
1,attn_out,ko,tier_2,standard_translation,-0.1616,0.4557,20,0
1,mlp_out,ko,tier_2,standard_translation,0.0491,0.1346,20,0
2,residual,ko,tier_2,standard_translation,0.0132,0.3537,20,0
2,attn_out,ko,tier_2,standard_translation,0.0054,0.1453,20,0
2,mlp_out,ko,tier_2,standard_translation,-0.1448,0.4076,20,0
3,residual,ko,tier_2,standard_translation,0.3334,0.5213,20,0
3,attn_out,ko,tier_2,standard_translation,0.1859,0.1824,20,0
3,mlp_out,ko,tier_2,standard_translation,-0.1836,0.7003,20,0
4,residual,ko,tier_2,standard_translation,1.0035,1.7078,20,0
4,attn_out,ko,tier_2,standard_translation,0.1708,0.1405,20,0
4,mlp_out,ko,tier_2,standard_translation,-0.0017,0.1862,20,0
5,residual,ko,tier_2,standard_translation,1.2105,2.0334,20,0
5,attn_out,ko,tier_2,standard_translation,-0.0267,0.4552,20,0
5,mlp_out,ko,tier_2,standard_translation,0.0349,0.1805,20,0
6,residual,ko,tier_2,standard_translation,1.4098,2.3005,20,0
6,attn_out,ko,tier_2,standard_translation,0.0976,0.2847,20,0
6,mlp_out,ko,tier_2,standard_translation,0.1985,0.1379,20,0
7,residual,ko,tier_2,standard_translation,1.2044,1.8743,20,0
7,attn_out,ko,tier_2,standard_translation,-0.0224,0.2692,20,0
7,mlp_out,ko,tier_2,standard_translation,0.0725,0.159,20,0
8,residual,ko,tier_2,standard_translation,0.8369,1.177,20,0
8,attn_out,ko,tier_2,standard_translation,-0.0196,0.509,20,0
8,mlp_out,ko,tier_2,standard_translation,0.0343,0.2814,20,0
9,residual,ko,tier_2,standard_translation,0.6516,0.7993,20,0
9,attn_out,ko,tier_2,standard_translation,-0.1502,0.5915,20,0
9,mlp_out,ko,tier_2,standard_translation,0.051,0.1401,20,0
10,residual,ko,tier_2,standard_translation,0.3892,0.3626,20,0
10,attn_out,ko,tier_2,standard_translation,-0.1257,0.4353,20,0
10,mlp_out,ko,tier_2,standard_translation,0.0727,0.0589,20,0
11,residual,ko,tier_2,standard_translation,0.2866,0.2263,20,0
11,attn_out,ko,tier_2,standard_translation,0.0171,0.1664,20,0
11,mlp_out,ko,tier_2,standard_translation,-0.0307,0.2945,20,0
12,residual,ko,tier_2,standard_translation,0.1079,0.1434,20,0
12,attn_out,ko,tier_2,standard_translation,0.0307,0.084,20,0
12,mlp_out,ko,tier_2,standard_translation,0.0732,0.2197,20,0
13,residual,ko,tier_2,standard_translation,0.2054,0.4123,20,0
13,attn_out,ko,tier_2,standard_translation,0.0493,0.1325,20,0
13,mlp_out,ko,tier_2,standard_translation,0.0161,0.0369,20,0
14,residual,ko,tier_2,standard_translation,0.1823,0.4863,20,0
14,attn_out,ko,tier_2,standard_translation,-0.0122,0.0136,20,0
14,mlp_out,ko,tier_2,standard_translation,-0.0277,0.1281,20,0
15,residual,ko,tier_2,standard_translation,0.1475,0.3369,20,0
15,attn_out,ko,tier_2,standard_translation,-0.0187,0.0105,20,0
15,mlp_out,ko,tier_2,standard_translation,0.0032,0.1136,20,0
16,residual,ko,tier_2,standard_translation,0.0691,0.2551,20,0
16,attn_out,ko,tier_2,standard_translation,0.0121,0.0156,20,0
16,mlp_out,ko,tier_2,standard_translation,-0.0212,0.0925,20,0
17,residual,ko,tier_2,standard_translation,0.0659,0.2158,20,0
17,attn_out,ko,tier_2,standard_translation,-0.0127,0.0181,20,0
17,mlp_out,ko,tier_2,standard_translation,-0.0274,0.0505,20,0
18,residual,ko,tier_2,standard_translation,0.0352,0.1435,20,0
18,attn_out,ko,tier_2,standard_translation,-0.0172,0.0473,20,0
18,mlp_out,ko,tier_2,standard_translation,0.0146,0.0177,20,0
19,residual,ko,tier_2,standard_translation,0.0401,0.1396,20,0
19,attn_out,ko,tier_2,standard_translation,0.0141,0.03,20,0
19,mlp_out,ko,tier_2,standard_translation,-0.0004,0.0318,20,0
20,residual,ko,tier_2,standard_translation,0.0383,0.174,20,0
20,attn_out,ko,tier_2,standard_translation,-0.0038,0.0091,20,0
20,mlp_out,ko,tier_2,standard_translation,0.0088,0.0083,20,0
21,residual,ko,tier_2,standard_translation,0.0407,0.1404,20,0
21,attn_out,ko,tier_2,standard_translation,-0.0085,0.0293,20,0
21,mlp_out,ko,tier_2,standard_translation,-0.0033,0.0428,20,0
22,residual,ko,tier_2,standard_translation,0.0499,0.158,20,0
22,attn_out,ko,tier_2,standard_translation,-0.0043,0.0099,20,0
22,mlp_out,ko,tier_2,standard_translation,-0.014,0.0178,20,0
23,residual,ko,tier_2,standard_translation,0.0671,0.1733,20,0
23,attn_out,ko,tier_2,standard_translation,0.006,0.0174,20,0
23,mlp_out,ko,tier_2,standard_translation,-0.0042,0.0299,20,0
24,residual,ko,tier_2,standard_translation,0.0245,0.1367,20,0
24,attn_out,ko,tier_2,standard_translation,-0.0068,0.0186,20,0
24,mlp_out,ko,tier_2,standard_translation,-0.0096,0.0248,20,0
25,residual,ko,tier_2,standard_translation,-0.0089,0.0638,20,0
25,attn_out,ko,tier_2,standard_translation,0.0009,0.008,20,0
25,mlp_out,ko,tier_2,standard_translation,-0.0142,0.0465,20,0
26,residual,ko,tier_2,standard_translation,-0.0277,0.0398,20,0
26,attn_out,ko,tier_2,standard_translation,0.0131,0.0358,20,0
26,mlp_out,ko,tier_2,standard_translation,-0.0223,0.0195,20,0
27,residual,ko,tier_2,standard_translation,-0.0308,0.031,20,0
27,attn_out,ko,tier_2,standard_translation,-0.0062,0.0129,20,0
27,mlp_out,ko,tier_2,standard_translation,0.0038,0.0106,20,0
28,residual,ko,tier_2,standard_translation,-0.0107,0.0452,20,0
28,attn_out,ko,tier_2,standard_translation,-0.0016,0.0112,20,0
28,mlp_out,ko,tier_2,standard_translation,0.0014,0.0124,20,0
29,residual,ko,tier_2,standard_translation,0.0051,0.0488,20,0
29,attn_out,ko,tier_2,standard_translation,0.0009,0.0058,20,0
29,mlp_out,ko,tier_2,standard_translation,-0.0212,0.0472,20,0
30,residual,ko,tier_2,standard_translation,0.0017,0.009,20,0
30,attn_out,ko,tier_2,standard_translation,0.0027,0.0056,20,0
30,mlp_out,ko,tier_2,standard_translation,-0.0071,0.0275,20,0
31,residual,ko,tier_2,standard_translation,0.0,0.0,20,0
31,attn_out,ko,tier_2,standard_translation,0.0,0.0,20,0
31,mlp_out,ko,tier_2,standard_translation,0.0,0.0,20,0
0,residual,ja,tier_2,standard_translation,0.4623,0.6533,20,0
0,attn_out,ja,tier_2,standard_translation,0.0302,0.0576,20,0
0,mlp_out,ja,tier_2,standard_translation,0.1802,0.2238,20,0
1,residual,ja,tier_2,standard_translation,0.3466,0.6248,20,0
1,attn_out,ja,tier_2,standard_translation,0.1203,0.1799,20,0
1,mlp_out,ja,tier_2,standard_translation,-0.0006,0.0764,20,0
2,residual,ja,tier_2,standard_translation,0.1535,0.2459,20,0
2,attn_out,ja,tier_2,standard_translation,0.0047,0.1005,20,0
2,mlp_out,ja,tier_2,standard_translation,-0.0186,0.2172,20,0
3,residual,ja,tier_2,standard_translation,0.2626,0.3642,20,0
3,attn_out,ja,tier_2,standard_translation,-0.0892,0.1397,20,0
3,mlp_out,ja,tier_2,standard_translation,-0.0504,0.0453,20,0
4,residual,ja,tier_2,standard_translation,0.1676,0.548,20,0
4,attn_out,ja,tier_2,standard_translation,0.0459,0.1916,20,0
4,mlp_out,ja,tier_2,standard_translation,-0.0478,0.058,20,0
5,residual,ja,tier_2,standard_translation,0.1059,0.6785,20,0
5,attn_out,ja,tier_2,standard_translation,-0.0132,0.2107,20,0
5,mlp_out,ja,tier_2,standard_translation,0.041,0.2316,20,0
6,residual,ja,tier_2,standard_translation,0.1525,0.5686,20,0
6,attn_out,ja,tier_2,standard_translation,0.0237,0.2718,20,0
6,mlp_out,ja,tier_2,standard_translation,0.0565,0.2835,20,0
7,residual,ja,tier_2,standard_translation,0.1818,0.4183,20,0
7,attn_out,ja,tier_2,standard_translation,-0.0713,0.12,20,0
7,mlp_out,ja,tier_2,standard_translation,0.2042,0.4484,20,0
8,residual,ja,tier_2,standard_translation,0.162,0.2713,20,0
8,attn_out,ja,tier_2,standard_translation,0.1651,0.485,20,0
8,mlp_out,ja,tier_2,standard_translation,0.1223,0.4622,20,0
9,residual,ja,tier_2,standard_translation,0.1931,0.2346,20,0
9,attn_out,ja,tier_2,standard_translation,0.0444,0.0834,20,0
9,mlp_out,ja,tier_2,standard_translation,0.0642,0.1797,20,0
10,residual,ja,tier_2,standard_translation,0.1533,0.1845,20,0
10,attn_out,ja,tier_2,standard_translation,0.0298,0.244,20,0
10,mlp_out,ja,tier_2,standard_translation,0.0928,0.1597,20,0
11,residual,ja,tier_2,standard_translation,0.1649,0.2154,20,0
11,attn_out,ja,tier_2,standard_translation,0.0145,0.0523,20,0
11,mlp_out,ja,tier_2,standard_translation,0.0966,0.173,20,0
12,residual,ja,tier_2,standard_translation,0.1155,0.1477,20,0
12,attn_out,ja,tier_2,standard_translation,0.0006,0.0485,20,0
12,mlp_out,ja,tier_2,standard_translation,-0.0463,0.0905,20,0
13,residual,ja,tier_2,standard_translation,0.0606,0.1334,20,0
13,attn_out,ja,tier_2,standard_translation,-0.0138,0.0563,20,0
13,mlp_out,ja,tier_2,standard_translation,0.0063,0.0574,20,0
14,residual,ja,tier_2,standard_translation,0.0146,0.1608,20,0
14,attn_out,ja,tier_2,standard_translation,0.0091,0.0231,20,0
14,mlp_out,ja,tier_2,standard_translation,0.0143,0.0386,20,0
15,residual,ja,tier_2,standard_translation,0.0117,0.1208,20,0
15,attn_out,ja,tier_2,standard_translation,-0.0185,0.0207,20,0
15,mlp_out,ja,tier_2,standard_translation,-0.0143,0.0343,20,0
16,residual,ja,tier_2,standard_translation,0.0128,0.1472,20,0
16,attn_out,ja,tier_2,standard_translation,0.0113,0.041,20,0
16,mlp_out,ja,tier_2,standard_translation,0.0025,0.0448,20,0
17,residual,ja,tier_2,standard_translation,0.0079,0.1245,20,0
17,attn_out,ja,tier_2,standard_translation,-0.0083,0.0087,20,0
17,mlp_out,ja,tier_2,standard_translation,-0.0328,0.0671,20,0
18,residual,ja,tier_2,standard_translation,0.0205,0.0642,20,0
18,attn_out,ja,tier_2,standard_translation,-0.0032,0.0048,20,0
18,mlp_out,ja,tier_2,standard_translation,0.0079,0.0165,20,0
19,residual,ja,tier_2,standard_translation,0.0185,0.0854,20,0
19,attn_out,ja,tier_2,standard_translation,0.0,0.0083,20,0
19,mlp_out,ja,tier_2,standard_translation,0.0048,0.0093,20,0
20,residual,ja,tier_2,standard_translation,0.0188,0.0948,20,0
20,attn_out,ja,tier_2,standard_translation,0.0029,0.0025,20,0
20,mlp_out,ja,tier_2,standard_translation,-0.0126,0.0126,20,0
21,residual,ja,tier_2,standard_translation,0.0467,0.0467,20,0
21,attn_out,ja,tier_2,standard_translation,0.0068,0.013,20,0
21,mlp_out,ja,tier_2,standard_translation,-0.0052,0.0032,20,0
22,residual,ja,tier_2,standard_translation,0.0548,0.0583,20,0
22,attn_out,ja,tier_2,standard_translation,-0.0025,0.0022,20,0
22,mlp_out,ja,tier_2,standard_translation,-0.0125,0.0192,20,0
23,residual,ja,tier_2,standard_translation,0.0921,0.1038,20,0
23,attn_out,ja,tier_2,standard_translation,0.001,0.0038,20,0
23,mlp_out,ja,tier_2,standard_translation,-0.0019,0.0145,20,0
24,residual,ja,tier_2,standard_translation,0.0452,0.0677,20,0
24,attn_out,ja,tier_2,standard_translation,0.0006,0.0025,20,0
24,mlp_out,ja,tier_2,standard_translation,-0.0201,0.0437,20,0
25,residual,ja,tier_2,standard_translation,0.0458,0.0879,20,0
25,attn_out,ja,tier_2,standard_translation,0.0004,0.0039,20,0
25,mlp_out,ja,tier_2,standard_translation,0.0022,0.0286,20,0
26,residual,ja,tier_2,standard_translation,0.0512,0.0565,20,0
26,attn_out,ja,tier_2,standard_translation,-0.0019,0.0028,20,0
26,mlp_out,ja,tier_2,standard_translation,-0.0108,0.0405,20,0
27,residual,ja,tier_2,standard_translation,0.0347,0.0576,20,0
27,attn_out,ja,tier_2,standard_translation,0.0,0.0041,20,0
27,mlp_out,ja,tier_2,standard_translation,-0.015,0.027,20,0
28,residual,ja,tier_2,standard_translation,0.0096,0.0572,20,0
28,attn_out,ja,tier_2,standard_translation,0.0014,0.0039,20,0
28,mlp_out,ja,tier_2,standard_translation,0.0082,0.0231,20,0
29,residual,ja,tier_2,standard_translation,-0.0062,0.032,20,0
29,attn_out,ja,tier_2,standard_translation,-0.0001,0.0057,20,0
29,mlp_out,ja,tier_2,standard_translation,-0.0007,0.005,20,0
30,residual,ja,tier_2,standard_translation,-0.0116,0.0099,20,0
30,attn_out,ja,tier_2,standard_translation,0.0008,0.0028,20,0
30,mlp_out,ja,tier_2,standard_translation,-0.0017,0.0073,20,0
31,residual,ja,tier_2,standard_translation,0.0,0.0,20,0
31,attn_out,ja,tier_2,standard_translation,0.0,0.0,20,0
31,mlp_out,ja,tier_2,standard_translation,0.0,0.0,20,0
0,residual,tr,tier_3,standard_translation,-0.19,0.2944,20,0
0,attn_out,tr,tier_3,standard_translation,-0.0251,0.0814,20,0
0,mlp_out,tr,tier_3,standard_translation,-0.1379,0.1657,20,0
1,residual,tr,tier_3,standard_translation,-0.1882,0.2539,20,0
1,attn_out,tr,tier_3,standard_translation,-0.0989,0.1283,20,0
1,mlp_out,tr,tier_3,standard_translation,-0.0103,0.0558,20,0
2,residual,tr,tier_3,standard_translation,-0.2193,0.2544,20,0
2,attn_out,tr,tier_3,standard_translation,-0.0049,0.0826,20,0
2,mlp_out,tr,tier_3,standard_translation,0.0036,0.0924,20,0
3,residual,tr,tier_3,standard_translation,-0.2746,0.2656,20,0
3,attn_out,tr,tier_3,standard_translation,-0.0589,0.1003,20,0
3,mlp_out,tr,tier_3,standard_translation,0.0138,0.0452,20,0
4,residual,tr,tier_3,standard_translation,-0.3346,0.3073,20,0
4,attn_out,tr,tier_3,standard_translation,0.0311,0.1026,20,0
4,mlp_out,tr,tier_3,standard_translation,0.0088,0.0585,20,0
5,residual,tr,tier_3,standard_translation,-0.3606,0.2767,20,0
5,attn_out,tr,tier_3,standard_translation,0.0162,0.0673,20,0
5,mlp_out,tr,tier_3,standard_translation,0.0381,0.0758,20,0
6,residual,tr,tier_3,standard_translation,-0.3044,0.2392,20,0
6,attn_out,tr,tier_3,standard_translation,0.0401,0.0934,20,0
6,mlp_out,tr,tier_3,standard_translation,0.023,0.0745,20,0
7,residual,tr,tier_3,standard_translation,-0.2381,0.2091,20,0
7,attn_out,tr,tier_3,standard_translation,-0.0085,0.0528,20,0
7,mlp_out,tr,tier_3,standard_translation,0.0642,0.0965,20,0
8,residual,tr,tier_3,standard_translation,-0.1955,0.1758,20,0
8,attn_out,tr,tier_3,standard_translation,0.0538,0.056,20,0
8,mlp_out,tr,tier_3,standard_translation,0.0087,0.0754,20,0
9,residual,tr,tier_3,standard_translation,-0.1382,0.1551,20,0
9,attn_out,tr,tier_3,standard_translation,0.0466,0.0677,20,0
9,mlp_out,tr,tier_3,standard_translation,0.0592,0.0264,20,0
10,residual,tr,tier_3,standard_translation,-0.107,0.103,20,0
10,attn_out,tr,tier_3,standard_translation,0.0252,0.0707,20,0
10,mlp_out,tr,tier_3,standard_translation,0.083,0.0502,20,0
11,residual,tr,tier_3,standard_translation,-0.0953,0.0812,20,0
11,attn_out,tr,tier_3,standard_translation,-0.0472,0.0551,20,0
11,mlp_out,tr,tier_3,standard_translation,0.013,0.0392,20,0
12,residual,tr,tier_3,standard_translation,-0.0849,0.0506,20,0
12,attn_out,tr,tier_3,standard_translation,-0.0408,0.0195,20,0
12,mlp_out,tr,tier_3,standard_translation,-0.014,0.0577,20,0
13,residual,tr,tier_3,standard_translation,-0.0844,0.0457,20,0
13,attn_out,tr,tier_3,standard_translation,-0.0243,0.0193,20,0
13,mlp_out,tr,tier_3,standard_translation,-0.0067,0.0242,20,0
14,residual,tr,tier_3,standard_translation,-0.0996,0.0423,20,0
14,attn_out,tr,tier_3,standard_translation,-0.014,0.0173,20,0
14,mlp_out,tr,tier_3,standard_translation,-0.0087,0.0212,20,0
15,residual,tr,tier_3,standard_translation,-0.0631,0.0335,20,0
15,attn_out,tr,tier_3,standard_translation,-0.0017,0.0115,20,0
15,mlp_out,tr,tier_3,standard_translation,0.0323,0.0355,20,0
16,residual,tr,tier_3,standard_translation,-0.0504,0.0378,20,0
16,attn_out,tr,tier_3,standard_translation,-0.002,0.0076,20,0
16,mlp_out,tr,tier_3,standard_translation,0.0357,0.0095,20,0
17,residual,tr,tier_3,standard_translation,-0.0231,0.0286,20,0
17,attn_out,tr,tier_3,standard_translation,0.0077,0.0113,20,0
17,mlp_out,tr,tier_3,standard_translation,0.0074,0.0168,20,0
18,residual,tr,tier_3,standard_translation,-0.0171,0.0329,20,0
18,attn_out,tr,tier_3,standard_translation,0.0034,0.0026,20,0
18,mlp_out,tr,tier_3,standard_translation,0.0179,0.0134,20,0
19,residual,tr,tier_3,standard_translation,-0.0209,0.0327,20,0
19,attn_out,tr,tier_3,standard_translation,-0.0034,0.0031,20,0
19,mlp_out,tr,tier_3,standard_translation,0.0094,0.0046,20,0
20,residual,tr,tier_3,standard_translation,-0.0167,0.0315,20,0
20,attn_out,tr,tier_3,standard_translation,-0.0022,0.0044,20,0
20,mlp_out,tr,tier_3,standard_translation,0.0024,0.0093,20,0
21,residual,tr,tier_3,standard_translation,-0.0166,0.0291,20,0
21,attn_out,tr,tier_3,standard_translation,0.0063,0.005,20,0
21,mlp_out,tr,tier_3,standard_translation,0.0153,0.0107,20,0
22,residual,tr,tier_3,standard_translation,-0.0116,0.0285,20,0
22,attn_out,tr,tier_3,standard_translation,-0.0001,0.005,20,0
22,mlp_out,tr,tier_3,standard_translation,0.004,0.0109,20,0
23,residual,tr,tier_3,standard_translation,-0.0075,0.0237,20,0
23,attn_out,tr,tier_3,standard_translation,0.0019,0.002,20,0
23,mlp_out,tr,tier_3,standard_translation,0.0065,0.0151,20,0
24,residual,tr,tier_3,standard_translation,-0.0152,0.0259,20,0
24,attn_out,tr,tier_3,standard_translation,0.0003,0.0037,20,0
24,mlp_out,tr,tier_3,standard_translation,0.0037,0.0113,20,0
25,residual,tr,tier_3,standard_translation,-0.0109,0.0225,20,0
25,attn_out,tr,tier_3,standard_translation,-0.0001,0.0006,20,0
25,mlp_out,tr,tier_3,standard_translation,0.0041,0.0041,20,0
26,residual,tr,tier_3,standard_translation,-0.0128,0.0201,20,0
26,attn_out,tr,tier_3,standard_translation,0.0039,0.0039,20,0
26,mlp_out,tr,tier_3,standard_translation,0.0078,0.0088,20,0
27,residual,tr,tier_3,standard_translation,-0.0194,0.026,20,0
27,attn_out,tr,tier_3,standard_translation,-0.0005,0.0023,20,0
27,mlp_out,tr,tier_3,standard_translation,0.0191,0.0104,20,0
28,residual,tr,tier_3,standard_translation,-0.015,0.0214,20,0
28,attn_out,tr,tier_3,standard_translation,0.0012,0.0012,20,0
28,mlp_out,tr,tier_3,standard_translation,0.0078,0.005,20,0
29,residual,tr,tier_3,standard_translation,-0.0081,0.0168,20,0
29,attn_out,tr,tier_3,standard_translation,-0.0001,0.0045,20,0
29,mlp_out,tr,tier_3,standard_translation,0.0079,0.0067,20,0
30,residual,tr,tier_3,standard_translation,-0.0051,0.0029,20,0
30,attn_out,tr,tier_3,standard_translation,-0.0001,0.0011,20,0
30,mlp_out,tr,tier_3,standard_translation,0.0035,0.0014,20,0
31,residual,tr,tier_3,standard_translation,0.0,0.0,20,0
31,attn_out,tr,tier_3,standard_translation,0.0,0.0,20,0
31,mlp_out,tr,tier_3,standard_translation,0.0,0.0,20,0
0,residual,id,tier_3,standard_translation,0.0601,0.017,20,0
0,attn_out,id,tier_3,standard_translation,0.0186,0.0122,20,0
0,mlp_out,id,tier_3,standard_translation,0.0195,0.0291,20,0
1,residual,id,tier_3,standard_translation,0.0539,0.0257,20,0
1,attn_out,id,tier_3,standard_translation,0.0008,0.0133,20,0
1,mlp_out,id,tier_3,standard_translation,0.0091,0.0215,20,0
2,residual,id,tier_3,standard_translation,0.0444,0.0239,20,0
2,attn_out,id,tier_3,standard_translation,-0.0085,0.0083,20,0
2,mlp_out,id,tier_3,standard_translation,0.0041,0.0015,20,0
3,residual,id,tier_3,standard_translation,0.0267,0.0181,20,0
3,attn_out,id,tier_3,standard_translation,0.0064,0.0516,20,0
3,mlp_out,id,tier_3,standard_translation,-0.0063,0.0181,20,0
4,residual,id,tier_3,standard_translation,0.0301,0.0276,20,0
4,attn_out,id,tier_3,standard_translation,-0.0033,0.0178,20,0
4,mlp_out,id,tier_3,standard_translation,-0.0172,0.0341,20,0
5,residual,id,tier_3,standard_translation,0.0182,0.0301,20,0
5,attn_out,id,tier_3,standard_translation,-0.0104,0.0232,20,0
5,mlp_out,id,tier_3,standard_translation,-0.0152,0.0182,20,0
6,residual,id,tier_3,standard_translation,0.0118,0.0337,20,0
6,attn_out,id,tier_3,standard_translation,-0.012,0.0155,20,0
6,mlp_out,id,tier_3,standard_translation,-0.0117,0.0324,20,0
7,residual,id,tier_3,standard_translation,0.0151,0.0304,20,0
7,attn_out,id,tier_3,standard_translation,0.0055,0.0131,20,0
7,mlp_out,id,tier_3,standard_translation,-0.0086,0.0313,20,0
8,residual,id,tier_3,standard_translation,0.0157,0.0325,20,0
8,attn_out,id,tier_3,standard_translation,0.0014,0.0087,20,0
8,mlp_out,id,tier_3,standard_translation,-0.0117,0.0286,20,0
9,residual,id,tier_3,standard_translation,0.029,0.0263,20,0
9,attn_out,id,tier_3,standard_translation,0.0067,0.0162,20,0
9,mlp_out,id,tier_3,standard_translation,-0.0333,0.0521,20,0
10,residual,id,tier_3,standard_translation,0.026,0.024,20,0
10,attn_out,id,tier_3,standard_translation,0.0002,0.0072,20,0
10,mlp_out,id,tier_3,standard_translation,-0.005,0.0086,20,0
11,residual,id,tier_3,standard_translation,0.0291,0.0227,20,0
11,attn_out,id,tier_3,standard_translation,0.0075,0.0101,20,0
11,mlp_out,id,tier_3,standard_translation,-0.0099,0.0159,20,0
12,residual,id,tier_3,standard_translation,0.0413,0.0194,20,0
12,attn_out,id,tier_3,standard_translation,0.0117,0.007,20,0
12,mlp_out,id,tier_3,standard_translation,0.009,0.0127,20,0
13,residual,id,tier_3,standard_translation,0.034,0.0194,20,0
13,attn_out,id,tier_3,standard_translation,0.0074,0.0031,20,0
13,mlp_out,id,tier_3,standard_translation,0.0113,0.0073,20,0
14,residual,id,tier_3,standard_translation,0.0462,0.0182,20,0
14,attn_out,id,tier_3,standard_translation,0.0079,0.0044,20,0
14,mlp_out,id,tier_3,standard_translation,0.0092,0.0051,20,0
15,residual,id,tier_3,standard_translation,0.0369,0.0157,20,0
15,attn_out,id,tier_3,standard_translation,0.0037,0.0016,20,0
15,mlp_out,id,tier_3,standard_translation,0.0033,0.0054,20,0
16,residual,id,tier_3,standard_translation,0.0349,0.017,20,0
16,attn_out,id,tier_3,standard_translation,0.0049,0.005,20,0
16,mlp_out,id,tier_3,standard_translation,0.0087,0.0049,20,0
17,residual,id,tier_3,standard_translation,0.032,0.0138,20,0
17,attn_out,id,tier_3,standard_translation,0.0012,0.0012,20,0
17,mlp_out,id,tier_3,standard_translation,0.0007,0.0053,20,0
18,residual,id,tier_3,standard_translation,0.0282,0.0109,20,0
18,attn_out,id,tier_3,standard_translation,0.0003,0.001,20,0
18,mlp_out,id,tier_3,standard_translation,0.0053,0.0024,20,0
19,residual,id,tier_3,standard_translation,0.0283,0.011,20,0
19,attn_out,id,tier_3,standard_translation,-0.0015,0.0015,20,0
19,mlp_out,id,tier_3,standard_translation,-0.0,0.0054,20,0
20,residual,id,tier_3,standard_translation,0.0281,0.0106,20,0
20,attn_out,id,tier_3,standard_translation,0.0013,0.0022,20,0
20,mlp_out,id,tier_3,standard_translation,0.0058,0.0037,20,0
21,residual,id,tier_3,standard_translation,0.0278,0.0107,20,0
21,attn_out,id,tier_3,standard_translation,0.0006,0.0012,20,0
21,mlp_out,id,tier_3,standard_translation,0.0042,0.0046,20,0
22,residual,id,tier_3,standard_translation,0.0223,0.0077,20,0
22,attn_out,id,tier_3,standard_translation,-0.0005,0.0013,20,0
22,mlp_out,id,tier_3,standard_translation,0.0063,0.0044,20,0
23,residual,id,tier_3,standard_translation,0.0206,0.0069,20,0
23,attn_out,id,tier_3,standard_translation,-0.0004,0.0002,20,0
23,mlp_out,id,tier_3,standard_translation,0.0027,0.0026,20,0
24,residual,id,tier_3,standard_translation,0.0244,0.0093,20,0
24,attn_out,id,tier_3,standard_translation,0.0009,0.0017,20,0
24,mlp_out,id,tier_3,standard_translation,0.0031,0.0014,20,0
25,residual,id,tier_3,standard_translation,0.0244,0.0086,20,0
25,attn_out,id,tier_3,standard_translation,0.002,0.0011,20,0
25,mlp_out,id,tier_3,standard_translation,-0.0024,0.0028,20,0
26,residual,id,tier_3,standard_translation,0.0217,0.0081,20,0
26,attn_out,id,tier_3,standard_translation,0.001,0.0012,20,0
26,mlp_out,id,tier_3,standard_translation,0.0036,0.0018,20,0
27,residual,id,tier_3,standard_translation,0.0217,0.0086,20,0
27,attn_out,id,tier_3,standard_translation,0.0012,0.0006,20,0
27,mlp_out,id,tier_3,standard_translation,0.0005,0.0027,20,0
28,residual,id,tier_3,standard_translation,0.0193,0.0066,20,0
28,attn_out,id,tier_3,standard_translation,-0.0004,0.0005,20,0
28,mlp_out,id,tier_3,standard_translation,0.0026,0.0027,20,0
29,residual,id,tier_3,standard_translation,0.0188,0.008,20,0
29,attn_out,id,tier_3,standard_translation,-0.001,0.0004,20,0
29,mlp_out,id,tier_3,standard_translation,0.0024,0.006,20,0
30,residual,id,tier_3,standard_translation,0.0056,0.0012,20,0
30,attn_out,id,tier_3,standard_translation,0.0004,0.0011,20,0
30,mlp_out,id,tier_3,standard_translation,-0.0011,0.0004,20,0
31,residual,id,tier_3,standard_translation,0.0,0.0,20,0
31,attn_out,id,tier_3,standard_translation,0.0,0.0,20,0
31,mlp_out,id,tier_3,standard_translation,0.0,0.0,20,0
0,residual,hi,tier_3,standard_translation,-0.1068,0.1143,20,0
0,attn_out,hi,tier_3,standard_translation,0.0197,0.054,20,0
0,mlp_out,hi,tier_3,standard_translation,-0.0822,0.09,20,0
1,residual,hi,tier_3,standard_translation,-0.0999,0.1052,20,0
1,attn_out,hi,tier_3,standard_translation,0.0128,0.0381,20,0
1,mlp_out,hi,tier_3,standard_translation,0.0038,0.0436,20,0
2,residual,hi,tier_3,standard_translation,-0.0883,0.1245,20,0
2,attn_out,hi,tier_3,standard_translation,0.0197,0.0315,20,0
2,mlp_out,hi,tier_3,standard_translation,-0.0186,0.087,20,0
3,residual,hi,tier_3,standard_translation,-0.0599,0.1551,20,0
3,attn_out,hi,tier_3,standard_translation,-0.0197,0.0485,20,0
3,mlp_out,hi,tier_3,standard_translation,-0.0068,0.0724,20,0
4,residual,hi,tier_3,standard_translation,-0.0745,0.1355,20,0
4,attn_out,hi,tier_3,standard_translation,-0.0108,0.0222,20,0
4,mlp_out,hi,tier_3,standard_translation,0.0127,0.0791,20,0
5,residual,hi,tier_3,standard_translation,-0.0563,0.1159,20,0
5,attn_out,hi,tier_3,standard_translation,0.002,0.0699,20,0
5,mlp_out,hi,tier_3,standard_translation,0.0197,0.0749,20,0
6,residual,hi,tier_3,standard_translation,-0.0439,0.1072,20,0
6,attn_out,hi,tier_3,standard_translation,-0.0184,0.0487,20,0
6,mlp_out,hi,tier_3,standard_translation,-0.0143,0.0994,20,0
7,residual,hi,tier_3,standard_translation,-0.0458,0.0835,20,0
7,attn_out,hi,tier_3,standard_translation,-0.025,0.0497,20,0
7,mlp_out,hi,tier_3,standard_translation,-0.0076,0.0964,20,0
8,residual,hi,tier_3,standard_translation,-0.0624,0.0651,20,0
8,attn_out,hi,tier_3,standard_translation,0.0298,0.0209,20,0
8,mlp_out,hi,tier_3,standard_translation,-0.0376,0.0472,20,0
9,residual,hi,tier_3,standard_translation,-0.0503,0.0726,20,0
9,attn_out,hi,tier_3,standard_translation,0.0092,0.0307,20,0
9,mlp_out,hi,tier_3,standard_translation,0.0093,0.0355,20,0
10,residual,hi,tier_3,standard_translation,-0.0414,0.0652,20,0
10,attn_out,hi,tier_3,standard_translation,0.0086,0.035,20,0
10,mlp_out,hi,tier_3,standard_translation,-0.0154,0.037,20,0
11,residual,hi,tier_3,standard_translation,-0.035,0.0906,20,0
11,attn_out,hi,tier_3,standard_translation,-0.0078,0.0147,20,0
11,mlp_out,hi,tier_3,standard_translation,-0.0392,0.0305,20,0
12,residual,hi,tier_3,standard_translation,-0.0115,0.0807,20,0
12,attn_out,hi,tier_3,standard_translation,-0.0058,0.0181,20,0
12,mlp_out,hi,tier_3,standard_translation,-0.0068,0.0207,20,0
13,residual,hi,tier_3,standard_translation,-0.0118,0.0612,20,0
13,attn_out,hi,tier_3,standard_translation,-0.0104,0.0042,20,0
13,mlp_out,hi,tier_3,standard_translation,-0.0024,0.0177,20,0
14,residual,hi,tier_3,standard_translation,-0.0118,0.0486,20,0
14,attn_out,hi,tier_3,standard_translation,-0.0067,0.0069,20,0
14,mlp_out,hi,tier_3,standard_translation,0.0019,0.0082,20,0
15,residual,hi,tier_3,standard_translation,-0.0063,0.0448,20,0
15,attn_out,hi,tier_3,standard_translation,-0.004,0.0054,20,0
15,mlp_out,hi,tier_3,standard_translation,0.0153,0.011,20,0
16,residual,hi,tier_3,standard_translation,-0.0019,0.048,20,0
16,attn_out,hi,tier_3,standard_translation,0.0014,0.0033,20,0
16,mlp_out,hi,tier_3,standard_translation,0.0058,0.0092,20,0
17,residual,hi,tier_3,standard_translation,-0.0034,0.0371,20,0
17,attn_out,hi,tier_3,standard_translation,0.0026,0.0032,20,0
17,mlp_out,hi,tier_3,standard_translation,0.005,0.0019,20,0
18,residual,hi,tier_3,standard_translation,-0.0009,0.0369,20,0
18,attn_out,hi,tier_3,standard_translation,0.0004,0.0033,20,0
18,mlp_out,hi,tier_3,standard_translation,-0.0003,0.0008,20,0
19,residual,hi,tier_3,standard_translation,0.0007,0.0363,20,0
19,attn_out,hi,tier_3,standard_translation,0.0028,0.0025,20,0
19,mlp_out,hi,tier_3,standard_translation,0.0048,0.0074,20,0
20,residual,hi,tier_3,standard_translation,-0.0024,0.0381,20,0
20,attn_out,hi,tier_3,standard_translation,0.0022,0.0062,20,0
20,mlp_out,hi,tier_3,standard_translation,-0.0002,0.0041,20,0
21,residual,hi,tier_3,standard_translation,-0.0038,0.0381,20,0
21,attn_out,hi,tier_3,standard_translation,0.0017,0.0017,20,0
21,mlp_out,hi,tier_3,standard_translation,0.0027,0.0057,20,0
22,residual,hi,tier_3,standard_translation,-0.0031,0.0437,20,0
22,attn_out,hi,tier_3,standard_translation,-0.0,0.0013,20,0
22,mlp_out,hi,tier_3,standard_translation,-0.0066,0.0082,20,0
23,residual,hi,tier_3,standard_translation,-0.004,0.0465,20,0
23,attn_out,hi,tier_3,standard_translation,-0.0007,0.0009,20,0
23,mlp_out,hi,tier_3,standard_translation,-0.003,0.0039,20,0
24,residual,hi,tier_3,standard_translation,-0.0181,0.0198,20,0
24,attn_out,hi,tier_3,standard_translation,-0.0037,0.0016,20,0
24,mlp_out,hi,tier_3,standard_translation,0.0012,0.0038,20,0
25,residual,hi,tier_3,standard_translation,-0.0229,0.0178,20,0
25,attn_out,hi,tier_3,standard_translation,-0.001,0.0017,20,0
25,mlp_out,hi,tier_3,standard_translation,0.0017,0.0045,20,0
26,residual,hi,tier_3,standard_translation,-0.0186,0.0148,20,0
26,attn_out,hi,tier_3,standard_translation,0.0033,0.0015,20,0
26,mlp_out,hi,tier_3,standard_translation,-0.002,0.0021,20,0
27,residual,hi,tier_3,standard_translation,-0.0213,0.0137,20,0
27,attn_out,hi,tier_3,standard_translation,-0.0009,0.0007,20,0
27,mlp_out,hi,tier_3,standard_translation,0.0107,0.0053,20,0
28,residual,hi,tier_3,standard_translation,-0.0146,0.0115,20,0
28,attn_out,hi,tier_3,standard_translation,0.0006,0.0004,20,0
28,mlp_out,hi,tier_3,standard_translation,-0.0034,0.0027,20,0
29,residual,hi,tier_3,standard_translation,-0.0113,0.01,20,0
29,attn_out,hi,tier_3,standard_translation,0.0006,0.0029,20,0
29,mlp_out,hi,tier_3,standard_translation,0.0077,0.005,20,0
30,residual,hi,tier_3,standard_translation,-0.0047,0.0065,20,0
30,attn_out,hi,tier_3,standard_translation,-0.0005,0.0011,20,0
30,mlp_out,hi,tier_3,standard_translation,0.0039,0.0035,20,0
31,residual,hi,tier_3,standard_translation,0.0,0.0,20,0
31,attn_out,hi,tier_3,standard_translation,0.0,0.0,20,0
31,mlp_out,hi,tier_3,standard_translation,0.0,0.0,20,0
0,residual,sw,tier_3,standard_translation,-0.0403,0.1518,20,0
0,attn_out,sw,tier_3,standard_translation,0.1129,0.1863,20,0
0,mlp_out,sw,tier_3,standard_translation,-0.0412,0.1058,20,0
1,residual,sw,tier_3,standard_translation,-0.0576,0.1504,20,0
1,attn_out,sw,tier_3,standard_translation,0.0047,0.0988,20,0
1,mlp_out,sw,tier_3,standard_translation,-0.1072,0.1956,20,0
2,residual,sw,tier_3,standard_translation,-0.083,0.1247,20,0
2,attn_out,sw,tier_3,standard_translation,0.0088,0.0499,20,0
2,mlp_out,sw,tier_3,standard_translation,-0.06,0.0798,20,0
3,residual,sw,tier_3,standard_translation,-0.1712,0.2247,20,0
3,attn_out,sw,tier_3,standard_translation,-0.0152,0.1176,20,0
3,mlp_out,sw,tier_3,standard_translation,-0.1117,0.2637,20,0
4,residual,sw,tier_3,standard_translation,-0.174,0.2324,20,0
4,attn_out,sw,tier_3,standard_translation,0.0009,0.1294,20,0
4,mlp_out,sw,tier_3,standard_translation,-0.1045,0.1393,20,0
5,residual,sw,tier_3,standard_translation,-0.2038,0.2449,20,0
5,attn_out,sw,tier_3,standard_translation,0.0246,0.0315,20,0
5,mlp_out,sw,tier_3,standard_translation,-0.0654,0.0809,20,0
6,residual,sw,tier_3,standard_translation,-0.2085,0.2421,20,0
6,attn_out,sw,tier_3,standard_translation,0.0113,0.0396,20,0
6,mlp_out,sw,tier_3,standard_translation,-0.105,0.1848,20,0
7,residual,sw,tier_3,standard_translation,-0.2273,0.2434,20,0
7,attn_out,sw,tier_3,standard_translation,-0.022,0.0485,20,0
7,mlp_out,sw,tier_3,standard_translation,-0.1128,0.1841,20,0
8,residual,sw,tier_3,standard_translation,-0.1885,0.2191,20,0
8,attn_out,sw,tier_3,standard_translation,0.0182,0.0304,20,0
8,mlp_out,sw,tier_3,standard_translation,-0.0209,0.0431,20,0
9,residual,sw,tier_3,standard_translation,-0.2087,0.2117,20,0
9,attn_out,sw,tier_3,standard_translation,-0.0067,0.013,20,0
9,mlp_out,sw,tier_3,standard_translation,-0.0302,0.0696,20,0
10,residual,sw,tier_3,standard_translation,-0.1934,0.1861,20,0
10,attn_out,sw,tier_3,standard_translation,-0.0164,0.0181,20,0
10,mlp_out,sw,tier_3,standard_translation,-0.0364,0.0392,20,0
11,residual,sw,tier_3,standard_translation,-0.202,0.1676,20,0
11,attn_out,sw,tier_3,standard_translation,0.0082,0.0197,20,0
11,mlp_out,sw,tier_3,standard_translation,-0.0145,0.0181,20,0
12,residual,sw,tier_3,standard_translation,-0.0984,0.0948,20,0
12,attn_out,sw,tier_3,standard_translation,-0.0022,0.004,20,0
12,mlp_out,sw,tier_3,standard_translation,-0.0072,0.0082,20,0
13,residual,sw,tier_3,standard_translation,-0.0503,0.0436,20,0
13,attn_out,sw,tier_3,standard_translation,-0.0024,0.0074,20,0
13,mlp_out,sw,tier_3,standard_translation,0.0019,0.0085,20,0
14,residual,sw,tier_3,standard_translation,-0.0467,0.047,20,0
14,attn_out,sw,tier_3,standard_translation,0.0034,0.0032,20,0
14,mlp_out,sw,tier_3,standard_translation,0.001,0.0039,20,0
15,residual,sw,tier_3,standard_translation,-0.0206,0.0344,20,0
15,attn_out,sw,tier_3,standard_translation,0.0021,0.0073,20,0
15,mlp_out,sw,tier_3,standard_translation,-0.0059,0.0093,20,0
16,residual,sw,tier_3,standard_translation,-0.0159,0.0366,20,0
16,attn_out,sw,tier_3,standard_translation,0.0003,0.0059,20,0
16,mlp_out,sw,tier_3,standard_translation,-0.0029,0.0037,20,0
17,residual,sw,tier_3,standard_translation,-0.0104,0.0332,20,0
17,attn_out,sw,tier_3,standard_translation,0.0002,0.004,20,0
17,mlp_out,sw,tier_3,standard_translation,-0.0117,0.0152,20,0
18,residual,sw,tier_3,standard_translation,-0.0045,0.0223,20,0
18,attn_out,sw,tier_3,standard_translation,0.0003,0.0012,20,0
18,mlp_out,sw,tier_3,standard_translation,0.0023,0.0015,20,0
19,residual,sw,tier_3,standard_translation,-0.0002,0.0202,20,0
19,attn_out,sw,tier_3,standard_translation,0.001,0.0015,20,0
19,mlp_out,sw,tier_3,standard_translation,-0.0004,0.0057,20,0
20,residual,sw,tier_3,standard_translation,0.0036,0.0175,20,0
20,attn_out,sw,tier_3,standard_translation,0.0052,0.005,20,0
20,mlp_out,sw,tier_3,standard_translation,0.0046,0.0057,20,0
21,residual,sw,tier_3,standard_translation,0.0036,0.0198,20,0
21,attn_out,sw,tier_3,standard_translation,0.0003,0.0016,20,0
21,mlp_out,sw,tier_3,standard_translation,0.0017,0.0026,20,0
22,residual,sw,tier_3,standard_translation,0.0122,0.0197,20,0
22,attn_out,sw,tier_3,standard_translation,0.0015,0.0019,20,0
22,mlp_out,sw,tier_3,standard_translation,0.0046,0.0029,20,0
23,residual,sw,tier_3,standard_translation,0.0147,0.0214,20,0
23,attn_out,sw,tier_3,standard_translation,0.0006,0.0006,20,0
23,mlp_out,sw,tier_3,standard_translation,0.0036,0.0019,20,0
24,residual,sw,tier_3,standard_translation,0.0093,0.0151,20,0
24,attn_out,sw,tier_3,standard_translation,0.0011,0.001,20,0
24,mlp_out,sw,tier_3,standard_translation,0.0023,0.0017,20,0
25,residual,sw,tier_3,standard_translation,0.012,0.0133,20,0
25,attn_out,sw,tier_3,standard_translation,0.0,0.002,20,0
25,mlp_out,sw,tier_3,standard_translation,0.0094,0.0086,20,0
26,residual,sw,tier_3,standard_translation,0.0051,0.0088,20,0
26,attn_out,sw,tier_3,standard_translation,-0.0017,0.0012,20,0
26,mlp_out,sw,tier_3,standard_translation,-0.0049,0.0065,20,0
27,residual,sw,tier_3,standard_translation,0.0145,0.0168,20,0
27,attn_out,sw,tier_3,standard_translation,0.0019,0.0011,20,0
27,mlp_out,sw,tier_3,standard_translation,0.0044,0.0021,20,0
28,residual,sw,tier_3,standard_translation,0.0197,0.0198,20,0
28,attn_out,sw,tier_3,standard_translation,-0.0003,0.0008,20,0
28,mlp_out,sw,tier_3,standard_translation,0.0017,0.0015,20,0
29,residual,sw,tier_3,standard_translation,0.0205,0.0169,20,0
29,attn_out,sw,tier_3,standard_translation,-0.0008,0.0015,20,0
29,mlp_out,sw,tier_3,standard_translation,0.0018,0.0023,20,0
30,residual,sw,tier_3,standard_translation,0.0024,0.0065,20,0
30,attn_out,sw,tier_3,standard_translation,-0.0002,0.0006,20,0
30,mlp_out,sw,tier_3,standard_translation,0.0001,0.0019,20,0
31,residual,sw,tier_3,standard_translation,0.0,0.0,20,0
31,attn_out,sw,tier_3,standard_translation,0.0,0.0,20,0
31,mlp_out,sw,tier_3,standard_translation,0.0,0.0,20,0
0,residual,yo,tier_4,standard_translation,0.0486,0.0999,20,0
0,attn_out,yo,tier_4,standard_translation,0.0024,0.0346,20,0
0,mlp_out,yo,tier_4,standard_translation,0.0375,0.0748,20,0
1,residual,yo,tier_4,standard_translation,0.1073,0.0582,20,0
1,attn_out,yo,tier_4,standard_translation,-0.0186,0.0484,20,0
1,mlp_out,yo,tier_4,standard_translation,0.0155,0.0477,20,0
2,residual,yo,tier_4,standard_translation,0.0996,0.0566,20,0
2,attn_out,yo,tier_4,standard_translation,-0.0039,0.0349,20,0
2,mlp_out,yo,tier_4,standard_translation,0.011,0.0453,20,0
3,residual,yo,tier_4,standard_translation,0.0646,0.0964,20,0
3,attn_out,yo,tier_4,standard_translation,-0.0274,0.0982,20,0
3,mlp_out,yo,tier_4,standard_translation,0.0443,0.088,20,0
4,residual,yo,tier_4,standard_translation,-0.0039,0.1032,20,0
4,attn_out,yo,tier_4,standard_translation,-0.0041,0.0421,20,0
4,mlp_out,yo,tier_4,standard_translation,-0.0076,0.0619,20,0
5,residual,yo,tier_4,standard_translation,-0.0194,0.0981,20,0
5,attn_out,yo,tier_4,standard_translation,-0.0119,0.0267,20,0
5,mlp_out,yo,tier_4,standard_translation,-0.0171,0.0619,20,0
6,residual,yo,tier_4,standard_translation,-0.0565,0.1285,20,0
6,attn_out,yo,tier_4,standard_translation,-0.0057,0.0295,20,0
6,mlp_out,yo,tier_4,standard_translation,-0.0097,0.0509,20,0
7,residual,yo,tier_4,standard_translation,-0.0551,0.1206,20,0
7,attn_out,yo,tier_4,standard_translation,-0.0083,0.0146,20,0
7,mlp_out,yo,tier_4,standard_translation,-0.0185,0.0363,20,0
8,residual,yo,tier_4,standard_translation,-0.086,0.1815,20,0
8,attn_out,yo,tier_4,standard_translation,-0.0144,0.0199,20,0
8,mlp_out,yo,tier_4,standard_translation,-0.0009,0.032,20,0
9,residual,yo,tier_4,standard_translation,-0.095,0.2082,20,0
9,attn_out,yo,tier_4,standard_translation,-0.0116,0.0084,20,0
9,mlp_out,yo,tier_4,standard_translation,0.0037,0.034,20,0
10,residual,yo,tier_4,standard_translation,-0.1149,0.2086,20,0
10,attn_out,yo,tier_4,standard_translation,-0.0177,0.0182,20,0
10,mlp_out,yo,tier_4,standard_translation,-0.0018,0.0337,20,0
11,residual,yo,tier_4,standard_translation,-0.131,0.1992,20,0
11,attn_out,yo,tier_4,standard_translation,-0.0097,0.0094,20,0
11,mlp_out,yo,tier_4,standard_translation,-0.0041,0.0238,20,0
12,residual,yo,tier_4,standard_translation,-0.1097,0.1672,20,0
12,attn_out,yo,tier_4,standard_translation,0.0094,0.0145,20,0
12,mlp_out,yo,tier_4,standard_translation,0.0022,0.0148,20,0
13,residual,yo,tier_4,standard_translation,-0.0913,0.1595,20,0
13,attn_out,yo,tier_4,standard_translation,-0.0113,0.0146,20,0
13,mlp_out,yo,tier_4,standard_translation,0.0176,0.0083,20,0
14,residual,yo,tier_4,standard_translation,-0.0792,0.1593,20,0
14,attn_out,yo,tier_4,standard_translation,-0.0023,0.0161,20,0
14,mlp_out,yo,tier_4,standard_translation,0.0125,0.0122,20,0
15,residual,yo,tier_4,standard_translation,-0.0679,0.1458,20,0
15,attn_out,yo,tier_4,standard_translation,-0.0023,0.0019,20,0
15,mlp_out,yo,tier_4,standard_translation,-0.0042,0.0043,20,0
16,residual,yo,tier_4,standard_translation,-0.0485,0.1355,20,0
16,attn_out,yo,tier_4,standard_translation,0.0021,0.0031,20,0
16,mlp_out,yo,tier_4,standard_translation,0.0113,0.02,20,0
17,residual,yo,tier_4,standard_translation,-0.0333,0.1238,20,0
17,attn_out,yo,tier_4,standard_translation,0.0035,0.0072,20,0
17,mlp_out,yo,tier_4,standard_translation,0.0014,0.0112,20,0
18,residual,yo,tier_4,standard_translation,-0.0377,0.1131,20,0
18,attn_out,yo,tier_4,standard_translation,-0.003,0.0051,20,0
18,mlp_out,yo,tier_4,standard_translation,0.0042,0.0104,20,0
19,residual,yo,tier_4,standard_translation,-0.0398,0.1086,20,0
19,attn_out,yo,tier_4,standard_translation,0.0019,0.0024,20,0
19,mlp_out,yo,tier_4,standard_translation,0.0063,0.0096,20,0
20,residual,yo,tier_4,standard_translation,-0.0388,0.1071,20,0
20,attn_out,yo,tier_4,standard_translation,-0.0025,0.0064,20,0
20,mlp_out,yo,tier_4,standard_translation,0.0034,0.005,20,0
21,residual,yo,tier_4,standard_translation,-0.038,0.105,20,0
21,attn_out,yo,tier_4,standard_translation,-0.0,0.0021,20,0
21,mlp_out,yo,tier_4,standard_translation,-0.0043,0.0051,20,0
22,residual,yo,tier_4,standard_translation,-0.0271,0.1114,20,0
22,attn_out,yo,tier_4,standard_translation,0.0014,0.0011,20,0
22,mlp_out,yo,tier_4,standard_translation,-0.0087,0.0159,20,0
23,residual,yo,tier_4,standard_translation,-0.0323,0.1035,20,0
23,attn_out,yo,tier_4,standard_translation,-0.0026,0.0028,20,0
23,mlp_out,yo,tier_4,standard_translation,0.0055,0.0074,20,0
24,residual,yo,tier_4,standard_translation,-0.0371,0.1073,20,0
24,attn_out,yo,tier_4,standard_translation,-0.0015,0.0032,20,0
24,mlp_out,yo,tier_4,standard_translation,-0.0033,0.016,20,0
25,residual,yo,tier_4,standard_translation,-0.0319,0.0915,20,0
25,attn_out,yo,tier_4,standard_translation,0.0019,0.0022,20,0
25,mlp_out,yo,tier_4,standard_translation,0.0009,0.0153,20,0
26,residual,yo,tier_4,standard_translation,-0.0389,0.094,20,0
26,attn_out,yo,tier_4,standard_translation,0.0042,0.0044,20,0
26,mlp_out,yo,tier_4,standard_translation,0.0029,0.0027,20,0
27,residual,yo,tier_4,standard_translation,-0.0416,0.0988,20,0
27,attn_out,yo,tier_4,standard_translation,0.0005,0.0016,20,0
27,mlp_out,yo,tier_4,standard_translation,0.0051,0.0083,20,0
28,residual,yo,tier_4,standard_translation,-0.0363,0.0825,20,0
28,attn_out,yo,tier_4,standard_translation,-0.0025,0.003,20,0
28,mlp_out,yo,tier_4,standard_translation,0.0106,0.0074,20,0
29,residual,yo,tier_4,standard_translation,0.0305,0.0389,20,0
29,attn_out,yo,tier_4,standard_translation,-0.0048,0.0093,20,0
29,mlp_out,yo,tier_4,standard_translation,0.0001,0.0035,20,0
30,residual,yo,tier_4,standard_translation,0.0089,0.0114,20,0
30,attn_out,yo,tier_4,standard_translation,-0.0006,0.0011,20,0
30,mlp_out,yo,tier_4,standard_translation,0.0025,0.0043,20,0
31,residual,yo,tier_4,standard_translation,0.0,0.0,20,0
31,attn_out,yo,tier_4,standard_translation,0.0,0.0,20,0
31,mlp_out,yo,tier_4,standard_translation,0.0,0.0,20,0
0,residual,zu,tier_4,standard_translation,-0.0303,0.0902,20,0
0,attn_out,zu,tier_4,standard_translation,-0.0115,0.0333,20,0
0,mlp_out,zu,tier_4,standard_translation,-0.0404,0.0693,20,0
1,residual,zu,tier_4,standard_translation,-0.0461,0.0771,20,0
1,attn_out,zu,tier_4,standard_translation,-0.0101,0.0173,20,0
1,mlp_out,zu,tier_4,standard_translation,-0.0105,0.0221,20,0
2,residual,zu,tier_4,standard_translation,-0.0458,0.0648,20,0
2,attn_out,zu,tier_4,standard_translation,-0.0011,0.0126,20,0
2,mlp_out,zu,tier_4,standard_translation,-0.0208,0.0421,20,0
3,residual,zu,tier_4,standard_translation,-0.0455,0.0921,20,0
3,attn_out,zu,tier_4,standard_translation,0.0078,0.0106,20,0
3,mlp_out,zu,tier_4,standard_translation,-0.0191,0.0413,20,0
4,residual,zu,tier_4,standard_translation,-0.043,0.0839,20,0
4,attn_out,zu,tier_4,standard_translation,-0.0005,0.0154,20,0
4,mlp_out,zu,tier_4,standard_translation,-0.0045,0.0224,20,0
5,residual,zu,tier_4,standard_translation,-0.0523,0.0961,20,0
5,attn_out,zu,tier_4,standard_translation,-0.0022,0.0106,20,0
5,mlp_out,zu,tier_4,standard_translation,0.0018,0.0163,20,0
6,residual,zu,tier_4,standard_translation,-0.0703,0.1008,20,0
6,attn_out,zu,tier_4,standard_translation,-0.0047,0.0062,20,0
6,mlp_out,zu,tier_4,standard_translation,0.0032,0.01,20,0
7,residual,zu,tier_4,standard_translation,-0.0844,0.1031,20,0
7,attn_out,zu,tier_4,standard_translation,-0.0015,0.0084,20,0
7,mlp_out,zu,tier_4,standard_translation,0.0041,0.0185,20,0
8,residual,zu,tier_4,standard_translation,-0.0877,0.0764,20,0
8,attn_out,zu,tier_4,standard_translation,0.0077,0.002,20,0
8,mlp_out,zu,tier_4,standard_translation,-0.0031,0.0172,20,0
9,residual,zu,tier_4,standard_translation,-0.0794,0.0694,20,0
9,attn_out,zu,tier_4,standard_translation,-0.0045,0.0025,20,0
9,mlp_out,zu,tier_4,standard_translation,0.003,0.0113,20,0
10,residual,zu,tier_4,standard_translation,-0.0997,0.0686,20,0
10,attn_out,zu,tier_4,standard_translation,0.0032,0.0032,20,0
10,mlp_out,zu,tier_4,standard_translation,-0.0058,0.0144,20,0
11,residual,zu,tier_4,standard_translation,-0.109,0.0725,20,0
11,attn_out,zu,tier_4,standard_translation,0.0024,0.0034,20,0
11,mlp_out,zu,tier_4,standard_translation,-0.0033,0.0088,20,0
12,residual,zu,tier_4,standard_translation,-0.0554,0.04,20,0
12,attn_out,zu,tier_4,standard_translation,0.0024,0.0021,20,0
12,mlp_out,zu,tier_4,standard_translation,-0.0085,0.0086,20,0
13,residual,zu,tier_4,standard_translation,-0.0454,0.0333,20,0
13,attn_out,zu,tier_4,standard_translation,0.0002,0.0016,20,0
13,mlp_out,zu,tier_4,standard_translation,0.0005,0.0135,20,0
14,residual,zu,tier_4,standard_translation,-0.044,0.0343,20,0
14,attn_out,zu,tier_4,standard_translation,0.0017,0.004,20,0
14,mlp_out,zu,tier_4,standard_translation,-0.0086,0.0086,20,0
15,residual,zu,tier_4,standard_translation,-0.0123,0.0203,20,0
15,attn_out,zu,tier_4,standard_translation,0.0002,0.0018,20,0
15,mlp_out,zu,tier_4,standard_translation,-0.0024,0.0027,20,0
16,residual,zu,tier_4,standard_translation,0.0042,0.0182,20,0
16,attn_out,zu,tier_4,standard_translation,0.0086,0.005,20,0
16,mlp_out,zu,tier_4,standard_translation,-0.0,0.0025,20,0
17,residual,zu,tier_4,standard_translation,0.0074,0.017,20,0
17,attn_out,zu,tier_4,standard_translation,0.0025,0.0018,20,0
17,mlp_out,zu,tier_4,standard_translation,-0.0032,0.001,20,0
18,residual,zu,tier_4,standard_translation,0.0075,0.015,20,0
18,attn_out,zu,tier_4,standard_translation,-0.0022,0.0018,20,0
18,mlp_out,zu,tier_4,standard_translation,0.0,0.0021,20,0
19,residual,zu,tier_4,standard_translation,0.008,0.014,20,0
19,attn_out,zu,tier_4,standard_translation,0.0018,0.001,20,0
19,mlp_out,zu,tier_4,standard_translation,0.0012,0.0031,20,0
20,residual,zu,tier_4,standard_translation,0.0051,0.0143,20,0
20,attn_out,zu,tier_4,standard_translation,0.0024,0.0017,20,0
20,mlp_out,zu,tier_4,standard_translation,-0.0026,0.0034,20,0
21,residual,zu,tier_4,standard_translation,0.0043,0.0142,20,0
21,attn_out,zu,tier_4,standard_translation,0.0013,0.0009,20,0
21,mlp_out,zu,tier_4,standard_translation,0.0056,0.0042,20,0
22,residual,zu,tier_4,standard_translation,0.0048,0.0135,20,0
22,attn_out,zu,tier_4,standard_translation,0.0004,0.0004,20,0
22,mlp_out,zu,tier_4,standard_translation,0.0036,0.0019,20,0
23,residual,zu,tier_4,standard_translation,0.004,0.0127,20,0
23,attn_out,zu,tier_4,standard_translation,-0.0006,0.0006,20,0
23,mlp_out,zu,tier_4,standard_translation,0.005,0.0039,20,0
24,residual,zu,tier_4,standard_translation,0.0032,0.0143,20,0
24,attn_out,zu,tier_4,standard_translation,0.0009,0.0015,20,0
24,mlp_out,zu,tier_4,standard_translation,-0.0083,0.0088,20,0
25,residual,zu,tier_4,standard_translation,0.0074,0.0157,20,0
25,attn_out,zu,tier_4,standard_translation,-0.0003,0.0008,20,0
25,mlp_out,zu,tier_4,standard_translation,0.0102,0.01,20,0
26,residual,zu,tier_4,standard_translation,0.0051,0.0153,20,0
26,attn_out,zu,tier_4,standard_translation,-0.0014,0.0012,20,0
26,mlp_out,zu,tier_4,standard_translation,0.0046,0.0032,20,0
27,residual,zu,tier_4,standard_translation,0.0117,0.0121,20,0
27,attn_out,zu,tier_4,standard_translation,0.0019,0.0011,20,0
27,mlp_out,zu,tier_4,standard_translation,0.0041,0.0025,20,0
28,residual,zu,tier_4,standard_translation,0.0151,0.0111,20,0
28,attn_out,zu,tier_4,standard_translation,-0.001,0.0003,20,0
28,mlp_out,zu,tier_4,standard_translation,0.0055,0.0028,20,0
29,residual,zu,tier_4,standard_translation,0.012,0.0039,20,0
29,attn_out,zu,tier_4,standard_translation,0.0006,0.001,20,0
29,mlp_out,zu,tier_4,standard_translation,0.0055,0.005,20,0
30,residual,zu,tier_4,standard_translation,0.0004,0.0034,20,0
30,attn_out,zu,tier_4,standard_translation,-0.0004,0.0003,20,0
30,mlp_out,zu,tier_4,standard_translation,-0.001,0.0003,20,0
31,residual,zu,tier_4,standard_translation,0.0,0.0,20,0
31,attn_out,zu,tier_4,standard_translation,0.0,0.0,20,0
31,mlp_out,zu,tier_4,standard_translation,0.0,0.0,20,0
0,residual,gd,tier_4,standard_translation,-0.2712,1.5421,20,0
0,attn_out,gd,tier_4,standard_translation,0.7497,0.9922,20,0
0,mlp_out,gd,tier_4,standard_translation,-0.0938,0.6742,20,0
1,residual,gd,tier_4,standard_translation,-0.543,1.9737,20,0
1,attn_out,gd,tier_4,standard_translation,-0.2331,0.5683,20,0
1,mlp_out,gd,tier_4,standard_translation,-0.2028,0.7185,20,0
2,residual,gd,tier_4,standard_translation,-0.9325,2.5373,20,0
2,attn_out,gd,tier_4,standard_translation,-0.0233,0.241,20,0
2,mlp_out,gd,tier_4,standard_translation,-0.6373,1.829,20,0
3,residual,gd,tier_4,standard_translation,-1.2439,3.2622,20,0
3,attn_out,gd,tier_4,standard_translation,0.0156,0.1363,20,0
3,mlp_out,gd,tier_4,standard_translation,-0.2945,1.0007,20,0
4,residual,gd,tier_4,standard_translation,-1.688,4.0548,20,0
4,attn_out,gd,tier_4,standard_translation,0.0479,0.0888,20,0
4,mlp_out,gd,tier_4,standard_translation,-0.182,0.7392,20,0
5,residual,gd,tier_4,standard_translation,-1.7439,4.38,20,0
5,attn_out,gd,tier_4,standard_translation,0.1339,0.2068,20,0
5,mlp_out,gd,tier_4,standard_translation,-0.2171,0.6885,20,0
6,residual,gd,tier_4,standard_translation,-1.7164,4.1996,20,0
6,attn_out,gd,tier_4,standard_translation,0.1388,0.1359,20,0
6,mlp_out,gd,tier_4,standard_translation,0.1031,0.1265,20,0
7,residual,gd,tier_4,standard_translation,-1.5443,4.0341,20,0
7,attn_out,gd,tier_4,standard_translation,-0.0033,0.0715,20,0
7,mlp_out,gd,tier_4,standard_translation,0.0542,0.1346,20,0
8,residual,gd,tier_4,standard_translation,-1.6281,3.7398,20,0
8,attn_out,gd,tier_4,standard_translation,0.1111,0.1726,20,0
8,mlp_out,gd,tier_4,standard_translation,0.0327,0.0487,20,0
9,residual,gd,tier_4,standard_translation,-1.1994,2.8181,20,0
9,attn_out,gd,tier_4,standard_translation,0.1165,0.1687,20,0
9,mlp_out,gd,tier_4,standard_translation,0.0735,0.0521,20,0
10,residual,gd,tier_4,standard_translation,-1.2404,2.8091,20,0
10,attn_out,gd,tier_4,standard_translation,0.0153,0.0523,20,0
10,mlp_out,gd,tier_4,standard_translation,0.0067,0.0532,20,0
11,residual,gd,tier_4,standard_translation,-1.2741,2.9484,20,0
11,attn_out,gd,tier_4,standard_translation,0.0691,0.1042,20,0
11,mlp_out,gd,tier_4,standard_translation,-0.3323,0.7266,20,0
12,residual,gd,tier_4,standard_translation,-0.617,1.3829,20,0
12,attn_out,gd,tier_4,standard_translation,-0.0623,0.2194,20,0
12,mlp_out,gd,tier_4,standard_translation,0.0893,0.1748,20,0
13,residual,gd,tier_4,standard_translation,-0.2358,0.5369,20,0
13,attn_out,gd,tier_4,standard_translation,-0.0294,0.1355,20,0
13,mlp_out,gd,tier_4,standard_translation,0.0484,0.0994,20,0
14,residual,gd,tier_4,standard_translation,-0.0908,0.1738,20,0
14,attn_out,gd,tier_4,standard_translation,-0.0019,0.0152,20,0
14,mlp_out,gd,tier_4,standard_translation,0.0115,0.0263,20,0
15,residual,gd,tier_4,standard_translation,-0.1203,0.1451,20,0
15,attn_out,gd,tier_4,standard_translation,-0.0021,0.0093,20,0
15,mlp_out,gd,tier_4,standard_translation,-0.0085,0.0183,20,0
16,residual,gd,tier_4,standard_translation,-0.2158,0.3978,20,0
16,attn_out,gd,tier_4,standard_translation,-0.0111,0.0357,20,0
16,mlp_out,gd,tier_4,standard_translation,0.0059,0.0165,20,0
17,residual,gd,tier_4,standard_translation,-0.1097,0.1858,20,0
17,attn_out,gd,tier_4,standard_translation,-0.006,0.0116,20,0
17,mlp_out,gd,tier_4,standard_translation,0.0051,0.0075,20,0
18,residual,gd,tier_4,standard_translation,-0.0939,0.167,20,0
18,attn_out,gd,tier_4,standard_translation,0.0022,0.0038,20,0
18,mlp_out,gd,tier_4,standard_translation,-0.0044,0.0128,20,0
19,residual,gd,tier_4,standard_translation,-0.081,0.1471,20,0
19,attn_out,gd,tier_4,standard_translation,0.0166,0.047,20,0
19,mlp_out,gd,tier_4,standard_translation,-0.0039,0.0079,20,0
20,residual,gd,tier_4,standard_translation,-0.0946,0.1667,20,0
20,attn_out,gd,tier_4,standard_translation,-0.0077,0.0213,20,0
20,mlp_out,gd,tier_4,standard_translation,0.0153,0.0174,20,0
21,residual,gd,tier_4,standard_translation,-0.0936,0.1732,20,0
21,attn_out,gd,tier_4,standard_translation,0.0132,0.0338,20,0
21,mlp_out,gd,tier_4,standard_translation,0.0124,0.0306,20,0
22,residual,gd,tier_4,standard_translation,-0.0869,0.1371,20,0
22,attn_out,gd,tier_4,standard_translation,0.0049,0.0055,20,0
22,mlp_out,gd,tier_4,standard_translation,0.003,0.0087,20,0
23,residual,gd,tier_4,standard_translation,-0.0916,0.1576,20,0
23,attn_out,gd,tier_4,standard_translation,-0.0097,0.0175,20,0
23,mlp_out,gd,tier_4,standard_translation,0.0022,0.0179,20,0
24,residual,gd,tier_4,standard_translation,-0.0599,0.0752,20,0
24,attn_out,gd,tier_4,standard_translation,0.0102,0.0303,20,0
24,mlp_out,gd,tier_4,standard_translation,0.0122,0.0358,20,0
25,residual,gd,tier_4,standard_translation,-0.0862,0.1331,20,0
25,attn_out,gd,tier_4,standard_translation,-0.0052,0.0135,20,0
25,mlp_out,gd,tier_4,standard_translation,0.0229,0.0501,20,0
26,residual,gd,tier_4,standard_translation,-0.0575,0.0772,20,0
26,attn_out,gd,tier_4,standard_translation,0.0032,0.0035,20,0
26,mlp_out,gd,tier_4,standard_translation,-0.0084,0.0072,20,0
27,residual,gd,tier_4,standard_translation,-0.0608,0.0858,20,0
27,attn_out,gd,tier_4,standard_translation,0.0014,0.0031,20,0
27,mlp_out,gd,tier_4,standard_translation,0.0266,0.0594,20,0
28,residual,gd,tier_4,standard_translation,-0.067,0.1159,20,0
28,attn_out,gd,tier_4,standard_translation,0.0044,0.0084,20,0
28,mlp_out,gd,tier_4,standard_translation,0.0018,0.0106,20,0
29,residual,gd,tier_4,standard_translation,-0.1145,0.2297,20,0
29,attn_out,gd,tier_4,standard_translation,-0.0029,0.0113,20,0
29,mlp_out,gd,tier_4,standard_translation,0.009,0.0343,20,0
30,residual,gd,tier_4,standard_translation,0.0317,0.0954,20,0
30,attn_out,gd,tier_4,standard_translation,0.0026,0.0044,20,0
30,mlp_out,gd,tier_4,standard_translation,0.0017,0.0177,20,0
31,residual,gd,tier_4,standard_translation,0.0,0.0,20,0
31,attn_out,gd,tier_4,standard_translation,0.0,0.0,20,0
31,mlp_out,gd,tier_4,standard_translation,0.0,0.0,20,0
0,residual,gn,tier_4,standard_translation,0.1851,0.1208,20,0
0,attn_out,gn,tier_4,standard_translation,0.0447,0.0763,20,0
0,mlp_out,gn,tier_4,standard_translation,0.1118,0.1229,20,0
1,residual,gn,tier_4,standard_translation,0.1488,0.0966,20,0
1,attn_out,gn,tier_4,standard_translation,0.0726,0.066,20,0
1,mlp_out,gn,tier_4,standard_translation,0.0328,0.1067,20,0
2,residual,gn,tier_4,standard_translation,0.1154,0.1187,20,0
2,attn_out,gn,tier_4,standard_translation,0.0014,0.0505,20,0
2,mlp_out,gn,tier_4,standard_translation,0.0959,0.0661,20,0
3,residual,gn,tier_4,standard_translation,0.0742,0.1672,20,0
3,attn_out,gn,tier_4,standard_translation,0.0408,0.0509,20,0
3,mlp_out,gn,tier_4,standard_translation,0.083,0.0645,20,0
4,residual,gn,tier_4,standard_translation,0.1008,0.1407,20,0
4,attn_out,gn,tier_4,standard_translation,0.0024,0.0505,20,0
4,mlp_out,gn,tier_4,standard_translation,0.0618,0.1103,20,0
5,residual,gn,tier_4,standard_translation,0.1283,0.1201,20,0
5,attn_out,gn,tier_4,standard_translation,0.0586,0.0305,20,0
5,mlp_out,gn,tier_4,standard_translation,0.0551,0.0811,20,0
6,residual,gn,tier_4,standard_translation,0.0811,0.1564,20,0
6,attn_out,gn,tier_4,standard_translation,0.0075,0.0592,20,0
6,mlp_out,gn,tier_4,standard_translation,0.0455,0.0515,20,0
7,residual,gn,tier_4,standard_translation,0.0444,0.1295,20,0
7,attn_out,gn,tier_4,standard_translation,0.0095,0.0222,20,0
7,mlp_out,gn,tier_4,standard_translation,-0.0104,0.028,20,0
8,residual,gn,tier_4,standard_translation,0.0171,0.113,20,0
8,attn_out,gn,tier_4,standard_translation,0.0218,0.0232,20,0
8,mlp_out,gn,tier_4,standard_translation,0.0029,0.0209,20,0
9,residual,gn,tier_4,standard_translation,0.0089,0.1043,20,0
9,attn_out,gn,tier_4,standard_translation,0.0032,0.0163,20,0
9,mlp_out,gn,tier_4,standard_translation,0.0101,0.0243,20,0
10,residual,gn,tier_4,standard_translation,0.0086,0.1093,20,0
10,attn_out,gn,tier_4,standard_translation,0.0038,0.0092,20,0
10,mlp_out,gn,tier_4,standard_translation,0.0187,0.0349,20,0
11,residual,gn,tier_4,standard_translation,0.0211,0.1166,20,0
11,attn_out,gn,tier_4,standard_translation,-0.0004,0.0256,20,0
11,mlp_out,gn,tier_4,standard_translation,0.0105,0.0279,20,0
12,residual,gn,tier_4,standard_translation,-0.0116,0.106,20,0
12,attn_out,gn,tier_4,standard_translation,-0.0196,0.016,20,0
12,mlp_out,gn,tier_4,standard_translation,0.0023,0.0281,20,0
13,residual,gn,tier_4,standard_translation,-0.0151,0.0932,20,0
13,attn_out,gn,tier_4,standard_translation,-0.0164,0.0074,20,0
13,mlp_out,gn,tier_4,standard_translation,0.079,0.0882,20,0
14,residual,gn,tier_4,standard_translation,0.0031,0.0723,20,0
14,attn_out,gn,tier_4,standard_translation,-0.0023,0.0091,20,0
14,mlp_out,gn,tier_4,standard_translation,0.0068,0.0152,20,0
15,residual,gn,tier_4,standard_translation,0.0015,0.0679,20,0
15,attn_out,gn,tier_4,standard_translation,-0.0027,0.0031,20,0
15,mlp_out,gn,tier_4,standard_translation,0.0114,0.0339,20,0
16,residual,gn,tier_4,standard_translation,0.0105,0.0533,20,0
16,attn_out,gn,tier_4,standard_translation,0.0128,0.015,20,0
16,mlp_out,gn,tier_4,standard_translation,0.0336,0.0261,20,0
17,residual,gn,tier_4,standard_translation,0.0126,0.0502,20,0
17,attn_out,gn,tier_4,standard_translation,0.0018,0.0056,20,0
17,mlp_out,gn,tier_4,standard_translation,0.0055,0.0313,20,0
18,residual,gn,tier_4,standard_translation,0.015,0.0437,20,0
18,attn_out,gn,tier_4,standard_translation,0.0043,0.0068,20,0
18,mlp_out,gn,tier_4,standard_translation,0.0369,0.0286,20,0
19,residual,gn,tier_4,standard_translation,0.0221,0.0453,20,0
19,attn_out,gn,tier_4,standard_translation,0.0027,0.0016,20,0
19,mlp_out,gn,tier_4,standard_translation,0.0106,0.0163,20,0
20,residual,gn,tier_4,standard_translation,0.0129,0.0363,20,0
20,attn_out,gn,tier_4,standard_translation,-0.0006,0.0025,20,0
20,mlp_out,gn,tier_4,standard_translation,0.0157,0.0233,20,0
21,residual,gn,tier_4,standard_translation,0.0141,0.0399,20,0
21,attn_out,gn,tier_4,standard_translation,0.0025,0.003,20,0
21,mlp_out,gn,tier_4,standard_translation,0.0073,0.0097,20,0
22,residual,gn,tier_4,standard_translation,0.0142,0.0409,20,0
22,attn_out,gn,tier_4,standard_translation,0.002,0.0031,20,0
22,mlp_out,gn,tier_4,standard_translation,0.0051,0.0104,20,0
23,residual,gn,tier_4,standard_translation,0.0114,0.0413,20,0
23,attn_out,gn,tier_4,standard_translation,-0.0002,0.0016,20,0
23,mlp_out,gn,tier_4,standard_translation,0.0125,0.017,20,0
24,residual,gn,tier_4,standard_translation,0.0175,0.0331,20,0
24,attn_out,gn,tier_4,standard_translation,-0.0039,0.0064,20,0
24,mlp_out,gn,tier_4,standard_translation,-0.004,0.0085,20,0
25,residual,gn,tier_4,standard_translation,0.0186,0.0327,20,0
25,attn_out,gn,tier_4,standard_translation,-0.0005,0.0014,20,0
25,mlp_out,gn,tier_4,standard_translation,-0.0013,0.0032,20,0
26,residual,gn,tier_4,standard_translation,0.0207,0.022,20,0
26,attn_out,gn,tier_4,standard_translation,0.0022,0.0019,20,0
26,mlp_out,gn,tier_4,standard_translation,0.0106,0.0144,20,0
27,residual,gn,tier_4,standard_translation,0.0193,0.0174,20,0
27,attn_out,gn,tier_4,standard_translation,0.0018,0.0017,20,0
27,mlp_out,gn,tier_4,standard_translation,-0.005,0.0057,20,0
28,residual,gn,tier_4,standard_translation,0.0159,0.0139,20,0
28,attn_out,gn,tier_4,standard_translation,-0.0005,0.001,20,0
28,mlp_out,gn,tier_4,standard_translation,0.0056,0.0078,20,0
29,residual,gn,tier_4,standard_translation,0.0149,0.007,20,0
29,attn_out,gn,tier_4,standard_translation,0.0018,0.0017,20,0
29,mlp_out,gn,tier_4,standard_translation,-0.0051,0.0059,20,0
30,residual,gn,tier_4,standard_translation,0.0016,0.0023,20,0
30,attn_out,gn,tier_4,standard_translation,0.0,0.0008,20,0
30,mlp_out,gn,tier_4,standard_translation,-0.0,0.002,20,0
31,residual,gn,tier_4,standard_translation,0.0,0.0,20,0
31,attn_out,gn,tier_4,standard_translation,0.0,0.0,20,0
31,mlp_out,gn,tier_4,standard_translation,0.0,0.0,20,0
0,residual,de,tier_1,transliteration,-0.0065,0.0511,20,0
0,attn_out,de,tier_1,transliteration,0.0029,0.0223,20,0
0,mlp_out,de,tier_1,transliteration,-0.0024,0.0339,20,0
1,residual,de,tier_1,transliteration,-0.0296,0.0565,20,0
1,attn_out,de,tier_1,transliteration,0.0001,0.0202,20,0
1,mlp_out,de,tier_1,transliteration,0.0022,0.0341,20,0
2,residual,de,tier_1,transliteration,-0.0286,0.0551,20,0
2,attn_out,de,tier_1,transliteration,-0.0038,0.01,20,0
2,mlp_out,de,tier_1,transliteration,0.005,0.0341,20,0
3,residual,de,tier_1,transliteration,-0.0263,0.0438,20,0
3,attn_out,de,tier_1,transliteration,0.1217,0.1285,20,0
3,mlp_out,de,tier_1,transliteration,-0.0174,0.0189,20,0
4,residual,de,tier_1,transliteration,-0.0312,0.0491,20,0
4,attn_out,de,tier_1,transliteration,-0.0052,0.0124,20,0
4,mlp_out,de,tier_1,transliteration,0.0066,0.026,20,0
5,residual,de,tier_1,transliteration,-0.0332,0.0468,20,0
5,attn_out,de,tier_1,transliteration,-0.002,0.0089,20,0
5,mlp_out,de,tier_1,transliteration,-0.0024,0.0183,20,0
6,residual,de,tier_1,transliteration,-0.0342,0.0489,20,0
6,attn_out,de,tier_1,transliteration,-0.008,0.0165,20,0
6,mlp_out,de,tier_1,transliteration,-0.0111,0.0245,20,0
7,residual,de,tier_1,transliteration,-0.0376,0.0406,20,0
7,attn_out,de,tier_1,transliteration,0.0005,0.0106,20,0
7,mlp_out,de,tier_1,transliteration,0.0002,0.0144,20,0
8,residual,de,tier_1,transliteration,-0.0367,0.0366,20,0
8,attn_out,de,tier_1,transliteration,0.0005,0.0138,20,0
8,mlp_out,de,tier_1,transliteration,-0.0053,0.0133,20,0
9,residual,de,tier_1,transliteration,-0.0466,0.0319,20,0
9,attn_out,de,tier_1,transliteration,-0.0157,0.0193,20,0
9,mlp_out,de,tier_1,transliteration,-0.0032,0.0187,20,0
10,residual,de,tier_1,transliteration,-0.0471,0.0284,20,0
10,attn_out,de,tier_1,transliteration,-0.0016,0.0063,20,0
10,mlp_out,de,tier_1,transliteration,-0.0187,0.0125,20,0
11,residual,de,tier_1,transliteration,-0.0394,0.0224,20,0
11,attn_out,de,tier_1,transliteration,0.0067,0.0029,20,0
11,mlp_out,de,tier_1,transliteration,-0.0085,0.0116,20,0
12,residual,de,tier_1,transliteration,-0.028,0.0184,20,0
12,attn_out,de,tier_1,transliteration,0.0031,0.0101,20,0
12,mlp_out,de,tier_1,transliteration,-0.0033,0.0116,20,0
13,residual,de,tier_1,transliteration,-0.0136,0.0175,20,0
13,attn_out,de,tier_1,transliteration,0.0024,0.0075,20,0
13,mlp_out,de,tier_1,transliteration,-0.0139,0.0099,20,0
14,residual,de,tier_1,transliteration,-0.0046,0.0187,20,0
14,attn_out,de,tier_1,transliteration,-0.0082,0.0043,20,0
14,mlp_out,de,tier_1,transliteration,0.0079,0.0064,20,0
15,residual,de,tier_1,transliteration,-0.0033,0.0129,20,0
15,attn_out,de,tier_1,transliteration,-0.0051,0.0047,20,0
15,mlp_out,de,tier_1,transliteration,-0.0023,0.0059,20,0
16,residual,de,tier_1,transliteration,-0.0041,0.0127,20,0
16,attn_out,de,tier_1,transliteration,-0.0006,0.0033,20,0
16,mlp_out,de,tier_1,transliteration,0.0018,0.0041,20,0
17,residual,de,tier_1,transliteration,-0.0098,0.0088,20,0
17,attn_out,de,tier_1,transliteration,-0.0014,0.0034,20,0
17,mlp_out,de,tier_1,transliteration,0.001,0.0096,20,0
18,residual,de,tier_1,transliteration,-0.0142,0.005,20,0
18,attn_out,de,tier_1,transliteration,-0.001,0.0014,20,0
18,mlp_out,de,tier_1,transliteration,0.0015,0.007,20,0
19,residual,de,tier_1,transliteration,-0.0121,0.0045,20,0
19,attn_out,de,tier_1,transliteration,0.0014,0.0011,20,0
19,mlp_out,de,tier_1,transliteration,-0.0044,0.0044,20,0
20,residual,de,tier_1,transliteration,-0.0124,0.004,20,0
20,attn_out,de,tier_1,transliteration,0.0008,0.001,20,0
20,mlp_out,de,tier_1,transliteration,-0.0078,0.0059,20,0
21,residual,de,tier_1,transliteration,-0.0127,0.0039,20,0
21,attn_out,de,tier_1,transliteration,0.0001,0.0015,20,0
21,mlp_out,de,tier_1,transliteration,0.0024,0.0028,20,0
22,residual,de,tier_1,transliteration,-0.0164,0.0046,20,0
22,attn_out,de,tier_1,transliteration,-0.0,0.0006,20,0
22,mlp_out,de,tier_1,transliteration,-0.0034,0.0016,20,0
23,residual,de,tier_1,transliteration,-0.0158,0.0046,20,0
23,attn_out,de,tier_1,transliteration,0.0003,0.0015,20,0
23,mlp_out,de,tier_1,transliteration,-0.003,0.002,20,0
24,residual,de,tier_1,transliteration,-0.0145,0.0038,20,0
24,attn_out,de,tier_1,transliteration,-0.004,0.002,20,0
24,mlp_out,de,tier_1,transliteration,-0.0051,0.0036,20,0
25,residual,de,tier_1,transliteration,-0.015,0.004,20,0
25,attn_out,de,tier_1,transliteration,-0.0004,0.0021,20,0
25,mlp_out,de,tier_1,transliteration,-0.0,0.0046,20,0
26,residual,de,tier_1,transliteration,-0.0125,0.004,20,0
26,attn_out,de,tier_1,transliteration,-0.007,0.0031,20,0
26,mlp_out,de,tier_1,transliteration,-0.0003,0.0021,20,0
27,residual,de,tier_1,transliteration,-0.0124,0.0042,20,0
27,attn_out,de,tier_1,transliteration,-0.0046,0.0025,20,0
27,mlp_out,de,tier_1,transliteration,-0.0042,0.0027,20,0
28,residual,de,tier_1,transliteration,-0.0084,0.0028,20,0
28,attn_out,de,tier_1,transliteration,-0.0032,0.0006,20,0
28,mlp_out,de,tier_1,transliteration,-0.0003,0.0026,20,0
29,residual,de,tier_1,transliteration,-0.0064,0.0034,20,0
29,attn_out,de,tier_1,transliteration,0.0011,0.0016,20,0
29,mlp_out,de,tier_1,transliteration,-0.0091,0.0048,20,0
30,residual,de,tier_1,transliteration,-0.0039,0.0021,20,0
30,attn_out,de,tier_1,transliteration,-0.0022,0.0012,20,0
30,mlp_out,de,tier_1,transliteration,0.0006,0.0015,20,0
31,residual,de,tier_1,transliteration,0.0,0.0,20,0
31,attn_out,de,tier_1,transliteration,0.0,0.0,20,0
31,mlp_out,de,tier_1,transliteration,0.0,0.0,20,0
0,residual,fr,tier_1,transliteration,0.0231,0.1341,20,0
0,attn_out,fr,tier_1,transliteration,0.0138,0.0705,20,0
0,mlp_out,fr,tier_1,transliteration,0.0373,0.0866,20,0
1,residual,fr,tier_1,transliteration,0.005,0.1541,20,0
1,attn_out,fr,tier_1,transliteration,0.0167,0.0391,20,0
1,mlp_out,fr,tier_1,transliteration,0.0575,0.0876,20,0
2,residual,fr,tier_1,transliteration,0.0073,0.1487,20,0
2,attn_out,fr,tier_1,transliteration,0.0034,0.042,20,0
2,mlp_out,fr,tier_1,transliteration,0.0124,0.1108,20,0
3,residual,fr,tier_1,transliteration,-0.0126,0.1212,20,0
3,attn_out,fr,tier_1,transliteration,0.1193,0.0823,20,0
3,mlp_out,fr,tier_1,transliteration,0.0153,0.0896,20,0
4,residual,fr,tier_1,transliteration,-0.0521,0.13,20,0
4,attn_out,fr,tier_1,transliteration,0.0082,0.0144,20,0
4,mlp_out,fr,tier_1,transliteration,-0.0087,0.0517,20,0
5,residual,fr,tier_1,transliteration,-0.0481,0.1233,20,0
5,attn_out,fr,tier_1,transliteration,-0.0052,0.0109,20,0
5,mlp_out,fr,tier_1,transliteration,-0.0058,0.0775,20,0
6,residual,fr,tier_1,transliteration,-0.061,0.1255,20,0
6,attn_out,fr,tier_1,transliteration,-0.0204,0.0438,20,0
6,mlp_out,fr,tier_1,transliteration,-0.0136,0.0565,20,0
7,residual,fr,tier_1,transliteration,-0.0643,0.1185,20,0
7,attn_out,fr,tier_1,transliteration,0.002,0.0221,20,0
7,mlp_out,fr,tier_1,transliteration,-0.0117,0.0384,20,0
8,residual,fr,tier_1,transliteration,-0.073,0.1138,20,0
8,attn_out,fr,tier_1,transliteration,0.0033,0.0236,20,0
8,mlp_out,fr,tier_1,transliteration,0.0078,0.0193,20,0
9,residual,fr,tier_1,transliteration,-0.0881,0.1077,20,0
9,attn_out,fr,tier_1,transliteration,-0.0204,0.0211,20,0
9,mlp_out,fr,tier_1,transliteration,-0.022,0.0267,20,0
10,residual,fr,tier_1,transliteration,-0.0841,0.1101,20,0
10,attn_out,fr,tier_1,transliteration,-0.0107,0.0179,20,0
10,mlp_out,fr,tier_1,transliteration,-0.0299,0.0371,20,0
11,residual,fr,tier_1,transliteration,-0.0746,0.0862,20,0
11,attn_out,fr,tier_1,transliteration,0.0089,0.0105,20,0
11,mlp_out,fr,tier_1,transliteration,-0.046,0.0628,20,0
12,residual,fr,tier_1,transliteration,-0.0576,0.0428,20,0
12,attn_out,fr,tier_1,transliteration,-0.0128,0.0161,20,0
12,mlp_out,fr,tier_1,transliteration,-0.0158,0.0181,20,0
13,residual,fr,tier_1,transliteration,-0.0386,0.0295,20,0
13,attn_out,fr,tier_1,transliteration,-0.0008,0.0102,20,0
13,mlp_out,fr,tier_1,transliteration,-0.026,0.0282,20,0
14,residual,fr,tier_1,transliteration,-0.0184,0.0244,20,0
14,attn_out,fr,tier_1,transliteration,-0.025,0.0267,20,0
14,mlp_out,fr,tier_1,transliteration,0.0061,0.0298,20,0
15,residual,fr,tier_1,transliteration,-0.0172,0.0369,20,0
15,attn_out,fr,tier_1,transliteration,-0.0049,0.0048,20,0
15,mlp_out,fr,tier_1,transliteration,-0.0046,0.0097,20,0
16,residual,fr,tier_1,transliteration,-0.0229,0.0369,20,0
16,attn_out,fr,tier_1,transliteration,-0.0082,0.0102,20,0
16,mlp_out,fr,tier_1,transliteration,0.0012,0.012,20,0
17,residual,fr,tier_1,transliteration,-0.0252,0.0358,20,0
17,attn_out,fr,tier_1,transliteration,-0.0102,0.0106,20,0
17,mlp_out,fr,tier_1,transliteration,-0.0075,0.005,20,0
18,residual,fr,tier_1,transliteration,-0.0178,0.0363,20,0
18,attn_out,fr,tier_1,transliteration,-0.0027,0.0017,20,0
18,mlp_out,fr,tier_1,transliteration,0.0002,0.0117,20,0
19,residual,fr,tier_1,transliteration,-0.0127,0.0284,20,0
19,attn_out,fr,tier_1,transliteration,0.0022,0.0064,20,0
19,mlp_out,fr,tier_1,transliteration,-0.0096,0.0111,20,0
20,residual,fr,tier_1,transliteration,-0.0143,0.0288,20,0
20,attn_out,fr,tier_1,transliteration,0.0035,0.0032,20,0
20,mlp_out,fr,tier_1,transliteration,-0.0132,0.0199,20,0
21,residual,fr,tier_1,transliteration,-0.0105,0.0245,20,0
21,attn_out,fr,tier_1,transliteration,-0.0006,0.0031,20,0
21,mlp_out,fr,tier_1,transliteration,-0.0035,0.0111,20,0
22,residual,fr,tier_1,transliteration,-0.0151,0.0256,20,0
22,attn_out,fr,tier_1,transliteration,0.0004,0.0015,20,0
22,mlp_out,fr,tier_1,transliteration,-0.0009,0.0076,20,0
23,residual,fr,tier_1,transliteration,-0.0156,0.0249,20,0
23,attn_out,fr,tier_1,transliteration,-0.0006,0.0011,20,0
23,mlp_out,fr,tier_1,transliteration,-0.007,0.0093,20,0
24,residual,fr,tier_1,transliteration,-0.0149,0.0249,20,0
24,attn_out,fr,tier_1,transliteration,-0.0017,0.0032,20,0
24,mlp_out,fr,tier_1,transliteration,-0.0064,0.0105,20,0
25,residual,fr,tier_1,transliteration,-0.0145,0.0231,20,0
25,attn_out,fr,tier_1,transliteration,-0.0002,0.0017,20,0
25,mlp_out,fr,tier_1,transliteration,0.0064,0.0086,20,0
26,residual,fr,tier_1,transliteration,-0.0073,0.0206,20,0
26,attn_out,fr,tier_1,transliteration,-0.0111,0.0125,20,0
26,mlp_out,fr,tier_1,transliteration,-0.004,0.0084,20,0
27,residual,fr,tier_1,transliteration,-0.009,0.0249,20,0
27,attn_out,fr,tier_1,transliteration,-0.0052,0.0056,20,0
27,mlp_out,fr,tier_1,transliteration,-0.007,0.0088,20,0
28,residual,fr,tier_1,transliteration,-0.0057,0.0178,20,0
28,attn_out,fr,tier_1,transliteration,-0.0029,0.0014,20,0
28,mlp_out,fr,tier_1,transliteration,-0.0032,0.0112,20,0
29,residual,fr,tier_1,transliteration,-0.0043,0.0147,20,0
29,attn_out,fr,tier_1,transliteration,0.0061,0.0079,20,0
29,mlp_out,fr,tier_1,transliteration,-0.0145,0.0142,20,0
30,residual,fr,tier_1,transliteration,-0.004,0.0061,20,0
30,attn_out,fr,tier_1,transliteration,-0.0052,0.0049,20,0
30,mlp_out,fr,tier_1,transliteration,-0.0011,0.0048,20,0
31,residual,fr,tier_1,transliteration,0.0,0.0,20,0
31,attn_out,fr,tier_1,transliteration,0.0,0.0,20,0
31,mlp_out,fr,tier_1,transliteration,0.0,0.0,20,0
0,residual,zh,tier_1,transliteration,0.258,0.0677,20,0
0,attn_out,zh,tier_1,transliteration,0.0461,0.0492,20,0
0,mlp_out,zh,tier_1,transliteration,0.1228,0.0319,20,0
1,residual,zh,tier_1,transliteration,0.1869,0.0217,20,0
1,attn_out,zh,tier_1,transliteration,0.0337,0.0375,20,0
1,mlp_out,zh,tier_1,transliteration,0.0441,0.0174,20,0
2,residual,zh,tier_1,transliteration,0.1787,0.0268,20,0
2,attn_out,zh,tier_1,transliteration,0.0136,0.018,20,0
2,mlp_out,zh,tier_1,transliteration,0.0328,0.0311,20,0
3,residual,zh,tier_1,transliteration,0.1767,0.0314,20,0
3,attn_out,zh,tier_1,transliteration,0.0073,0.0131,20,0
3,mlp_out,zh,tier_1,transliteration,0.0544,0.0229,20,0
4,residual,zh,tier_1,transliteration,0.1439,0.0385,20,0
4,attn_out,zh,tier_1,transliteration,0.0013,0.0193,20,0
4,mlp_out,zh,tier_1,transliteration,0.0499,0.0164,20,0
5,residual,zh,tier_1,transliteration,0.1371,0.0342,20,0
5,attn_out,zh,tier_1,transliteration,-0.007,0.0072,20,0
5,mlp_out,zh,tier_1,transliteration,0.0394,0.0353,20,0
6,residual,zh,tier_1,transliteration,0.0848,0.0231,20,0
6,attn_out,zh,tier_1,transliteration,0.0079,0.0244,20,0
6,mlp_out,zh,tier_1,transliteration,0.0103,0.0137,20,0
7,residual,zh,tier_1,transliteration,0.0677,0.0254,20,0
7,attn_out,zh,tier_1,transliteration,0.0099,0.0148,20,0
7,mlp_out,zh,tier_1,transliteration,0.014,0.016,20,0
8,residual,zh,tier_1,transliteration,0.0265,0.0214,20,0
8,attn_out,zh,tier_1,transliteration,-0.0129,0.0092,20,0
8,mlp_out,zh,tier_1,transliteration,-0.003,0.0075,20,0
9,residual,zh,tier_1,transliteration,0.0333,0.0308,20,0
9,attn_out,zh,tier_1,transliteration,-0.005,0.0113,20,0
9,mlp_out,zh,tier_1,transliteration,0.003,0.0137,20,0
10,residual,zh,tier_1,transliteration,0.0236,0.0368,20,0
10,attn_out,zh,tier_1,transliteration,-0.0048,0.0044,20,0
10,mlp_out,zh,tier_1,transliteration,0.0051,0.0167,20,0
11,residual,zh,tier_1,transliteration,0.0126,0.0338,20,0
11,attn_out,zh,tier_1,transliteration,-0.0008,0.0078,20,0
11,mlp_out,zh,tier_1,transliteration,-0.003,0.0215,20,0
12,residual,zh,tier_1,transliteration,0.0224,0.0368,20,0
12,attn_out,zh,tier_1,transliteration,0.0004,0.0178,20,0
12,mlp_out,zh,tier_1,transliteration,0.012,0.014,20,0
13,residual,zh,tier_1,transliteration,0.0301,0.0325,20,0
13,attn_out,zh,tier_1,transliteration,0.0016,0.0063,20,0
13,mlp_out,zh,tier_1,transliteration,-0.0174,0.0184,20,0
14,residual,zh,tier_1,transliteration,0.0348,0.0295,20,0
14,attn_out,zh,tier_1,transliteration,0.0051,0.007,20,0
14,mlp_out,zh,tier_1,transliteration,-0.0051,0.0166,20,0
15,residual,zh,tier_1,transliteration,0.0373,0.0177,20,0
15,attn_out,zh,tier_1,transliteration,0.0011,0.005,20,0
15,mlp_out,zh,tier_1,transliteration,0.0071,0.005,20,0
16,residual,zh,tier_1,transliteration,0.0359,0.0123,20,0
16,attn_out,zh,tier_1,transliteration,0.0028,0.0043,20,0
16,mlp_out,zh,tier_1,transliteration,0.0002,0.0055,20,0
17,residual,zh,tier_1,transliteration,0.0268,0.0121,20,0
17,attn_out,zh,tier_1,transliteration,0.0043,0.0027,20,0
17,mlp_out,zh,tier_1,transliteration,0.0043,0.0023,20,0
18,residual,zh,tier_1,transliteration,0.0256,0.0121,20,0
18,attn_out,zh,tier_1,transliteration,0.0016,0.001,20,0
18,mlp_out,zh,tier_1,transliteration,0.0057,0.0046,20,0
19,residual,zh,tier_1,transliteration,0.0238,0.012,20,0
19,attn_out,zh,tier_1,transliteration,-0.0,0.0025,20,0
19,mlp_out,zh,tier_1,transliteration,0.0015,0.0018,20,0
20,residual,zh,tier_1,transliteration,0.0255,0.0095,20,0
20,attn_out,zh,tier_1,transliteration,-0.0011,0.0023,20,0
20,mlp_out,zh,tier_1,transliteration,0.0014,0.0021,20,0
21,residual,zh,tier_1,transliteration,0.0196,0.0077,20,0
21,attn_out,zh,tier_1,transliteration,0.0,0.0008,20,0
21,mlp_out,zh,tier_1,transliteration,0.0033,0.0049,20,0
22,residual,zh,tier_1,transliteration,0.0218,0.008,20,0
22,attn_out,zh,tier_1,transliteration,0.0,0.0011,20,0
22,mlp_out,zh,tier_1,transliteration,0.0027,0.0046,20,0
23,residual,zh,tier_1,transliteration,0.02,0.0081,20,0
23,attn_out,zh,tier_1,transliteration,0.0004,0.0012,20,0
23,mlp_out,zh,tier_1,transliteration,0.0049,0.0037,20,0
24,residual,zh,tier_1,transliteration,0.0168,0.0084,20,0
24,attn_out,zh,tier_1,transliteration,0.0025,0.0023,20,0
24,mlp_out,zh,tier_1,transliteration,0.0009,0.003,20,0
25,residual,zh,tier_1,transliteration,0.0168,0.0075,20,0
25,attn_out,zh,tier_1,transliteration,0.0028,0.0019,20,0
25,mlp_out,zh,tier_1,transliteration,0.0013,0.0019,20,0
26,residual,zh,tier_1,transliteration,0.0171,0.0082,20,0
26,attn_out,zh,tier_1,transliteration,0.0053,0.0041,20,0
26,mlp_out,zh,tier_1,transliteration,-0.0007,0.002,20,0
27,residual,zh,tier_1,transliteration,0.0158,0.0071,20,0
27,attn_out,zh,tier_1,transliteration,0.0023,0.0011,20,0
27,mlp_out,zh,tier_1,transliteration,0.0051,0.0046,20,0
28,residual,zh,tier_1,transliteration,0.0174,0.0099,20,0
28,attn_out,zh,tier_1,transliteration,0.0003,0.0015,20,0
28,mlp_out,zh,tier_1,transliteration,0.0035,0.0043,20,0
29,residual,zh,tier_1,transliteration,0.0065,0.0088,20,0
29,attn_out,zh,tier_1,transliteration,0.0013,0.0029,20,0
29,mlp_out,zh,tier_1,transliteration,0.0022,0.0072,20,0
30,residual,zh,tier_1,transliteration,0.0024,0.0048,20,0
30,attn_out,zh,tier_1,transliteration,0.0027,0.0026,20,0
30,mlp_out,zh,tier_1,transliteration,-0.0015,0.0027,20,0
31,residual,zh,tier_1,transliteration,0.0,0.0,20,0
31,attn_out,zh,tier_1,transliteration,0.0,0.0,20,0
31,mlp_out,zh,tier_1,transliteration,0.0,0.0,20,0
0,residual,es,tier_1,transliteration,0.1076,0.3504,20,0
0,attn_out,es,tier_1,transliteration,-0.0596,0.0793,20,0
0,mlp_out,es,tier_1,transliteration,0.0772,0.2535,20,0
1,residual,es,tier_1,transliteration,0.0455,0.1011,20,0
1,attn_out,es,tier_1,transliteration,-0.0422,0.0637,20,0
1,mlp_out,es,tier_1,transliteration,-0.0813,0.1228,20,0
2,residual,es,tier_1,transliteration,0.0375,0.1078,20,0
2,attn_out,es,tier_1,transliteration,-0.0168,0.0536,20,0
2,mlp_out,es,tier_1,transliteration,0.0267,0.0695,20,0
3,residual,es,tier_1,transliteration,0.019,0.0873,20,0
3,attn_out,es,tier_1,transliteration,0.0271,0.2126,20,0
3,mlp_out,es,tier_1,transliteration,-0.012,0.0778,20,0
4,residual,es,tier_1,transliteration,0.1702,0.3519,20,0
4,attn_out,es,tier_1,transliteration,0.0265,0.055,20,0
4,mlp_out,es,tier_1,transliteration,0.0539,0.1016,20,0
5,residual,es,tier_1,transliteration,0.1451,0.3356,20,0
5,attn_out,es,tier_1,transliteration,0.0398,0.0745,20,0
5,mlp_out,es,tier_1,transliteration,0.1014,0.1512,20,0
6,residual,es,tier_1,transliteration,0.1554,0.3668,20,0
6,attn_out,es,tier_1,transliteration,0.0695,0.0366,20,0
6,mlp_out,es,tier_1,transliteration,-0.0184,0.1257,20,0
7,residual,es,tier_1,transliteration,0.1153,0.4597,20,0
7,attn_out,es,tier_1,transliteration,-0.0328,0.1528,20,0
7,mlp_out,es,tier_1,transliteration,0.0202,0.1264,20,0
8,residual,es,tier_1,transliteration,0.0896,0.4214,20,0
8,attn_out,es,tier_1,transliteration,0.0093,0.0249,20,0
8,mlp_out,es,tier_1,transliteration,0.0022,0.0527,20,0
9,residual,es,tier_1,transliteration,0.0842,0.4592,20,0
9,attn_out,es,tier_1,transliteration,0.0713,0.1315,20,0
9,mlp_out,es,tier_1,transliteration,-0.0111,0.1025,20,0
10,residual,es,tier_1,transliteration,0.0633,0.4508,20,0
10,attn_out,es,tier_1,transliteration,-0.0156,0.0379,20,0
10,mlp_out,es,tier_1,transliteration,0.0733,0.1056,20,0
11,residual,es,tier_1,transliteration,0.0139,0.3743,20,0
11,attn_out,es,tier_1,transliteration,-0.0177,0.0421,20,0
11,mlp_out,es,tier_1,transliteration,-0.013,0.1028,20,0
12,residual,es,tier_1,transliteration,-0.0005,0.2281,20,0
12,attn_out,es,tier_1,transliteration,0.0104,0.0671,20,0
12,mlp_out,es,tier_1,transliteration,-0.0381,0.0845,20,0
13,residual,es,tier_1,transliteration,-0.0292,0.0563,20,0
13,attn_out,es,tier_1,transliteration,0.0089,0.0511,20,0
13,mlp_out,es,tier_1,transliteration,-0.0037,0.0973,20,0
14,residual,es,tier_1,transliteration,-0.0231,0.0607,20,0
14,attn_out,es,tier_1,transliteration,0.0162,0.0852,20,0
14,mlp_out,es,tier_1,transliteration,-0.0316,0.0598,20,0
15,residual,es,tier_1,transliteration,0.0189,0.0373,20,0
15,attn_out,es,tier_1,transliteration,-0.0157,0.0166,20,0
15,mlp_out,es,tier_1,transliteration,0.0075,0.055,20,0
16,residual,es,tier_1,transliteration,0.0243,0.0826,20,0
16,attn_out,es,tier_1,transliteration,0.0062,0.0381,20,0
16,mlp_out,es,tier_1,transliteration,0.0146,0.0421,20,0
17,residual,es,tier_1,transliteration,0.0187,0.0643,20,0
17,attn_out,es,tier_1,transliteration,0.0005,0.0079,20,0
17,mlp_out,es,tier_1,transliteration,0.019,0.0702,20,0
18,residual,es,tier_1,transliteration,0.041,0.1122,20,0
18,attn_out,es,tier_1,transliteration,-0.0006,0.0048,20,0
18,mlp_out,es,tier_1,transliteration,-0.0004,0.0043,20,0
19,residual,es,tier_1,transliteration,0.0359,0.0951,20,0
19,attn_out,es,tier_1,transliteration,-0.0002,0.0073,20,0
19,mlp_out,es,tier_1,transliteration,0.0056,0.0194,20,0
20,residual,es,tier_1,transliteration,0.0328,0.0898,20,0
20,attn_out,es,tier_1,transliteration,0.0102,0.0065,20,0
20,mlp_out,es,tier_1,transliteration,0.0242,0.0713,20,0
21,residual,es,tier_1,transliteration,0.0246,0.0822,20,0
21,attn_out,es,tier_1,transliteration,-0.0025,0.0083,20,0
21,mlp_out,es,tier_1,transliteration,0.0022,0.0131,20,0
22,residual,es,tier_1,transliteration,0.018,0.0768,20,0
22,attn_out,es,tier_1,transliteration,0.0095,0.0061,20,0
22,mlp_out,es,tier_1,transliteration,0.0031,0.0072,20,0
23,residual,es,tier_1,transliteration,0.0151,0.0831,20,0
23,attn_out,es,tier_1,transliteration,0.0006,0.0076,20,0
23,mlp_out,es,tier_1,transliteration,-0.0059,0.0208,20,0
24,residual,es,tier_1,transliteration,0.0081,0.0665,20,0
24,attn_out,es,tier_1,transliteration,0.0076,0.0246,20,0
24,mlp_out,es,tier_1,transliteration,-0.0181,0.0171,20,0
25,residual,es,tier_1,transliteration,0.0039,0.0615,20,0
25,attn_out,es,tier_1,transliteration,0.0029,0.0082,20,0
25,mlp_out,es,tier_1,transliteration,-0.0219,0.0362,20,0
26,residual,es,tier_1,transliteration,0.0096,0.0312,20,0
26,attn_out,es,tier_1,transliteration,0.0008,0.0298,20,0
26,mlp_out,es,tier_1,transliteration,0.0024,0.0091,20,0
27,residual,es,tier_1,transliteration,0.0157,0.0381,20,0
27,attn_out,es,tier_1,transliteration,-0.0041,0.0144,20,0
27,mlp_out,es,tier_1,transliteration,-0.0112,0.0422,20,0
28,residual,es,tier_1,transliteration,0.019,0.0202,20,0
28,attn_out,es,tier_1,transliteration,0.0018,0.0143,20,0
28,mlp_out,es,tier_1,transliteration,0.0281,0.0368,20,0
29,residual,es,tier_1,transliteration,0.0175,0.0227,20,0
29,attn_out,es,tier_1,transliteration,0.0027,0.0104,20,0
29,mlp_out,es,tier_1,transliteration,0.003,0.0415,20,0
30,residual,es,tier_1,transliteration,0.0036,0.0196,20,0
30,attn_out,es,tier_1,transliteration,-0.0,0.0129,20,0
30,mlp_out,es,tier_1,transliteration,0.0079,0.0064,20,0
31,residual,es,tier_1,transliteration,0.0,0.0,20,0
31,attn_out,es,tier_1,transliteration,0.0,0.0,20,0
31,mlp_out,es,tier_1,transliteration,0.0,0.0,20,0
0,residual,ar,tier_2,transliteration,0.5262,0.3592,20,0
0,attn_out,ar,tier_2,transliteration,0.0029,0.1164,20,0
0,mlp_out,ar,tier_2,transliteration,0.0948,0.1595,20,0
1,residual,ar,tier_2,transliteration,0.0945,0.2348,20,0
1,attn_out,ar,tier_2,transliteration,0.0096,0.083,20,0
1,mlp_out,ar,tier_2,transliteration,0.0143,0.108,20,0
2,residual,ar,tier_2,transliteration,0.101,0.2081,20,0
2,attn_out,ar,tier_2,transliteration,0.0373,0.0715,20,0
2,mlp_out,ar,tier_2,transliteration,0.0344,0.1686,20,0
3,residual,ar,tier_2,transliteration,0.1421,0.1854,20,0
3,attn_out,ar,tier_2,transliteration,0.0148,0.106,20,0
3,mlp_out,ar,tier_2,transliteration,0.0497,0.1378,20,0
4,residual,ar,tier_2,transliteration,0.1363,0.1718,20,0
4,attn_out,ar,tier_2,transliteration,0.0078,0.0703,20,0
4,mlp_out,ar,tier_2,transliteration,-0.0229,0.0665,20,0
5,residual,ar,tier_2,transliteration,0.0936,0.1589,20,0
5,attn_out,ar,tier_2,transliteration,0.004,0.0241,20,0
5,mlp_out,ar,tier_2,transliteration,0.0644,0.1078,20,0
6,residual,ar,tier_2,transliteration,0.0347,0.1688,20,0
6,attn_out,ar,tier_2,transliteration,-0.0489,0.0979,20,0
6,mlp_out,ar,tier_2,transliteration,-0.0752,0.1791,20,0
7,residual,ar,tier_2,transliteration,-0.0068,0.1972,20,0
7,attn_out,ar,tier_2,transliteration,-0.0325,0.0786,20,0
7,mlp_out,ar,tier_2,transliteration,0.0218,0.0478,20,0
8,residual,ar,tier_2,transliteration,0.0115,0.1811,20,0
8,attn_out,ar,tier_2,transliteration,0.0196,0.0386,20,0
8,mlp_out,ar,tier_2,transliteration,-0.0243,0.0474,20,0
9,residual,ar,tier_2,transliteration,0.0476,0.1553,20,0
9,attn_out,ar,tier_2,transliteration,0.0053,0.028,20,0
9,mlp_out,ar,tier_2,transliteration,0.0604,0.0531,20,0
10,residual,ar,tier_2,transliteration,0.0298,0.1572,20,0
10,attn_out,ar,tier_2,transliteration,-0.0142,0.0166,20,0
10,mlp_out,ar,tier_2,transliteration,0.0688,0.0628,20,0
11,residual,ar,tier_2,transliteration,0.0347,0.1597,20,0
11,attn_out,ar,tier_2,transliteration,-0.0262,0.03,20,0
11,mlp_out,ar,tier_2,transliteration,0.0374,0.0503,20,0
12,residual,ar,tier_2,transliteration,0.0829,0.1196,20,0
12,attn_out,ar,tier_2,transliteration,0.0251,0.0188,20,0
12,mlp_out,ar,tier_2,transliteration,0.0496,0.035,20,0
13,residual,ar,tier_2,transliteration,0.0861,0.1007,20,0
13,attn_out,ar,tier_2,transliteration,0.0141,0.0172,20,0
13,mlp_out,ar,tier_2,transliteration,-0.0043,0.0523,20,0
14,residual,ar,tier_2,transliteration,0.0834,0.115,20,0
14,attn_out,ar,tier_2,transliteration,0.017,0.0366,20,0
14,mlp_out,ar,tier_2,transliteration,0.027,0.0306,20,0
15,residual,ar,tier_2,transliteration,0.087,0.1156,20,0
15,attn_out,ar,tier_2,transliteration,0.0129,0.04,20,0
15,mlp_out,ar,tier_2,transliteration,0.0071,0.0539,20,0
16,residual,ar,tier_2,transliteration,0.0795,0.0871,20,0
16,attn_out,ar,tier_2,transliteration,0.0275,0.0421,20,0
16,mlp_out,ar,tier_2,transliteration,0.0192,0.036,20,0
17,residual,ar,tier_2,transliteration,0.0534,0.054,20,0
17,attn_out,ar,tier_2,transliteration,0.0053,0.0065,20,0
17,mlp_out,ar,tier_2,transliteration,-0.008,0.0242,20,0
18,residual,ar,tier_2,transliteration,0.05,0.0462,20,0
18,attn_out,ar,tier_2,transliteration,0.0043,0.0141,20,0
18,mlp_out,ar,tier_2,transliteration,0.006,0.0213,20,0
19,residual,ar,tier_2,transliteration,0.062,0.0551,20,0
19,attn_out,ar,tier_2,transliteration,0.0041,0.0095,20,0
19,mlp_out,ar,tier_2,transliteration,0.0068,0.0317,20,0
20,residual,ar,tier_2,transliteration,0.056,0.0505,20,0
20,attn_out,ar,tier_2,transliteration,0.0122,0.0102,20,0
20,mlp_out,ar,tier_2,transliteration,0.0078,0.0424,20,0
21,residual,ar,tier_2,transliteration,0.0537,0.0488,20,0
21,attn_out,ar,tier_2,transliteration,0.0005,0.004,20,0
21,mlp_out,ar,tier_2,transliteration,0.0229,0.035,20,0
22,residual,ar,tier_2,transliteration,0.0548,0.0499,20,0
22,attn_out,ar,tier_2,transliteration,-0.0021,0.0033,20,0
22,mlp_out,ar,tier_2,transliteration,0.0099,0.0141,20,0
23,residual,ar,tier_2,transliteration,0.0537,0.0494,20,0
23,attn_out,ar,tier_2,transliteration,0.0018,0.0028,20,0
23,mlp_out,ar,tier_2,transliteration,-0.0028,0.007,20,0
24,residual,ar,tier_2,transliteration,0.032,0.0474,20,0
24,attn_out,ar,tier_2,transliteration,0.0046,0.0086,20,0
24,mlp_out,ar,tier_2,transliteration,-0.0082,0.0174,20,0
25,residual,ar,tier_2,transliteration,0.0329,0.0444,20,0
25,attn_out,ar,tier_2,transliteration,0.0007,0.0034,20,0
25,mlp_out,ar,tier_2,transliteration,0.0011,0.0139,20,0
26,residual,ar,tier_2,transliteration,0.0318,0.043,20,0
26,attn_out,ar,tier_2,transliteration,0.0092,0.0116,20,0
26,mlp_out,ar,tier_2,transliteration,-0.0132,0.0143,20,0
27,residual,ar,tier_2,transliteration,0.0261,0.042,20,0
27,attn_out,ar,tier_2,transliteration,0.0041,0.0076,20,0
27,mlp_out,ar,tier_2,transliteration,0.0037,0.0049,20,0
28,residual,ar,tier_2,transliteration,0.0211,0.0428,20,0
28,attn_out,ar,tier_2,transliteration,0.0052,0.0062,20,0
28,mlp_out,ar,tier_2,transliteration,0.0183,0.0107,20,0
29,residual,ar,tier_2,transliteration,0.0027,0.0464,20,0
29,attn_out,ar,tier_2,transliteration,-0.0083,0.0104,20,0
29,mlp_out,ar,tier_2,transliteration,-0.0013,0.033,20,0
30,residual,ar,tier_2,transliteration,-0.0056,0.0086,20,0
30,attn_out,ar,tier_2,transliteration,0.003,0.0033,20,0
30,mlp_out,ar,tier_2,transliteration,-0.0021,0.0043,20,0
31,residual,ar,tier_2,transliteration,0.0,0.0,20,0
31,attn_out,ar,tier_2,transliteration,0.0,0.0,20,0
31,mlp_out,ar,tier_2,transliteration,0.0,0.0,20,0
0,residual,ru,tier_2,transliteration,-0.0277,0.0729,20,0
0,attn_out,ru,tier_2,transliteration,-0.1276,0.1709,20,0
0,mlp_out,ru,tier_2,transliteration,-0.1332,0.1498,20,0
1,residual,ru,tier_2,transliteration,-0.003,0.0896,20,0
1,attn_out,ru,tier_2,transliteration,0.0303,0.066,20,0
1,mlp_out,ru,tier_2,transliteration,-0.0317,0.0786,20,0
2,residual,ru,tier_2,transliteration,0.0139,0.0956,20,0
2,attn_out,ru,tier_2,transliteration,-0.0011,0.0587,20,0
2,mlp_out,ru,tier_2,transliteration,-0.1233,0.0674,20,0
3,residual,ru,tier_2,transliteration,0.0831,0.1298,20,0
3,attn_out,ru,tier_2,transliteration,-0.0732,0.1367,20,0
3,mlp_out,ru,tier_2,transliteration,-0.0268,0.0649,20,0
4,residual,ru,tier_2,transliteration,0.1292,0.1859,20,0
4,attn_out,ru,tier_2,transliteration,0.0117,0.0999,20,0
4,mlp_out,ru,tier_2,transliteration,0.0185,0.0963,20,0
5,residual,ru,tier_2,transliteration,0.1194,0.2318,20,0
5,attn_out,ru,tier_2,transliteration,-0.0634,0.0746,20,0
5,mlp_out,ru,tier_2,transliteration,-0.0547,0.1059,20,0
6,residual,ru,tier_2,transliteration,0.1005,0.2172,20,0
6,attn_out,ru,tier_2,transliteration,-0.0603,0.1451,20,0
6,mlp_out,ru,tier_2,transliteration,-0.0118,0.0944,20,0
7,residual,ru,tier_2,transliteration,0.0777,0.2346,20,0
7,attn_out,ru,tier_2,transliteration,-0.0095,0.1903,20,0
7,mlp_out,ru,tier_2,transliteration,-0.0432,0.1149,20,0
8,residual,ru,tier_2,transliteration,0.0624,0.2415,20,0
8,attn_out,ru,tier_2,transliteration,-0.0289,0.0401,20,0
8,mlp_out,ru,tier_2,transliteration,0.0622,0.0501,20,0
9,residual,ru,tier_2,transliteration,0.0819,0.3179,20,0
9,attn_out,ru,tier_2,transliteration,0.0146,0.026,20,0
9,mlp_out,ru,tier_2,transliteration,-0.0733,0.1974,20,0
10,residual,ru,tier_2,transliteration,0.1064,0.2893,20,0
10,attn_out,ru,tier_2,transliteration,0.0081,0.0654,20,0
10,mlp_out,ru,tier_2,transliteration,-0.0123,0.0749,20,0
11,residual,ru,tier_2,transliteration,0.1144,0.2794,20,0
11,attn_out,ru,tier_2,transliteration,0.0418,0.0906,20,0
11,mlp_out,ru,tier_2,transliteration,0.0539,0.15,20,0
12,residual,ru,tier_2,transliteration,0.0977,0.1306,20,0
12,attn_out,ru,tier_2,transliteration,0.0434,0.0443,20,0
12,mlp_out,ru,tier_2,transliteration,0.018,0.0719,20,0
13,residual,ru,tier_2,transliteration,0.137,0.107,20,0
13,attn_out,ru,tier_2,transliteration,0.032,0.0344,20,0
13,mlp_out,ru,tier_2,transliteration,0.0185,0.0605,20,0
14,residual,ru,tier_2,transliteration,0.1348,0.1158,20,0
14,attn_out,ru,tier_2,transliteration,0.0088,0.0133,20,0
14,mlp_out,ru,tier_2,transliteration,0.0023,0.0046,20,0
15,residual,ru,tier_2,transliteration,0.099,0.0946,20,0
15,attn_out,ru,tier_2,transliteration,0.0169,0.022,20,0
15,mlp_out,ru,tier_2,transliteration,-0.0211,0.0427,20,0
16,residual,ru,tier_2,transliteration,0.0945,0.0699,20,0
16,attn_out,ru,tier_2,transliteration,0.0116,0.0124,20,0
16,mlp_out,ru,tier_2,transliteration,-0.0028,0.017,20,0
17,residual,ru,tier_2,transliteration,0.0932,0.0694,20,0
17,attn_out,ru,tier_2,transliteration,0.0196,0.0123,20,0
17,mlp_out,ru,tier_2,transliteration,0.0021,0.0302,20,0
18,residual,ru,tier_2,transliteration,0.043,0.0261,20,0
18,attn_out,ru,tier_2,transliteration,0.0011,0.0033,20,0
18,mlp_out,ru,tier_2,transliteration,-0.0046,0.0072,20,0
19,residual,ru,tier_2,transliteration,0.0354,0.0197,20,0
19,attn_out,ru,tier_2,transliteration,0.0008,0.0051,20,0
19,mlp_out,ru,tier_2,transliteration,-0.0012,0.0054,20,0
20,residual,ru,tier_2,transliteration,0.0344,0.0182,20,0
20,attn_out,ru,tier_2,transliteration,-0.0022,0.0034,20,0
20,mlp_out,ru,tier_2,transliteration,0.0117,0.014,20,0
21,residual,ru,tier_2,transliteration,0.0352,0.017,20,0
21,attn_out,ru,tier_2,transliteration,-0.0002,0.005,20,0
21,mlp_out,ru,tier_2,transliteration,-0.0001,0.0107,20,0
22,residual,ru,tier_2,transliteration,0.0305,0.0138,20,0
22,attn_out,ru,tier_2,transliteration,0.0004,0.0026,20,0
22,mlp_out,ru,tier_2,transliteration,0.0046,0.0031,20,0
23,residual,ru,tier_2,transliteration,0.0352,0.0148,20,0
23,attn_out,ru,tier_2,transliteration,-0.0003,0.0031,20,0
23,mlp_out,ru,tier_2,transliteration,0.0033,0.0098,20,0
24,residual,ru,tier_2,transliteration,0.0358,0.0167,20,0
24,attn_out,ru,tier_2,transliteration,0.0018,0.0073,20,0
24,mlp_out,ru,tier_2,transliteration,-0.0015,0.0031,20,0
25,residual,ru,tier_2,transliteration,0.0349,0.0151,20,0
25,attn_out,ru,tier_2,transliteration,0.0093,0.0061,20,0
25,mlp_out,ru,tier_2,transliteration,0.0073,0.0043,20,0
26,residual,ru,tier_2,transliteration,0.0289,0.0104,20,0
26,attn_out,ru,tier_2,transliteration,0.0081,0.007,20,0
26,mlp_out,ru,tier_2,transliteration,-0.0052,0.0061,20,0
27,residual,ru,tier_2,transliteration,0.0275,0.0127,20,0
27,attn_out,ru,tier_2,transliteration,0.0016,0.0052,20,0
27,mlp_out,ru,tier_2,transliteration,0.0103,0.0067,20,0
28,residual,ru,tier_2,transliteration,0.0293,0.0132,20,0
28,attn_out,ru,tier_2,transliteration,0.003,0.0032,20,0
28,mlp_out,ru,tier_2,transliteration,0.0164,0.0187,20,0
29,residual,ru,tier_2,transliteration,0.0312,0.0167,20,0
29,attn_out,ru,tier_2,transliteration,-0.0028,0.0078,20,0
29,mlp_out,ru,tier_2,transliteration,0.0175,0.0106,20,0
30,residual,ru,tier_2,transliteration,0.0094,0.005,20,0
30,attn_out,ru,tier_2,transliteration,0.0045,0.0042,20,0
30,mlp_out,ru,tier_2,transliteration,0.0019,0.0041,20,0
31,residual,ru,tier_2,transliteration,0.0,0.0,20,0
31,attn_out,ru,tier_2,transliteration,0.0,0.0,20,0
31,mlp_out,ru,tier_2,transliteration,0.0,0.0,20,0
0,residual,ko,tier_2,transliteration,0.2381,0.1056,20,0
0,attn_out,ko,tier_2,transliteration,-0.0157,0.0304,20,0
0,mlp_out,ko,tier_2,transliteration,0.04,0.0329,20,0
1,residual,ko,tier_2,transliteration,0.0799,0.0535,20,0
1,attn_out,ko,tier_2,transliteration,-0.0076,0.0352,20,0
1,mlp_out,ko,tier_2,transliteration,-0.005,0.0279,20,0
2,residual,ko,tier_2,transliteration,0.0765,0.0538,20,0
2,attn_out,ko,tier_2,transliteration,-0.0158,0.0237,20,0
2,mlp_out,ko,tier_2,transliteration,0.012,0.0227,20,0
3,residual,ko,tier_2,transliteration,0.0837,0.0576,20,0
3,attn_out,ko,tier_2,transliteration,-0.0071,0.0215,20,0
3,mlp_out,ko,tier_2,transliteration,0.019,0.0245,20,0
4,residual,ko,tier_2,transliteration,0.1204,0.0505,20,0
4,attn_out,ko,tier_2,transliteration,0.0052,0.0143,20,0
4,mlp_out,ko,tier_2,transliteration,0.0251,0.026,20,0
5,residual,ko,tier_2,transliteration,0.1128,0.0443,20,0
5,attn_out,ko,tier_2,transliteration,-0.0056,0.0083,20,0
5,mlp_out,ko,tier_2,transliteration,0.02,0.0202,20,0
6,residual,ko,tier_2,transliteration,0.1318,0.0451,20,0
6,attn_out,ko,tier_2,transliteration,0.0141,0.0076,20,0
6,mlp_out,ko,tier_2,transliteration,0.0395,0.0202,20,0
7,residual,ko,tier_2,transliteration,0.1222,0.0516,20,0
7,attn_out,ko,tier_2,transliteration,0.0008,0.0092,20,0
7,mlp_out,ko,tier_2,transliteration,0.0154,0.0246,20,0
8,residual,ko,tier_2,transliteration,0.1079,0.0482,20,0
8,attn_out,ko,tier_2,transliteration,0.0093,0.0129,20,0
8,mlp_out,ko,tier_2,transliteration,0.0189,0.0056,20,0
9,residual,ko,tier_2,transliteration,0.0971,0.0386,20,0
9,attn_out,ko,tier_2,transliteration,0.0099,0.0046,20,0
9,mlp_out,ko,tier_2,transliteration,0.013,0.0192,20,0
10,residual,ko,tier_2,transliteration,0.0874,0.0307,20,0
10,attn_out,ko,tier_2,transliteration,0.0022,0.005,20,0
10,mlp_out,ko,tier_2,transliteration,0.0013,0.0129,20,0
11,residual,ko,tier_2,transliteration,0.0903,0.034,20,0
11,attn_out,ko,tier_2,transliteration,0.0096,0.0052,20,0
11,mlp_out,ko,tier_2,transliteration,-0.0109,0.0087,20,0
12,residual,ko,tier_2,transliteration,0.0811,0.0233,20,0
12,attn_out,ko,tier_2,transliteration,0.0225,0.0086,20,0
12,mlp_out,ko,tier_2,transliteration,0.0016,0.018,20,0
13,residual,ko,tier_2,transliteration,0.0766,0.0249,20,0
13,attn_out,ko,tier_2,transliteration,0.0011,0.0081,20,0
13,mlp_out,ko,tier_2,transliteration,0.0123,0.0126,20,0
14,residual,ko,tier_2,transliteration,0.0601,0.0252,20,0
14,attn_out,ko,tier_2,transliteration,0.0113,0.0068,20,0
14,mlp_out,ko,tier_2,transliteration,0.023,0.0125,20,0
15,residual,ko,tier_2,transliteration,0.0552,0.0228,20,0
15,attn_out,ko,tier_2,transliteration,-0.0008,0.0036,20,0
15,mlp_out,ko,tier_2,transliteration,-0.0167,0.0059,20,0
16,residual,ko,tier_2,transliteration,0.0515,0.0187,20,0
16,attn_out,ko,tier_2,transliteration,0.0053,0.0033,20,0
16,mlp_out,ko,tier_2,transliteration,0.009,0.0058,20,0
17,residual,ko,tier_2,transliteration,0.0528,0.0152,20,0
17,attn_out,ko,tier_2,transliteration,0.0066,0.0013,20,0
17,mlp_out,ko,tier_2,transliteration,0.0073,0.0046,20,0
18,residual,ko,tier_2,transliteration,0.0446,0.0145,20,0
18,attn_out,ko,tier_2,transliteration,0.0035,0.0025,20,0
18,mlp_out,ko,tier_2,transliteration,0.0092,0.0037,20,0
19,residual,ko,tier_2,transliteration,0.042,0.0151,20,0
19,attn_out,ko,tier_2,transliteration,0.0011,0.0008,20,0
19,mlp_out,ko,tier_2,transliteration,-0.0048,0.0084,20,0
20,residual,ko,tier_2,transliteration,0.0392,0.0151,20,0
20,attn_out,ko,tier_2,transliteration,0.0011,0.0015,20,0
20,mlp_out,ko,tier_2,transliteration,0.0113,0.0048,20,0
21,residual,ko,tier_2,transliteration,0.0386,0.0154,20,0
21,attn_out,ko,tier_2,transliteration,-0.0009,0.0012,20,0
21,mlp_out,ko,tier_2,transliteration,0.0087,0.004,20,0
22,residual,ko,tier_2,transliteration,0.0392,0.0135,20,0
22,attn_out,ko,tier_2,transliteration,-0.0015,0.0013,20,0
22,mlp_out,ko,tier_2,transliteration,0.0101,0.0026,20,0
23,residual,ko,tier_2,transliteration,0.0353,0.0121,20,0
23,attn_out,ko,tier_2,transliteration,0.0006,0.0005,20,0
23,mlp_out,ko,tier_2,transliteration,0.0066,0.0035,20,0
24,residual,ko,tier_2,transliteration,0.0334,0.0101,20,0
24,attn_out,ko,tier_2,transliteration,-0.0,0.0022,20,0
24,mlp_out,ko,tier_2,transliteration,0.0084,0.0011,20,0
25,residual,ko,tier_2,transliteration,0.0329,0.009,20,0
25,attn_out,ko,tier_2,transliteration,0.0058,0.0036,20,0
25,mlp_out,ko,tier_2,transliteration,0.0014,0.0042,20,0
26,residual,ko,tier_2,transliteration,0.0313,0.0065,20,0
26,attn_out,ko,tier_2,transliteration,0.0033,0.0011,20,0
26,mlp_out,ko,tier_2,transliteration,0.0061,0.0038,20,0
27,residual,ko,tier_2,transliteration,0.0222,0.0049,20,0
27,attn_out,ko,tier_2,transliteration,0.0026,0.0015,20,0
27,mlp_out,ko,tier_2,transliteration,0.0098,0.0032,20,0
28,residual,ko,tier_2,transliteration,0.0224,0.0044,20,0
28,attn_out,ko,tier_2,transliteration,0.0027,0.0012,20,0
28,mlp_out,ko,tier_2,transliteration,0.0079,0.0043,20,0
29,residual,ko,tier_2,transliteration,0.0119,0.0017,20,0
29,attn_out,ko,tier_2,transliteration,0.0047,0.0035,20,0
29,mlp_out,ko,tier_2,transliteration,0.0028,0.0012,20,0
30,residual,ko,tier_2,transliteration,0.0068,0.0026,20,0
30,attn_out,ko,tier_2,transliteration,0.0051,0.0018,20,0
30,mlp_out,ko,tier_2,transliteration,-0.0001,0.0021,20,0
31,residual,ko,tier_2,transliteration,0.0,0.0,20,0
31,attn_out,ko,tier_2,transliteration,0.0,0.0,20,0
31,mlp_out,ko,tier_2,transliteration,0.0,0.0,20,0
0,residual,ja,tier_2,transliteration,0.2236,0.1121,20,0
0,attn_out,ja,tier_2,transliteration,-0.0579,0.0302,20,0
0,mlp_out,ja,tier_2,transliteration,-0.0055,0.0386,20,0
1,residual,ja,tier_2,transliteration,0.1073,0.0454,20,0
1,attn_out,ja,tier_2,transliteration,-0.0193,0.0356,20,0
1,mlp_out,ja,tier_2,transliteration,-0.0393,0.0392,20,0
2,residual,ja,tier_2,transliteration,0.0872,0.0482,20,0
2,attn_out,ja,tier_2,transliteration,-0.0161,0.0253,20,0
2,mlp_out,ja,tier_2,transliteration,-0.032,0.0321,20,0
3,residual,ja,tier_2,transliteration,0.0815,0.0466,20,0
3,attn_out,ja,tier_2,transliteration,-0.0023,0.0361,20,0
3,mlp_out,ja,tier_2,transliteration,0.0196,0.0389,20,0
4,residual,ja,tier_2,transliteration,0.0666,0.0288,20,0
4,attn_out,ja,tier_2,transliteration,0.0153,0.031,20,0
4,mlp_out,ja,tier_2,transliteration,0.021,0.0454,20,0
5,residual,ja,tier_2,transliteration,0.0538,0.0462,20,0
5,attn_out,ja,tier_2,transliteration,-0.0191,0.0437,20,0
5,mlp_out,ja,tier_2,transliteration,-0.0238,0.0383,20,0
6,residual,ja,tier_2,transliteration,0.0623,0.0624,20,0
6,attn_out,ja,tier_2,transliteration,-0.0627,0.046,20,0
6,mlp_out,ja,tier_2,transliteration,-0.0246,0.0163,20,0
7,residual,ja,tier_2,transliteration,0.088,0.0548,20,0
7,attn_out,ja,tier_2,transliteration,-0.0096,0.014,20,0
7,mlp_out,ja,tier_2,transliteration,-0.0225,0.0235,20,0
8,residual,ja,tier_2,transliteration,0.0782,0.0548,20,0
8,attn_out,ja,tier_2,transliteration,0.0059,0.0163,20,0
8,mlp_out,ja,tier_2,transliteration,0.0007,0.0207,20,0
9,residual,ja,tier_2,transliteration,0.071,0.0544,20,0
9,attn_out,ja,tier_2,transliteration,-0.0102,0.0082,20,0
9,mlp_out,ja,tier_2,transliteration,-0.021,0.0177,20,0
10,residual,ja,tier_2,transliteration,0.0517,0.0467,20,0
10,attn_out,ja,tier_2,transliteration,-0.0097,0.0112,20,0
10,mlp_out,ja,tier_2,transliteration,0.0089,0.0141,20,0
11,residual,ja,tier_2,transliteration,0.0386,0.0482,20,0
11,attn_out,ja,tier_2,transliteration,-0.0083,0.0137,20,0
11,mlp_out,ja,tier_2,transliteration,-0.0079,0.0194,20,0
12,residual,ja,tier_2,transliteration,0.0072,0.0243,20,0
12,attn_out,ja,tier_2,transliteration,0.0135,0.0341,20,0
12,mlp_out,ja,tier_2,transliteration,-0.0268,0.0177,20,0
13,residual,ja,tier_2,transliteration,0.0353,0.0405,20,0
13,attn_out,ja,tier_2,transliteration,-0.002,0.0094,20,0
13,mlp_out,ja,tier_2,transliteration,-0.0102,0.0161,20,0
14,residual,ja,tier_2,transliteration,0.0384,0.0409,20,0
14,attn_out,ja,tier_2,transliteration,0.0076,0.0128,20,0
14,mlp_out,ja,tier_2,transliteration,-0.0175,0.0188,20,0
15,residual,ja,tier_2,transliteration,0.0324,0.0405,20,0
15,attn_out,ja,tier_2,transliteration,-0.0027,0.0041,20,0
15,mlp_out,ja,tier_2,transliteration,-0.0095,0.0116,20,0
16,residual,ja,tier_2,transliteration,0.0293,0.0323,20,0
16,attn_out,ja,tier_2,transliteration,-0.0046,0.0028,20,0
16,mlp_out,ja,tier_2,transliteration,-0.0064,0.0045,20,0
17,residual,ja,tier_2,transliteration,0.0379,0.0384,20,0
17,attn_out,ja,tier_2,transliteration,0.006,0.0062,20,0
17,mlp_out,ja,tier_2,transliteration,0.0057,0.0046,20,0
18,residual,ja,tier_2,transliteration,0.0301,0.0331,20,0
18,attn_out,ja,tier_2,transliteration,-0.0014,0.0036,20,0
18,mlp_out,ja,tier_2,transliteration,-0.0015,0.0049,20,0
19,residual,ja,tier_2,transliteration,0.029,0.0308,20,0
19,attn_out,ja,tier_2,transliteration,0.0,0.0031,20,0
19,mlp_out,ja,tier_2,transliteration,-0.0095,0.0031,20,0
20,residual,ja,tier_2,transliteration,0.0361,0.0291,20,0
20,attn_out,ja,tier_2,transliteration,0.0136,0.0056,20,0
20,mlp_out,ja,tier_2,transliteration,0.0123,0.0121,20,0
21,residual,ja,tier_2,transliteration,0.0297,0.0287,20,0
21,attn_out,ja,tier_2,transliteration,0.0011,0.0034,20,0
21,mlp_out,ja,tier_2,transliteration,0.0245,0.012,20,0
22,residual,ja,tier_2,transliteration,0.0299,0.0235,20,0
22,attn_out,ja,tier_2,transliteration,-0.0011,0.0025,20,0
22,mlp_out,ja,tier_2,transliteration,0.0063,0.0048,20,0
23,residual,ja,tier_2,transliteration,0.0288,0.0222,20,0
23,attn_out,ja,tier_2,transliteration,-0.0008,0.0012,20,0
23,mlp_out,ja,tier_2,transliteration,0.0003,0.0062,20,0
24,residual,ja,tier_2,transliteration,0.0267,0.0196,20,0
24,attn_out,ja,tier_2,transliteration,0.008,0.0051,20,0
24,mlp_out,ja,tier_2,transliteration,0.023,0.0118,20,0
25,residual,ja,tier_2,transliteration,0.0293,0.0196,20,0
25,attn_out,ja,tier_2,transliteration,0.0036,0.0023,20,0
25,mlp_out,ja,tier_2,transliteration,-0.0035,0.0039,20,0
26,residual,ja,tier_2,transliteration,0.0293,0.0175,20,0
26,attn_out,ja,tier_2,transliteration,0.0055,0.0015,20,0
26,mlp_out,ja,tier_2,transliteration,-0.0021,0.0076,20,0
27,residual,ja,tier_2,transliteration,0.0297,0.0175,20,0
27,attn_out,ja,tier_2,transliteration,0.0058,0.0031,20,0
27,mlp_out,ja,tier_2,transliteration,0.015,0.0076,20,0
28,residual,ja,tier_2,transliteration,0.0266,0.0156,20,0
28,attn_out,ja,tier_2,transliteration,-0.0002,0.0037,20,0
28,mlp_out,ja,tier_2,transliteration,0.0194,0.0083,20,0
29,residual,ja,tier_2,transliteration,0.0133,0.007,20,0
29,attn_out,ja,tier_2,transliteration,-0.0037,0.0023,20,0
29,mlp_out,ja,tier_2,transliteration,0.0001,0.003,20,0
30,residual,ja,tier_2,transliteration,0.0061,0.0038,20,0
30,attn_out,ja,tier_2,transliteration,0.0039,0.0029,20,0
30,mlp_out,ja,tier_2,transliteration,-0.0007,0.0008,20,0
31,residual,ja,tier_2,transliteration,0.0,0.0,20,0
31,attn_out,ja,tier_2,transliteration,0.0,0.0,20,0
31,mlp_out,ja,tier_2,transliteration,0.0,0.0,20,0
0,residual,tr,tier_3,transliteration,-0.5319,0.2511,20,0
0,attn_out,tr,tier_3,transliteration,-0.0937,0.0562,20,0
0,mlp_out,tr,tier_3,transliteration,-0.259,0.1748,20,0
1,residual,tr,tier_3,transliteration,-0.4483,0.2399,20,0
1,attn_out,tr,tier_3,transliteration,0.0043,0.0334,20,0
1,mlp_out,tr,tier_3,transliteration,-0.1405,0.1231,20,0
2,residual,tr,tier_3,transliteration,-0.4439,0.2222,20,0
2,attn_out,tr,tier_3,transliteration,-0.0257,0.0411,20,0
2,mlp_out,tr,tier_3,transliteration,-0.2219,0.1932,20,0
3,residual,tr,tier_3,transliteration,-0.367,0.2116,20,0
3,attn_out,tr,tier_3,transliteration,-0.0426,0.2401,20,0
3,mlp_out,tr,tier_3,transliteration,-0.1445,0.1485,20,0
4,residual,tr,tier_3,transliteration,-0.2777,0.1578,20,0
4,attn_out,tr,tier_3,transliteration,-0.0184,0.0458,20,0
4,mlp_out,tr,tier_3,transliteration,-0.1151,0.1223,20,0
5,residual,tr,tier_3,transliteration,-0.2745,0.1558,20,0
5,attn_out,tr,tier_3,transliteration,-0.0193,0.0554,20,0
5,mlp_out,tr,tier_3,transliteration,-0.1168,0.0679,20,0
6,residual,tr,tier_3,transliteration,-0.2769,0.137,20,0
6,attn_out,tr,tier_3,transliteration,-0.0501,0.0541,20,0
6,mlp_out,tr,tier_3,transliteration,-0.0864,0.0788,20,0
7,residual,tr,tier_3,transliteration,-0.2535,0.1211,20,0
7,attn_out,tr,tier_3,transliteration,-0.0161,0.038,20,0
7,mlp_out,tr,tier_3,transliteration,-0.0219,0.0695,20,0
8,residual,tr,tier_3,transliteration,-0.2574,0.1249,20,0
8,attn_out,tr,tier_3,transliteration,-0.028,0.039,20,0
8,mlp_out,tr,tier_3,transliteration,-0.0284,0.04,20,0
9,residual,tr,tier_3,transliteration,-0.29,0.1273,20,0
9,attn_out,tr,tier_3,transliteration,-0.0306,0.0289,20,0
9,mlp_out,tr,tier_3,transliteration,-0.0488,0.07,20,0
10,residual,tr,tier_3,transliteration,-0.3006,0.1357,20,0
10,attn_out,tr,tier_3,transliteration,-0.0317,0.0407,20,0
10,mlp_out,tr,tier_3,transliteration,-0.0222,0.0762,20,0
11,residual,tr,tier_3,transliteration,-0.2892,0.1332,20,0
11,attn_out,tr,tier_3,transliteration,-0.0589,0.0247,20,0
11,mlp_out,tr,tier_3,transliteration,-0.0326,0.0649,20,0
12,residual,tr,tier_3,transliteration,-0.3127,0.1241,20,0
12,attn_out,tr,tier_3,transliteration,-0.0233,0.0207,20,0
12,mlp_out,tr,tier_3,transliteration,-0.0799,0.0618,20,0
13,residual,tr,tier_3,transliteration,-0.2441,0.0777,20,0
13,attn_out,tr,tier_3,transliteration,-0.0166,0.0151,20,0
13,mlp_out,tr,tier_3,transliteration,-0.0275,0.0196,20,0
14,residual,tr,tier_3,transliteration,-0.2322,0.0674,20,0
14,attn_out,tr,tier_3,transliteration,-0.0422,0.0153,20,0
14,mlp_out,tr,tier_3,transliteration,-0.0303,0.033,20,0
15,residual,tr,tier_3,transliteration,-0.2013,0.0567,20,0
15,attn_out,tr,tier_3,transliteration,-0.007,0.013,20,0
15,mlp_out,tr,tier_3,transliteration,-0.0134,0.022,20,0
16,residual,tr,tier_3,transliteration,-0.2153,0.0637,20,0
16,attn_out,tr,tier_3,transliteration,-0.0387,0.0133,20,0
16,mlp_out,tr,tier_3,transliteration,-0.0138,0.0383,20,0
17,residual,tr,tier_3,transliteration,-0.1837,0.0696,20,0
17,attn_out,tr,tier_3,transliteration,-0.0236,0.0092,20,0
17,mlp_out,tr,tier_3,transliteration,-0.0229,0.0104,20,0
18,residual,tr,tier_3,transliteration,-0.1456,0.074,20,0
18,attn_out,tr,tier_3,transliteration,-0.0106,0.0058,20,0
18,mlp_out,tr,tier_3,transliteration,-0.0142,0.0136,20,0
19,residual,tr,tier_3,transliteration,-0.1327,0.071,20,0
19,attn_out,tr,tier_3,transliteration,-0.0052,0.0083,20,0
19,mlp_out,tr,tier_3,transliteration,0.0021,0.0184,20,0
20,residual,tr,tier_3,transliteration,-0.142,0.063,20,0
20,attn_out,tr,tier_3,transliteration,0.0019,0.0045,20,0
20,mlp_out,tr,tier_3,transliteration,-0.0491,0.0217,20,0
21,residual,tr,tier_3,transliteration,-0.1246,0.0544,20,0
21,attn_out,tr,tier_3,transliteration,0.0068,0.0059,20,0
21,mlp_out,tr,tier_3,transliteration,-0.0141,0.0239,20,0
22,residual,tr,tier_3,transliteration,-0.1304,0.0505,20,0
22,attn_out,tr,tier_3,transliteration,0.0038,0.0035,20,0
22,mlp_out,tr,tier_3,transliteration,-0.0252,0.0209,20,0
23,residual,tr,tier_3,transliteration,-0.1175,0.0352,20,0
23,attn_out,tr,tier_3,transliteration,0.0019,0.0037,20,0
23,mlp_out,tr,tier_3,transliteration,-0.02,0.0105,20,0
24,residual,tr,tier_3,transliteration,-0.1132,0.0328,20,0
24,attn_out,tr,tier_3,transliteration,-0.0218,0.0103,20,0
24,mlp_out,tr,tier_3,transliteration,-0.0054,0.0074,20,0
25,residual,tr,tier_3,transliteration,-0.1082,0.0326,20,0
25,attn_out,tr,tier_3,transliteration,-0.0074,0.0073,20,0
25,mlp_out,tr,tier_3,transliteration,0.003,0.0113,20,0
26,residual,tr,tier_3,transliteration,-0.0758,0.0268,20,0
26,attn_out,tr,tier_3,transliteration,-0.0253,0.0106,20,0
26,mlp_out,tr,tier_3,transliteration,-0.0212,0.0136,20,0
27,residual,tr,tier_3,transliteration,-0.073,0.0259,20,0
27,attn_out,tr,tier_3,transliteration,-0.0041,0.0073,20,0
27,mlp_out,tr,tier_3,transliteration,-0.0285,0.0085,20,0
28,residual,tr,tier_3,transliteration,-0.0517,0.0182,20,0
28,attn_out,tr,tier_3,transliteration,-0.0053,0.0055,20,0
28,mlp_out,tr,tier_3,transliteration,0.0187,0.0094,20,0
29,residual,tr,tier_3,transliteration,-0.0338,0.0082,20,0
29,attn_out,tr,tier_3,transliteration,0.004,0.0045,20,0
29,mlp_out,tr,tier_3,transliteration,-0.0536,0.0142,20,0
30,residual,tr,tier_3,transliteration,-0.0111,0.0044,20,0
30,attn_out,tr,tier_3,transliteration,-0.0085,0.0018,20,0
30,mlp_out,tr,tier_3,transliteration,-0.0047,0.0091,20,0
31,residual,tr,tier_3,transliteration,0.0,0.0,20,0
31,attn_out,tr,tier_3,transliteration,0.0,0.0,20,0
31,mlp_out,tr,tier_3,transliteration,0.0,0.0,20,0
0,residual,id,tier_3,transliteration,0.5568,1.4139,20,0
0,attn_out,id,tier_3,transliteration,0.1432,0.2394,20,0
0,mlp_out,id,tier_3,transliteration,0.558,0.8678,20,0
1,residual,id,tier_3,transliteration,0.7246,1.3727,20,0
1,attn_out,id,tier_3,transliteration,0.3576,0.5843,20,0
1,mlp_out,id,tier_3,transliteration,0.4324,1.0254,20,0
2,residual,id,tier_3,transliteration,0.7592,1.3647,20,0
2,attn_out,id,tier_3,transliteration,-0.0728,0.1392,20,0
2,mlp_out,id,tier_3,transliteration,0.2684,0.5452,20,0
3,residual,id,tier_3,transliteration,0.6465,1.4086,20,0
3,attn_out,id,tier_3,transliteration,-0.0152,0.5805,20,0
3,mlp_out,id,tier_3,transliteration,0.2672,0.3021,20,0
4,residual,id,tier_3,transliteration,0.5914,1.2779,20,0
4,attn_out,id,tier_3,transliteration,0.0017,0.2007,20,0
4,mlp_out,id,tier_3,transliteration,0.3374,0.6094,20,0
5,residual,id,tier_3,transliteration,0.653,1.2415,20,0
5,attn_out,id,tier_3,transliteration,0.0859,0.2311,20,0
5,mlp_out,id,tier_3,transliteration,0.3717,0.7523,20,0
6,residual,id,tier_3,transliteration,0.6664,1.2568,20,0
6,attn_out,id,tier_3,transliteration,0.0714,0.1583,20,0
6,mlp_out,id,tier_3,transliteration,0.2967,0.332,20,0
7,residual,id,tier_3,transliteration,0.6626,1.2117,20,0
7,attn_out,id,tier_3,transliteration,0.201,0.3239,20,0
7,mlp_out,id,tier_3,transliteration,0.1885,0.4546,20,0
8,residual,id,tier_3,transliteration,0.5769,1.127,20,0
8,attn_out,id,tier_3,transliteration,0.1355,0.3843,20,0
8,mlp_out,id,tier_3,transliteration,-0.0037,0.0775,20,0
9,residual,id,tier_3,transliteration,0.5657,1.1079,20,0
9,attn_out,id,tier_3,transliteration,-0.0128,0.1512,20,0
9,mlp_out,id,tier_3,transliteration,0.0141,0.2078,20,0
10,residual,id,tier_3,transliteration,0.617,1.2091,20,0
10,attn_out,id,tier_3,transliteration,0.0385,0.0659,20,0
10,mlp_out,id,tier_3,transliteration,-0.0079,0.1311,20,0
11,residual,id,tier_3,transliteration,0.5795,1.2046,20,0
11,attn_out,id,tier_3,transliteration,0.0052,0.0947,20,0
11,mlp_out,id,tier_3,transliteration,0.0557,0.1803,20,0
12,residual,id,tier_3,transliteration,0.5755,1.1402,20,0
12,attn_out,id,tier_3,transliteration,0.0642,0.0808,20,0
12,mlp_out,id,tier_3,transliteration,0.1184,0.2199,20,0
13,residual,id,tier_3,transliteration,0.5053,1.0304,20,0
13,attn_out,id,tier_3,transliteration,-0.0177,0.0763,20,0
13,mlp_out,id,tier_3,transliteration,0.1308,0.2767,20,0
14,residual,id,tier_3,transliteration,0.4021,0.8145,20,0
14,attn_out,id,tier_3,transliteration,0.0477,0.0979,20,0
14,mlp_out,id,tier_3,transliteration,-0.0887,0.1469,20,0
15,residual,id,tier_3,transliteration,0.3382,0.6369,20,0
15,attn_out,id,tier_3,transliteration,0.0047,0.0304,20,0
15,mlp_out,id,tier_3,transliteration,0.0245,0.1138,20,0
16,residual,id,tier_3,transliteration,0.2946,0.5454,20,0
16,attn_out,id,tier_3,transliteration,0.0486,0.0902,20,0
16,mlp_out,id,tier_3,transliteration,-0.0447,0.0745,20,0
17,residual,id,tier_3,transliteration,0.193,0.4032,20,0
17,attn_out,id,tier_3,transliteration,0.0393,0.06,20,0
17,mlp_out,id,tier_3,transliteration,-0.0314,0.0575,20,0
18,residual,id,tier_3,transliteration,0.1454,0.3052,20,0
18,attn_out,id,tier_3,transliteration,0.0025,0.0296,20,0
18,mlp_out,id,tier_3,transliteration,0.0214,0.0501,20,0
19,residual,id,tier_3,transliteration,0.1303,0.2729,20,0
19,attn_out,id,tier_3,transliteration,0.007,0.017,20,0
19,mlp_out,id,tier_3,transliteration,-0.0171,0.0164,20,0
20,residual,id,tier_3,transliteration,0.1255,0.2629,20,0
20,attn_out,id,tier_3,transliteration,-0.0104,0.0168,20,0
20,mlp_out,id,tier_3,transliteration,0.047,0.0717,20,0
21,residual,id,tier_3,transliteration,0.114,0.248,20,0
21,attn_out,id,tier_3,transliteration,0.0044,0.021,20,0
21,mlp_out,id,tier_3,transliteration,0.0061,0.0038,20,0
22,residual,id,tier_3,transliteration,0.1276,0.2739,20,0
22,attn_out,id,tier_3,transliteration,-0.0051,0.0072,20,0
22,mlp_out,id,tier_3,transliteration,0.004,0.0563,20,0
23,residual,id,tier_3,transliteration,0.131,0.265,20,0
23,attn_out,id,tier_3,transliteration,-0.003,0.011,20,0
23,mlp_out,id,tier_3,transliteration,0.0017,0.0473,20,0
24,residual,id,tier_3,transliteration,0.0811,0.2118,20,0
24,attn_out,id,tier_3,transliteration,0.0171,0.0443,20,0
24,mlp_out,id,tier_3,transliteration,-0.0031,0.0409,20,0
25,residual,id,tier_3,transliteration,0.0843,0.218,20,0
25,attn_out,id,tier_3,transliteration,0.009,0.0157,20,0
25,mlp_out,id,tier_3,transliteration,-0.0103,0.0263,20,0
26,residual,id,tier_3,transliteration,0.0624,0.1548,20,0
26,attn_out,id,tier_3,transliteration,0.0091,0.0499,20,0
26,mlp_out,id,tier_3,transliteration,0.028,0.0416,20,0
27,residual,id,tier_3,transliteration,0.0588,0.1414,20,0
27,attn_out,id,tier_3,transliteration,0.0135,0.0359,20,0
27,mlp_out,id,tier_3,transliteration,0.0113,0.0386,20,0
28,residual,id,tier_3,transliteration,0.0378,0.0998,20,0
28,attn_out,id,tier_3,transliteration,0.0068,0.0253,20,0
28,mlp_out,id,tier_3,transliteration,0.0086,0.0346,20,0
29,residual,id,tier_3,transliteration,0.0386,0.1027,20,0
29,attn_out,id,tier_3,transliteration,-0.0073,0.0118,20,0
29,mlp_out,id,tier_3,transliteration,0.016,0.0928,20,0
30,residual,id,tier_3,transliteration,0.0045,0.0226,20,0
30,attn_out,id,tier_3,transliteration,0.0051,0.0185,20,0
30,mlp_out,id,tier_3,transliteration,-0.0079,0.0157,20,0
31,residual,id,tier_3,transliteration,0.0,0.0,20,0
31,attn_out,id,tier_3,transliteration,0.0,0.0,20,0
31,mlp_out,id,tier_3,transliteration,0.0,0.0,20,0
0,residual,hi,tier_3,transliteration,0.0837,0.0803,20,0
0,attn_out,hi,tier_3,transliteration,0.0091,0.0175,20,0
0,mlp_out,hi,tier_3,transliteration,0.0082,0.0383,20,0
1,residual,hi,tier_3,transliteration,0.0623,0.0578,20,0
1,attn_out,hi,tier_3,transliteration,-0.016,0.028,20,0
1,mlp_out,hi,tier_3,transliteration,0.0156,0.0367,20,0
2,residual,hi,tier_3,transliteration,0.0625,0.0562,20,0
2,attn_out,hi,tier_3,transliteration,-0.0141,0.0142,20,0
2,mlp_out,hi,tier_3,transliteration,0.0006,0.0416,20,0
3,residual,hi,tier_3,transliteration,0.042,0.0467,20,0
3,attn_out,hi,tier_3,transliteration,0.048,0.0349,20,0
3,mlp_out,hi,tier_3,transliteration,0.0162,0.0269,20,0
4,residual,hi,tier_3,transliteration,0.0461,0.0372,20,0
4,attn_out,hi,tier_3,transliteration,0.0193,0.0132,20,0
4,mlp_out,hi,tier_3,transliteration,0.0229,0.0189,20,0
5,residual,hi,tier_3,transliteration,0.0405,0.0351,20,0
5,attn_out,hi,tier_3,transliteration,0.0003,0.0176,20,0
5,mlp_out,hi,tier_3,transliteration,0.0206,0.0115,20,0
6,residual,hi,tier_3,transliteration,0.0386,0.034,20,0
6,attn_out,hi,tier_3,transliteration,0.0084,0.0236,20,0
6,mlp_out,hi,tier_3,transliteration,0.0101,0.0153,20,0
7,residual,hi,tier_3,transliteration,0.0284,0.0348,20,0
7,attn_out,hi,tier_3,transliteration,-0.0048,0.0103,20,0
7,mlp_out,hi,tier_3,transliteration,0.007,0.0157,20,0
8,residual,hi,tier_3,transliteration,0.0154,0.0364,20,0
8,attn_out,hi,tier_3,transliteration,-0.0109,0.0104,20,0
8,mlp_out,hi,tier_3,transliteration,0.0058,0.0087,20,0
9,residual,hi,tier_3,transliteration,0.0192,0.0308,20,0
9,attn_out,hi,tier_3,transliteration,0.0107,0.0091,20,0
9,mlp_out,hi,tier_3,transliteration,0.0061,0.0092,20,0
10,residual,hi,tier_3,transliteration,0.0185,0.0279,20,0
10,attn_out,hi,tier_3,transliteration,-0.0006,0.0101,20,0
10,mlp_out,hi,tier_3,transliteration,0.007,0.019,20,0
11,residual,hi,tier_3,transliteration,0.0135,0.0335,20,0
11,attn_out,hi,tier_3,transliteration,0.0041,0.0086,20,0
11,mlp_out,hi,tier_3,transliteration,0.0072,0.012,20,0
12,residual,hi,tier_3,transliteration,0.0228,0.0251,20,0
12,attn_out,hi,tier_3,transliteration,-0.0009,0.0094,20,0
12,mlp_out,hi,tier_3,transliteration,-0.0022,0.011,20,0
13,residual,hi,tier_3,transliteration,0.0319,0.0187,20,0
13,attn_out,hi,tier_3,transliteration,0.0009,0.0028,20,0
13,mlp_out,hi,tier_3,transliteration,-0.013,0.0111,20,0
14,residual,hi,tier_3,transliteration,0.0269,0.0209,20,0
14,attn_out,hi,tier_3,transliteration,0.0047,0.0015,20,0
14,mlp_out,hi,tier_3,transliteration,0.0065,0.0102,20,0
15,residual,hi,tier_3,transliteration,0.0287,0.0187,20,0
15,attn_out,hi,tier_3,transliteration,-0.0025,0.006,20,0
15,mlp_out,hi,tier_3,transliteration,-0.0205,0.0177,20,0
16,residual,hi,tier_3,transliteration,0.0236,0.0253,20,0
16,attn_out,hi,tier_3,transliteration,0.0066,0.0098,20,0
16,mlp_out,hi,tier_3,transliteration,-0.0002,0.0062,20,0
17,residual,hi,tier_3,transliteration,0.0205,0.0209,20,0
17,attn_out,hi,tier_3,transliteration,0.0033,0.0046,20,0
17,mlp_out,hi,tier_3,transliteration,0.0034,0.0039,20,0
18,residual,hi,tier_3,transliteration,0.0174,0.0183,20,0
18,attn_out,hi,tier_3,transliteration,-0.0015,0.003,20,0
18,mlp_out,hi,tier_3,transliteration,-0.0042,0.0101,20,0
19,residual,hi,tier_3,transliteration,0.0194,0.018,20,0
19,attn_out,hi,tier_3,transliteration,0.001,0.0031,20,0
19,mlp_out,hi,tier_3,transliteration,-0.0036,0.004,20,0
20,residual,hi,tier_3,transliteration,0.0189,0.0162,20,0
20,attn_out,hi,tier_3,transliteration,-0.0002,0.0021,20,0
20,mlp_out,hi,tier_3,transliteration,0.0051,0.0036,20,0
21,residual,hi,tier_3,transliteration,0.0158,0.0161,20,0
21,attn_out,hi,tier_3,transliteration,-0.0039,0.005,20,0
21,mlp_out,hi,tier_3,transliteration,0.0005,0.0026,20,0
22,residual,hi,tier_3,transliteration,0.0164,0.0173,20,0
22,attn_out,hi,tier_3,transliteration,-0.0006,0.0021,20,0
22,mlp_out,hi,tier_3,transliteration,0.0008,0.0019,20,0
23,residual,hi,tier_3,transliteration,0.0187,0.0151,20,0
23,attn_out,hi,tier_3,transliteration,0.0008,0.0032,20,0
23,mlp_out,hi,tier_3,transliteration,0.005,0.0026,20,0
24,residual,hi,tier_3,transliteration,0.0146,0.0123,20,0
24,attn_out,hi,tier_3,transliteration,0.0024,0.0028,20,0
24,mlp_out,hi,tier_3,transliteration,0.0033,0.007,20,0
25,residual,hi,tier_3,transliteration,0.0144,0.0108,20,0
25,attn_out,hi,tier_3,transliteration,-0.002,0.0027,20,0
25,mlp_out,hi,tier_3,transliteration,-0.0006,0.0021,20,0
26,residual,hi,tier_3,transliteration,0.0101,0.0104,20,0
26,attn_out,hi,tier_3,transliteration,0.0032,0.0042,20,0
26,mlp_out,hi,tier_3,transliteration,-0.0006,0.0031,20,0
27,residual,hi,tier_3,transliteration,0.0073,0.0119,20,0
27,attn_out,hi,tier_3,transliteration,0.0036,0.0021,20,0
27,mlp_out,hi,tier_3,transliteration,0.0056,0.0034,20,0
28,residual,hi,tier_3,transliteration,0.0055,0.0082,20,0
28,attn_out,hi,tier_3,transliteration,0.0017,0.0025,20,0
28,mlp_out,hi,tier_3,transliteration,0.0068,0.0074,20,0
29,residual,hi,tier_3,transliteration,0.009,0.0051,20,0
29,attn_out,hi,tier_3,transliteration,0.0011,0.0005,20,0
29,mlp_out,hi,tier_3,transliteration,0.006,0.0032,20,0
30,residual,hi,tier_3,transliteration,0.0039,0.0015,20,0
30,attn_out,hi,tier_3,transliteration,0.0025,0.0007,20,0
30,mlp_out,hi,tier_3,transliteration,-0.0007,0.0026,20,0
31,residual,hi,tier_3,transliteration,0.0,0.0,20,0
31,attn_out,hi,tier_3,transliteration,0.0,0.0,20,0
31,mlp_out,hi,tier_3,transliteration,0.0,0.0,20,0
0,residual,sw,tier_3,transliteration,-0.0864,0.1125,20,0
0,attn_out,sw,tier_3,transliteration,-0.0464,0.0185,20,0
0,mlp_out,sw,tier_3,transliteration,-0.0735,0.0857,20,0
1,residual,sw,tier_3,transliteration,-0.0678,0.062,20,0
1,attn_out,sw,tier_3,transliteration,0.0105,0.0153,20,0
1,mlp_out,sw,tier_3,transliteration,-0.0373,0.0366,20,0
2,residual,sw,tier_3,transliteration,-0.0732,0.0662,20,0
2,attn_out,sw,tier_3,transliteration,-0.0216,0.0227,20,0
2,mlp_out,sw,tier_3,transliteration,-0.0305,0.0355,20,0
3,residual,sw,tier_3,transliteration,-0.0581,0.0528,20,0
3,attn_out,sw,tier_3,transliteration,-0.0288,0.0287,20,0
3,mlp_out,sw,tier_3,transliteration,-0.0584,0.0573,20,0
4,residual,sw,tier_3,transliteration,-0.0473,0.0437,20,0
4,attn_out,sw,tier_3,transliteration,-0.028,0.0258,20,0
4,mlp_out,sw,tier_3,transliteration,-0.0007,0.0138,20,0
5,residual,sw,tier_3,transliteration,-0.0465,0.0398,20,0
5,attn_out,sw,tier_3,transliteration,-0.0053,0.0103,20,0
5,mlp_out,sw,tier_3,transliteration,0.0015,0.0346,20,0
6,residual,sw,tier_3,transliteration,-0.0479,0.0402,20,0
6,attn_out,sw,tier_3,transliteration,0.0056,0.0184,20,0
6,mlp_out,sw,tier_3,transliteration,-0.0041,0.02,20,0
7,residual,sw,tier_3,transliteration,-0.0557,0.0455,20,0
7,attn_out,sw,tier_3,transliteration,-0.002,0.0167,20,0
7,mlp_out,sw,tier_3,transliteration,-0.0207,0.0134,20,0
8,residual,sw,tier_3,transliteration,-0.0557,0.0482,20,0
8,attn_out,sw,tier_3,transliteration,-0.0077,0.0041,20,0
8,mlp_out,sw,tier_3,transliteration,-0.0052,0.0207,20,0
9,residual,sw,tier_3,transliteration,-0.055,0.0412,20,0
9,attn_out,sw,tier_3,transliteration,-0.003,0.0046,20,0
9,mlp_out,sw,tier_3,transliteration,-0.0008,0.013,20,0
10,residual,sw,tier_3,transliteration,-0.0531,0.0327,20,0
10,attn_out,sw,tier_3,transliteration,-0.0071,0.0064,20,0
10,mlp_out,sw,tier_3,transliteration,-0.0212,0.0231,20,0
11,residual,sw,tier_3,transliteration,-0.0518,0.0352,20,0
11,attn_out,sw,tier_3,transliteration,0.0074,0.0043,20,0
11,mlp_out,sw,tier_3,transliteration,-0.0125,0.0162,20,0
12,residual,sw,tier_3,transliteration,-0.0496,0.0263,20,0
12,attn_out,sw,tier_3,transliteration,-0.005,0.0075,20,0
12,mlp_out,sw,tier_3,transliteration,-0.0189,0.0151,20,0
13,residual,sw,tier_3,transliteration,-0.0508,0.0258,20,0
13,attn_out,sw,tier_3,transliteration,-0.0049,0.0026,20,0
13,mlp_out,sw,tier_3,transliteration,0.0017,0.0149,20,0
14,residual,sw,tier_3,transliteration,-0.0465,0.0228,20,0
14,attn_out,sw,tier_3,transliteration,-0.0027,0.0036,20,0
14,mlp_out,sw,tier_3,transliteration,-0.0045,0.0039,20,0
15,residual,sw,tier_3,transliteration,-0.0291,0.0194,20,0
15,attn_out,sw,tier_3,transliteration,-0.0089,0.0048,20,0
15,mlp_out,sw,tier_3,transliteration,-0.0097,0.0073,20,0
16,residual,sw,tier_3,transliteration,-0.0286,0.0158,20,0
16,attn_out,sw,tier_3,transliteration,-0.0094,0.0064,20,0
16,mlp_out,sw,tier_3,transliteration,-0.002,0.0077,20,0
17,residual,sw,tier_3,transliteration,-0.0159,0.0123,20,0
17,attn_out,sw,tier_3,transliteration,-0.0067,0.0034,20,0
17,mlp_out,sw,tier_3,transliteration,-0.0085,0.0082,20,0
18,residual,sw,tier_3,transliteration,-0.0096,0.0128,20,0
18,attn_out,sw,tier_3,transliteration,0.0052,0.0044,20,0
18,mlp_out,sw,tier_3,transliteration,-0.001,0.0025,20,0
19,residual,sw,tier_3,transliteration,-0.0087,0.0145,20,0
19,attn_out,sw,tier_3,transliteration,-0.0033,0.0025,20,0
19,mlp_out,sw,tier_3,transliteration,-0.0059,0.0068,20,0
20,residual,sw,tier_3,transliteration,-0.0093,0.0152,20,0
20,attn_out,sw,tier_3,transliteration,-0.0015,0.0014,20,0
20,mlp_out,sw,tier_3,transliteration,-0.0058,0.0065,20,0
21,residual,sw,tier_3,transliteration,-0.005,0.0128,20,0
21,attn_out,sw,tier_3,transliteration,-0.0005,0.0021,20,0
21,mlp_out,sw,tier_3,transliteration,0.0014,0.0039,20,0
22,residual,sw,tier_3,transliteration,-0.0065,0.0137,20,0
22,attn_out,sw,tier_3,transliteration,-0.0015,0.0007,20,0
22,mlp_out,sw,tier_3,transliteration,0.0013,0.012,20,0
23,residual,sw,tier_3,transliteration,-0.0064,0.0146,20,0
23,attn_out,sw,tier_3,transliteration,0.0013,0.0017,20,0
23,mlp_out,sw,tier_3,transliteration,0.0063,0.0074,20,0
24,residual,sw,tier_3,transliteration,-0.0024,0.0105,20,0
24,attn_out,sw,tier_3,transliteration,-0.0024,0.0027,20,0
24,mlp_out,sw,tier_3,transliteration,0.0013,0.0051,20,0
25,residual,sw,tier_3,transliteration,-0.0014,0.0082,20,0
25,attn_out,sw,tier_3,transliteration,-0.0004,0.0015,20,0
25,mlp_out,sw,tier_3,transliteration,-0.0029,0.0035,20,0
26,residual,sw,tier_3,transliteration,0.0009,0.0042,20,0
26,attn_out,sw,tier_3,transliteration,-0.0026,0.0023,20,0
26,mlp_out,sw,tier_3,transliteration,-0.0026,0.0054,20,0
27,residual,sw,tier_3,transliteration,0.0021,0.0033,20,0
27,attn_out,sw,tier_3,transliteration,-0.0006,0.0022,20,0
27,mlp_out,sw,tier_3,transliteration,0.0014,0.0085,20,0
28,residual,sw,tier_3,transliteration,0.0044,0.0036,20,0
28,attn_out,sw,tier_3,transliteration,0.0018,0.0022,20,0
28,mlp_out,sw,tier_3,transliteration,0.0017,0.0041,20,0
29,residual,sw,tier_3,transliteration,0.0071,0.0032,20,0
29,attn_out,sw,tier_3,transliteration,0.0018,0.0034,20,0
29,mlp_out,sw,tier_3,transliteration,-0.0135,0.0087,20,0
30,residual,sw,tier_3,transliteration,0.0057,0.003,20,0
30,attn_out,sw,tier_3,transliteration,-0.0002,0.0003,20,0
30,mlp_out,sw,tier_3,transliteration,0.0024,0.0008,20,0
31,residual,sw,tier_3,transliteration,0.0,0.0,20,0
31,attn_out,sw,tier_3,transliteration,0.0,0.0,20,0
31,mlp_out,sw,tier_3,transliteration,0.0,0.0,20,0
0,residual,yo,tier_4,transliteration,-0.0279,0.0793,20,0
0,attn_out,yo,tier_4,transliteration,-0.008,0.0352,20,0
0,mlp_out,yo,tier_4,transliteration,-0.1271,0.1645,20,0
1,residual,yo,tier_4,transliteration,-0.0506,0.1095,20,0
1,attn_out,yo,tier_4,transliteration,-0.0226,0.0938,20,0
1,mlp_out,yo,tier_4,transliteration,-0.0288,0.0686,20,0
2,residual,yo,tier_4,transliteration,-0.0318,0.0895,20,0
2,attn_out,yo,tier_4,transliteration,-0.0024,0.0368,20,0
2,mlp_out,yo,tier_4,transliteration,-0.0838,0.1833,20,0
3,residual,yo,tier_4,transliteration,0.0101,0.0192,20,0
3,attn_out,yo,tier_4,transliteration,-0.2771,0.5878,20,0
3,mlp_out,yo,tier_4,transliteration,0.0,0.0854,20,0
4,residual,yo,tier_4,transliteration,0.1506,0.273,20,0
4,attn_out,yo,tier_4,transliteration,-0.0083,0.0351,20,0
4,mlp_out,yo,tier_4,transliteration,-0.0158,0.0566,20,0
5,residual,yo,tier_4,transliteration,0.174,0.3091,20,0
5,attn_out,yo,tier_4,transliteration,-0.0207,0.0406,20,0
5,mlp_out,yo,tier_4,transliteration,-0.0231,0.0356,20,0
6,residual,yo,tier_4,transliteration,0.1601,0.3714,20,0
6,attn_out,yo,tier_4,transliteration,0.0177,0.0617,20,0
6,mlp_out,yo,tier_4,transliteration,0.0311,0.0742,20,0
7,residual,yo,tier_4,transliteration,0.0734,0.2979,20,0
7,attn_out,yo,tier_4,transliteration,0.0234,0.0317,20,0
7,mlp_out,yo,tier_4,transliteration,-0.0162,0.0331,20,0
8,residual,yo,tier_4,transliteration,0.074,0.3193,20,0
8,attn_out,yo,tier_4,transliteration,-0.0424,0.0671,20,0
8,mlp_out,yo,tier_4,transliteration,-0.0041,0.045,20,0
9,residual,yo,tier_4,transliteration,0.0501,0.2509,20,0
9,attn_out,yo,tier_4,transliteration,-0.0351,0.0556,20,0
9,mlp_out,yo,tier_4,transliteration,-0.0106,0.0226,20,0
10,residual,yo,tier_4,transliteration,0.0385,0.2132,20,0
10,attn_out,yo,tier_4,transliteration,0.0524,0.0949,20,0
10,mlp_out,yo,tier_4,transliteration,0.0099,0.1005,20,0
11,residual,yo,tier_4,transliteration,0.0066,0.1291,20,0
11,attn_out,yo,tier_4,transliteration,0.0377,0.0801,20,0
11,mlp_out,yo,tier_4,transliteration,-0.0196,0.0239,20,0
12,residual,yo,tier_4,transliteration,-0.0577,0.0646,20,0
12,attn_out,yo,tier_4,transliteration,-0.013,0.0109,20,0
12,mlp_out,yo,tier_4,transliteration,0.0183,0.0552,20,0
13,residual,yo,tier_4,transliteration,-0.0831,0.0851,20,0
13,attn_out,yo,tier_4,transliteration,-0.0197,0.0209,20,0
13,mlp_out,yo,tier_4,transliteration,0.0114,0.0153,20,0
14,residual,yo,tier_4,transliteration,-0.0938,0.1033,20,0
14,attn_out,yo,tier_4,transliteration,0.0363,0.078,20,0
14,mlp_out,yo,tier_4,transliteration,-0.0068,0.0146,20,0
15,residual,yo,tier_4,transliteration,-0.0096,0.0557,20,0
15,attn_out,yo,tier_4,transliteration,-0.0076,0.0127,20,0
15,mlp_out,yo,tier_4,transliteration,-0.0091,0.0201,20,0
16,residual,yo,tier_4,transliteration,-0.0199,0.0432,20,0
16,attn_out,yo,tier_4,transliteration,-0.0097,0.0209,20,0
16,mlp_out,yo,tier_4,transliteration,0.0085,0.0092,20,0
17,residual,yo,tier_4,transliteration,0.0024,0.0471,20,0
17,attn_out,yo,tier_4,transliteration,-0.0015,0.0039,20,0
17,mlp_out,yo,tier_4,transliteration,-0.008,0.017,20,0
18,residual,yo,tier_4,transliteration,0.0226,0.0831,20,0
18,attn_out,yo,tier_4,transliteration,-0.0007,0.0017,20,0
18,mlp_out,yo,tier_4,transliteration,0.0117,0.0212,20,0
19,residual,yo,tier_4,transliteration,0.029,0.083,20,0
19,attn_out,yo,tier_4,transliteration,-0.0147,0.0291,20,0
19,mlp_out,yo,tier_4,transliteration,0.0165,0.0229,20,0
20,residual,yo,tier_4,transliteration,0.033,0.0931,20,0
20,attn_out,yo,tier_4,transliteration,0.0003,0.0018,20,0
20,mlp_out,yo,tier_4,transliteration,0.0333,0.0755,20,0
21,residual,yo,tier_4,transliteration,0.0306,0.0852,20,0
21,attn_out,yo,tier_4,transliteration,0.0038,0.0033,20,0
21,mlp_out,yo,tier_4,transliteration,0.0128,0.0308,20,0
22,residual,yo,tier_4,transliteration,0.0404,0.1047,20,0
22,attn_out,yo,tier_4,transliteration,-0.0017,0.0026,20,0
22,mlp_out,yo,tier_4,transliteration,0.0077,0.016,20,0
23,residual,yo,tier_4,transliteration,0.045,0.1098,20,0
23,attn_out,yo,tier_4,transliteration,-0.0,0.0019,20,0
23,mlp_out,yo,tier_4,transliteration,-0.0025,0.0026,20,0
24,residual,yo,tier_4,transliteration,0.0482,0.1224,20,0
24,attn_out,yo,tier_4,transliteration,0.0099,0.022,20,0
24,mlp_out,yo,tier_4,transliteration,0.0082,0.0121,20,0
25,residual,yo,tier_4,transliteration,0.044,0.11,20,0
25,attn_out,yo,tier_4,transliteration,0.0066,0.0177,20,0
25,mlp_out,yo,tier_4,transliteration,-0.0057,0.0058,20,0
26,residual,yo,tier_4,transliteration,0.0453,0.115,20,0
26,attn_out,yo,tier_4,transliteration,0.0036,0.0135,20,0
26,mlp_out,yo,tier_4,transliteration,-0.0016,0.0023,20,0
27,residual,yo,tier_4,transliteration,0.0399,0.0979,20,0
27,attn_out,yo,tier_4,transliteration,0.006,0.013,20,0
27,mlp_out,yo,tier_4,transliteration,-0.0124,0.0229,20,0
28,residual,yo,tier_4,transliteration,0.0243,0.0667,20,0
28,attn_out,yo,tier_4,transliteration,0.009,0.015,20,0
28,mlp_out,yo,tier_4,transliteration,-0.0022,0.0089,20,0
29,residual,yo,tier_4,transliteration,0.0351,0.0728,20,0
29,attn_out,yo,tier_4,transliteration,-0.0039,0.0132,20,0
29,mlp_out,yo,tier_4,transliteration,0.0042,0.0247,20,0
30,residual,yo,tier_4,transliteration,0.0245,0.0456,20,0
30,attn_out,yo,tier_4,transliteration,0.0049,0.0115,20,0
30,mlp_out,yo,tier_4,transliteration,0.0134,0.0229,20,0
31,residual,yo,tier_4,transliteration,0.0,0.0,20,0
31,attn_out,yo,tier_4,transliteration,0.0,0.0,20,0
31,mlp_out,yo,tier_4,transliteration,0.0,0.0,20,0
0,residual,zu,tier_4,transliteration,-0.1078,0.1282,20,0
0,attn_out,zu,tier_4,transliteration,-0.0674,0.0856,20,0
0,mlp_out,zu,tier_4,transliteration,-0.0309,0.0583,20,0
1,residual,zu,tier_4,transliteration,-0.1126,0.1524,20,0
1,attn_out,zu,tier_4,transliteration,-0.0833,0.1326,20,0
1,mlp_out,zu,tier_4,transliteration,-0.0639,0.0987,20,0
2,residual,zu,tier_4,transliteration,-0.1166,0.1641,20,0
2,attn_out,zu,tier_4,transliteration,-0.0016,0.015,20,0
2,mlp_out,zu,tier_4,transliteration,-0.0655,0.1156,20,0
3,residual,zu,tier_4,transliteration,-0.1148,0.1821,20,0
3,attn_out,zu,tier_4,transliteration,-0.0053,0.0535,20,0
3,mlp_out,zu,tier_4,transliteration,-0.0398,0.0549,20,0
4,residual,zu,tier_4,transliteration,-0.134,0.1737,20,0
4,attn_out,zu,tier_4,transliteration,-0.0348,0.0406,20,0
4,mlp_out,zu,tier_4,transliteration,-0.0629,0.0853,20,0
5,residual,zu,tier_4,transliteration,-0.1619,0.2201,20,0
5,attn_out,zu,tier_4,transliteration,-0.011,0.0244,20,0
5,mlp_out,zu,tier_4,transliteration,-0.0674,0.1012,20,0
6,residual,zu,tier_4,transliteration,-0.1549,0.229,20,0
6,attn_out,zu,tier_4,transliteration,0.0282,0.0396,20,0
6,mlp_out,zu,tier_4,transliteration,0.085,0.1434,20,0
7,residual,zu,tier_4,transliteration,-0.1404,0.2061,20,0
7,attn_out,zu,tier_4,transliteration,0.0304,0.0599,20,0
7,mlp_out,zu,tier_4,transliteration,-0.0309,0.068,20,0
8,residual,zu,tier_4,transliteration,-0.1242,0.1857,20,0
8,attn_out,zu,tier_4,transliteration,-0.0407,0.0478,20,0
8,mlp_out,zu,tier_4,transliteration,-0.0266,0.0242,20,0
9,residual,zu,tier_4,transliteration,-0.1427,0.2078,20,0
9,attn_out,zu,tier_4,transliteration,-0.0008,0.013,20,0
9,mlp_out,zu,tier_4,transliteration,0.0002,0.0135,20,0
10,residual,zu,tier_4,transliteration,-0.1334,0.1891,20,0
10,attn_out,zu,tier_4,transliteration,-0.0146,0.0217,20,0
10,mlp_out,zu,tier_4,transliteration,0.0006,0.0325,20,0
11,residual,zu,tier_4,transliteration,-0.1277,0.1903,20,0
11,attn_out,zu,tier_4,transliteration,0.0055,0.0286,20,0
11,mlp_out,zu,tier_4,transliteration,-0.0455,0.0604,20,0
12,residual,zu,tier_4,transliteration,-0.1018,0.1356,20,0
12,attn_out,zu,tier_4,transliteration,-0.009,0.0091,20,0
12,mlp_out,zu,tier_4,transliteration,-0.0446,0.0355,20,0
13,residual,zu,tier_4,transliteration,-0.1077,0.1415,20,0
13,attn_out,zu,tier_4,transliteration,-0.013,0.0157,20,0
13,mlp_out,zu,tier_4,transliteration,-0.0195,0.0327,20,0
14,residual,zu,tier_4,transliteration,-0.0912,0.1149,20,0
14,attn_out,zu,tier_4,transliteration,-0.0233,0.0266,20,0
14,mlp_out,zu,tier_4,transliteration,-0.0129,0.0099,20,0
15,residual,zu,tier_4,transliteration,-0.0631,0.0738,20,0
15,attn_out,zu,tier_4,transliteration,-0.0347,0.0339,20,0
15,mlp_out,zu,tier_4,transliteration,-0.0222,0.0176,20,0
16,residual,zu,tier_4,transliteration,-0.0715,0.0962,20,0
16,attn_out,zu,tier_4,transliteration,-0.0377,0.0431,20,0
16,mlp_out,zu,tier_4,transliteration,-0.0003,0.0226,20,0
17,residual,zu,tier_4,transliteration,-0.0413,0.0427,20,0
17,attn_out,zu,tier_4,transliteration,-0.02,0.0133,20,0
17,mlp_out,zu,tier_4,transliteration,-0.0028,0.0056,20,0
18,residual,zu,tier_4,transliteration,-0.0335,0.0398,20,0
18,attn_out,zu,tier_4,transliteration,0.0068,0.0085,20,0
18,mlp_out,zu,tier_4,transliteration,0.0108,0.0091,20,0
19,residual,zu,tier_4,transliteration,-0.0258,0.0316,20,0
19,attn_out,zu,tier_4,transliteration,-0.0124,0.0156,20,0
19,mlp_out,zu,tier_4,transliteration,-0.0195,0.0265,20,0
20,residual,zu,tier_4,transliteration,-0.0249,0.0282,20,0
20,attn_out,zu,tier_4,transliteration,-0.0034,0.0053,20,0
20,mlp_out,zu,tier_4,transliteration,-0.0158,0.0192,20,0
21,residual,zu,tier_4,transliteration,-0.0236,0.0293,20,0
21,attn_out,zu,tier_4,transliteration,-0.0012,0.0048,20,0
21,mlp_out,zu,tier_4,transliteration,-0.0125,0.0116,20,0
22,residual,zu,tier_4,transliteration,-0.0245,0.0311,20,0
22,attn_out,zu,tier_4,transliteration,-0.0036,0.0062,20,0
22,mlp_out,zu,tier_4,transliteration,-0.0046,0.0082,20,0
23,residual,zu,tier_4,transliteration,-0.0204,0.0289,20,0
23,attn_out,zu,tier_4,transliteration,0.0023,0.0023,20,0
23,mlp_out,zu,tier_4,transliteration,0.0001,0.0026,20,0
24,residual,zu,tier_4,transliteration,-0.0115,0.0154,20,0
24,attn_out,zu,tier_4,transliteration,-0.0127,0.0141,20,0
24,mlp_out,zu,tier_4,transliteration,0.0011,0.0132,20,0
25,residual,zu,tier_4,transliteration,-0.0087,0.0158,20,0
25,attn_out,zu,tier_4,transliteration,0.001,0.0039,20,0
25,mlp_out,zu,tier_4,transliteration,-0.0168,0.0173,20,0
26,residual,zu,tier_4,transliteration,-0.0079,0.0124,20,0
26,attn_out,zu,tier_4,transliteration,0.0068,0.0107,20,0
26,mlp_out,zu,tier_4,transliteration,-0.0092,0.0065,20,0
27,residual,zu,tier_4,transliteration,-0.0101,0.0122,20,0
27,attn_out,zu,tier_4,transliteration,-0.0047,0.005,20,0
27,mlp_out,zu,tier_4,transliteration,-0.0063,0.0072,20,0
28,residual,zu,tier_4,transliteration,-0.0038,0.0141,20,0
28,attn_out,zu,tier_4,transliteration,0.005,0.0062,20,0
28,mlp_out,zu,tier_4,transliteration,0.0046,0.0078,20,0
29,residual,zu,tier_4,transliteration,0.0038,0.0207,20,0
29,attn_out,zu,tier_4,transliteration,0.006,0.0047,20,0
29,mlp_out,zu,tier_4,transliteration,-0.0375,0.0429,20,0
30,residual,zu,tier_4,transliteration,0.0055,0.0039,20,0
30,attn_out,zu,tier_4,transliteration,-0.0018,0.0026,20,0
30,mlp_out,zu,tier_4,transliteration,0.0019,0.0012,20,0
31,residual,zu,tier_4,transliteration,0.0,0.0,20,0
31,attn_out,zu,tier_4,transliteration,0.0,0.0,20,0
31,mlp_out,zu,tier_4,transliteration,0.0,0.0,20,0
0,residual,gd,tier_4,transliteration,0.0044,0.0318,20,0
0,attn_out,gd,tier_4,transliteration,-0.0101,0.0504,20,0
0,mlp_out,gd,tier_4,transliteration,-0.0365,0.0403,20,0
1,residual,gd,tier_4,transliteration,0.0045,0.0174,20,0
1,attn_out,gd,tier_4,transliteration,0.0018,0.0217,20,0
1,mlp_out,gd,tier_4,transliteration,-0.0229,0.0281,20,0
2,residual,gd,tier_4,transliteration,0.0011,0.0145,20,0
2,attn_out,gd,tier_4,transliteration,0.0019,0.0057,20,0
2,mlp_out,gd,tier_4,transliteration,-0.0016,0.0191,20,0
3,residual,gd,tier_4,transliteration,0.0011,0.029,20,0
3,attn_out,gd,tier_4,transliteration,-0.003,0.0046,20,0
3,mlp_out,gd,tier_4,transliteration,0.004,0.0227,20,0
4,residual,gd,tier_4,transliteration,-0.0113,0.0319,20,0
4,attn_out,gd,tier_4,transliteration,0.0038,0.0056,20,0
4,mlp_out,gd,tier_4,transliteration,0.0019,0.0163,20,0
5,residual,gd,tier_4,transliteration,-0.014,0.0315,20,0
5,attn_out,gd,tier_4,transliteration,-0.0062,0.0061,20,0
5,mlp_out,gd,tier_4,transliteration,-0.0078,0.0205,20,0
6,residual,gd,tier_4,transliteration,-0.0176,0.0292,20,0
6,attn_out,gd,tier_4,transliteration,0.0006,0.0055,20,0
6,mlp_out,gd,tier_4,transliteration,-0.0007,0.0137,20,0
7,residual,gd,tier_4,transliteration,-0.0321,0.0259,20,0
7,attn_out,gd,tier_4,transliteration,0.0044,0.0103,20,0
7,mlp_out,gd,tier_4,transliteration,-0.0075,0.0153,20,0
8,residual,gd,tier_4,transliteration,-0.0297,0.0211,20,0
8,attn_out,gd,tier_4,transliteration,-0.006,0.0087,20,0
8,mlp_out,gd,tier_4,transliteration,0.0002,0.0054,20,0
9,residual,gd,tier_4,transliteration,-0.0316,0.0172,20,0
9,attn_out,gd,tier_4,transliteration,-0.0066,0.0075,20,0
9,mlp_out,gd,tier_4,transliteration,-0.0026,0.0027,20,0
10,residual,gd,tier_4,transliteration,-0.0258,0.0144,20,0
10,attn_out,gd,tier_4,transliteration,0.002,0.0024,20,0
10,mlp_out,gd,tier_4,transliteration,-0.0091,0.0055,20,0
11,residual,gd,tier_4,transliteration,-0.0222,0.016,20,0
11,attn_out,gd,tier_4,transliteration,0.0054,0.0052,20,0
11,mlp_out,gd,tier_4,transliteration,-0.0118,0.0046,20,0
12,residual,gd,tier_4,transliteration,-0.0198,0.0122,20,0
12,attn_out,gd,tier_4,transliteration,-0.0035,0.0028,20,0
12,mlp_out,gd,tier_4,transliteration,-0.0093,0.0088,20,0
13,residual,gd,tier_4,transliteration,-0.0199,0.0121,20,0
13,attn_out,gd,tier_4,transliteration,-0.0002,0.0012,20,0
13,mlp_out,gd,tier_4,transliteration,-0.0079,0.0088,20,0
14,residual,gd,tier_4,transliteration,-0.0168,0.0147,20,0
14,attn_out,gd,tier_4,transliteration,0.0,0.0014,20,0
14,mlp_out,gd,tier_4,transliteration,-0.0014,0.007,20,0
15,residual,gd,tier_4,transliteration,-0.008,0.0077,20,0
15,attn_out,gd,tier_4,transliteration,-0.0022,0.0034,20,0
15,mlp_out,gd,tier_4,transliteration,-0.0048,0.0068,20,0
16,residual,gd,tier_4,transliteration,-0.0055,0.0089,20,0
16,attn_out,gd,tier_4,transliteration,-0.0045,0.0035,20,0
16,mlp_out,gd,tier_4,transliteration,0.0017,0.0019,20,0
17,residual,gd,tier_4,transliteration,-0.0025,0.0057,20,0
17,attn_out,gd,tier_4,transliteration,-0.0054,0.005,20,0
17,mlp_out,gd,tier_4,transliteration,-0.001,0.0053,20,0
18,residual,gd,tier_4,transliteration,-0.002,0.0055,20,0
18,attn_out,gd,tier_4,transliteration,-0.0001,0.0017,20,0
18,mlp_out,gd,tier_4,transliteration,-0.0006,0.0034,20,0
19,residual,gd,tier_4,transliteration,-0.0007,0.004,20,0
19,attn_out,gd,tier_4,transliteration,-0.0003,0.0017,20,0
19,mlp_out,gd,tier_4,transliteration,-0.0067,0.0066,20,0
20,residual,gd,tier_4,transliteration,-0.0016,0.0053,20,0
20,attn_out,gd,tier_4,transliteration,-0.0007,0.003,20,0
20,mlp_out,gd,tier_4,transliteration,-0.0066,0.0074,20,0
21,residual,gd,tier_4,transliteration,0.0002,0.0054,20,0
21,attn_out,gd,tier_4,transliteration,0.0006,0.0027,20,0
21,mlp_out,gd,tier_4,transliteration,-0.0002,0.0022,20,0
22,residual,gd,tier_4,transliteration,0.0005,0.0055,20,0
22,attn_out,gd,tier_4,transliteration,-0.0005,0.0016,20,0
22,mlp_out,gd,tier_4,transliteration,-0.0001,0.0062,20,0
23,residual,gd,tier_4,transliteration,-0.0,0.0063,20,0
23,attn_out,gd,tier_4,transliteration,-0.0008,0.0015,20,0
23,mlp_out,gd,tier_4,transliteration,-0.0005,0.0032,20,0
24,residual,gd,tier_4,transliteration,0.0021,0.006,20,0
24,attn_out,gd,tier_4,transliteration,-0.0017,0.0015,20,0
24,mlp_out,gd,tier_4,transliteration,0.0013,0.0026,20,0
25,residual,gd,tier_4,transliteration,0.002,0.0053,20,0
25,attn_out,gd,tier_4,transliteration,-0.0001,0.001,20,0
25,mlp_out,gd,tier_4,transliteration,-0.0009,0.0013,20,0
26,residual,gd,tier_4,transliteration,0.004,0.0062,20,0
26,attn_out,gd,tier_4,transliteration,-0.0008,0.0015,20,0
26,mlp_out,gd,tier_4,transliteration,-0.0002,0.0014,20,0
27,residual,gd,tier_4,transliteration,0.0061,0.0078,20,0
27,attn_out,gd,tier_4,transliteration,0.0012,0.0014,20,0
27,mlp_out,gd,tier_4,transliteration,0.0012,0.0012,20,0
28,residual,gd,tier_4,transliteration,0.0061,0.0082,20,0
28,attn_out,gd,tier_4,transliteration,0.0001,0.0009,20,0
28,mlp_out,gd,tier_4,transliteration,-0.0007,0.003,20,0
29,residual,gd,tier_4,transliteration,0.0078,0.0052,20,0
29,attn_out,gd,tier_4,transliteration,0.0029,0.0016,20,0
29,mlp_out,gd,tier_4,transliteration,-0.0005,0.0014,20,0
30,residual,gd,tier_4,transliteration,0.0024,0.0017,20,0
30,attn_out,gd,tier_4,transliteration,-0.001,0.0004,20,0
30,mlp_out,gd,tier_4,transliteration,0.0002,0.0003,20,0
31,residual,gd,tier_4,transliteration,0.0,0.0,20,0
31,attn_out,gd,tier_4,transliteration,0.0,0.0,20,0
31,mlp_out,gd,tier_4,transliteration,0.0,0.0,20,0
0,residual,gn,tier_4,transliteration,-0.0191,0.038,20,0
0,attn_out,gn,tier_4,transliteration,-0.018,0.0349,20,0
0,mlp_out,gn,tier_4,transliteration,-0.0017,0.0245,20,0
1,residual,gn,tier_4,transliteration,-0.022,0.0241,20,0
1,attn_out,gn,tier_4,transliteration,-0.0038,0.0188,20,0
1,mlp_out,gn,tier_4,transliteration,-0.0106,0.024,20,0
2,residual,gn,tier_4,transliteration,-0.0154,0.026,20,0
2,attn_out,gn,tier_4,transliteration,-0.0003,0.0057,20,0
2,mlp_out,gn,tier_4,transliteration,-0.0001,0.0451,20,0
3,residual,gn,tier_4,transliteration,-0.0161,0.0195,20,0
3,attn_out,gn,tier_4,transliteration,0.0161,0.0169,20,0
3,mlp_out,gn,tier_4,transliteration,0.0188,0.0256,20,0
4,residual,gn,tier_4,transliteration,-0.0271,0.0196,20,0
4,attn_out,gn,tier_4,transliteration,-0.0055,0.0099,20,0
4,mlp_out,gn,tier_4,transliteration,0.0072,0.0226,20,0
5,residual,gn,tier_4,transliteration,-0.0347,0.0313,20,0
5,attn_out,gn,tier_4,transliteration,-0.0006,0.0083,20,0
5,mlp_out,gn,tier_4,transliteration,-0.0058,0.0221,20,0
6,residual,gn,tier_4,transliteration,-0.0271,0.0443,20,0
6,attn_out,gn,tier_4,transliteration,0.0093,0.0083,20,0
6,mlp_out,gn,tier_4,transliteration,0.0089,0.0259,20,0
7,residual,gn,tier_4,transliteration,-0.0451,0.0493,20,0
7,attn_out,gn,tier_4,transliteration,-0.0015,0.0134,20,0
7,mlp_out,gn,tier_4,transliteration,-0.0136,0.0122,20,0
8,residual,gn,tier_4,transliteration,-0.0446,0.0488,20,0
8,attn_out,gn,tier_4,transliteration,-0.006,0.0113,20,0
8,mlp_out,gn,tier_4,transliteration,-0.007,0.0158,20,0
9,residual,gn,tier_4,transliteration,-0.0576,0.0468,20,0
9,attn_out,gn,tier_4,transliteration,-0.0051,0.0061,20,0
9,mlp_out,gn,tier_4,transliteration,0.0002,0.0096,20,0
10,residual,gn,tier_4,transliteration,-0.0517,0.0459,20,0
10,attn_out,gn,tier_4,transliteration,-0.0012,0.003,20,0
10,mlp_out,gn,tier_4,transliteration,-0.0131,0.0051,20,0
11,residual,gn,tier_4,transliteration,-0.0473,0.0461,20,0
11,attn_out,gn,tier_4,transliteration,0.0046,0.0051,20,0
11,mlp_out,gn,tier_4,transliteration,-0.0209,0.0059,20,0
12,residual,gn,tier_4,transliteration,-0.0402,0.0443,20,0
12,attn_out,gn,tier_4,transliteration,-0.0017,0.0008,20,0
12,mlp_out,gn,tier_4,transliteration,-0.0117,0.0037,20,0
13,residual,gn,tier_4,transliteration,-0.0382,0.0466,20,0
13,attn_out,gn,tier_4,transliteration,-0.0032,0.0024,20,0
13,mlp_out,gn,tier_4,transliteration,0.0019,0.017,20,0
14,residual,gn,tier_4,transliteration,-0.0361,0.0327,20,0
14,attn_out,gn,tier_4,transliteration,-0.0024,0.004,20,0
14,mlp_out,gn,tier_4,transliteration,-0.0005,0.0036,20,0
15,residual,gn,tier_4,transliteration,-0.0173,0.0144,20,0
15,attn_out,gn,tier_4,transliteration,0.0007,0.0026,20,0
15,mlp_out,gn,tier_4,transliteration,-0.0021,0.0084,20,0
16,residual,gn,tier_4,transliteration,-0.0158,0.0102,20,0
16,attn_out,gn,tier_4,transliteration,0.0011,0.0037,20,0
16,mlp_out,gn,tier_4,transliteration,0.0001,0.004,20,0
17,residual,gn,tier_4,transliteration,-0.0087,0.0093,20,0
17,attn_out,gn,tier_4,transliteration,-0.0027,0.0027,20,0
17,mlp_out,gn,tier_4,transliteration,0.0011,0.0042,20,0
18,residual,gn,tier_4,transliteration,-0.0063,0.0085,20,0
18,attn_out,gn,tier_4,transliteration,0.0009,0.0008,20,0
18,mlp_out,gn,tier_4,transliteration,0.0012,0.0024,20,0
19,residual,gn,tier_4,transliteration,-0.0036,0.0081,20,0
19,attn_out,gn,tier_4,transliteration,0.0023,0.003,20,0
19,mlp_out,gn,tier_4,transliteration,-0.0008,0.0015,20,0
20,residual,gn,tier_4,transliteration,-0.0054,0.0085,20,0
20,attn_out,gn,tier_4,transliteration,0.0003,0.0011,20,0
20,mlp_out,gn,tier_4,transliteration,-0.0003,0.0028,20,0
21,residual,gn,tier_4,transliteration,-0.0018,0.0102,20,0
21,attn_out,gn,tier_4,transliteration,0.0014,0.0021,20,0
21,mlp_out,gn,tier_4,transliteration,0.0018,0.0024,20,0
22,residual,gn,tier_4,transliteration,-0.0008,0.0101,20,0
22,attn_out,gn,tier_4,transliteration,0.0019,0.0017,20,0
22,mlp_out,gn,tier_4,transliteration,0.003,0.003,20,0
23,residual,gn,tier_4,transliteration,-0.0005,0.0087,20,0
23,attn_out,gn,tier_4,transliteration,0.001,0.0008,20,0
23,mlp_out,gn,tier_4,transliteration,0.0029,0.0033,20,0
24,residual,gn,tier_4,transliteration,-0.0012,0.0077,20,0
24,attn_out,gn,tier_4,transliteration,-0.0017,0.0013,20,0
24,mlp_out,gn,tier_4,transliteration,0.0022,0.004,20,0
25,residual,gn,tier_4,transliteration,-0.0011,0.0093,20,0
25,attn_out,gn,tier_4,transliteration,-0.0002,0.0006,20,0
25,mlp_out,gn,tier_4,transliteration,-0.0023,0.0031,20,0
26,residual,gn,tier_4,transliteration,-0.0012,0.0086,20,0
26,attn_out,gn,tier_4,transliteration,-0.001,0.0035,20,0
26,mlp_out,gn,tier_4,transliteration,-0.0018,0.0024,20,0
27,residual,gn,tier_4,transliteration,-0.0002,0.0095,20,0
27,attn_out,gn,tier_4,transliteration,0.001,0.0029,20,0
27,mlp_out,gn,tier_4,transliteration,-0.003,0.0016,20,0
28,residual,gn,tier_4,transliteration,0.0028,0.0107,20,0
28,attn_out,gn,tier_4,transliteration,0.0007,0.0005,20,0
28,mlp_out,gn,tier_4,transliteration,0.0004,0.0029,20,0
29,residual,gn,tier_4,transliteration,0.0068,0.011,20,0
29,attn_out,gn,tier_4,transliteration,0.0031,0.0031,20,0
29,mlp_out,gn,tier_4,transliteration,-0.0046,0.0049,20,0
30,residual,gn,tier_4,transliteration,0.0055,0.0036,20,0
30,attn_out,gn,tier_4,transliteration,0.0002,0.0009,20,0
30,mlp_out,gn,tier_4,transliteration,0.0028,0.0016,20,0
31,residual,gn,tier_4,transliteration,0.0,0.0,20,0
31,attn_out,gn,tier_4,transliteration,0.0,0.0,20,0
31,mlp_out,gn,tier_4,transliteration,0.0,0.0,20,0
0,residual,de,tier_1,code_switching,0.3782,0.8581,20,0
0,attn_out,de,tier_1,code_switching,0.1773,0.8898,20,0
0,mlp_out,de,tier_1,code_switching,0.2129,0.5684,20,0
1,residual,de,tier_1,code_switching,0.4499,0.9984,20,0
1,attn_out,de,tier_1,code_switching,0.1149,0.378,20,0
1,mlp_out,de,tier_1,code_switching,-0.279,0.7448,20,0
2,residual,de,tier_1,code_switching,0.3986,1.0123,20,0
2,attn_out,de,tier_1,code_switching,0.0666,0.1162,20,0
2,mlp_out,de,tier_1,code_switching,0.0392,0.4268,20,0
3,residual,de,tier_1,code_switching,0.3421,0.9266,20,0
3,attn_out,de,tier_1,code_switching,-0.0867,0.3017,20,0
3,mlp_out,de,tier_1,code_switching,0.1219,0.4334,20,0
4,residual,de,tier_1,code_switching,0.3751,0.615,20,0
4,attn_out,de,tier_1,code_switching,-0.013,0.1305,20,0
4,mlp_out,de,tier_1,code_switching,0.2925,0.528,20,0
5,residual,de,tier_1,code_switching,0.5129,0.5857,20,0
5,attn_out,de,tier_1,code_switching,-0.0327,0.1168,20,0
5,mlp_out,de,tier_1,code_switching,0.0722,0.3087,20,0
6,residual,de,tier_1,code_switching,0.6439,0.5944,20,0
6,attn_out,de,tier_1,code_switching,-0.0162,0.1122,20,0
6,mlp_out,de,tier_1,code_switching,0.0097,0.0594,20,0
7,residual,de,tier_1,code_switching,0.7282,0.5594,20,0
7,attn_out,de,tier_1,code_switching,-0.0344,0.1357,20,0
7,mlp_out,de,tier_1,code_switching,-0.0234,0.2334,20,0
8,residual,de,tier_1,code_switching,0.5518,0.4277,20,0
8,attn_out,de,tier_1,code_switching,-0.0348,0.0886,20,0
8,mlp_out,de,tier_1,code_switching,0.0136,0.1227,20,0
9,residual,de,tier_1,code_switching,0.3964,0.4596,20,0
9,attn_out,de,tier_1,code_switching,-0.019,0.1256,20,0
9,mlp_out,de,tier_1,code_switching,0.0252,0.1043,20,0
10,residual,de,tier_1,code_switching,0.3213,0.4642,20,0
10,attn_out,de,tier_1,code_switching,0.0167,0.0463,20,0
10,mlp_out,de,tier_1,code_switching,0.0063,0.0734,20,0
11,residual,de,tier_1,code_switching,0.2755,0.4443,20,0
11,attn_out,de,tier_1,code_switching,0.0182,0.0321,20,0
11,mlp_out,de,tier_1,code_switching,0.0542,0.152,20,0
12,residual,de,tier_1,code_switching,0.1175,0.4001,20,0
12,attn_out,de,tier_1,code_switching,-0.0236,0.0255,20,0
12,mlp_out,de,tier_1,code_switching,-0.0002,0.0491,20,0
13,residual,de,tier_1,code_switching,0.0017,0.495,20,0
13,attn_out,de,tier_1,code_switching,0.0029,0.0154,20,0
13,mlp_out,de,tier_1,code_switching,0.0198,0.0695,20,0
14,residual,de,tier_1,code_switching,-0.0454,0.491,20,0
14,attn_out,de,tier_1,code_switching,-0.0211,0.0275,20,0
14,mlp_out,de,tier_1,code_switching,0.0268,0.0399,20,0
15,residual,de,tier_1,code_switching,-0.0826,0.4261,20,0
15,attn_out,de,tier_1,code_switching,-0.0246,0.0223,20,0
15,mlp_out,de,tier_1,code_switching,-0.0059,0.1277,20,0
16,residual,de,tier_1,code_switching,-0.0341,0.2943,20,0
16,attn_out,de,tier_1,code_switching,0.0101,0.0218,20,0
16,mlp_out,de,tier_1,code_switching,-0.0027,0.0426,20,0
17,residual,de,tier_1,code_switching,-0.1111,0.2574,20,0
17,attn_out,de,tier_1,code_switching,-0.0077,0.0222,20,0
17,mlp_out,de,tier_1,code_switching,-0.0091,0.0131,20,0
18,residual,de,tier_1,code_switching,-0.0819,0.2688,20,0
18,attn_out,de,tier_1,code_switching,-0.0037,0.0028,20,0
18,mlp_out,de,tier_1,code_switching,0.0099,0.0366,20,0
19,residual,de,tier_1,code_switching,-0.0906,0.2668,20,0
19,attn_out,de,tier_1,code_switching,-0.0074,0.0136,20,0
19,mlp_out,de,tier_1,code_switching,-0.0011,0.0549,20,0
20,residual,de,tier_1,code_switching,-0.0752,0.2511,20,0
20,attn_out,de,tier_1,code_switching,-0.0048,0.0045,20,0
20,mlp_out,de,tier_1,code_switching,-0.0326,0.0568,20,0
21,residual,de,tier_1,code_switching,-0.092,0.246,20,0
21,attn_out,de,tier_1,code_switching,-0.0074,0.0195,20,0
21,mlp_out,de,tier_1,code_switching,-0.0197,0.0578,20,0
22,residual,de,tier_1,code_switching,-0.0921,0.2348,20,0
22,attn_out,de,tier_1,code_switching,-0.0033,0.0096,20,0
22,mlp_out,de,tier_1,code_switching,0.0018,0.0693,20,0
23,residual,de,tier_1,code_switching,-0.1002,0.2246,20,0
23,attn_out,de,tier_1,code_switching,0.002,0.0109,20,0
23,mlp_out,de,tier_1,code_switching,-0.0064,0.0301,20,0
24,residual,de,tier_1,code_switching,-0.0069,0.068,20,0
24,attn_out,de,tier_1,code_switching,-0.0043,0.0041,20,0
24,mlp_out,de,tier_1,code_switching,-0.0034,0.0193,20,0
25,residual,de,tier_1,code_switching,-0.0118,0.0664,20,0
25,attn_out,de,tier_1,code_switching,-0.0011,0.0037,20,0
25,mlp_out,de,tier_1,code_switching,-0.0061,0.0162,20,0
26,residual,de,tier_1,code_switching,0.0039,0.0598,20,0
26,attn_out,de,tier_1,code_switching,0.0005,0.0071,20,0
26,mlp_out,de,tier_1,code_switching,-0.0012,0.0146,20,0
27,residual,de,tier_1,code_switching,-0.0046,0.0536,20,0
27,attn_out,de,tier_1,code_switching,-0.0051,0.0075,20,0
27,mlp_out,de,tier_1,code_switching,-0.0007,0.0065,20,0
28,residual,de,tier_1,code_switching,0.0024,0.0387,20,0
28,attn_out,de,tier_1,code_switching,-0.0024,0.005,20,0
28,mlp_out,de,tier_1,code_switching,-0.0003,0.0166,20,0
29,residual,de,tier_1,code_switching,-0.0101,0.0267,20,0
29,attn_out,de,tier_1,code_switching,-0.0022,0.0067,20,0
29,mlp_out,de,tier_1,code_switching,0.0007,0.0088,20,0
30,residual,de,tier_1,code_switching,-0.0065,0.0106,20,0
30,attn_out,de,tier_1,code_switching,-0.0013,0.0011,20,0
30,mlp_out,de,tier_1,code_switching,-0.0033,0.0042,20,0
31,residual,de,tier_1,code_switching,0.0,0.0,20,0
31,attn_out,de,tier_1,code_switching,0.0,0.0,20,0
31,mlp_out,de,tier_1,code_switching,0.0,0.0,20,0
0,residual,fr,tier_1,code_switching,-0.1623,1.1954,20,0
0,attn_out,fr,tier_1,code_switching,-0.7351,1.3591,20,0
0,mlp_out,fr,tier_1,code_switching,-0.633,1.0166,20,0
1,residual,fr,tier_1,code_switching,0.0049,1.0491,20,0
1,attn_out,fr,tier_1,code_switching,-0.5397,1.1126,20,0
1,mlp_out,fr,tier_1,code_switching,0.1892,0.1603,20,0
2,residual,fr,tier_1,code_switching,-0.0094,1.0472,20,0
2,attn_out,fr,tier_1,code_switching,0.1385,0.2759,20,0
2,mlp_out,fr,tier_1,code_switching,-0.26,0.5488,20,0
3,residual,fr,tier_1,code_switching,-0.0883,0.9841,20,0
3,attn_out,fr,tier_1,code_switching,-0.1123,0.1532,20,0
3,mlp_out,fr,tier_1,code_switching,0.3348,0.5288,20,0
4,residual,fr,tier_1,code_switching,-0.0278,0.6444,20,0
4,attn_out,fr,tier_1,code_switching,-0.015,0.1612,20,0
4,mlp_out,fr,tier_1,code_switching,0.169,0.4543,20,0
5,residual,fr,tier_1,code_switching,-0.0508,0.6456,20,0
5,attn_out,fr,tier_1,code_switching,-0.0565,0.1598,20,0
5,mlp_out,fr,tier_1,code_switching,0.0998,0.4119,20,0
6,residual,fr,tier_1,code_switching,0.011,0.4478,20,0
6,attn_out,fr,tier_1,code_switching,0.0443,0.0999,20,0
6,mlp_out,fr,tier_1,code_switching,0.1056,0.2749,20,0
7,residual,fr,tier_1,code_switching,0.1905,0.6209,20,0
7,attn_out,fr,tier_1,code_switching,0.1211,0.1153,20,0
7,mlp_out,fr,tier_1,code_switching,0.0356,0.4337,20,0
8,residual,fr,tier_1,code_switching,0.0581,0.7169,20,0
8,attn_out,fr,tier_1,code_switching,0.0649,0.0836,20,0
8,mlp_out,fr,tier_1,code_switching,0.1565,0.3463,20,0
9,residual,fr,tier_1,code_switching,-0.0043,0.6205,20,0
9,attn_out,fr,tier_1,code_switching,0.0351,0.0498,20,0
9,mlp_out,fr,tier_1,code_switching,-0.0071,0.144,20,0
10,residual,fr,tier_1,code_switching,-0.1023,0.5885,20,0
10,attn_out,fr,tier_1,code_switching,-0.0127,0.0684,20,0
10,mlp_out,fr,tier_1,code_switching,-0.0486,0.1893,20,0
11,residual,fr,tier_1,code_switching,-0.0866,0.5609,20,0
11,attn_out,fr,tier_1,code_switching,-0.04,0.15,20,0
11,mlp_out,fr,tier_1,code_switching,0.0566,0.091,20,0
12,residual,fr,tier_1,code_switching,-0.2078,0.3478,20,0
12,attn_out,fr,tier_1,code_switching,-0.0066,0.1196,20,0
12,mlp_out,fr,tier_1,code_switching,0.0229,0.1004,20,0
13,residual,fr,tier_1,code_switching,-0.1886,0.2532,20,0
13,attn_out,fr,tier_1,code_switching,0.01,0.0234,20,0
13,mlp_out,fr,tier_1,code_switching,-0.0012,0.0603,20,0
14,residual,fr,tier_1,code_switching,-0.1231,0.1652,20,0
14,attn_out,fr,tier_1,code_switching,0.0012,0.0128,20,0
14,mlp_out,fr,tier_1,code_switching,0.0245,0.0711,20,0
15,residual,fr,tier_1,code_switching,-0.1385,0.1969,20,0
15,attn_out,fr,tier_1,code_switching,0.0103,0.017,20,0
15,mlp_out,fr,tier_1,code_switching,-0.0687,0.0746,20,0
16,residual,fr,tier_1,code_switching,0.0138,0.2109,20,0
16,attn_out,fr,tier_1,code_switching,-0.0049,0.0039,20,0
16,mlp_out,fr,tier_1,code_switching,-0.0033,0.0198,20,0
17,residual,fr,tier_1,code_switching,0.0194,0.1536,20,0
17,attn_out,fr,tier_1,code_switching,-0.0122,0.0215,20,0
17,mlp_out,fr,tier_1,code_switching,-0.0323,0.059,20,0
18,residual,fr,tier_1,code_switching,0.0466,0.2124,20,0
18,attn_out,fr,tier_1,code_switching,-0.0008,0.0083,20,0
18,mlp_out,fr,tier_1,code_switching,0.0063,0.0367,20,0
19,residual,fr,tier_1,code_switching,0.0472,0.2024,20,0
19,attn_out,fr,tier_1,code_switching,-0.0034,0.01,20,0
19,mlp_out,fr,tier_1,code_switching,0.0013,0.024,20,0
20,residual,fr,tier_1,code_switching,0.0569,0.2174,20,0
20,attn_out,fr,tier_1,code_switching,0.0012,0.0019,20,0
20,mlp_out,fr,tier_1,code_switching,-0.0335,0.0551,20,0
21,residual,fr,tier_1,code_switching,0.0479,0.1912,20,0
21,attn_out,fr,tier_1,code_switching,-0.0003,0.0101,20,0
21,mlp_out,fr,tier_1,code_switching,-0.0012,0.0148,20,0
22,residual,fr,tier_1,code_switching,0.05,0.1887,20,0
22,attn_out,fr,tier_1,code_switching,-0.001,0.0046,20,0
22,mlp_out,fr,tier_1,code_switching,-0.0161,0.0178,20,0
23,residual,fr,tier_1,code_switching,0.0439,0.1598,20,0
23,attn_out,fr,tier_1,code_switching,0.0013,0.0045,20,0
23,mlp_out,fr,tier_1,code_switching,-0.0009,0.0343,20,0
24,residual,fr,tier_1,code_switching,0.0739,0.1578,20,0
24,attn_out,fr,tier_1,code_switching,0.0041,0.0089,20,0
24,mlp_out,fr,tier_1,code_switching,0.0036,0.0125,20,0
25,residual,fr,tier_1,code_switching,0.0603,0.1344,20,0
25,attn_out,fr,tier_1,code_switching,0.0032,0.0044,20,0
25,mlp_out,fr,tier_1,code_switching,0.0023,0.0118,20,0
26,residual,fr,tier_1,code_switching,0.0586,0.1445,20,0
26,attn_out,fr,tier_1,code_switching,-0.0048,0.0106,20,0
26,mlp_out,fr,tier_1,code_switching,0.0029,0.0233,20,0
27,residual,fr,tier_1,code_switching,0.0637,0.1531,20,0
27,attn_out,fr,tier_1,code_switching,-0.0022,0.0035,20,0
27,mlp_out,fr,tier_1,code_switching,0.0014,0.0092,20,0
28,residual,fr,tier_1,code_switching,0.0591,0.1251,20,0
28,attn_out,fr,tier_1,code_switching,-0.0042,0.0065,20,0
28,mlp_out,fr,tier_1,code_switching,0.0087,0.0152,20,0
29,residual,fr,tier_1,code_switching,0.0279,0.051,20,0
29,attn_out,fr,tier_1,code_switching,0.0026,0.0071,20,0
29,mlp_out,fr,tier_1,code_switching,0.0115,0.0204,20,0
30,residual,fr,tier_1,code_switching,0.0053,0.0173,20,0
30,attn_out,fr,tier_1,code_switching,0.002,0.0034,20,0
30,mlp_out,fr,tier_1,code_switching,0.0036,0.0054,20,0
31,residual,fr,tier_1,code_switching,0.0,0.0,20,0
31,attn_out,fr,tier_1,code_switching,0.0,0.0,20,0
31,mlp_out,fr,tier_1,code_switching,0.0,0.0,20,0
0,residual,zh,tier_1,code_switching,0.1987,0.5429,20,0
0,attn_out,zh,tier_1,code_switching,0.163,0.4681,20,0
0,mlp_out,zh,tier_1,code_switching,0.0567,0.6514,20,0
1,residual,zh,tier_1,code_switching,0.4099,1.0186,20,0
1,attn_out,zh,tier_1,code_switching,-0.0004,0.4303,20,0
1,mlp_out,zh,tier_1,code_switching,0.3331,0.7697,20,0
2,residual,zh,tier_1,code_switching,0.413,1.0666,20,0
2,attn_out,zh,tier_1,code_switching,0.0106,0.4226,20,0
2,mlp_out,zh,tier_1,code_switching,0.4913,1.0265,20,0
3,residual,zh,tier_1,code_switching,0.3626,1.086,20,0
3,attn_out,zh,tier_1,code_switching,0.0029,0.3566,20,0
3,mlp_out,zh,tier_1,code_switching,-0.0513,0.5783,20,0
4,residual,zh,tier_1,code_switching,0.2879,1.0777,20,0
4,attn_out,zh,tier_1,code_switching,-0.053,0.4301,20,0
4,mlp_out,zh,tier_1,code_switching,-0.0324,0.159,20,0
5,residual,zh,tier_1,code_switching,0.082,1.1119,20,0
5,attn_out,zh,tier_1,code_switching,-0.1013,0.5623,20,0
5,mlp_out,zh,tier_1,code_switching,-0.0948,0.3125,20,0
6,residual,zh,tier_1,code_switching,-0.0509,0.9273,20,0
6,attn_out,zh,tier_1,code_switching,-0.0227,0.4414,20,0
6,mlp_out,zh,tier_1,code_switching,-0.0871,0.3933,20,0
7,residual,zh,tier_1,code_switching,-0.1419,0.5838,20,0
7,attn_out,zh,tier_1,code_switching,-0.1293,0.3652,20,0
7,mlp_out,zh,tier_1,code_switching,-0.1471,0.3267,20,0
8,residual,zh,tier_1,code_switching,-0.2795,0.2032,20,0
8,attn_out,zh,tier_1,code_switching,-0.0283,0.0388,20,0
8,mlp_out,zh,tier_1,code_switching,0.0159,0.1682,20,0
9,residual,zh,tier_1,code_switching,-0.2614,0.1587,20,0
9,attn_out,zh,tier_1,code_switching,-0.0272,0.0969,20,0
9,mlp_out,zh,tier_1,code_switching,-0.0587,0.1094,20,0
10,residual,zh,tier_1,code_switching,-0.1295,0.1084,20,0
10,attn_out,zh,tier_1,code_switching,-0.0227,0.0577,20,0
10,mlp_out,zh,tier_1,code_switching,0.0218,0.0916,20,0
11,residual,zh,tier_1,code_switching,-0.1028,0.1674,20,0
11,attn_out,zh,tier_1,code_switching,0.0422,0.1198,20,0
11,mlp_out,zh,tier_1,code_switching,-0.0214,0.132,20,0
12,residual,zh,tier_1,code_switching,-0.108,0.1121,20,0
12,attn_out,zh,tier_1,code_switching,-0.0243,0.0335,20,0
12,mlp_out,zh,tier_1,code_switching,0.0405,0.1026,20,0
13,residual,zh,tier_1,code_switching,-0.0843,0.0904,20,0
13,attn_out,zh,tier_1,code_switching,-0.0157,0.024,20,0
13,mlp_out,zh,tier_1,code_switching,0.0066,0.0448,20,0
14,residual,zh,tier_1,code_switching,-0.0926,0.0918,20,0
14,attn_out,zh,tier_1,code_switching,-0.0236,0.0095,20,0
14,mlp_out,zh,tier_1,code_switching,0.004,0.0222,20,0
15,residual,zh,tier_1,code_switching,-0.0425,0.1015,20,0
15,attn_out,zh,tier_1,code_switching,0.0047,0.0199,20,0
15,mlp_out,zh,tier_1,code_switching,0.005,0.026,20,0
16,residual,zh,tier_1,code_switching,-0.0246,0.1075,20,0
16,attn_out,zh,tier_1,code_switching,-0.006,0.0114,20,0
16,mlp_out,zh,tier_1,code_switching,0.0041,0.022,20,0
17,residual,zh,tier_1,code_switching,-0.0088,0.0793,20,0
17,attn_out,zh,tier_1,code_switching,0.0025,0.0375,20,0
17,mlp_out,zh,tier_1,code_switching,-0.005,0.016,20,0
18,residual,zh,tier_1,code_switching,-0.0043,0.0855,20,0
18,attn_out,zh,tier_1,code_switching,-0.0037,0.0059,20,0
18,mlp_out,zh,tier_1,code_switching,-0.019,0.026,20,0
19,residual,zh,tier_1,code_switching,-0.0044,0.0905,20,0
19,attn_out,zh,tier_1,code_switching,0.0057,0.0183,20,0
19,mlp_out,zh,tier_1,code_switching,0.0041,0.0154,20,0
20,residual,zh,tier_1,code_switching,-0.0032,0.0876,20,0
20,attn_out,zh,tier_1,code_switching,-0.0005,0.0099,20,0
20,mlp_out,zh,tier_1,code_switching,-0.0248,0.04,20,0
21,residual,zh,tier_1,code_switching,-0.0017,0.0776,20,0
21,attn_out,zh,tier_1,code_switching,-0.0042,0.0048,20,0
21,mlp_out,zh,tier_1,code_switching,0.0079,0.0077,20,0
22,residual,zh,tier_1,code_switching,0.0092,0.0924,20,0
22,attn_out,zh,tier_1,code_switching,-0.0006,0.0037,20,0
22,mlp_out,zh,tier_1,code_switching,0.0021,0.015,20,0
23,residual,zh,tier_1,code_switching,0.0151,0.098,20,0
23,attn_out,zh,tier_1,code_switching,0.0054,0.0063,20,0
23,mlp_out,zh,tier_1,code_switching,0.0183,0.0378,20,0
24,residual,zh,tier_1,code_switching,0.0017,0.0837,20,0
24,attn_out,zh,tier_1,code_switching,-0.0039,0.009,20,0
24,mlp_out,zh,tier_1,code_switching,0.0024,0.0151,20,0
25,residual,zh,tier_1,code_switching,-0.017,0.0723,20,0
25,attn_out,zh,tier_1,code_switching,0.005,0.0107,20,0
25,mlp_out,zh,tier_1,code_switching,0.0,0.0194,20,0
26,residual,zh,tier_1,code_switching,0.0156,0.0503,20,0
26,attn_out,zh,tier_1,code_switching,-0.0023,0.0124,20,0
26,mlp_out,zh,tier_1,code_switching,-0.0121,0.0227,20,0
27,residual,zh,tier_1,code_switching,-0.0007,0.0366,20,0
27,attn_out,zh,tier_1,code_switching,-0.0011,0.0038,20,0
27,mlp_out,zh,tier_1,code_switching,-0.0025,0.0133,20,0
28,residual,zh,tier_1,code_switching,-0.0047,0.032,20,0
28,attn_out,zh,tier_1,code_switching,-0.0008,0.0036,20,0
28,mlp_out,zh,tier_1,code_switching,-0.005,0.0117,20,0
29,residual,zh,tier_1,code_switching,-0.0045,0.0203,20,0
29,attn_out,zh,tier_1,code_switching,-0.0023,0.0024,20,0
29,mlp_out,zh,tier_1,code_switching,0.0002,0.0066,20,0
30,residual,zh,tier_1,code_switching,-0.003,0.0054,20,0
30,attn_out,zh,tier_1,code_switching,0.0002,0.001,20,0
30,mlp_out,zh,tier_1,code_switching,0.0014,0.0036,20,0
31,residual,zh,tier_1,code_switching,0.0,0.0,20,0
31,attn_out,zh,tier_1,code_switching,0.0,0.0,20,0
31,mlp_out,zh,tier_1,code_switching,0.0,0.0,20,0
0,residual,es,tier_1,code_switching,-0.4701,1.4144,20,0
0,attn_out,es,tier_1,code_switching,0.165,0.6871,20,0
0,mlp_out,es,tier_1,code_switching,-0.2087,0.5885,20,0
1,residual,es,tier_1,code_switching,-0.9019,1.9122,20,0
1,attn_out,es,tier_1,code_switching,0.1541,0.3026,20,0
1,mlp_out,es,tier_1,code_switching,-0.5614,0.8757,20,0
2,residual,es,tier_1,code_switching,-1.0408,1.9524,20,0
2,attn_out,es,tier_1,code_switching,-0.1973,0.2899,20,0
2,mlp_out,es,tier_1,code_switching,-0.9612,1.5357,20,0
3,residual,es,tier_1,code_switching,-1.1916,2.056,20,0
3,attn_out,es,tier_1,code_switching,-0.3842,0.6618,20,0
3,mlp_out,es,tier_1,code_switching,-0.8372,1.4256,20,0
4,residual,es,tier_1,code_switching,-1.083,1.6524,20,0
4,attn_out,es,tier_1,code_switching,-0.1532,0.1346,20,0
4,mlp_out,es,tier_1,code_switching,-0.695,0.9807,20,0
5,residual,es,tier_1,code_switching,-0.9884,1.4136,20,0
5,attn_out,es,tier_1,code_switching,-0.1794,0.3097,20,0
5,mlp_out,es,tier_1,code_switching,-0.5702,0.8348,20,0
6,residual,es,tier_1,code_switching,-0.6908,0.9862,20,0
6,attn_out,es,tier_1,code_switching,-0.033,0.1343,20,0
6,mlp_out,es,tier_1,code_switching,-0.4249,0.6146,20,0
7,residual,es,tier_1,code_switching,-0.3896,0.7384,20,0
7,attn_out,es,tier_1,code_switching,-0.0762,0.1462,20,0
7,mlp_out,es,tier_1,code_switching,-0.1523,0.1365,20,0
8,residual,es,tier_1,code_switching,0.0482,0.4928,20,0
8,attn_out,es,tier_1,code_switching,0.0066,0.0402,20,0
8,mlp_out,es,tier_1,code_switching,-0.0127,0.0976,20,0
9,residual,es,tier_1,code_switching,0.1849,0.4018,20,0
9,attn_out,es,tier_1,code_switching,0.0449,0.1016,20,0
9,mlp_out,es,tier_1,code_switching,0.0498,0.1911,20,0
10,residual,es,tier_1,code_switching,0.3569,0.3556,20,0
10,attn_out,es,tier_1,code_switching,-0.0372,0.0339,20,0
10,mlp_out,es,tier_1,code_switching,-0.0258,0.0523,20,0
11,residual,es,tier_1,code_switching,0.3247,0.2946,20,0
11,attn_out,es,tier_1,code_switching,-0.0349,0.0561,20,0
11,mlp_out,es,tier_1,code_switching,-0.0719,0.0901,20,0
12,residual,es,tier_1,code_switching,0.349,0.2826,20,0
12,attn_out,es,tier_1,code_switching,-0.0366,0.0504,20,0
12,mlp_out,es,tier_1,code_switching,-0.0057,0.0531,20,0
13,residual,es,tier_1,code_switching,0.3723,0.3023,20,0
13,attn_out,es,tier_1,code_switching,-0.0036,0.0141,20,0
13,mlp_out,es,tier_1,code_switching,0.0371,0.052,20,0
14,residual,es,tier_1,code_switching,0.3017,0.2333,20,0
14,attn_out,es,tier_1,code_switching,0.002,0.0055,20,0
14,mlp_out,es,tier_1,code_switching,0.0525,0.0566,20,0
15,residual,es,tier_1,code_switching,0.196,0.1576,20,0
15,attn_out,es,tier_1,code_switching,0.0013,0.0083,20,0
15,mlp_out,es,tier_1,code_switching,0.0108,0.0162,20,0
16,residual,es,tier_1,code_switching,0.2571,0.1804,20,0
16,attn_out,es,tier_1,code_switching,-0.0048,0.0139,20,0
16,mlp_out,es,tier_1,code_switching,-0.0208,0.0453,20,0
17,residual,es,tier_1,code_switching,0.1579,0.1289,20,0
17,attn_out,es,tier_1,code_switching,0.0053,0.0082,20,0
17,mlp_out,es,tier_1,code_switching,0.0266,0.0517,20,0
18,residual,es,tier_1,code_switching,0.1236,0.1236,20,0
18,attn_out,es,tier_1,code_switching,0.0056,0.0103,20,0
18,mlp_out,es,tier_1,code_switching,0.0073,0.0123,20,0
19,residual,es,tier_1,code_switching,0.1179,0.1303,20,0
19,attn_out,es,tier_1,code_switching,0.0008,0.009,20,0
19,mlp_out,es,tier_1,code_switching,0.022,0.019,20,0
20,residual,es,tier_1,code_switching,0.1139,0.14,20,0
20,attn_out,es,tier_1,code_switching,0.0012,0.0058,20,0
20,mlp_out,es,tier_1,code_switching,0.014,0.0174,20,0
21,residual,es,tier_1,code_switching,0.1112,0.1354,20,0
21,attn_out,es,tier_1,code_switching,0.0024,0.0084,20,0
21,mlp_out,es,tier_1,code_switching,0.0038,0.0049,20,0
22,residual,es,tier_1,code_switching,0.0975,0.1134,20,0
22,attn_out,es,tier_1,code_switching,0.0011,0.0088,20,0
22,mlp_out,es,tier_1,code_switching,0.0053,0.0106,20,0
23,residual,es,tier_1,code_switching,0.094,0.1099,20,0
23,attn_out,es,tier_1,code_switching,0.0024,0.004,20,0
23,mlp_out,es,tier_1,code_switching,0.0051,0.0059,20,0
24,residual,es,tier_1,code_switching,0.0515,0.043,20,0
24,attn_out,es,tier_1,code_switching,0.0015,0.004,20,0
24,mlp_out,es,tier_1,code_switching,0.0095,0.0148,20,0
25,residual,es,tier_1,code_switching,0.0497,0.0403,20,0
25,attn_out,es,tier_1,code_switching,0.0007,0.0019,20,0
25,mlp_out,es,tier_1,code_switching,0.0021,0.0056,20,0
26,residual,es,tier_1,code_switching,0.041,0.0395,20,0
26,attn_out,es,tier_1,code_switching,0.0006,0.0016,20,0
26,mlp_out,es,tier_1,code_switching,0.0017,0.0059,20,0
27,residual,es,tier_1,code_switching,0.037,0.033,20,0
27,attn_out,es,tier_1,code_switching,0.0028,0.0053,20,0
27,mlp_out,es,tier_1,code_switching,0.0013,0.0181,20,0
28,residual,es,tier_1,code_switching,0.0297,0.0256,20,0
28,attn_out,es,tier_1,code_switching,0.0025,0.005,20,0
28,mlp_out,es,tier_1,code_switching,0.0013,0.0024,20,0
29,residual,es,tier_1,code_switching,0.0236,0.0198,20,0
29,attn_out,es,tier_1,code_switching,0.0057,0.0048,20,0
29,mlp_out,es,tier_1,code_switching,-0.0048,0.0088,20,0
30,residual,es,tier_1,code_switching,0.0025,0.0075,20,0
30,attn_out,es,tier_1,code_switching,0.0029,0.0023,20,0
30,mlp_out,es,tier_1,code_switching,0.0058,0.0072,20,0
31,residual,es,tier_1,code_switching,0.0,0.0,20,0
31,attn_out,es,tier_1,code_switching,0.0,0.0,20,0
31,mlp_out,es,tier_1,code_switching,0.0,0.0,20,0
0,residual,ar,tier_2,code_switching,-0.0113,0.0867,20,0
0,attn_out,ar,tier_2,code_switching,-0.0131,0.083,20,0
0,mlp_out,ar,tier_2,code_switching,-0.0386,0.03,20,0
1,residual,ar,tier_2,code_switching,-0.0405,0.0774,20,0
1,attn_out,ar,tier_2,code_switching,-0.0295,0.0363,20,0
1,mlp_out,ar,tier_2,code_switching,-0.011,0.0343,20,0
2,residual,ar,tier_2,code_switching,-0.0727,0.0623,20,0
2,attn_out,ar,tier_2,code_switching,-0.01,0.0152,20,0
2,mlp_out,ar,tier_2,code_switching,-0.0628,0.0465,20,0
3,residual,ar,tier_2,code_switching,-0.0743,0.0459,20,0
3,attn_out,ar,tier_2,code_switching,-0.0045,0.0393,20,0
3,mlp_out,ar,tier_2,code_switching,-0.0315,0.0179,20,0
4,residual,ar,tier_2,code_switching,-0.0554,0.0663,20,0
4,attn_out,ar,tier_2,code_switching,0.0166,0.0411,20,0
4,mlp_out,ar,tier_2,code_switching,0.0047,0.0289,20,0
5,residual,ar,tier_2,code_switching,-0.059,0.0677,20,0
5,attn_out,ar,tier_2,code_switching,0.0182,0.0217,20,0
5,mlp_out,ar,tier_2,code_switching,0.0039,0.0343,20,0
6,residual,ar,tier_2,code_switching,-0.0652,0.0734,20,0
6,attn_out,ar,tier_2,code_switching,0.0103,0.0404,20,0
6,mlp_out,ar,tier_2,code_switching,0.0024,0.0251,20,0
7,residual,ar,tier_2,code_switching,-0.0389,0.0588,20,0
7,attn_out,ar,tier_2,code_switching,-0.0075,0.0167,20,0
7,mlp_out,ar,tier_2,code_switching,0.0023,0.0258,20,0
8,residual,ar,tier_2,code_switching,-0.0023,0.0898,20,0
8,attn_out,ar,tier_2,code_switching,-0.0043,0.0196,20,0
8,mlp_out,ar,tier_2,code_switching,0.0186,0.0501,20,0
9,residual,ar,tier_2,code_switching,-0.0136,0.0755,20,0
9,attn_out,ar,tier_2,code_switching,-0.0034,0.0035,20,0
9,mlp_out,ar,tier_2,code_switching,0.0021,0.0309,20,0
10,residual,ar,tier_2,code_switching,0.0044,0.056,20,0
10,attn_out,ar,tier_2,code_switching,-0.0019,0.0121,20,0
10,mlp_out,ar,tier_2,code_switching,0.0022,0.0097,20,0
11,residual,ar,tier_2,code_switching,0.0049,0.0524,20,0
11,attn_out,ar,tier_2,code_switching,-0.0043,0.0073,20,0
11,mlp_out,ar,tier_2,code_switching,-0.0068,0.015,20,0
12,residual,ar,tier_2,code_switching,0.0043,0.0448,20,0
12,attn_out,ar,tier_2,code_switching,0.0007,0.0047,20,0
12,mlp_out,ar,tier_2,code_switching,0.0057,0.0096,20,0
13,residual,ar,tier_2,code_switching,0.0076,0.0274,20,0
13,attn_out,ar,tier_2,code_switching,0.0003,0.0009,20,0
13,mlp_out,ar,tier_2,code_switching,0.0024,0.0071,20,0
14,residual,ar,tier_2,code_switching,0.0019,0.0223,20,0
14,attn_out,ar,tier_2,code_switching,0.0005,0.003,20,0
14,mlp_out,ar,tier_2,code_switching,0.0052,0.003,20,0
15,residual,ar,tier_2,code_switching,-0.0008,0.0178,20,0
15,attn_out,ar,tier_2,code_switching,-0.0,0.0021,20,0
15,mlp_out,ar,tier_2,code_switching,0.0023,0.0045,20,0
16,residual,ar,tier_2,code_switching,-0.0067,0.0189,20,0
16,attn_out,ar,tier_2,code_switching,-0.0048,0.0046,20,0
16,mlp_out,ar,tier_2,code_switching,-0.0022,0.0047,20,0
17,residual,ar,tier_2,code_switching,0.0009,0.0134,20,0
17,attn_out,ar,tier_2,code_switching,0.0016,0.0019,20,0
17,mlp_out,ar,tier_2,code_switching,-0.0021,0.0013,20,0
18,residual,ar,tier_2,code_switching,0.0007,0.0117,20,0
18,attn_out,ar,tier_2,code_switching,-0.0001,0.0015,20,0
18,mlp_out,ar,tier_2,code_switching,-0.0013,0.0015,20,0
19,residual,ar,tier_2,code_switching,0.0013,0.0135,20,0
19,attn_out,ar,tier_2,code_switching,-0.0014,0.0016,20,0
19,mlp_out,ar,tier_2,code_switching,0.0017,0.0014,20,0
20,residual,ar,tier_2,code_switching,0.0008,0.0129,20,0
20,attn_out,ar,tier_2,code_switching,0.0003,0.0001,20,0
20,mlp_out,ar,tier_2,code_switching,-0.0011,0.0026,20,0
21,residual,ar,tier_2,code_switching,-0.0008,0.0115,20,0
21,attn_out,ar,tier_2,code_switching,-0.0008,0.0005,20,0
21,mlp_out,ar,tier_2,code_switching,-0.0005,0.003,20,0
22,residual,ar,tier_2,code_switching,-0.0013,0.0124,20,0
22,attn_out,ar,tier_2,code_switching,-0.0002,0.0009,20,0
22,mlp_out,ar,tier_2,code_switching,0.0003,0.0021,20,0
23,residual,ar,tier_2,code_switching,-0.0032,0.0114,20,0
23,attn_out,ar,tier_2,code_switching,-0.0002,0.0009,20,0
23,mlp_out,ar,tier_2,code_switching,-0.0012,0.0025,20,0
24,residual,ar,tier_2,code_switching,-0.0043,0.012,20,0
24,attn_out,ar,tier_2,code_switching,0.0008,0.0026,20,0
24,mlp_out,ar,tier_2,code_switching,-0.0035,0.0033,20,0
25,residual,ar,tier_2,code_switching,-0.0041,0.0111,20,0
25,attn_out,ar,tier_2,code_switching,0.0005,0.0013,20,0
25,mlp_out,ar,tier_2,code_switching,0.0005,0.0017,20,0
26,residual,ar,tier_2,code_switching,-0.001,0.0049,20,0
26,attn_out,ar,tier_2,code_switching,-0.0016,0.0011,20,0
26,mlp_out,ar,tier_2,code_switching,-0.0005,0.0018,20,0
27,residual,ar,tier_2,code_switching,-0.0026,0.0057,20,0
27,attn_out,ar,tier_2,code_switching,-0.0003,0.0007,20,0
27,mlp_out,ar,tier_2,code_switching,-0.0042,0.0033,20,0
28,residual,ar,tier_2,code_switching,-0.0026,0.0035,20,0
28,attn_out,ar,tier_2,code_switching,0.0001,0.0005,20,0
28,mlp_out,ar,tier_2,code_switching,-0.0021,0.0026,20,0
29,residual,ar,tier_2,code_switching,-0.0045,0.0055,20,0
29,attn_out,ar,tier_2,code_switching,-0.0006,0.0005,20,0
29,mlp_out,ar,tier_2,code_switching,0.0004,0.0014,20,0
30,residual,ar,tier_2,code_switching,-0.0001,0.0012,20,0
30,attn_out,ar,tier_2,code_switching,-0.0005,0.0006,20,0
30,mlp_out,ar,tier_2,code_switching,-0.0002,0.0006,20,0
31,residual,ar,tier_2,code_switching,0.0,0.0,20,0
31,attn_out,ar,tier_2,code_switching,0.0,0.0,20,0
31,mlp_out,ar,tier_2,code_switching,0.0,0.0,20,0
0,residual,ru,tier_2,code_switching,-0.042,0.0558,20,0
0,attn_out,ru,tier_2,code_switching,-0.011,0.0399,20,0
0,mlp_out,ru,tier_2,code_switching,-0.0323,0.0342,20,0
1,residual,ru,tier_2,code_switching,-0.0512,0.1145,20,0
1,attn_out,ru,tier_2,code_switching,-0.0086,0.028,20,0
1,mlp_out,ru,tier_2,code_switching,-0.0453,0.0871,20,0
2,residual,ru,tier_2,code_switching,-0.0602,0.1192,20,0
2,attn_out,ru,tier_2,code_switching,0.0015,0.0096,20,0
2,mlp_out,ru,tier_2,code_switching,-0.047,0.0872,20,0
3,residual,ru,tier_2,code_switching,-0.0714,0.1208,20,0
3,attn_out,ru,tier_2,code_switching,-0.0231,0.0366,20,0
3,mlp_out,ru,tier_2,code_switching,-0.0407,0.0731,20,0
4,residual,ru,tier_2,code_switching,-0.0664,0.1204,20,0
4,attn_out,ru,tier_2,code_switching,0.013,0.004,20,0
4,mlp_out,ru,tier_2,code_switching,0.0001,0.0345,20,0
5,residual,ru,tier_2,code_switching,-0.0551,0.1168,20,0
5,attn_out,ru,tier_2,code_switching,0.0053,0.0103,20,0
5,mlp_out,ru,tier_2,code_switching,-0.0019,0.0177,20,0
6,residual,ru,tier_2,code_switching,-0.0252,0.0979,20,0
6,attn_out,ru,tier_2,code_switching,0.0034,0.0098,20,0
6,mlp_out,ru,tier_2,code_switching,0.0122,0.0234,20,0
7,residual,ru,tier_2,code_switching,-0.0079,0.0908,20,0
7,attn_out,ru,tier_2,code_switching,0.0022,0.0113,20,0
7,mlp_out,ru,tier_2,code_switching,0.0045,0.0266,20,0
8,residual,ru,tier_2,code_switching,0.0118,0.0674,20,0
8,attn_out,ru,tier_2,code_switching,-0.0028,0.0059,20,0
8,mlp_out,ru,tier_2,code_switching,0.0034,0.0094,20,0
9,residual,ru,tier_2,code_switching,0.0135,0.0532,20,0
9,attn_out,ru,tier_2,code_switching,0.0031,0.0052,20,0
9,mlp_out,ru,tier_2,code_switching,0.0044,0.0134,20,0
10,residual,ru,tier_2,code_switching,0.0238,0.0429,20,0
10,attn_out,ru,tier_2,code_switching,-0.0013,0.0037,20,0
10,mlp_out,ru,tier_2,code_switching,0.0058,0.0033,20,0
11,residual,ru,tier_2,code_switching,0.0191,0.0404,20,0
11,attn_out,ru,tier_2,code_switching,-0.0031,0.0044,20,0
11,mlp_out,ru,tier_2,code_switching,0.0102,0.0127,20,0
12,residual,ru,tier_2,code_switching,0.0047,0.0241,20,0
12,attn_out,ru,tier_2,code_switching,-0.0016,0.0025,20,0
12,mlp_out,ru,tier_2,code_switching,0.0023,0.0059,20,0
13,residual,ru,tier_2,code_switching,-0.0001,0.0131,20,0
13,attn_out,ru,tier_2,code_switching,-0.0003,0.001,20,0
13,mlp_out,ru,tier_2,code_switching,-0.0006,0.0021,20,0
14,residual,ru,tier_2,code_switching,0.0006,0.0074,20,0
14,attn_out,ru,tier_2,code_switching,0.0003,0.0015,20,0
14,mlp_out,ru,tier_2,code_switching,0.0022,0.0022,20,0
15,residual,ru,tier_2,code_switching,0.0015,0.0068,20,0
15,attn_out,ru,tier_2,code_switching,-0.0006,0.0019,20,0
15,mlp_out,ru,tier_2,code_switching,0.0021,0.0036,20,0
16,residual,ru,tier_2,code_switching,-0.0018,0.0079,20,0
16,attn_out,ru,tier_2,code_switching,-0.0026,0.0029,20,0
16,mlp_out,ru,tier_2,code_switching,-0.0013,0.0032,20,0
17,residual,ru,tier_2,code_switching,0.0026,0.0066,20,0
17,attn_out,ru,tier_2,code_switching,0.0006,0.001,20,0
17,mlp_out,ru,tier_2,code_switching,0.0005,0.0005,20,0
18,residual,ru,tier_2,code_switching,0.005,0.0059,20,0
18,attn_out,ru,tier_2,code_switching,-0.0002,0.0006,20,0
18,mlp_out,ru,tier_2,code_switching,-0.0004,0.001,20,0
19,residual,ru,tier_2,code_switching,0.0051,0.0061,20,0
19,attn_out,ru,tier_2,code_switching,0.0002,0.0004,20,0
19,mlp_out,ru,tier_2,code_switching,-0.0004,0.0011,20,0
20,residual,ru,tier_2,code_switching,0.0048,0.0063,20,0
20,attn_out,ru,tier_2,code_switching,-0.0001,0.0004,20,0
20,mlp_out,ru,tier_2,code_switching,-0.003,0.0038,20,0
21,residual,ru,tier_2,code_switching,0.0042,0.0066,20,0
21,attn_out,ru,tier_2,code_switching,-0.0001,0.0004,20,0
21,mlp_out,ru,tier_2,code_switching,0.0005,0.0015,20,0
22,residual,ru,tier_2,code_switching,0.0042,0.0066,20,0
22,attn_out,ru,tier_2,code_switching,0.0,0.0004,20,0
22,mlp_out,ru,tier_2,code_switching,-0.0001,0.0005,20,0
23,residual,ru,tier_2,code_switching,0.004,0.0057,20,0
23,attn_out,ru,tier_2,code_switching,-0.0,0.0003,20,0
23,mlp_out,ru,tier_2,code_switching,0.0006,0.0012,20,0
24,residual,ru,tier_2,code_switching,0.0044,0.0034,20,0
24,attn_out,ru,tier_2,code_switching,0.0003,0.0004,20,0
24,mlp_out,ru,tier_2,code_switching,-0.0009,0.0018,20,0
25,residual,ru,tier_2,code_switching,0.0037,0.0035,20,0
25,attn_out,ru,tier_2,code_switching,0.0006,0.0004,20,0
25,mlp_out,ru,tier_2,code_switching,-0.0,0.0018,20,0
26,residual,ru,tier_2,code_switching,0.0045,0.0037,20,0
26,attn_out,ru,tier_2,code_switching,-0.0003,0.0008,20,0
26,mlp_out,ru,tier_2,code_switching,-0.0005,0.0018,20,0
27,residual,ru,tier_2,code_switching,0.0026,0.0041,20,0
27,attn_out,ru,tier_2,code_switching,-0.0001,0.0003,20,0
27,mlp_out,ru,tier_2,code_switching,-0.0001,0.0013,20,0
28,residual,ru,tier_2,code_switching,0.0039,0.0044,20,0
28,attn_out,ru,tier_2,code_switching,0.0001,0.0004,20,0
28,mlp_out,ru,tier_2,code_switching,0.0006,0.0016,20,0
29,residual,ru,tier_2,code_switching,0.0028,0.0024,20,0
29,attn_out,ru,tier_2,code_switching,-0.0002,0.0009,20,0
29,mlp_out,ru,tier_2,code_switching,-0.0008,0.003,20,0
30,residual,ru,tier_2,code_switching,-0.0001,0.0012,20,0
30,attn_out,ru,tier_2,code_switching,0.0004,0.0005,20,0
30,mlp_out,ru,tier_2,code_switching,0.0004,0.0004,20,0
31,residual,ru,tier_2,code_switching,0.0,0.0,20,0
31,attn_out,ru,tier_2,code_switching,0.0,0.0,20,0
31,mlp_out,ru,tier_2,code_switching,0.0,0.0,20,0
0,residual,ko,tier_2,code_switching,-0.8663,1.2547,20,0
0,attn_out,ko,tier_2,code_switching,-0.2651,0.7181,20,0
0,mlp_out,ko,tier_2,code_switching,-0.8332,1.2988,20,0
1,residual,ko,tier_2,code_switching,-0.9063,1.4216,20,0
1,attn_out,ko,tier_2,code_switching,-0.2626,0.4978,20,0
1,mlp_out,ko,tier_2,code_switching,-0.2798,0.6186,20,0
2,residual,ko,tier_2,code_switching,-1.2967,2.287,20,0
2,attn_out,ko,tier_2,code_switching,-0.5245,1.1893,20,0
2,mlp_out,ko,tier_2,code_switching,-0.6745,1.0757,20,0
3,residual,ko,tier_2,code_switching,-1.3785,2.4426,20,0
3,attn_out,ko,tier_2,code_switching,-0.044,0.1802,20,0
3,mlp_out,ko,tier_2,code_switching,-0.3578,0.5544,20,0
4,residual,ko,tier_2,code_switching,-1.1881,2.175,20,0
4,attn_out,ko,tier_2,code_switching,-0.1132,0.3599,20,0
4,mlp_out,ko,tier_2,code_switching,-0.5187,0.9456,20,0
5,residual,ko,tier_2,code_switching,-1.3395,2.6092,20,0
5,attn_out,ko,tier_2,code_switching,-0.4565,1.0287,20,0
5,mlp_out,ko,tier_2,code_switching,-0.4926,1.0203,20,0
6,residual,ko,tier_2,code_switching,-1.1452,2.3929,20,0
6,attn_out,ko,tier_2,code_switching,-0.1555,0.5081,20,0
6,mlp_out,ko,tier_2,code_switching,-0.4248,0.7741,20,0
7,residual,ko,tier_2,code_switching,-0.7488,1.5735,20,0
7,attn_out,ko,tier_2,code_switching,0.2122,0.3036,20,0
7,mlp_out,ko,tier_2,code_switching,-0.3077,0.6632,20,0
8,residual,ko,tier_2,code_switching,0.0844,0.1924,20,0
8,attn_out,ko,tier_2,code_switching,0.0029,0.046,20,0
8,mlp_out,ko,tier_2,code_switching,-0.0206,0.0704,20,0
9,residual,ko,tier_2,code_switching,0.106,0.2186,20,0
9,attn_out,ko,tier_2,code_switching,0.014,0.1662,20,0
9,mlp_out,ko,tier_2,code_switching,-0.0885,0.174,20,0
10,residual,ko,tier_2,code_switching,0.2232,0.2318,20,0
10,attn_out,ko,tier_2,code_switching,-0.0683,0.1633,20,0
10,mlp_out,ko,tier_2,code_switching,-0.0932,0.1369,20,0
11,residual,ko,tier_2,code_switching,0.1715,0.2226,20,0
11,attn_out,ko,tier_2,code_switching,-0.0191,0.0595,20,0
11,mlp_out,ko,tier_2,code_switching,-0.1553,0.2545,20,0
12,residual,ko,tier_2,code_switching,0.1393,0.2153,20,0
12,attn_out,ko,tier_2,code_switching,0.0104,0.0166,20,0
12,mlp_out,ko,tier_2,code_switching,0.0618,0.0942,20,0
13,residual,ko,tier_2,code_switching,0.1492,0.1277,20,0
13,attn_out,ko,tier_2,code_switching,-0.0462,0.0877,20,0
13,mlp_out,ko,tier_2,code_switching,-0.0303,0.067,20,0
14,residual,ko,tier_2,code_switching,0.1563,0.124,20,0
14,attn_out,ko,tier_2,code_switching,0.0008,0.0123,20,0
14,mlp_out,ko,tier_2,code_switching,-0.0113,0.0643,20,0
15,residual,ko,tier_2,code_switching,0.1453,0.1128,20,0
15,attn_out,ko,tier_2,code_switching,0.005,0.0093,20,0
15,mlp_out,ko,tier_2,code_switching,0.0301,0.0268,20,0
16,residual,ko,tier_2,code_switching,0.0976,0.0993,20,0
16,attn_out,ko,tier_2,code_switching,0.0054,0.0193,20,0
16,mlp_out,ko,tier_2,code_switching,-0.0126,0.0326,20,0
17,residual,ko,tier_2,code_switching,0.1175,0.1543,20,0
17,attn_out,ko,tier_2,code_switching,0.0218,0.0413,20,0
17,mlp_out,ko,tier_2,code_switching,0.0089,0.0151,20,0
18,residual,ko,tier_2,code_switching,0.1103,0.1231,20,0
18,attn_out,ko,tier_2,code_switching,0.0056,0.0098,20,0
18,mlp_out,ko,tier_2,code_switching,0.0235,0.0522,20,0
19,residual,ko,tier_2,code_switching,0.1141,0.1284,20,0
19,attn_out,ko,tier_2,code_switching,0.0019,0.0043,20,0
19,mlp_out,ko,tier_2,code_switching,0.0074,0.0077,20,0
20,residual,ko,tier_2,code_switching,0.1012,0.1218,20,0
20,attn_out,ko,tier_2,code_switching,-0.0114,0.0215,20,0
20,mlp_out,ko,tier_2,code_switching,0.0009,0.0066,20,0
21,residual,ko,tier_2,code_switching,0.0805,0.08,20,0
21,attn_out,ko,tier_2,code_switching,0.0035,0.0107,20,0
21,mlp_out,ko,tier_2,code_switching,0.0104,0.0276,20,0
22,residual,ko,tier_2,code_switching,0.0876,0.0926,20,0
22,attn_out,ko,tier_2,code_switching,0.0018,0.0055,20,0
22,mlp_out,ko,tier_2,code_switching,-0.001,0.0129,20,0
23,residual,ko,tier_2,code_switching,0.0852,0.0877,20,0
23,attn_out,ko,tier_2,code_switching,0.0101,0.0176,20,0
23,mlp_out,ko,tier_2,code_switching,0.0201,0.028,20,0
24,residual,ko,tier_2,code_switching,0.0845,0.1175,20,0
24,attn_out,ko,tier_2,code_switching,0.0071,0.0138,20,0
24,mlp_out,ko,tier_2,code_switching,0.0191,0.0323,20,0
25,residual,ko,tier_2,code_switching,0.0731,0.1052,20,0
25,attn_out,ko,tier_2,code_switching,-0.005,0.0091,20,0
25,mlp_out,ko,tier_2,code_switching,0.0127,0.0182,20,0
26,residual,ko,tier_2,code_switching,0.0562,0.0741,20,0
26,attn_out,ko,tier_2,code_switching,-0.0039,0.0039,20,0
26,mlp_out,ko,tier_2,code_switching,0.0014,0.0051,20,0
27,residual,ko,tier_2,code_switching,0.0409,0.0617,20,0
27,attn_out,ko,tier_2,code_switching,0.0067,0.0097,20,0
27,mlp_out,ko,tier_2,code_switching,-0.002,0.0069,20,0
28,residual,ko,tier_2,code_switching,0.0178,0.0208,20,0
28,attn_out,ko,tier_2,code_switching,0.0012,0.002,20,0
28,mlp_out,ko,tier_2,code_switching,0.0086,0.0231,20,0
29,residual,ko,tier_2,code_switching,0.0265,0.0328,20,0
29,attn_out,ko,tier_2,code_switching,-0.0046,0.0124,20,0
29,mlp_out,ko,tier_2,code_switching,-0.0204,0.0216,20,0
30,residual,ko,tier_2,code_switching,-0.0084,0.0189,20,0
30,attn_out,ko,tier_2,code_switching,-0.0096,0.0166,20,0
30,mlp_out,ko,tier_2,code_switching,-0.0045,0.0117,20,0
31,residual,ko,tier_2,code_switching,0.0,0.0,20,0
31,attn_out,ko,tier_2,code_switching,0.0,0.0,20,0
31,mlp_out,ko,tier_2,code_switching,0.0,0.0,20,0
0,residual,ja,tier_2,code_switching,0.1064,0.1633,20,0
0,attn_out,ja,tier_2,code_switching,0.1477,0.1423,20,0
0,mlp_out,ja,tier_2,code_switching,0.0516,0.1067,20,0
1,residual,ja,tier_2,code_switching,0.1271,0.2568,20,0
1,attn_out,ja,tier_2,code_switching,0.0617,0.0944,20,0
1,mlp_out,ja,tier_2,code_switching,-0.0042,0.1597,20,0
2,residual,ja,tier_2,code_switching,0.1599,0.2808,20,0
2,attn_out,ja,tier_2,code_switching,0.0509,0.0942,20,0
2,mlp_out,ja,tier_2,code_switching,0.0158,0.243,20,0
3,residual,ja,tier_2,code_switching,0.2165,0.2417,20,0
3,attn_out,ja,tier_2,code_switching,0.0513,0.043,20,0
3,mlp_out,ja,tier_2,code_switching,0.0934,0.1987,20,0
4,residual,ja,tier_2,code_switching,0.1159,0.2489,20,0
4,attn_out,ja,tier_2,code_switching,0.0082,0.1045,20,0
4,mlp_out,ja,tier_2,code_switching,0.028,0.1971,20,0
5,residual,ja,tier_2,code_switching,0.157,0.2441,20,0
5,attn_out,ja,tier_2,code_switching,-0.0062,0.0403,20,0
5,mlp_out,ja,tier_2,code_switching,-0.0483,0.0837,20,0
6,residual,ja,tier_2,code_switching,0.2368,0.217,20,0
6,attn_out,ja,tier_2,code_switching,-0.0111,0.0439,20,0
6,mlp_out,ja,tier_2,code_switching,0.0054,0.0545,20,0
7,residual,ja,tier_2,code_switching,0.2192,0.1908,20,0
7,attn_out,ja,tier_2,code_switching,-0.0075,0.0531,20,0
7,mlp_out,ja,tier_2,code_switching,0.028,0.0971,20,0
8,residual,ja,tier_2,code_switching,0.199,0.2156,20,0
8,attn_out,ja,tier_2,code_switching,0.0052,0.0235,20,0
8,mlp_out,ja,tier_2,code_switching,-0.0291,0.0549,20,0
9,residual,ja,tier_2,code_switching,0.1587,0.1799,20,0
9,attn_out,ja,tier_2,code_switching,0.0117,0.0324,20,0
9,mlp_out,ja,tier_2,code_switching,-0.0369,0.0793,20,0
10,residual,ja,tier_2,code_switching,0.1671,0.1945,20,0
10,attn_out,ja,tier_2,code_switching,0.0011,0.0183,20,0
10,mlp_out,ja,tier_2,code_switching,-0.0007,0.0344,20,0
11,residual,ja,tier_2,code_switching,0.1629,0.2096,20,0
11,attn_out,ja,tier_2,code_switching,-0.019,0.0116,20,0
11,mlp_out,ja,tier_2,code_switching,0.0149,0.0387,20,0
12,residual,ja,tier_2,code_switching,0.1122,0.1258,20,0
12,attn_out,ja,tier_2,code_switching,-0.0142,0.0065,20,0
12,mlp_out,ja,tier_2,code_switching,0.0107,0.0212,20,0
13,residual,ja,tier_2,code_switching,0.0907,0.0957,20,0
13,attn_out,ja,tier_2,code_switching,-0.0034,0.0083,20,0
13,mlp_out,ja,tier_2,code_switching,-0.004,0.0144,20,0
14,residual,ja,tier_2,code_switching,0.0662,0.1009,20,0
14,attn_out,ja,tier_2,code_switching,-0.0046,0.0122,20,0
14,mlp_out,ja,tier_2,code_switching,0.0001,0.0283,20,0
15,residual,ja,tier_2,code_switching,0.0528,0.0796,20,0
15,attn_out,ja,tier_2,code_switching,0.0015,0.0041,20,0
15,mlp_out,ja,tier_2,code_switching,0.0225,0.0477,20,0
16,residual,ja,tier_2,code_switching,0.0407,0.0391,20,0
16,attn_out,ja,tier_2,code_switching,-0.0055,0.0038,20,0
16,mlp_out,ja,tier_2,code_switching,0.0046,0.0162,20,0
17,residual,ja,tier_2,code_switching,0.0426,0.0508,20,0
17,attn_out,ja,tier_2,code_switching,-0.0,0.0017,20,0
17,mlp_out,ja,tier_2,code_switching,0.0002,0.006,20,0
18,residual,ja,tier_2,code_switching,0.0461,0.0533,20,0
18,attn_out,ja,tier_2,code_switching,0.0001,0.0031,20,0
18,mlp_out,ja,tier_2,code_switching,0.0111,0.0161,20,0
19,residual,ja,tier_2,code_switching,0.0428,0.0518,20,0
19,attn_out,ja,tier_2,code_switching,-0.0002,0.0026,20,0
19,mlp_out,ja,tier_2,code_switching,0.0135,0.0172,20,0
20,residual,ja,tier_2,code_switching,0.0438,0.0483,20,0
20,attn_out,ja,tier_2,code_switching,0.0012,0.0036,20,0
20,mlp_out,ja,tier_2,code_switching,0.002,0.0105,20,0
21,residual,ja,tier_2,code_switching,0.0412,0.0488,20,0
21,attn_out,ja,tier_2,code_switching,-0.0009,0.0017,20,0
21,mlp_out,ja,tier_2,code_switching,0.0064,0.0116,20,0
22,residual,ja,tier_2,code_switching,0.0439,0.0537,20,0
22,attn_out,ja,tier_2,code_switching,0.0033,0.0053,20,0
22,mlp_out,ja,tier_2,code_switching,-0.0041,0.0109,20,0
23,residual,ja,tier_2,code_switching,0.0472,0.0541,20,0
23,attn_out,ja,tier_2,code_switching,-0.0026,0.0013,20,0
23,mlp_out,ja,tier_2,code_switching,0.0087,0.0149,20,0
24,residual,ja,tier_2,code_switching,0.0365,0.0529,20,0
24,attn_out,ja,tier_2,code_switching,-0.0026,0.0033,20,0
24,mlp_out,ja,tier_2,code_switching,-0.0085,0.0122,20,0
25,residual,ja,tier_2,code_switching,0.028,0.0471,20,0
25,attn_out,ja,tier_2,code_switching,0.0002,0.004,20,0
25,mlp_out,ja,tier_2,code_switching,-0.0099,0.0158,20,0
26,residual,ja,tier_2,code_switching,0.0283,0.0234,20,0
26,attn_out,ja,tier_2,code_switching,-0.0028,0.0055,20,0
26,mlp_out,ja,tier_2,code_switching,-0.0046,0.0099,20,0
27,residual,ja,tier_2,code_switching,0.0124,0.0115,20,0
27,attn_out,ja,tier_2,code_switching,0.0011,0.0028,20,0
27,mlp_out,ja,tier_2,code_switching,0.0015,0.007,20,0
28,residual,ja,tier_2,code_switching,0.0237,0.0114,20,0
28,attn_out,ja,tier_2,code_switching,-0.0012,0.0015,20,0
28,mlp_out,ja,tier_2,code_switching,0.002,0.0102,20,0
29,residual,ja,tier_2,code_switching,0.0271,0.0208,20,0
29,attn_out,ja,tier_2,code_switching,-0.0002,0.0013,20,0
29,mlp_out,ja,tier_2,code_switching,-0.0015,0.0081,20,0
30,residual,ja,tier_2,code_switching,-0.0004,0.0045,20,0
30,attn_out,ja,tier_2,code_switching,0.0001,0.0013,20,0
30,mlp_out,ja,tier_2,code_switching,0.0002,0.0021,20,0
31,residual,ja,tier_2,code_switching,0.0,0.0,20,0
31,attn_out,ja,tier_2,code_switching,0.0,0.0,20,0
31,mlp_out,ja,tier_2,code_switching,0.0,0.0,20,0
0,residual,tr,tier_3,code_switching,-0.044,0.019,20,0
0,attn_out,tr,tier_3,code_switching,0.026,0.0569,20,0
0,mlp_out,tr,tier_3,code_switching,-0.0259,0.0231,20,0
1,residual,tr,tier_3,code_switching,-0.0531,0.0453,20,0
1,attn_out,tr,tier_3,code_switching,0.0019,0.0186,20,0
1,mlp_out,tr,tier_3,code_switching,-0.0131,0.034,20,0
2,residual,tr,tier_3,code_switching,-0.0611,0.0566,20,0
2,attn_out,tr,tier_3,code_switching,-0.0201,0.0233,20,0
2,mlp_out,tr,tier_3,code_switching,-0.0489,0.0523,20,0
3,residual,tr,tier_3,code_switching,-0.0746,0.0649,20,0
3,attn_out,tr,tier_3,code_switching,-0.0107,0.0106,20,0
3,mlp_out,tr,tier_3,code_switching,-0.001,0.0268,20,0
4,residual,tr,tier_3,code_switching,-0.0676,0.0536,20,0
4,attn_out,tr,tier_3,code_switching,-0.0197,0.0097,20,0
4,mlp_out,tr,tier_3,code_switching,-0.01,0.028,20,0
5,residual,tr,tier_3,code_switching,-0.0578,0.0683,20,0
5,attn_out,tr,tier_3,code_switching,-0.0173,0.0228,20,0
5,mlp_out,tr,tier_3,code_switching,-0.0354,0.0247,20,0
6,residual,tr,tier_3,code_switching,-0.0086,0.0883,20,0
6,attn_out,tr,tier_3,code_switching,-0.0015,0.0347,20,0
6,mlp_out,tr,tier_3,code_switching,-0.0333,0.0317,20,0
7,residual,tr,tier_3,code_switching,0.0272,0.0813,20,0
7,attn_out,tr,tier_3,code_switching,0.0024,0.0316,20,0
7,mlp_out,tr,tier_3,code_switching,0.0004,0.0261,20,0
8,residual,tr,tier_3,code_switching,0.0721,0.0933,20,0
8,attn_out,tr,tier_3,code_switching,0.0026,0.0075,20,0
8,mlp_out,tr,tier_3,code_switching,0.0024,0.0168,20,0
9,residual,tr,tier_3,code_switching,0.0695,0.0835,20,0
9,attn_out,tr,tier_3,code_switching,0.0113,0.0064,20,0
9,mlp_out,tr,tier_3,code_switching,0.0001,0.016,20,0
10,residual,tr,tier_3,code_switching,0.0792,0.0904,20,0
10,attn_out,tr,tier_3,code_switching,-0.0047,0.0072,20,0
10,mlp_out,tr,tier_3,code_switching,0.0001,0.0102,20,0
11,residual,tr,tier_3,code_switching,0.0699,0.0918,20,0
11,attn_out,tr,tier_3,code_switching,-0.0039,0.0112,20,0
11,mlp_out,tr,tier_3,code_switching,-0.0067,0.0187,20,0
12,residual,tr,tier_3,code_switching,0.0519,0.0837,20,0
12,attn_out,tr,tier_3,code_switching,-0.0007,0.01,20,0
12,mlp_out,tr,tier_3,code_switching,0.0132,0.0124,20,0
13,residual,tr,tier_3,code_switching,0.0482,0.069,20,0
13,attn_out,tr,tier_3,code_switching,0.001,0.002,20,0
13,mlp_out,tr,tier_3,code_switching,0.0017,0.0078,20,0
14,residual,tr,tier_3,code_switching,0.037,0.0506,20,0
14,attn_out,tr,tier_3,code_switching,0.0034,0.0031,20,0
14,mlp_out,tr,tier_3,code_switching,0.008,0.0149,20,0
15,residual,tr,tier_3,code_switching,0.0316,0.0323,20,0
15,attn_out,tr,tier_3,code_switching,0.0017,0.0017,20,0
15,mlp_out,tr,tier_3,code_switching,0.007,0.0061,20,0
16,residual,tr,tier_3,code_switching,0.0226,0.0303,20,0
16,attn_out,tr,tier_3,code_switching,-0.0068,0.0077,20,0
16,mlp_out,tr,tier_3,code_switching,-0.0057,0.0055,20,0
17,residual,tr,tier_3,code_switching,0.026,0.0229,20,0
17,attn_out,tr,tier_3,code_switching,0.0027,0.002,20,0
17,mlp_out,tr,tier_3,code_switching,0.0065,0.0101,20,0
18,residual,tr,tier_3,code_switching,0.0234,0.0211,20,0
18,attn_out,tr,tier_3,code_switching,0.0011,0.0017,20,0
18,mlp_out,tr,tier_3,code_switching,0.0017,0.0039,20,0
19,residual,tr,tier_3,code_switching,0.0218,0.0215,20,0
19,attn_out,tr,tier_3,code_switching,-0.0009,0.0009,20,0
19,mlp_out,tr,tier_3,code_switching,0.0027,0.0042,20,0
20,residual,tr,tier_3,code_switching,0.0263,0.0235,20,0
20,attn_out,tr,tier_3,code_switching,-0.0006,0.0011,20,0
20,mlp_out,tr,tier_3,code_switching,0.0012,0.0039,20,0
21,residual,tr,tier_3,code_switching,0.023,0.0226,20,0
21,attn_out,tr,tier_3,code_switching,0.001,0.0021,20,0
21,mlp_out,tr,tier_3,code_switching,-0.0022,0.0046,20,0
22,residual,tr,tier_3,code_switching,0.0223,0.0192,20,0
22,attn_out,tr,tier_3,code_switching,0.0003,0.0003,20,0
22,mlp_out,tr,tier_3,code_switching,0.0007,0.0029,20,0
23,residual,tr,tier_3,code_switching,0.024,0.0172,20,0
23,attn_out,tr,tier_3,code_switching,0.0001,0.0007,20,0
23,mlp_out,tr,tier_3,code_switching,0.0021,0.0022,20,0
24,residual,tr,tier_3,code_switching,0.0095,0.0075,20,0
24,attn_out,tr,tier_3,code_switching,0.0007,0.0013,20,0
24,mlp_out,tr,tier_3,code_switching,0.0024,0.0024,20,0
25,residual,tr,tier_3,code_switching,0.0073,0.0079,20,0
25,attn_out,tr,tier_3,code_switching,0.0002,0.0004,20,0
25,mlp_out,tr,tier_3,code_switching,0.0001,0.0025,20,0
26,residual,tr,tier_3,code_switching,0.009,0.0104,20,0
26,attn_out,tr,tier_3,code_switching,0.0008,0.0011,20,0
26,mlp_out,tr,tier_3,code_switching,0.0,0.0025,20,0
27,residual,tr,tier_3,code_switching,0.0074,0.0092,20,0
27,attn_out,tr,tier_3,code_switching,0.0006,0.0005,20,0
27,mlp_out,tr,tier_3,code_switching,0.0032,0.0033,20,0
28,residual,tr,tier_3,code_switching,0.0068,0.0099,20,0
28,attn_out,tr,tier_3,code_switching,0.0001,0.0004,20,0
28,mlp_out,tr,tier_3,code_switching,0.0022,0.0022,20,0
29,residual,tr,tier_3,code_switching,0.0056,0.0075,20,0
29,attn_out,tr,tier_3,code_switching,0.0008,0.0008,20,0
29,mlp_out,tr,tier_3,code_switching,-0.0012,0.0033,20,0
30,residual,tr,tier_3,code_switching,-0.0008,0.0016,20,0
30,attn_out,tr,tier_3,code_switching,-0.0001,0.0002,20,0
30,mlp_out,tr,tier_3,code_switching,-0.0001,0.0006,20,0
31,residual,tr,tier_3,code_switching,0.0,0.0,20,0
31,attn_out,tr,tier_3,code_switching,0.0,0.0,20,0
31,mlp_out,tr,tier_3,code_switching,0.0,0.0,20,0
0,residual,id,tier_3,code_switching,0.2903,0.2566,20,0
0,attn_out,id,tier_3,code_switching,-0.003,0.1457,20,0
0,mlp_out,id,tier_3,code_switching,0.3034,0.4055,20,0
1,residual,id,tier_3,code_switching,0.3057,0.23,20,0
1,attn_out,id,tier_3,code_switching,-0.0145,0.0463,20,0
1,mlp_out,id,tier_3,code_switching,0.006,0.1007,20,0
2,residual,id,tier_3,code_switching,0.3032,0.221,20,0
2,attn_out,id,tier_3,code_switching,0.028,0.0421,20,0
2,mlp_out,id,tier_3,code_switching,0.2617,0.2524,20,0
3,residual,id,tier_3,code_switching,0.3205,0.2284,20,0
3,attn_out,id,tier_3,code_switching,0.0386,0.0382,20,0
3,mlp_out,id,tier_3,code_switching,0.1771,0.1885,20,0
4,residual,id,tier_3,code_switching,0.3164,0.2497,20,0
4,attn_out,id,tier_3,code_switching,-0.0184,0.0814,20,0
4,mlp_out,id,tier_3,code_switching,0.2019,0.3367,20,0
5,residual,id,tier_3,code_switching,0.2958,0.2436,20,0
5,attn_out,id,tier_3,code_switching,0.0188,0.0211,20,0
5,mlp_out,id,tier_3,code_switching,0.1951,0.3082,20,0
6,residual,id,tier_3,code_switching,0.206,0.197,20,0
6,attn_out,id,tier_3,code_switching,-0.022,0.0237,20,0
6,mlp_out,id,tier_3,code_switching,0.1055,0.0991,20,0
7,residual,id,tier_3,code_switching,0.1496,0.1791,20,0
7,attn_out,id,tier_3,code_switching,0.0155,0.0251,20,0
7,mlp_out,id,tier_3,code_switching,0.1191,0.1971,20,0
8,residual,id,tier_3,code_switching,0.1031,0.19,20,0
8,attn_out,id,tier_3,code_switching,-0.0024,0.0032,20,0
8,mlp_out,id,tier_3,code_switching,-0.0459,0.0943,20,0
9,residual,id,tier_3,code_switching,0.0963,0.1959,20,0
9,attn_out,id,tier_3,code_switching,-0.0014,0.0167,20,0
9,mlp_out,id,tier_3,code_switching,0.0291,0.0342,20,0
10,residual,id,tier_3,code_switching,0.07,0.1868,20,0
10,attn_out,id,tier_3,code_switching,0.001,0.0075,20,0
10,mlp_out,id,tier_3,code_switching,0.003,0.0152,20,0
11,residual,id,tier_3,code_switching,0.0616,0.169,20,0
11,attn_out,id,tier_3,code_switching,0.0033,0.0108,20,0
11,mlp_out,id,tier_3,code_switching,-0.0197,0.0362,20,0
12,residual,id,tier_3,code_switching,0.0801,0.1872,20,0
12,attn_out,id,tier_3,code_switching,0.0166,0.0323,20,0
12,mlp_out,id,tier_3,code_switching,0.0018,0.0264,20,0
13,residual,id,tier_3,code_switching,0.0531,0.1477,20,0
13,attn_out,id,tier_3,code_switching,0.0,0.002,20,0
13,mlp_out,id,tier_3,code_switching,-0.0098,0.0203,20,0
14,residual,id,tier_3,code_switching,0.0587,0.1593,20,0
14,attn_out,id,tier_3,code_switching,-0.0002,0.0094,20,0
14,mlp_out,id,tier_3,code_switching,-0.0176,0.0329,20,0
15,residual,id,tier_3,code_switching,0.0388,0.0908,20,0
15,attn_out,id,tier_3,code_switching,-0.0011,0.0031,20,0
15,mlp_out,id,tier_3,code_switching,0.0051,0.0179,20,0
16,residual,id,tier_3,code_switching,0.0198,0.0773,20,0
16,attn_out,id,tier_3,code_switching,-0.0127,0.0199,20,0
16,mlp_out,id,tier_3,code_switching,0.0018,0.006,20,0
17,residual,id,tier_3,code_switching,0.0172,0.0601,20,0
17,attn_out,id,tier_3,code_switching,0.0073,0.0172,20,0
17,mlp_out,id,tier_3,code_switching,-0.0071,0.0154,20,0
18,residual,id,tier_3,code_switching,0.0121,0.0392,20,0
18,attn_out,id,tier_3,code_switching,-0.0001,0.002,20,0
18,mlp_out,id,tier_3,code_switching,0.006,0.0146,20,0
19,residual,id,tier_3,code_switching,0.0086,0.0296,20,0
19,attn_out,id,tier_3,code_switching,-0.0014,0.0009,20,0
19,mlp_out,id,tier_3,code_switching,0.0019,0.0066,20,0
20,residual,id,tier_3,code_switching,0.0042,0.0267,20,0
20,attn_out,id,tier_3,code_switching,0.0004,0.0006,20,0
20,mlp_out,id,tier_3,code_switching,0.0066,0.0117,20,0
21,residual,id,tier_3,code_switching,0.0013,0.0224,20,0
21,attn_out,id,tier_3,code_switching,0.0017,0.0021,20,0
21,mlp_out,id,tier_3,code_switching,-0.0013,0.0059,20,0
22,residual,id,tier_3,code_switching,0.0017,0.0216,20,0
22,attn_out,id,tier_3,code_switching,-0.001,0.0027,20,0
22,mlp_out,id,tier_3,code_switching,-0.0038,0.0055,20,0
23,residual,id,tier_3,code_switching,0.0032,0.0248,20,0
23,attn_out,id,tier_3,code_switching,-0.0002,0.0007,20,0
23,mlp_out,id,tier_3,code_switching,-0.0037,0.0043,20,0
24,residual,id,tier_3,code_switching,-0.0073,0.0092,20,0
24,attn_out,id,tier_3,code_switching,-0.0,0.0011,20,0
24,mlp_out,id,tier_3,code_switching,-0.002,0.0035,20,0
25,residual,id,tier_3,code_switching,-0.0123,0.0125,20,0
25,attn_out,id,tier_3,code_switching,-0.0004,0.0008,20,0
25,mlp_out,id,tier_3,code_switching,0.0002,0.0015,20,0
26,residual,id,tier_3,code_switching,-0.0109,0.0099,20,0
26,attn_out,id,tier_3,code_switching,0.0001,0.0009,20,0
26,mlp_out,id,tier_3,code_switching,0.0018,0.0039,20,0
27,residual,id,tier_3,code_switching,-0.003,0.0098,20,0
27,attn_out,id,tier_3,code_switching,0.0005,0.001,20,0
27,mlp_out,id,tier_3,code_switching,0.0011,0.0032,20,0
28,residual,id,tier_3,code_switching,-0.0066,0.0092,20,0
28,attn_out,id,tier_3,code_switching,-0.0001,0.0008,20,0
28,mlp_out,id,tier_3,code_switching,-0.003,0.0042,20,0
29,residual,id,tier_3,code_switching,-0.0055,0.0068,20,0
29,attn_out,id,tier_3,code_switching,-0.0016,0.0013,20,0
29,mlp_out,id,tier_3,code_switching,0.0002,0.0044,20,0
30,residual,id,tier_3,code_switching,0.0004,0.0031,20,0
30,attn_out,id,tier_3,code_switching,-0.0006,0.0004,20,0
30,mlp_out,id,tier_3,code_switching,-0.0012,0.001,20,0
31,residual,id,tier_3,code_switching,0.0,0.0,20,0
31,attn_out,id,tier_3,code_switching,0.0,0.0,20,0
31,mlp_out,id,tier_3,code_switching,0.0,0.0,20,0
0,residual,hi,tier_3,code_switching,0.0227,0.0438,20,0
0,attn_out,hi,tier_3,code_switching,-0.0029,0.0511,20,0
0,mlp_out,hi,tier_3,code_switching,0.0237,0.0402,20,0
1,residual,hi,tier_3,code_switching,0.0336,0.0608,20,0
1,attn_out,hi,tier_3,code_switching,-0.0052,0.0539,20,0
1,mlp_out,hi,tier_3,code_switching,0.0279,0.0519,20,0
2,residual,hi,tier_3,code_switching,0.0245,0.0665,20,0
2,attn_out,hi,tier_3,code_switching,0.0005,0.0125,20,0
2,mlp_out,hi,tier_3,code_switching,0.0375,0.0352,20,0
3,residual,hi,tier_3,code_switching,0.0321,0.0781,20,0
3,attn_out,hi,tier_3,code_switching,0.018,0.0286,20,0
3,mlp_out,hi,tier_3,code_switching,0.035,0.0341,20,0
4,residual,hi,tier_3,code_switching,0.0384,0.0906,20,0
4,attn_out,hi,tier_3,code_switching,-0.0025,0.0228,20,0
4,mlp_out,hi,tier_3,code_switching,0.0435,0.0315,20,0
5,residual,hi,tier_3,code_switching,0.0448,0.0885,20,0
5,attn_out,hi,tier_3,code_switching,-0.006,0.0205,20,0
5,mlp_out,hi,tier_3,code_switching,0.0285,0.0341,20,0
6,residual,hi,tier_3,code_switching,0.054,0.0899,20,0
6,attn_out,hi,tier_3,code_switching,-0.0043,0.0121,20,0
6,mlp_out,hi,tier_3,code_switching,0.0008,0.0254,20,0
7,residual,hi,tier_3,code_switching,0.0599,0.089,20,0
7,attn_out,hi,tier_3,code_switching,-0.0188,0.0344,20,0
7,mlp_out,hi,tier_3,code_switching,0.0129,0.0199,20,0
8,residual,hi,tier_3,code_switching,0.0584,0.0648,20,0
8,attn_out,hi,tier_3,code_switching,-0.0026,0.012,20,0
8,mlp_out,hi,tier_3,code_switching,-0.0052,0.014,20,0
9,residual,hi,tier_3,code_switching,0.0599,0.0588,20,0
9,attn_out,hi,tier_3,code_switching,0.0074,0.0186,20,0
9,mlp_out,hi,tier_3,code_switching,-0.0122,0.0057,20,0
10,residual,hi,tier_3,code_switching,0.0649,0.056,20,0
10,attn_out,hi,tier_3,code_switching,-0.0032,0.0067,20,0
10,mlp_out,hi,tier_3,code_switching,-0.0099,0.0161,20,0
11,residual,hi,tier_3,code_switching,0.0702,0.0547,20,0
11,attn_out,hi,tier_3,code_switching,0.0107,0.0071,20,0
11,mlp_out,hi,tier_3,code_switching,-0.0072,0.0162,20,0
12,residual,hi,tier_3,code_switching,0.0422,0.0323,20,0
12,attn_out,hi,tier_3,code_switching,0.0,0.0052,20,0
12,mlp_out,hi,tier_3,code_switching,0.0021,0.0054,20,0
13,residual,hi,tier_3,code_switching,0.0319,0.0264,20,0
13,attn_out,hi,tier_3,code_switching,-0.0048,0.0033,20,0
13,mlp_out,hi,tier_3,code_switching,-0.0022,0.0085,20,0
14,residual,hi,tier_3,code_switching,0.0338,0.0279,20,0
14,attn_out,hi,tier_3,code_switching,0.0027,0.0048,20,0
14,mlp_out,hi,tier_3,code_switching,0.0033,0.0065,20,0
15,residual,hi,tier_3,code_switching,0.0267,0.0248,20,0
15,attn_out,hi,tier_3,code_switching,0.0009,0.0045,20,0
15,mlp_out,hi,tier_3,code_switching,0.007,0.005,20,0
16,residual,hi,tier_3,code_switching,0.0216,0.0229,20,0
16,attn_out,hi,tier_3,code_switching,-0.001,0.0046,20,0
16,mlp_out,hi,tier_3,code_switching,-0.0005,0.01,20,0
17,residual,hi,tier_3,code_switching,0.0151,0.0163,20,0
17,attn_out,hi,tier_3,code_switching,0.0036,0.0036,20,0
17,mlp_out,hi,tier_3,code_switching,0.0029,0.0053,20,0
18,residual,hi,tier_3,code_switching,0.014,0.0168,20,0
18,attn_out,hi,tier_3,code_switching,0.0019,0.0009,20,0
18,mlp_out,hi,tier_3,code_switching,0.0015,0.0056,20,0
19,residual,hi,tier_3,code_switching,0.0126,0.0166,20,0
19,attn_out,hi,tier_3,code_switching,0.0001,0.0004,20,0
19,mlp_out,hi,tier_3,code_switching,0.0033,0.0029,20,0
20,residual,hi,tier_3,code_switching,0.0096,0.0125,20,0
20,attn_out,hi,tier_3,code_switching,0.0008,0.0009,20,0
20,mlp_out,hi,tier_3,code_switching,0.0021,0.0031,20,0
21,residual,hi,tier_3,code_switching,0.0087,0.0128,20,0
21,attn_out,hi,tier_3,code_switching,0.0013,0.0027,20,0
21,mlp_out,hi,tier_3,code_switching,0.0007,0.0023,20,0
22,residual,hi,tier_3,code_switching,0.0096,0.0143,20,0
22,attn_out,hi,tier_3,code_switching,0.0004,0.0021,20,0
22,mlp_out,hi,tier_3,code_switching,0.0018,0.0032,20,0
23,residual,hi,tier_3,code_switching,0.0088,0.014,20,0
23,attn_out,hi,tier_3,code_switching,0.0007,0.0013,20,0
23,mlp_out,hi,tier_3,code_switching,0.0038,0.0036,20,0
24,residual,hi,tier_3,code_switching,0.0071,0.0109,20,0
24,attn_out,hi,tier_3,code_switching,0.0001,0.0014,20,0
24,mlp_out,hi,tier_3,code_switching,0.0019,0.0019,20,0
25,residual,hi,tier_3,code_switching,0.0049,0.0101,20,0
25,attn_out,hi,tier_3,code_switching,0.0007,0.0008,20,0
25,mlp_out,hi,tier_3,code_switching,0.0007,0.0012,20,0
26,residual,hi,tier_3,code_switching,0.0053,0.0071,20,0
26,attn_out,hi,tier_3,code_switching,0.0006,0.0019,20,0
26,mlp_out,hi,tier_3,code_switching,0.0012,0.0033,20,0
27,residual,hi,tier_3,code_switching,0.0024,0.0056,20,0
27,attn_out,hi,tier_3,code_switching,-0.0001,0.0004,20,0
27,mlp_out,hi,tier_3,code_switching,0.0009,0.0017,20,0
28,residual,hi,tier_3,code_switching,0.0011,0.0063,20,0
28,attn_out,hi,tier_3,code_switching,0.0001,0.0008,20,0
28,mlp_out,hi,tier_3,code_switching,-0.0001,0.0016,20,0
29,residual,hi,tier_3,code_switching,0.0009,0.002,20,0
29,attn_out,hi,tier_3,code_switching,0.0003,0.0011,20,0
29,mlp_out,hi,tier_3,code_switching,-0.0056,0.0054,20,0
30,residual,hi,tier_3,code_switching,-0.0028,0.0015,20,0
30,attn_out,hi,tier_3,code_switching,-0.0015,0.0009,20,0
30,mlp_out,hi,tier_3,code_switching,0.0003,0.0007,20,0
31,residual,hi,tier_3,code_switching,0.0,0.0,20,0
31,attn_out,hi,tier_3,code_switching,0.0,0.0,20,0
31,mlp_out,hi,tier_3,code_switching,0.0,0.0,20,0
0,residual,sw,tier_3,code_switching,0.1193,0.1356,20,0
0,attn_out,sw,tier_3,code_switching,0.0574,0.0349,20,0
0,mlp_out,sw,tier_3,code_switching,0.1062,0.1609,20,0
1,residual,sw,tier_3,code_switching,0.1856,0.2046,20,0
1,attn_out,sw,tier_3,code_switching,0.086,0.0445,20,0
1,mlp_out,sw,tier_3,code_switching,0.0782,0.0466,20,0
2,residual,sw,tier_3,code_switching,0.1541,0.1773,20,0
2,attn_out,sw,tier_3,code_switching,0.0065,0.0238,20,0
2,mlp_out,sw,tier_3,code_switching,0.0986,0.138,20,0
3,residual,sw,tier_3,code_switching,0.1396,0.1993,20,0
3,attn_out,sw,tier_3,code_switching,0.029,0.0365,20,0
3,mlp_out,sw,tier_3,code_switching,0.0307,0.042,20,0
4,residual,sw,tier_3,code_switching,0.0824,0.216,20,0
4,attn_out,sw,tier_3,code_switching,0.0326,0.0328,20,0
4,mlp_out,sw,tier_3,code_switching,-0.0211,0.0646,20,0
5,residual,sw,tier_3,code_switching,0.0747,0.2036,20,0
5,attn_out,sw,tier_3,code_switching,-0.0064,0.0484,20,0
5,mlp_out,sw,tier_3,code_switching,0.0377,0.0923,20,0
6,residual,sw,tier_3,code_switching,0.0353,0.1261,20,0
6,attn_out,sw,tier_3,code_switching,0.0089,0.0407,20,0
6,mlp_out,sw,tier_3,code_switching,-0.0468,0.0522,20,0
7,residual,sw,tier_3,code_switching,0.0206,0.097,20,0
7,attn_out,sw,tier_3,code_switching,-0.0334,0.0216,20,0
7,mlp_out,sw,tier_3,code_switching,-0.0242,0.0361,20,0
8,residual,sw,tier_3,code_switching,-0.0282,0.0796,20,0
8,attn_out,sw,tier_3,code_switching,0.0081,0.0303,20,0
8,mlp_out,sw,tier_3,code_switching,0.0019,0.0122,20,0
9,residual,sw,tier_3,code_switching,-0.0458,0.0235,20,0
9,attn_out,sw,tier_3,code_switching,0.0081,0.0223,20,0
9,mlp_out,sw,tier_3,code_switching,-0.0067,0.0129,20,0
10,residual,sw,tier_3,code_switching,-0.0823,0.0513,20,0
10,attn_out,sw,tier_3,code_switching,0.001,0.0083,20,0
10,mlp_out,sw,tier_3,code_switching,-0.0124,0.0127,20,0
11,residual,sw,tier_3,code_switching,-0.0749,0.0491,20,0
11,attn_out,sw,tier_3,code_switching,0.0076,0.0103,20,0
11,mlp_out,sw,tier_3,code_switching,-0.0515,0.058,20,0
12,residual,sw,tier_3,code_switching,-0.0797,0.0655,20,0
12,attn_out,sw,tier_3,code_switching,-0.0008,0.0119,20,0
12,mlp_out,sw,tier_3,code_switching,-0.0064,0.0178,20,0
13,residual,sw,tier_3,code_switching,-0.0829,0.0997,20,0
13,attn_out,sw,tier_3,code_switching,0.0016,0.0046,20,0
13,mlp_out,sw,tier_3,code_switching,-0.0089,0.0157,20,0
14,residual,sw,tier_3,code_switching,-0.0573,0.0809,20,0
14,attn_out,sw,tier_3,code_switching,0.0021,0.0075,20,0
14,mlp_out,sw,tier_3,code_switching,-0.0151,0.0114,20,0
15,residual,sw,tier_3,code_switching,-0.0255,0.0365,20,0
15,attn_out,sw,tier_3,code_switching,-0.0013,0.002,20,0
15,mlp_out,sw,tier_3,code_switching,-0.0058,0.003,20,0
16,residual,sw,tier_3,code_switching,-0.0103,0.0293,20,0
16,attn_out,sw,tier_3,code_switching,-0.0006,0.0109,20,0
16,mlp_out,sw,tier_3,code_switching,0.0073,0.0129,20,0
17,residual,sw,tier_3,code_switching,-0.008,0.0159,20,0
17,attn_out,sw,tier_3,code_switching,-0.0008,0.0031,20,0
17,mlp_out,sw,tier_3,code_switching,-0.0053,0.0079,20,0
18,residual,sw,tier_3,code_switching,-0.0046,0.0186,20,0
18,attn_out,sw,tier_3,code_switching,-0.0007,0.0005,20,0
18,mlp_out,sw,tier_3,code_switching,0.0033,0.0044,20,0
19,residual,sw,tier_3,code_switching,-0.0027,0.0199,20,0
19,attn_out,sw,tier_3,code_switching,0.0001,0.0011,20,0
19,mlp_out,sw,tier_3,code_switching,-0.0006,0.0046,20,0
20,residual,sw,tier_3,code_switching,-0.0014,0.0194,20,0
20,attn_out,sw,tier_3,code_switching,-0.0006,0.0023,20,0
20,mlp_out,sw,tier_3,code_switching,0.0005,0.002,20,0
21,residual,sw,tier_3,code_switching,-0.0019,0.0202,20,0
21,attn_out,sw,tier_3,code_switching,-0.0001,0.0007,20,0
21,mlp_out,sw,tier_3,code_switching,0.0035,0.0056,20,0
22,residual,sw,tier_3,code_switching,0.0022,0.0137,20,0
22,attn_out,sw,tier_3,code_switching,-0.0013,0.0009,20,0
22,mlp_out,sw,tier_3,code_switching,0.0004,0.008,20,0
23,residual,sw,tier_3,code_switching,0.0039,0.0163,20,0
23,attn_out,sw,tier_3,code_switching,-0.0005,0.0008,20,0
23,mlp_out,sw,tier_3,code_switching,0.0026,0.0039,20,0
24,residual,sw,tier_3,code_switching,-0.0029,0.0074,20,0
24,attn_out,sw,tier_3,code_switching,0.0023,0.0031,20,0
24,mlp_out,sw,tier_3,code_switching,0.0003,0.0036,20,0
25,residual,sw,tier_3,code_switching,-0.0017,0.0094,20,0
25,attn_out,sw,tier_3,code_switching,-0.0008,0.0009,20,0
25,mlp_out,sw,tier_3,code_switching,0.0021,0.0032,20,0
26,residual,sw,tier_3,code_switching,-0.0032,0.0086,20,0
26,attn_out,sw,tier_3,code_switching,-0.0009,0.0008,20,0
26,mlp_out,sw,tier_3,code_switching,-0.001,0.0035,20,0
27,residual,sw,tier_3,code_switching,-0.0015,0.0065,20,0
27,attn_out,sw,tier_3,code_switching,0.0003,0.0004,20,0
27,mlp_out,sw,tier_3,code_switching,0.0051,0.0037,20,0
28,residual,sw,tier_3,code_switching,-0.0009,0.0059,20,0
28,attn_out,sw,tier_3,code_switching,-0.0002,0.0013,20,0
28,mlp_out,sw,tier_3,code_switching,-0.0011,0.0021,20,0
29,residual,sw,tier_3,code_switching,-0.0046,0.0058,20,0
29,attn_out,sw,tier_3,code_switching,-0.0007,0.0006,20,0
29,mlp_out,sw,tier_3,code_switching,-0.0011,0.0016,20,0
30,residual,sw,tier_3,code_switching,-0.0009,0.0022,20,0
30,attn_out,sw,tier_3,code_switching,-0.0007,0.0004,20,0
30,mlp_out,sw,tier_3,code_switching,-0.0017,0.0017,20,0
31,residual,sw,tier_3,code_switching,0.0,0.0,20,0
31,attn_out,sw,tier_3,code_switching,0.0,0.0,20,0
31,mlp_out,sw,tier_3,code_switching,0.0,0.0,20,0
0,residual,yo,tier_4,code_switching,0.0457,0.0945,20,0
0,attn_out,yo,tier_4,code_switching,0.1112,0.1795,20,0
0,mlp_out,yo,tier_4,code_switching,0.0409,0.09,20,0
1,residual,yo,tier_4,code_switching,0.0152,0.138,20,0
1,attn_out,yo,tier_4,code_switching,0.0061,0.129,20,0
1,mlp_out,yo,tier_4,code_switching,0.0712,0.0889,20,0
2,residual,yo,tier_4,code_switching,-0.0286,0.1525,20,0
2,attn_out,yo,tier_4,code_switching,-0.0192,0.0422,20,0
2,mlp_out,yo,tier_4,code_switching,0.058,0.1195,20,0
3,residual,yo,tier_4,code_switching,0.0231,0.1348,20,0
3,attn_out,yo,tier_4,code_switching,-0.0494,0.0839,20,0
3,mlp_out,yo,tier_4,code_switching,-0.0875,0.1329,20,0
4,residual,yo,tier_4,code_switching,-0.0854,0.3018,20,0
4,attn_out,yo,tier_4,code_switching,-0.0531,0.0705,20,0
4,mlp_out,yo,tier_4,code_switching,-0.0161,0.0179,20,0
5,residual,yo,tier_4,code_switching,-0.108,0.3819,20,0
5,attn_out,yo,tier_4,code_switching,-0.0372,0.0823,20,0
5,mlp_out,yo,tier_4,code_switching,-0.0582,0.076,20,0
6,residual,yo,tier_4,code_switching,-0.2008,0.4597,20,0
6,attn_out,yo,tier_4,code_switching,0.0159,0.029,20,0
6,mlp_out,yo,tier_4,code_switching,0.006,0.0257,20,0
7,residual,yo,tier_4,code_switching,-0.2101,0.502,20,0
7,attn_out,yo,tier_4,code_switching,-0.0587,0.1652,20,0
7,mlp_out,yo,tier_4,code_switching,-0.0867,0.1589,20,0
8,residual,yo,tier_4,code_switching,-0.2907,0.5582,20,0
8,attn_out,yo,tier_4,code_switching,0.0287,0.0369,20,0
8,mlp_out,yo,tier_4,code_switching,0.0261,0.026,20,0
9,residual,yo,tier_4,code_switching,-0.2378,0.4549,20,0
9,attn_out,yo,tier_4,code_switching,-0.0276,0.0413,20,0
9,mlp_out,yo,tier_4,code_switching,0.011,0.0202,20,0
10,residual,yo,tier_4,code_switching,-0.2835,0.5197,20,0
10,attn_out,yo,tier_4,code_switching,0.0042,0.0096,20,0
10,mlp_out,yo,tier_4,code_switching,-0.01,0.011,20,0
11,residual,yo,tier_4,code_switching,-0.3253,0.5616,20,0
11,attn_out,yo,tier_4,code_switching,0.0162,0.016,20,0
11,mlp_out,yo,tier_4,code_switching,-0.0482,0.132,20,0
12,residual,yo,tier_4,code_switching,-0.1999,0.3192,20,0
12,attn_out,yo,tier_4,code_switching,0.0015,0.0152,20,0
12,mlp_out,yo,tier_4,code_switching,-0.0509,0.0772,20,0
13,residual,yo,tier_4,code_switching,-0.178,0.2786,20,0
13,attn_out,yo,tier_4,code_switching,0.0063,0.0087,20,0
13,mlp_out,yo,tier_4,code_switching,0.0158,0.0203,20,0
14,residual,yo,tier_4,code_switching,-0.1873,0.3058,20,0
14,attn_out,yo,tier_4,code_switching,0.0038,0.0056,20,0
14,mlp_out,yo,tier_4,code_switching,-0.0096,0.0353,20,0
15,residual,yo,tier_4,code_switching,-0.1331,0.2101,20,0
15,attn_out,yo,tier_4,code_switching,-0.0186,0.0318,20,0
15,mlp_out,yo,tier_4,code_switching,-0.0081,0.0241,20,0
16,residual,yo,tier_4,code_switching,-0.0946,0.1542,20,0
16,attn_out,yo,tier_4,code_switching,-0.0122,0.0197,20,0
16,mlp_out,yo,tier_4,code_switching,0.0195,0.0352,20,0
17,residual,yo,tier_4,code_switching,-0.0719,0.1169,20,0
17,attn_out,yo,tier_4,code_switching,-0.0046,0.0125,20,0
17,mlp_out,yo,tier_4,code_switching,0.0055,0.0058,20,0
18,residual,yo,tier_4,code_switching,-0.0443,0.0699,20,0
18,attn_out,yo,tier_4,code_switching,-0.0023,0.0053,20,0
18,mlp_out,yo,tier_4,code_switching,0.0138,0.0226,20,0
19,residual,yo,tier_4,code_switching,-0.0394,0.0637,20,0
19,attn_out,yo,tier_4,code_switching,-0.0001,0.0019,20,0
19,mlp_out,yo,tier_4,code_switching,-0.0104,0.0147,20,0
20,residual,yo,tier_4,code_switching,-0.0379,0.0689,20,0
20,attn_out,yo,tier_4,code_switching,-0.0009,0.0027,20,0
20,mlp_out,yo,tier_4,code_switching,0.0045,0.0029,20,0
21,residual,yo,tier_4,code_switching,-0.0334,0.0648,20,0
21,attn_out,yo,tier_4,code_switching,-0.0033,0.0054,20,0
21,mlp_out,yo,tier_4,code_switching,-0.004,0.0138,20,0
22,residual,yo,tier_4,code_switching,-0.0322,0.0606,20,0
22,attn_out,yo,tier_4,code_switching,-0.0008,0.0018,20,0
22,mlp_out,yo,tier_4,code_switching,-0.004,0.0087,20,0
23,residual,yo,tier_4,code_switching,-0.0399,0.0759,20,0
23,attn_out,yo,tier_4,code_switching,-0.0026,0.004,20,0
23,mlp_out,yo,tier_4,code_switching,-0.0079,0.0153,20,0
24,residual,yo,tier_4,code_switching,-0.044,0.0769,20,0
24,attn_out,yo,tier_4,code_switching,0.0059,0.0078,20,0
24,mlp_out,yo,tier_4,code_switching,-0.0164,0.0309,20,0
25,residual,yo,tier_4,code_switching,-0.0411,0.0735,20,0
25,attn_out,yo,tier_4,code_switching,0.0016,0.003,20,0
25,mlp_out,yo,tier_4,code_switching,-0.0007,0.0053,20,0
26,residual,yo,tier_4,code_switching,-0.0439,0.0779,20,0
26,attn_out,yo,tier_4,code_switching,-0.0001,0.0024,20,0
26,mlp_out,yo,tier_4,code_switching,-0.0011,0.0081,20,0
27,residual,yo,tier_4,code_switching,-0.0399,0.0731,20,0
27,attn_out,yo,tier_4,code_switching,-0.0004,0.0025,20,0
27,mlp_out,yo,tier_4,code_switching,0.0007,0.0042,20,0
28,residual,yo,tier_4,code_switching,-0.0331,0.0673,20,0
28,attn_out,yo,tier_4,code_switching,-0.0026,0.0049,20,0
28,mlp_out,yo,tier_4,code_switching,-0.0006,0.0075,20,0
29,residual,yo,tier_4,code_switching,0.0044,0.0067,20,0
29,attn_out,yo,tier_4,code_switching,-0.0001,0.0007,20,0
29,mlp_out,yo,tier_4,code_switching,-0.0033,0.0075,20,0
30,residual,yo,tier_4,code_switching,0.0009,0.001,20,0
30,attn_out,yo,tier_4,code_switching,0.0004,0.001,20,0
30,mlp_out,yo,tier_4,code_switching,-0.0007,0.0019,20,0
31,residual,yo,tier_4,code_switching,0.0,0.0,20,0
31,attn_out,yo,tier_4,code_switching,0.0,0.0,20,0
31,mlp_out,yo,tier_4,code_switching,0.0,0.0,20,0
0,residual,zu,tier_4,code_switching,0.0912,0.0966,20,0
0,attn_out,zu,tier_4,code_switching,0.0272,0.0692,20,0
0,mlp_out,zu,tier_4,code_switching,0.0191,0.0326,20,0
1,residual,zu,tier_4,code_switching,0.1146,0.1171,20,0
1,attn_out,zu,tier_4,code_switching,0.0056,0.0195,20,0
1,mlp_out,zu,tier_4,code_switching,0.0239,0.0417,20,0
2,residual,zu,tier_4,code_switching,0.0703,0.0605,20,0
2,attn_out,zu,tier_4,code_switching,-0.0049,0.0214,20,0
2,mlp_out,zu,tier_4,code_switching,-0.0147,0.0853,20,0
3,residual,zu,tier_4,code_switching,0.1657,0.1599,20,0
3,attn_out,zu,tier_4,code_switching,0.016,0.0236,20,0
3,mlp_out,zu,tier_4,code_switching,0.0208,0.024,20,0
4,residual,zu,tier_4,code_switching,0.1428,0.1609,20,0
4,attn_out,zu,tier_4,code_switching,0.0024,0.0272,20,0
4,mlp_out,zu,tier_4,code_switching,0.0004,0.0536,20,0
5,residual,zu,tier_4,code_switching,0.1533,0.1467,20,0
5,attn_out,zu,tier_4,code_switching,0.0007,0.003,20,0
5,mlp_out,zu,tier_4,code_switching,0.0038,0.0478,20,0
6,residual,zu,tier_4,code_switching,0.089,0.0733,20,0
6,attn_out,zu,tier_4,code_switching,-0.0041,0.01,20,0
6,mlp_out,zu,tier_4,code_switching,0.0058,0.0145,20,0
7,residual,zu,tier_4,code_switching,0.0834,0.0481,20,0
7,attn_out,zu,tier_4,code_switching,-0.0145,0.0235,20,0
7,mlp_out,zu,tier_4,code_switching,-0.0199,0.0319,20,0
8,residual,zu,tier_4,code_switching,0.0214,0.0409,20,0
8,attn_out,zu,tier_4,code_switching,0.0083,0.0109,20,0
8,mlp_out,zu,tier_4,code_switching,0.0125,0.0039,20,0
9,residual,zu,tier_4,code_switching,-0.0004,0.0375,20,0
9,attn_out,zu,tier_4,code_switching,-0.0024,0.003,20,0
9,mlp_out,zu,tier_4,code_switching,0.0062,0.0093,20,0
10,residual,zu,tier_4,code_switching,-0.0324,0.0611,20,0
10,attn_out,zu,tier_4,code_switching,-0.0001,0.0026,20,0
10,mlp_out,zu,tier_4,code_switching,-0.0017,0.007,20,0
11,residual,zu,tier_4,code_switching,-0.0284,0.0616,20,0
11,attn_out,zu,tier_4,code_switching,0.0041,0.0095,20,0
11,mlp_out,zu,tier_4,code_switching,-0.0051,0.0115,20,0
12,residual,zu,tier_4,code_switching,-0.0202,0.0321,20,0
12,attn_out,zu,tier_4,code_switching,0.0034,0.0044,20,0
12,mlp_out,zu,tier_4,code_switching,-0.0076,0.0121,20,0
13,residual,zu,tier_4,code_switching,-0.0137,0.0273,20,0
13,attn_out,zu,tier_4,code_switching,-0.0011,0.004,20,0
13,mlp_out,zu,tier_4,code_switching,-0.0166,0.0215,20,0
14,residual,zu,tier_4,code_switching,-0.0114,0.0272,20,0
14,attn_out,zu,tier_4,code_switching,-0.0022,0.0055,20,0
14,mlp_out,zu,tier_4,code_switching,-0.0036,0.0056,20,0
15,residual,zu,tier_4,code_switching,0.0034,0.012,20,0
15,attn_out,zu,tier_4,code_switching,-0.0011,0.0024,20,0
15,mlp_out,zu,tier_4,code_switching,-0.0059,0.0199,20,0
16,residual,zu,tier_4,code_switching,0.0131,0.015,20,0
16,attn_out,zu,tier_4,code_switching,-0.0029,0.0123,20,0
16,mlp_out,zu,tier_4,code_switching,-0.0027,0.015,20,0
17,residual,zu,tier_4,code_switching,0.0108,0.0089,20,0
17,attn_out,zu,tier_4,code_switching,0.0014,0.0019,20,0
17,mlp_out,zu,tier_4,code_switching,0.0034,0.0038,20,0
18,residual,zu,tier_4,code_switching,0.0094,0.0087,20,0
18,attn_out,zu,tier_4,code_switching,0.0004,0.0016,20,0
18,mlp_out,zu,tier_4,code_switching,-0.0063,0.0185,20,0
19,residual,zu,tier_4,code_switching,0.015,0.0132,20,0
19,attn_out,zu,tier_4,code_switching,0.0004,0.0021,20,0
19,mlp_out,zu,tier_4,code_switching,0.001,0.0036,20,0
20,residual,zu,tier_4,code_switching,0.0122,0.0124,20,0
20,attn_out,zu,tier_4,code_switching,0.001,0.0006,20,0
20,mlp_out,zu,tier_4,code_switching,0.0025,0.0065,20,0
21,residual,zu,tier_4,code_switching,0.0125,0.0141,20,0
21,attn_out,zu,tier_4,code_switching,0.0005,0.0013,20,0
21,mlp_out,zu,tier_4,code_switching,0.0043,0.0043,20,0
22,residual,zu,tier_4,code_switching,0.0114,0.0122,20,0
22,attn_out,zu,tier_4,code_switching,0.0008,0.0004,20,0
22,mlp_out,zu,tier_4,code_switching,0.0056,0.0063,20,0
23,residual,zu,tier_4,code_switching,0.0093,0.0098,20,0
23,attn_out,zu,tier_4,code_switching,0.0006,0.0003,20,0
23,mlp_out,zu,tier_4,code_switching,0.0017,0.0075,20,0
24,residual,zu,tier_4,code_switching,-0.0021,0.0107,20,0
24,attn_out,zu,tier_4,code_switching,0.0006,0.0013,20,0
24,mlp_out,zu,tier_4,code_switching,-0.0028,0.0019,20,0
25,residual,zu,tier_4,code_switching,-0.0014,0.0098,20,0
25,attn_out,zu,tier_4,code_switching,0.0003,0.0008,20,0
25,mlp_out,zu,tier_4,code_switching,0.0052,0.007,20,0
26,residual,zu,tier_4,code_switching,-0.0005,0.0076,20,0
26,attn_out,zu,tier_4,code_switching,0.0012,0.001,20,0
26,mlp_out,zu,tier_4,code_switching,0.0046,0.0039,20,0
27,residual,zu,tier_4,code_switching,0.0005,0.0056,20,0
27,attn_out,zu,tier_4,code_switching,0.0011,0.0007,20,0
27,mlp_out,zu,tier_4,code_switching,0.0012,0.0024,20,0
28,residual,zu,tier_4,code_switching,-0.0013,0.0089,20,0
28,attn_out,zu,tier_4,code_switching,0.0001,0.0005,20,0
28,mlp_out,zu,tier_4,code_switching,0.0012,0.0008,20,0
29,residual,zu,tier_4,code_switching,-0.0031,0.0089,20,0
29,attn_out,zu,tier_4,code_switching,-0.0001,0.0009,20,0
29,mlp_out,zu,tier_4,code_switching,0.0028,0.0025,20,0
30,residual,zu,tier_4,code_switching,-0.001,0.0007,20,0
30,attn_out,zu,tier_4,code_switching,0.0,0.0004,20,0
30,mlp_out,zu,tier_4,code_switching,-0.0005,0.0011,20,0
31,residual,zu,tier_4,code_switching,0.0,0.0,20,0
31,attn_out,zu,tier_4,code_switching,0.0,0.0,20,0
31,mlp_out,zu,tier_4,code_switching,0.0,0.0,20,0
0,residual,gd,tier_4,code_switching,0.387,0.7003,20,0
0,attn_out,gd,tier_4,code_switching,-0.1319,0.2677,20,0
0,mlp_out,gd,tier_4,code_switching,0.4842,0.7593,20,0
1,residual,gd,tier_4,code_switching,0.356,0.9426,20,0
1,attn_out,gd,tier_4,code_switching,-0.276,0.2854,20,0
1,mlp_out,gd,tier_4,code_switching,-0.2368,0.2364,20,0
2,residual,gd,tier_4,code_switching,0.3342,1.1503,20,0
2,attn_out,gd,tier_4,code_switching,-0.0198,0.43,20,0
2,mlp_out,gd,tier_4,code_switching,-0.089,0.3824,20,0
3,residual,gd,tier_4,code_switching,0.2987,1.408,20,0
3,attn_out,gd,tier_4,code_switching,-0.3304,0.5566,20,0
3,mlp_out,gd,tier_4,code_switching,-0.4897,0.3286,20,0
4,residual,gd,tier_4,code_switching,0.0941,1.1731,20,0
4,attn_out,gd,tier_4,code_switching,-0.2058,0.2592,20,0
4,mlp_out,gd,tier_4,code_switching,-0.464,0.3016,20,0
5,residual,gd,tier_4,code_switching,0.0683,1.1713,20,0
5,attn_out,gd,tier_4,code_switching,-0.0451,0.1221,20,0
5,mlp_out,gd,tier_4,code_switching,-0.2031,0.3828,20,0
6,residual,gd,tier_4,code_switching,0.0155,0.9834,20,0
6,attn_out,gd,tier_4,code_switching,-0.013,0.0472,20,0
6,mlp_out,gd,tier_4,code_switching,-0.2604,0.1993,20,0
7,residual,gd,tier_4,code_switching,0.1009,1.0928,20,0
7,attn_out,gd,tier_4,code_switching,-0.0215,0.2691,20,0
7,mlp_out,gd,tier_4,code_switching,-0.0445,0.1218,20,0
8,residual,gd,tier_4,code_switching,-0.0444,0.7948,20,0
8,attn_out,gd,tier_4,code_switching,-0.0422,0.0908,20,0
8,mlp_out,gd,tier_4,code_switching,-0.0922,0.1994,20,0
9,residual,gd,tier_4,code_switching,-0.2328,0.6747,20,0
9,attn_out,gd,tier_4,code_switching,-0.048,0.1809,20,0
9,mlp_out,gd,tier_4,code_switching,0.025,0.2072,20,0
10,residual,gd,tier_4,code_switching,-0.1508,0.5284,20,0
10,attn_out,gd,tier_4,code_switching,-0.0613,0.143,20,0
10,mlp_out,gd,tier_4,code_switching,-0.121,0.1764,20,0
11,residual,gd,tier_4,code_switching,-0.1633,0.5745,20,0
11,attn_out,gd,tier_4,code_switching,0.0161,0.0742,20,0
11,mlp_out,gd,tier_4,code_switching,0.0265,0.2583,20,0
12,residual,gd,tier_4,code_switching,-0.1246,0.1917,20,0
12,attn_out,gd,tier_4,code_switching,0.0114,0.1062,20,0
12,mlp_out,gd,tier_4,code_switching,0.0099,0.073,20,0
13,residual,gd,tier_4,code_switching,-0.0394,0.1571,20,0
13,attn_out,gd,tier_4,code_switching,-0.0017,0.0333,20,0
13,mlp_out,gd,tier_4,code_switching,-0.0255,0.0335,20,0
14,residual,gd,tier_4,code_switching,-0.002,0.117,20,0
14,attn_out,gd,tier_4,code_switching,-0.0152,0.0229,20,0
14,mlp_out,gd,tier_4,code_switching,0.0096,0.035,20,0
15,residual,gd,tier_4,code_switching,0.0141,0.1027,20,0
15,attn_out,gd,tier_4,code_switching,0.0017,0.0093,20,0
15,mlp_out,gd,tier_4,code_switching,-0.0319,0.0349,20,0
16,residual,gd,tier_4,code_switching,0.009,0.096,20,0
16,attn_out,gd,tier_4,code_switching,-0.0169,0.046,20,0
16,mlp_out,gd,tier_4,code_switching,0.0395,0.0583,20,0
17,residual,gd,tier_4,code_switching,-0.0201,0.0668,20,0
17,attn_out,gd,tier_4,code_switching,-0.0061,0.0109,20,0
17,mlp_out,gd,tier_4,code_switching,-0.0235,0.0166,20,0
18,residual,gd,tier_4,code_switching,-0.0403,0.0977,20,0
18,attn_out,gd,tier_4,code_switching,0.0,0.0035,20,0
18,mlp_out,gd,tier_4,code_switching,-0.0307,0.0545,20,0
19,residual,gd,tier_4,code_switching,-0.029,0.1132,20,0
19,attn_out,gd,tier_4,code_switching,-0.0014,0.0134,20,0
19,mlp_out,gd,tier_4,code_switching,0.0012,0.0116,20,0
20,residual,gd,tier_4,code_switching,-0.0446,0.1114,20,0
20,attn_out,gd,tier_4,code_switching,-0.0049,0.0101,20,0
20,mlp_out,gd,tier_4,code_switching,0.002,0.009,20,0
21,residual,gd,tier_4,code_switching,-0.042,0.0838,20,0
21,attn_out,gd,tier_4,code_switching,0.0008,0.0146,20,0
21,mlp_out,gd,tier_4,code_switching,-0.0265,0.0135,20,0
22,residual,gd,tier_4,code_switching,-0.0313,0.0897,20,0
22,attn_out,gd,tier_4,code_switching,0.003,0.0056,20,0
22,mlp_out,gd,tier_4,code_switching,-0.0062,0.0205,20,0
23,residual,gd,tier_4,code_switching,-0.0077,0.0715,20,0
23,attn_out,gd,tier_4,code_switching,0.002,0.007,20,0
23,mlp_out,gd,tier_4,code_switching,0.0089,0.0183,20,0
24,residual,gd,tier_4,code_switching,0.0141,0.0677,20,0
24,attn_out,gd,tier_4,code_switching,-0.011,0.0247,20,0
24,mlp_out,gd,tier_4,code_switching,-0.0016,0.009,20,0
25,residual,gd,tier_4,code_switching,0.0101,0.0599,20,0
25,attn_out,gd,tier_4,code_switching,-0.0017,0.0029,20,0
25,mlp_out,gd,tier_4,code_switching,0.0072,0.0259,20,0
26,residual,gd,tier_4,code_switching,-0.0096,0.0613,20,0
26,attn_out,gd,tier_4,code_switching,-0.0003,0.0017,20,0
26,mlp_out,gd,tier_4,code_switching,-0.0026,0.0154,20,0
27,residual,gd,tier_4,code_switching,0.0065,0.0535,20,0
27,attn_out,gd,tier_4,code_switching,-0.0014,0.0029,20,0
27,mlp_out,gd,tier_4,code_switching,-0.0083,0.0137,20,0
28,residual,gd,tier_4,code_switching,0.0096,0.0537,20,0
28,attn_out,gd,tier_4,code_switching,-0.0017,0.0055,20,0
28,mlp_out,gd,tier_4,code_switching,0.0101,0.0137,20,0
29,residual,gd,tier_4,code_switching,-0.0001,0.0727,20,0
29,attn_out,gd,tier_4,code_switching,0.0043,0.0093,20,0
29,mlp_out,gd,tier_4,code_switching,0.0056,0.0057,20,0
30,residual,gd,tier_4,code_switching,-0.0037,0.0153,20,0
30,attn_out,gd,tier_4,code_switching,0.0003,0.0015,20,0
30,mlp_out,gd,tier_4,code_switching,-0.0054,0.011,20,0
31,residual,gd,tier_4,code_switching,0.0,0.0,20,0
31,attn_out,gd,tier_4,code_switching,0.0,0.0,20,0
31,mlp_out,gd,tier_4,code_switching,0.0,0.0,20,0
0,residual,gn,tier_4,code_switching,1.1934,2.6014,20,0
0,attn_out,gn,tier_4,code_switching,0.9041,1.5273,20,0
0,mlp_out,gn,tier_4,code_switching,0.5556,0.6784,20,0
1,residual,gn,tier_4,code_switching,1.6082,3.5113,20,0
1,attn_out,gn,tier_4,code_switching,0.5647,0.9592,20,0
1,mlp_out,gn,tier_4,code_switching,0.971,1.8178,20,0
2,residual,gn,tier_4,code_switching,1.4464,3.0331,20,0
2,attn_out,gn,tier_4,code_switching,0.4376,0.8119,20,0
2,mlp_out,gn,tier_4,code_switching,1.1734,2.3634,20,0
3,residual,gn,tier_4,code_switching,1.1826,2.5301,20,0
3,attn_out,gn,tier_4,code_switching,0.0913,0.0872,20,0
3,mlp_out,gn,tier_4,code_switching,0.4484,0.6639,20,0
4,residual,gn,tier_4,code_switching,1.2572,2.3466,20,0
4,attn_out,gn,tier_4,code_switching,0.3877,0.6121,20,0
4,mlp_out,gn,tier_4,code_switching,0.3727,0.918,20,0
5,residual,gn,tier_4,code_switching,1.0053,1.9372,20,0
5,attn_out,gn,tier_4,code_switching,0.3771,0.4927,20,0
5,mlp_out,gn,tier_4,code_switching,0.0352,0.3241,20,0
6,residual,gn,tier_4,code_switching,0.8133,1.8195,20,0
6,attn_out,gn,tier_4,code_switching,0.4197,0.7358,20,0
6,mlp_out,gn,tier_4,code_switching,0.2331,0.1114,20,0
7,residual,gn,tier_4,code_switching,0.7151,1.7812,20,0
7,attn_out,gn,tier_4,code_switching,0.3028,0.6383,20,0
7,mlp_out,gn,tier_4,code_switching,0.3979,0.9191,20,0
8,residual,gn,tier_4,code_switching,0.6262,1.7098,20,0
8,attn_out,gn,tier_4,code_switching,0.2715,0.4481,20,0
8,mlp_out,gn,tier_4,code_switching,0.0042,0.1864,20,0
9,residual,gn,tier_4,code_switching,0.4096,1.3138,20,0
9,attn_out,gn,tier_4,code_switching,0.0508,0.1816,20,0
9,mlp_out,gn,tier_4,code_switching,-0.1205,0.1957,20,0
10,residual,gn,tier_4,code_switching,0.5207,1.5207,20,0
10,attn_out,gn,tier_4,code_switching,-0.0114,0.091,20,0
10,mlp_out,gn,tier_4,code_switching,0.2005,0.4518,20,0
11,residual,gn,tier_4,code_switching,0.4982,1.5072,20,0
11,attn_out,gn,tier_4,code_switching,-0.0616,0.1103,20,0
11,mlp_out,gn,tier_4,code_switching,-0.0361,0.1089,20,0
12,residual,gn,tier_4,code_switching,0.3592,1.0264,20,0
12,attn_out,gn,tier_4,code_switching,-0.0455,0.0792,20,0
12,mlp_out,gn,tier_4,code_switching,0.1825,0.4212,20,0
13,residual,gn,tier_4,code_switching,0.3386,1.0089,20,0
13,attn_out,gn,tier_4,code_switching,-0.1008,0.1855,20,0
13,mlp_out,gn,tier_4,code_switching,-0.2006,0.4286,20,0
14,residual,gn,tier_4,code_switching,0.271,0.8104,20,0
14,attn_out,gn,tier_4,code_switching,-0.0325,0.103,20,0
14,mlp_out,gn,tier_4,code_switching,-0.0991,0.18,20,0
15,residual,gn,tier_4,code_switching,0.3502,0.8604,20,0
15,attn_out,gn,tier_4,code_switching,0.0143,0.0685,20,0
15,mlp_out,gn,tier_4,code_switching,0.071,0.072,20,0
16,residual,gn,tier_4,code_switching,0.2422,0.6703,20,0
16,attn_out,gn,tier_4,code_switching,0.0581,0.1096,20,0
16,mlp_out,gn,tier_4,code_switching,0.0103,0.0438,20,0
17,residual,gn,tier_4,code_switching,0.2159,0.5217,20,0
17,attn_out,gn,tier_4,code_switching,-0.0233,0.0517,20,0
17,mlp_out,gn,tier_4,code_switching,0.0203,0.0593,20,0
18,residual,gn,tier_4,code_switching,0.2258,0.5485,20,0
18,attn_out,gn,tier_4,code_switching,0.0351,0.0619,20,0
18,mlp_out,gn,tier_4,code_switching,0.0529,0.085,20,0
19,residual,gn,tier_4,code_switching,0.2124,0.5519,20,0
19,attn_out,gn,tier_4,code_switching,-0.0208,0.051,20,0
19,mlp_out,gn,tier_4,code_switching,0.0994,0.2302,20,0
20,residual,gn,tier_4,code_switching,0.2204,0.5607,20,0
20,attn_out,gn,tier_4,code_switching,0.0149,0.0238,20,0
20,mlp_out,gn,tier_4,code_switching,0.0001,0.0389,20,0
21,residual,gn,tier_4,code_switching,0.2186,0.5256,20,0
21,attn_out,gn,tier_4,code_switching,0.0021,0.0053,20,0
21,mlp_out,gn,tier_4,code_switching,0.0136,0.0115,20,0
22,residual,gn,tier_4,code_switching,0.1845,0.4426,20,0
22,attn_out,gn,tier_4,code_switching,-0.0052,0.0069,20,0
22,mlp_out,gn,tier_4,code_switching,0.0358,0.089,20,0
23,residual,gn,tier_4,code_switching,0.1809,0.4333,20,0
23,attn_out,gn,tier_4,code_switching,-0.0074,0.0082,20,0
23,mlp_out,gn,tier_4,code_switching,0.0412,0.0763,20,0
24,residual,gn,tier_4,code_switching,0.1563,0.3689,20,0
24,attn_out,gn,tier_4,code_switching,0.0002,0.0253,20,0
24,mlp_out,gn,tier_4,code_switching,0.0294,0.0669,20,0
25,residual,gn,tier_4,code_switching,0.1596,0.3571,20,0
25,attn_out,gn,tier_4,code_switching,-0.0051,0.0163,20,0
25,mlp_out,gn,tier_4,code_switching,0.0366,0.0806,20,0
26,residual,gn,tier_4,code_switching,0.1591,0.358,20,0
26,attn_out,gn,tier_4,code_switching,-0.0058,0.0127,20,0
26,mlp_out,gn,tier_4,code_switching,0.0341,0.0556,20,0
27,residual,gn,tier_4,code_switching,0.1623,0.3688,20,0
27,attn_out,gn,tier_4,code_switching,0.0021,0.0069,20,0
27,mlp_out,gn,tier_4,code_switching,0.0214,0.0244,20,0
28,residual,gn,tier_4,code_switching,0.1706,0.3973,20,0
28,attn_out,gn,tier_4,code_switching,-0.0028,0.0085,20,0
28,mlp_out,gn,tier_4,code_switching,0.0413,0.0826,20,0
29,residual,gn,tier_4,code_switching,0.1222,0.281,20,0
29,attn_out,gn,tier_4,code_switching,-0.0037,0.005,20,0
29,mlp_out,gn,tier_4,code_switching,0.0403,0.0859,20,0
30,residual,gn,tier_4,code_switching,0.0,0.0057,20,0
30,attn_out,gn,tier_4,code_switching,-0.0021,0.0026,20,0
30,mlp_out,gn,tier_4,code_switching,0.0013,0.0023,20,0
31,residual,gn,tier_4,code_switching,0.0,0.0,20,0
31,attn_out,gn,tier_4,code_switching,0.0,0.0,20,0
31,mlp_out,gn,tier_4,code_switching,0.0,0.0,20,0
