layer,component,language,tier,perturbation,mean_delta,std_delta,n_pairs_used,n_pairs_skipped
0,residual,de,tier_1,standard_translation,0.0805,0.0545,20,0
0,attn_out,de,tier_1,standard_translation,0.0174,0.0196,20,0
0,mlp_out,de,tier_1,standard_translation,0.072,0.0372,20,0
1,residual,de,tier_1,standard_translation,0.0519,0.0514,20,0
1,attn_out,de,tier_1,standard_translation,-0.0074,0.0157,20,0
1,mlp_out,de,tier_1,standard_translation,0.0094,0.0259,20,0
2,residual,de,tier_1,standard_translation,0.0443,0.0539,20,0
2,attn_out,de,tier_1,standard_translation,-0.0067,0.0141,20,0
2,mlp_out,de,tier_1,standard_translation,0.0034,0.0301,20,0
3,residual,de,tier_1,standard_translation,0.0244,0.0569,20,0
3,attn_out,de,tier_1,standard_translation,0.0431,0.0594,20,0
3,mlp_out,de,tier_1,standard_translation,0.0019,0.0246,20,0
4,residual,de,tier_1,standard_translation,0.0137,0.0499,20,0
4,attn_out,de,tier_1,standard_translation,0.0052,0.0274,20,0
4,mlp_out,de,tier_1,standard_translation,-0.0075,0.017,20,0
5,residual,de,tier_1,standard_translation,0.0062,0.048,20,0
5,attn_out,de,tier_1,standard_translation,-0.006,0.0175,20,0
5,mlp_out,de,tier_1,standard_translation,-0.0199,0.0201,20,0
6,residual,de,tier_1,standard_translation,0.0005,0.0375,20,0
6,attn_out,de,tier_1,standard_translation,-0.0,0.0182,20,0
6,mlp_out,de,tier_1,standard_translation,-0.0351,0.0209,20,0
7,residual,de,tier_1,standard_translation,-0.0023,0.038,20,0
7,attn_out,de,tier_1,standard_translation,0.0042,0.0198,20,0
7,mlp_out,de,tier_1,standard_translation,-0.0199,0.0116,20,0
8,residual,de,tier_1,standard_translation,-0.0086,0.0387,20,0
8,attn_out,de,tier_1,standard_translation,-0.0165,0.0143,20,0
8,mlp_out,de,tier_1,standard_translation,-0.0124,0.029,20,0
9,residual,de,tier_1,standard_translation,0.0,0.0333,20,0
9,attn_out,de,tier_1,standard_translation,0.0022,0.0075,20,0
9,mlp_out,de,tier_1,standard_translation,-0.0088,0.0425,20,0
10,residual,de,tier_1,standard_translation,0.0177,0.0115,20,0
10,attn_out,de,tier_1,standard_translation,-0.0035,0.0142,20,0
10,mlp_out,de,tier_1,standard_translation,-0.0162,0.0162,20,0
11,residual,de,tier_1,standard_translation,0.0357,0.0162,20,0
11,attn_out,de,tier_1,standard_translation,-0.0043,0.0068,20,0
11,mlp_out,de,tier_1,standard_translation,-0.0121,0.0162,20,0
12,residual,de,tier_1,standard_translation,0.0404,0.0152,20,0
12,attn_out,de,tier_1,standard_translation,0.0103,0.0048,20,0
12,mlp_out,de,tier_1,standard_translation,0.0056,0.0083,20,0
13,residual,de,tier_1,standard_translation,0.0304,0.0106,20,0
13,attn_out,de,tier_1,standard_translation,0.0021,0.0016,20,0
13,mlp_out,de,tier_1,standard_translation,0.0045,0.0036,20,0
14,residual,de,tier_1,standard_translation,0.0303,0.0091,20,0
14,attn_out,de,tier_1,standard_translation,0.0056,0.0043,20,0
14,mlp_out,de,tier_1,standard_translation,-0.0013,0.005,20,0
15,residual,de,tier_1,standard_translation,0.0239,0.006,20,0
15,attn_out,de,tier_1,standard_translation,-0.0017,0.0054,20,0
15,mlp_out,de,tier_1,standard_translation,0.0033,0.0102,20,0
16,residual,de,tier_1,standard_translation,0.0283,0.0069,20,0
16,attn_out,de,tier_1,standard_translation,0.0032,0.0022,20,0
16,mlp_out,de,tier_1,standard_translation,0.0005,0.0034,20,0
17,residual,de,tier_1,standard_translation,0.0188,0.0103,20,0
17,attn_out,de,tier_1,standard_translation,0.0001,0.002,20,0
17,mlp_out,de,tier_1,standard_translation,0.0014,0.0018,20,0
18,residual,de,tier_1,standard_translation,0.0152,0.0091,20,0
18,attn_out,de,tier_1,standard_translation,0.0008,0.0012,20,0
18,mlp_out,de,tier_1,standard_translation,0.0011,0.0061,20,0
19,residual,de,tier_1,standard_translation,0.0147,0.0096,20,0
19,attn_out,de,tier_1,standard_translation,0.0002,0.0007,20,0
19,mlp_out,de,tier_1,standard_translation,0.0023,0.0042,20,0
20,residual,de,tier_1,standard_translation,0.0147,0.0096,20,0
20,attn_out,de,tier_1,standard_translation,-0.0009,0.002,20,0
20,mlp_out,de,tier_1,standard_translation,0.0016,0.0033,20,0
21,residual,de,tier_1,standard_translation,0.0155,0.0086,20,0
21,attn_out,de,tier_1,standard_translation,0.0006,0.0019,20,0
21,mlp_out,de,tier_1,standard_translation,0.002,0.0038,20,0
22,residual,de,tier_1,standard_translation,0.0122,0.0087,20,0
22,attn_out,de,tier_1,standard_translation,0.0006,0.0015,20,0
22,mlp_out,de,tier_1,standard_translation,0.0038,0.0056,20,0
23,residual,de,tier_1,standard_translation,0.0109,0.0083,20,0
23,attn_out,de,tier_1,standard_translation,0.0006,0.0007,20,0
23,mlp_out,de,tier_1,standard_translation,0.0043,0.0031,20,0
24,residual,de,tier_1,standard_translation,0.0126,0.0098,20,0
24,attn_out,de,tier_1,standard_translation,-0.0003,0.0013,20,0
24,mlp_out,de,tier_1,standard_translation,-0.0019,0.0033,20,0
25,residual,de,tier_1,standard_translation,0.0124,0.0103,20,0
25,attn_out,de,tier_1,standard_translation,0.0006,0.0008,20,0
25,mlp_out,de,tier_1,standard_translation,0.0029,0.0026,20,0
26,residual,de,tier_1,standard_translation,0.0102,0.0099,20,0
26,attn_out,de,tier_1,standard_translation,-0.0002,0.0008,20,0
26,mlp_out,de,tier_1,standard_translation,-0.0012,0.0027,20,0
27,residual,de,tier_1,standard_translation,0.0107,0.009,20,0
27,attn_out,de,tier_1,standard_translation,0.0005,0.0002,20,0
27,mlp_out,de,tier_1,standard_translation,-0.0017,0.0017,20,0
28,residual,de,tier_1,standard_translation,0.009,0.0065,20,0
28,attn_out,de,tier_1,standard_translation,-0.0004,0.001,20,0
28,mlp_out,de,tier_1,standard_translation,-0.0025,0.0047,20,0
29,residual,de,tier_1,standard_translation,0.005,0.0045,20,0
29,attn_out,de,tier_1,standard_translation,-0.0006,0.0009,20,0
29,mlp_out,de,tier_1,standard_translation,-0.002,0.0034,20,0
30,residual,de,tier_1,standard_translation,0.0024,0.001,20,0
30,attn_out,de,tier_1,standard_translation,-0.0002,0.0007,20,0
30,mlp_out,de,tier_1,standard_translation,-0.0016,0.0007,20,0
31,residual,de,tier_1,standard_translation,0.0,0.0,20,0
31,attn_out,de,tier_1,standard_translation,0.0,0.0,20,0
31,mlp_out,de,tier_1,standard_translation,0.0,0.0,20,0
0,residual,fr,tier_1,standard_translation,0.0292,0.0847,20,0
0,attn_out,fr,tier_1,standard_translation,0.0028,0.0316,20,0
0,mlp_out,fr,tier_1,standard_translation,0.0446,0.1032,20,0
1,residual,fr,tier_1,standard_translation,0.0426,0.0517,20,0
1,attn_out,fr,tier_1,standard_translation,-0.0156,0.0432,20,0
1,mlp_out,fr,tier_1,standard_translation,-0.0016,0.0518,20,0
2,residual,fr,tier_1,standard_translation,0.0331,0.0501,20,0
2,attn_out,fr,tier_1,standard_translation,-0.006,0.0207,20,0
2,mlp_out,fr,tier_1,standard_translation,0.028,0.0488,20,0
3,residual,fr,tier_1,standard_translation,0.0236,0.0587,20,0
3,attn_out,fr,tier_1,standard_translation,-0.0014,0.0259,20,0
3,mlp_out,fr,tier_1,standard_translation,0.0076,0.0232,20,0
4,residual,fr,tier_1,standard_translation,0.0016,0.0285,20,0
4,attn_out,fr,tier_1,standard_translation,0.0045,0.017,20,0
4,mlp_out,fr,tier_1,standard_translation,-0.0051,0.0104,20,0
5,residual,fr,tier_1,standard_translation,-0.001,0.0231,20,0
5,attn_out,fr,tier_1,standard_translation,-0.0056,0.0073,20,0
5,mlp_out,fr,tier_1,standard_translation,-0.0062,0.0242,20,0
6,residual,fr,tier_1,standard_translation,-0.0003,0.0277,20,0
6,attn_out,fr,tier_1,standard_translation,0.0023,0.0119,20,0
6,mlp_out,fr,tier_1,standard_translation,-0.0098,0.0183,20,0
7,residual,fr,tier_1,standard_translation,0.0014,0.0287,20,0
7,attn_out,fr,tier_1,standard_translation,-0.0054,0.0074,20,0
7,mlp_out,fr,tier_1,standard_translation,-0.0036,0.0104,20,0
8,residual,fr,tier_1,standard_translation,0.0068,0.0312,20,0
8,attn_out,fr,tier_1,standard_translation,-0.0068,0.0079,20,0
8,mlp_out,fr,tier_1,standard_translation,-0.003,0.0157,20,0
9,residual,fr,tier_1,standard_translation,0.0192,0.0453,20,0
9,attn_out,fr,tier_1,standard_translation,-0.0055,0.0172,20,0
9,mlp_out,fr,tier_1,standard_translation,0.0166,0.0362,20,0
10,residual,fr,tier_1,standard_translation,0.0103,0.0402,20,0
10,attn_out,fr,tier_1,standard_translation,0.0057,0.0147,20,0
10,mlp_out,fr,tier_1,standard_translation,-0.0135,0.0118,20,0
11,residual,fr,tier_1,standard_translation,0.0231,0.0507,20,0
11,attn_out,fr,tier_1,standard_translation,0.0025,0.0132,20,0
11,mlp_out,fr,tier_1,standard_translation,-0.0005,0.0294,20,0
12,residual,fr,tier_1,standard_translation,0.0356,0.0347,20,0
12,attn_out,fr,tier_1,standard_translation,0.0067,0.0076,20,0
12,mlp_out,fr,tier_1,standard_translation,-0.0095,0.0065,20,0
13,residual,fr,tier_1,standard_translation,0.0201,0.0101,20,0
13,attn_out,fr,tier_1,standard_translation,0.0037,0.0073,20,0
13,mlp_out,fr,tier_1,standard_translation,-0.0121,0.0093,20,0
14,residual,fr,tier_1,standard_translation,0.0181,0.006,20,0
14,attn_out,fr,tier_1,standard_translation,0.0039,0.0033,20,0
14,mlp_out,fr,tier_1,standard_translation,-0.0021,0.0044,20,0
15,residual,fr,tier_1,standard_translation,0.0105,0.0048,20,0
15,attn_out,fr,tier_1,standard_translation,-0.0001,0.0016,20,0
15,mlp_out,fr,tier_1,standard_translation,-0.0067,0.0055,20,0
16,residual,fr,tier_1,standard_translation,0.0078,0.0061,20,0
16,attn_out,fr,tier_1,standard_translation,0.0016,0.003,20,0
16,mlp_out,fr,tier_1,standard_translation,0.0011,0.0021,20,0
17,residual,fr,tier_1,standard_translation,0.0075,0.0052,20,0
17,attn_out,fr,tier_1,standard_translation,0.0005,0.0009,20,0
17,mlp_out,fr,tier_1,standard_translation,0.0023,0.0039,20,0
18,residual,fr,tier_1,standard_translation,0.0015,0.0028,20,0
18,attn_out,fr,tier_1,standard_translation,0.0001,0.0013,20,0
18,mlp_out,fr,tier_1,standard_translation,-0.002,0.0028,20,0
19,residual,fr,tier_1,standard_translation,0.0002,0.0031,20,0
19,attn_out,fr,tier_1,standard_translation,-0.0004,0.0011,20,0
19,mlp_out,fr,tier_1,standard_translation,-0.0003,0.0015,20,0
20,residual,fr,tier_1,standard_translation,-0.001,0.0038,20,0
20,attn_out,fr,tier_1,standard_translation,-0.0008,0.0011,20,0
20,mlp_out,fr,tier_1,standard_translation,-0.0005,0.0036,20,0
21,residual,fr,tier_1,standard_translation,-0.0023,0.0044,20,0
21,attn_out,fr,tier_1,standard_translation,0.0,0.0004,20,0
21,mlp_out,fr,tier_1,standard_translation,-0.0019,0.0015,20,0
22,residual,fr,tier_1,standard_translation,-0.0016,0.0009,20,0
22,attn_out,fr,tier_1,standard_translation,-0.0005,0.0009,20,0
22,mlp_out,fr,tier_1,standard_translation,0.0012,0.0011,20,0
23,residual,fr,tier_1,standard_translation,-0.0013,0.0005,20,0
23,attn_out,fr,tier_1,standard_translation,-0.0002,0.0007,20,0
23,mlp_out,fr,tier_1,standard_translation,-0.0001,0.0015,20,0
24,residual,fr,tier_1,standard_translation,-0.0009,0.0009,20,0
24,attn_out,fr,tier_1,standard_translation,0.0002,0.0007,20,0
24,mlp_out,fr,tier_1,standard_translation,-0.0006,0.0013,20,0
25,residual,fr,tier_1,standard_translation,-0.0009,0.0007,20,0
25,attn_out,fr,tier_1,standard_translation,-0.0001,0.0002,20,0
25,mlp_out,fr,tier_1,standard_translation,0.0011,0.0018,20,0
26,residual,fr,tier_1,standard_translation,-0.0016,0.001,20,0
26,attn_out,fr,tier_1,standard_translation,0.0007,0.0012,20,0
26,mlp_out,fr,tier_1,standard_translation,0.0007,0.0026,20,0
27,residual,fr,tier_1,standard_translation,-0.0012,0.0014,20,0
27,attn_out,fr,tier_1,standard_translation,-0.0001,0.0003,20,0
27,mlp_out,fr,tier_1,standard_translation,-0.001,0.0016,20,0
28,residual,fr,tier_1,standard_translation,-0.0005,0.0014,20,0
28,attn_out,fr,tier_1,standard_translation,-0.0001,0.0004,20,0
28,mlp_out,fr,tier_1,standard_translation,-0.001,0.0006,20,0
29,residual,fr,tier_1,standard_translation,0.0001,0.0008,20,0
29,attn_out,fr,tier_1,standard_translation,-0.0006,0.0003,20,0
29,mlp_out,fr,tier_1,standard_translation,0.0001,0.0011,20,0
30,residual,fr,tier_1,standard_translation,0.0,0.0007,20,0
30,attn_out,fr,tier_1,standard_translation,-0.0001,0.0003,20,0
30,mlp_out,fr,tier_1,standard_translation,-0.0006,0.0003,20,0
31,residual,fr,tier_1,standard_translation,0.0,0.0,20,0
31,attn_out,fr,tier_1,standard_translation,0.0,0.0,20,0
31,mlp_out,fr,tier_1,standard_translation,0.0,0.0,20,0
0,residual,zh,tier_1,standard_translation,-0.0815,0.1841,20,0
0,attn_out,zh,tier_1,standard_translation,-0.0406,0.069,20,0
0,mlp_out,zh,tier_1,standard_translation,-0.056,0.1329,20,0
1,residual,zh,tier_1,standard_translation,-0.0938,0.1915,20,0
1,attn_out,zh,tier_1,standard_translation,-0.014,0.026,20,0
1,mlp_out,zh,tier_1,standard_translation,0.0083,0.0202,20,0
2,residual,zh,tier_1,standard_translation,-0.0685,0.1624,20,0
2,attn_out,zh,tier_1,standard_translation,-0.0017,0.0062,20,0
2,mlp_out,zh,tier_1,standard_translation,-0.0489,0.0846,20,0
3,residual,zh,tier_1,standard_translation,-0.0439,0.1475,20,0
3,attn_out,zh,tier_1,standard_translation,-0.0028,0.0096,20,0
3,mlp_out,zh,tier_1,standard_translation,-0.0288,0.052,20,0
4,residual,zh,tier_1,standard_translation,-0.0111,0.0958,20,0
4,attn_out,zh,tier_1,standard_translation,-0.0004,0.0236,20,0
4,mlp_out,zh,tier_1,standard_translation,-0.068,0.0703,20,0
5,residual,zh,tier_1,standard_translation,0.0086,0.0712,20,0
5,attn_out,zh,tier_1,standard_translation,-0.003,0.0178,20,0
5,mlp_out,zh,tier_1,standard_translation,-0.005,0.0257,20,0
6,residual,zh,tier_1,standard_translation,0.0171,0.056,20,0
6,attn_out,zh,tier_1,standard_translation,-0.0281,0.0134,20,0
6,mlp_out,zh,tier_1,standard_translation,-0.0256,0.0182,20,0
7,residual,zh,tier_1,standard_translation,0.0244,0.0548,20,0
7,attn_out,zh,tier_1,standard_translation,-0.0285,0.0181,20,0
7,mlp_out,zh,tier_1,standard_translation,-0.0068,0.04,20,0
8,residual,zh,tier_1,standard_translation,0.0238,0.0372,20,0
8,attn_out,zh,tier_1,standard_translation,-0.0128,0.0093,20,0
8,mlp_out,zh,tier_1,standard_translation,-0.0034,0.0204,20,0
9,residual,zh,tier_1,standard_translation,0.0242,0.0326,20,0
9,attn_out,zh,tier_1,standard_translation,-0.0245,0.0204,20,0
9,mlp_out,zh,tier_1,standard_translation,0.004,0.0148,20,0
10,residual,zh,tier_1,standard_translation,0.0256,0.0226,20,0
10,attn_out,zh,tier_1,standard_translation,-0.0057,0.0069,20,0
10,mlp_out,zh,tier_1,standard_translation,-0.0043,0.015,20,0
11,residual,zh,tier_1,standard_translation,0.0304,0.0228,20,0
11,attn_out,zh,tier_1,standard_translation,0.0004,0.0049,20,0
11,mlp_out,zh,tier_1,standard_translation,-0.0007,0.0123,20,0
12,residual,zh,tier_1,standard_translation,0.0338,0.0228,20,0
12,attn_out,zh,tier_1,standard_translation,0.0075,0.0036,20,0
12,mlp_out,zh,tier_1,standard_translation,0.0067,0.0077,20,0
13,residual,zh,tier_1,standard_translation,0.025,0.0128,20,0
13,attn_out,zh,tier_1,standard_translation,0.006,0.004,20,0
13,mlp_out,zh,tier_1,standard_translation,0.0062,0.0068,20,0
14,residual,zh,tier_1,standard_translation,0.0264,0.015,20,0
14,attn_out,zh,tier_1,standard_translation,0.0019,0.0025,20,0
14,mlp_out,zh,tier_1,standard_translation,0.0015,0.0062,20,0
15,residual,zh,tier_1,standard_translation,0.0211,0.0089,20,0
15,attn_out,zh,tier_1,standard_translation,-0.0006,0.0028,20,0
15,mlp_out,zh,tier_1,standard_translation,-0.006,0.0059,20,0
16,residual,zh,tier_1,standard_translation,0.0235,0.0131,20,0
16,attn_out,zh,tier_1,standard_translation,0.0041,0.0041,20,0
16,mlp_out,zh,tier_1,standard_translation,-0.0067,0.0104,20,0
17,residual,zh,tier_1,standard_translation,0.0164,0.0107,20,0
17,attn_out,zh,tier_1,standard_translation,-0.0002,0.0009,20,0
17,mlp_out,zh,tier_1,standard_translation,-0.0021,0.0066,20,0
18,residual,zh,tier_1,standard_translation,0.0163,0.0059,20,0
18,attn_out,zh,tier_1,standard_translation,-0.0008,0.0009,20,0
18,mlp_out,zh,tier_1,standard_translation,-0.0002,0.0025,20,0
19,residual,zh,tier_1,standard_translation,0.0173,0.0057,20,0
19,attn_out,zh,tier_1,standard_translation,0.0012,0.0015,20,0
19,mlp_out,zh,tier_1,standard_translation,-0.0005,0.0027,20,0
20,residual,zh,tier_1,standard_translation,0.0174,0.004,20,0
20,attn_out,zh,tier_1,standard_translation,-0.0002,0.0005,20,0
20,mlp_out,zh,tier_1,standard_translation,0.003,0.0018,20,0
21,residual,zh,tier_1,standard_translation,0.0188,0.0023,20,0
21,attn_out,zh,tier_1,standard_translation,0.0001,0.0011,20,0
21,mlp_out,zh,tier_1,standard_translation,0.0028,0.001,20,0
22,residual,zh,tier_1,standard_translation,0.0175,0.0032,20,0
22,attn_out,zh,tier_1,standard_translation,-0.0002,0.0008,20,0
22,mlp_out,zh,tier_1,standard_translation,0.0038,0.0013,20,0
23,residual,zh,tier_1,standard_translation,0.0157,0.0044,20,0
23,attn_out,zh,tier_1,standard_translation,0.001,0.0007,20,0
23,mlp_out,zh,tier_1,standard_translation,0.0012,0.0029,20,0
24,residual,zh,tier_1,standard_translation,0.0175,0.0032,20,0
24,attn_out,zh,tier_1,standard_translation,0.0007,0.0004,20,0
24,mlp_out,zh,tier_1,standard_translation,0.0008,0.0007,20,0
25,residual,zh,tier_1,standard_translation,0.0175,0.0023,20,0
25,attn_out,zh,tier_1,standard_translation,0.0001,0.0006,20,0
25,mlp_out,zh,tier_1,standard_translation,-0.002,0.0018,20,0
26,residual,zh,tier_1,standard_translation,0.0146,0.002,20,0
26,attn_out,zh,tier_1,standard_translation,0.0004,0.0003,20,0
26,mlp_out,zh,tier_1,standard_translation,0.0035,0.0014,20,0
27,residual,zh,tier_1,standard_translation,0.0139,0.0017,20,0
27,attn_out,zh,tier_1,standard_translation,0.0005,0.0011,20,0
27,mlp_out,zh,tier_1,standard_translation,0.0009,0.0012,20,0
28,residual,zh,tier_1,standard_translation,0.0106,0.0015,20,0
28,attn_out,zh,tier_1,standard_translation,0.0002,0.0004,20,0
28,mlp_out,zh,tier_1,standard_translation,0.0027,0.0016,20,0
29,residual,zh,tier_1,standard_translation,0.0072,0.0026,20,0
29,attn_out,zh,tier_1,standard_translation,-0.0002,0.0003,20,0
29,mlp_out,zh,tier_1,standard_translation,0.0016,0.0009,20,0
30,residual,zh,tier_1,standard_translation,0.0022,0.0018,20,0
30,attn_out,zh,tier_1,standard_translation,0.0002,0.0003,20,0
30,mlp_out,zh,tier_1,standard_translation,-0.0002,0.0004,20,0
31,residual,zh,tier_1,standard_translation,0.0,0.0,20,0
31,attn_out,zh,tier_1,standard_translation,0.0,0.0,20,0
31,mlp_out,zh,tier_1,standard_translation,0.0,0.0,20,0
0,residual,es,tier_1,standard_translation,0.0508,0.0477,20,0
0,attn_out,es,tier_1,standard_translation,0.0109,0.0365,20,0
0,mlp_out,es,tier_1,standard_translation,0.0489,0.0551,20,0
1,residual,es,tier_1,standard_translation,0.0505,0.0607,20,0
1,attn_out,es,tier_1,standard_translation,0.0271,0.0362,20,0
1,mlp_out,es,tier_1,standard_translation,0.0229,0.0554,20,0
2,residual,es,tier_1,standard_translation,0.0436,0.0664,20,0
2,attn_out,es,tier_1,standard_translation,-0.0022,0.0117,20,0
2,mlp_out,es,tier_1,standard_translation,0.0188,0.0584,20,0
3,residual,es,tier_1,standard_translation,0.0281,0.0677,20,0
3,attn_out,es,tier_1,standard_translation,-0.0145,0.0203,20,0
3,mlp_out,es,tier_1,standard_translation,0.0276,0.0368,20,0
4,residual,es,tier_1,standard_translation,0.0014,0.0679,20,0
4,attn_out,es,tier_1,standard_translation,0.0077,0.0097,20,0
4,mlp_out,es,tier_1,standard_translation,0.0006,0.0391,20,0
5,residual,es,tier_1,standard_translation,-0.0084,0.0662,20,0
5,attn_out,es,tier_1,standard_translation,-0.012,0.0166,20,0
5,mlp_out,es,tier_1,standard_translation,-0.027,0.0276,20,0
6,residual,es,tier_1,standard_translation,-0.0202,0.052,20,0
6,attn_out,es,tier_1,standard_translation,-0.0151,0.0139,20,0
6,mlp_out,es,tier_1,standard_translation,-0.0304,0.0255,20,0
7,residual,es,tier_1,standard_translation,-0.0244,0.0448,20,0
7,attn_out,es,tier_1,standard_translation,0.0042,0.028,20,0
7,mlp_out,es,tier_1,standard_translation,-0.0368,0.0278,20,0
8,residual,es,tier_1,standard_translation,-0.0232,0.0378,20,0
8,attn_out,es,tier_1,standard_translation,-0.0133,0.0215,20,0
8,mlp_out,es,tier_1,standard_translation,-0.0333,0.0329,20,0
9,residual,es,tier_1,standard_translation,-0.017,0.0307,20,0
9,attn_out,es,tier_1,standard_translation,-0.0103,0.0131,20,0
9,mlp_out,es,tier_1,standard_translation,-0.0346,0.0166,20,0
10,residual,es,tier_1,standard_translation,0.0015,0.0161,20,0
10,attn_out,es,tier_1,standard_translation,-0.0101,0.0135,20,0
10,mlp_out,es,tier_1,standard_translation,-0.0151,0.0172,20,0
11,residual,es,tier_1,standard_translation,0.0059,0.0291,20,0
11,attn_out,es,tier_1,standard_translation,-0.0072,0.0039,20,0
11,mlp_out,es,tier_1,standard_translation,-0.018,0.0154,20,0
12,residual,es,tier_1,standard_translation,0.0242,0.0255,20,0
12,attn_out,es,tier_1,standard_translation,-0.0002,0.0155,20,0
12,mlp_out,es,tier_1,standard_translation,-0.0012,0.0079,20,0
13,residual,es,tier_1,standard_translation,0.0098,0.0102,20,0
13,attn_out,es,tier_1,standard_translation,0.0013,0.0027,20,0
13,mlp_out,es,tier_1,standard_translation,-0.0077,0.0054,20,0
14,residual,es,tier_1,standard_translation,0.0085,0.0073,20,0
14,attn_out,es,tier_1,standard_translation,0.0018,0.0032,20,0
14,mlp_out,es,tier_1,standard_translation,-0.0081,0.0121,20,0
15,residual,es,tier_1,standard_translation,0.0001,0.0155,20,0
15,attn_out,es,tier_1,standard_translation,0.0002,0.0012,20,0
15,mlp_out,es,tier_1,standard_translation,0.0048,0.0047,20,0
16,residual,es,tier_1,standard_translation,0.0044,0.0107,20,0
16,attn_out,es,tier_1,standard_translation,0.0016,0.0014,20,0
16,mlp_out,es,tier_1,standard_translation,0.0011,0.0035,20,0
17,residual,es,tier_1,standard_translation,0.0069,0.0067,20,0
17,attn_out,es,tier_1,standard_translation,0.0011,0.0005,20,0
17,mlp_out,es,tier_1,standard_translation,0.0017,0.0028,20,0
18,residual,es,tier_1,standard_translation,0.0063,0.0027,20,0
18,attn_out,es,tier_1,standard_translation,0.0002,0.0008,20,0
18,mlp_out,es,tier_1,standard_translation,0.0016,0.0014,20,0
19,residual,es,tier_1,standard_translation,0.0059,0.0027,20,0
19,attn_out,es,tier_1,standard_translation,0.0007,0.0004,20,0
19,mlp_out,es,tier_1,standard_translation,-0.0013,0.0009,20,0
20,residual,es,tier_1,standard_translation,0.0052,0.0022,20,0
20,attn_out,es,tier_1,standard_translation,-0.0011,0.0005,20,0
20,mlp_out,es,tier_1,standard_translation,0.0018,0.0024,20,0
21,residual,es,tier_1,standard_translation,0.0046,0.0023,20,0
21,attn_out,es,tier_1,standard_translation,0.0003,0.0008,20,0
21,mlp_out,es,tier_1,standard_translation,0.0031,0.0031,20,0
22,residual,es,tier_1,standard_translation,0.0026,0.0016,20,0
22,attn_out,es,tier_1,standard_translation,0.0003,0.0007,20,0
22,mlp_out,es,tier_1,standard_translation,0.0008,0.0007,20,0
23,residual,es,tier_1,standard_translation,0.0035,0.0009,20,0
23,attn_out,es,tier_1,standard_translation,-0.0,0.0005,20,0
23,mlp_out,es,tier_1,standard_translation,0.0018,0.0006,20,0
24,residual,es,tier_1,standard_translation,0.0036,0.0019,20,0
24,attn_out,es,tier_1,standard_translation,0.0003,0.0003,20,0
24,mlp_out,es,tier_1,standard_translation,0.0003,0.0017,20,0
25,residual,es,tier_1,standard_translation,0.0028,0.0012,20,0
25,attn_out,es,tier_1,standard_translation,0.0001,0.0006,20,0
25,mlp_out,es,tier_1,standard_translation,0.0005,0.001,20,0
26,residual,es,tier_1,standard_translation,0.0021,0.0013,20,0
26,attn_out,es,tier_1,standard_translation,0.0006,0.001,20,0
26,mlp_out,es,tier_1,standard_translation,0.0003,0.0015,20,0
27,residual,es,tier_1,standard_translation,0.0024,0.0018,20,0
27,attn_out,es,tier_1,standard_translation,-0.0004,0.0006,20,0
27,mlp_out,es,tier_1,standard_translation,-0.001,0.0024,20,0
28,residual,es,tier_1,standard_translation,0.0023,0.0013,20,0
28,attn_out,es,tier_1,standard_translation,-0.0004,0.0003,20,0
28,mlp_out,es,tier_1,standard_translation,0.0024,0.0016,20,0
29,residual,es,tier_1,standard_translation,0.0015,0.0013,20,0
29,attn_out,es,tier_1,standard_translation,-0.0007,0.0004,20,0
29,mlp_out,es,tier_1,standard_translation,0.0009,0.0008,20,0
30,residual,es,tier_1,standard_translation,0.0013,0.0003,20,0
30,attn_out,es,tier_1,standard_translation,-0.0001,0.0003,20,0
30,mlp_out,es,tier_1,standard_translation,-0.002,0.0005,20,0
31,residual,es,tier_1,standard_translation,0.0,0.0,20,0
31,attn_out,es,tier_1,standard_translation,0.0,0.0,20,0
31,mlp_out,es,tier_1,standard_translation,0.0,0.0,20,0
0,residual,ar,tier_2,standard_translation,-0.0118,0.0626,20,0
0,attn_out,ar,tier_2,standard_translation,-0.0142,0.0388,20,0
0,mlp_out,ar,tier_2,standard_translation,-0.0174,0.0665,20,0
1,residual,ar,tier_2,standard_translation,-0.0226,0.0626,20,0
1,attn_out,ar,tier_2,standard_translation,-0.0128,0.0261,20,0
1,mlp_out,ar,tier_2,standard_translation,0.0013,0.0199,20,0
2,residual,ar,tier_2,standard_translation,-0.0219,0.0605,20,0
2,attn_out,ar,tier_2,standard_translation,0.0058,0.0065,20,0
2,mlp_out,ar,tier_2,standard_translation,0.001,0.0399,20,0
3,residual,ar,tier_2,standard_translation,-0.0321,0.0535,20,0
3,attn_out,ar,tier_2,standard_translation,-0.0032,0.0107,20,0
3,mlp_out,ar,tier_2,standard_translation,-0.0212,0.038,20,0
4,residual,ar,tier_2,standard_translation,-0.022,0.0325,20,0
4,attn_out,ar,tier_2,standard_translation,-0.001,0.0068,20,0
4,mlp_out,ar,tier_2,standard_translation,-0.0247,0.0375,20,0
5,residual,ar,tier_2,standard_translation,-0.0199,0.0303,20,0
5,attn_out,ar,tier_2,standard_translation,0.001,0.0068,20,0
5,mlp_out,ar,tier_2,standard_translation,-0.0161,0.0396,20,0
6,residual,ar,tier_2,standard_translation,-0.0161,0.023,20,0
6,attn_out,ar,tier_2,standard_translation,-0.0018,0.0097,20,0
6,mlp_out,ar,tier_2,standard_translation,-0.0009,0.0141,20,0
7,residual,ar,tier_2,standard_translation,-0.0129,0.0192,20,0
7,attn_out,ar,tier_2,standard_translation,0.0053,0.0015,20,0
7,mlp_out,ar,tier_2,standard_translation,-0.0053,0.0209,20,0
8,residual,ar,tier_2,standard_translation,-0.01,0.0133,20,0
8,attn_out,ar,tier_2,standard_translation,0.0022,0.0029,20,0
8,mlp_out,ar,tier_2,standard_translation,-0.003,0.0101,20,0
9,residual,ar,tier_2,standard_translation,-0.0088,0.0125,20,0
9,attn_out,ar,tier_2,standard_translation,0.0002,0.0013,20,0
9,mlp_out,ar,tier_2,standard_translation,-0.0042,0.0061,20,0
10,residual,ar,tier_2,standard_translation,0.0012,0.0158,20,0
10,attn_out,ar,tier_2,standard_translation,0.0024,0.0051,20,0
10,mlp_out,ar,tier_2,standard_translation,0.0041,0.0088,20,0
11,residual,ar,tier_2,standard_translation,0.0001,0.0155,20,0
11,attn_out,ar,tier_2,standard_translation,0.002,0.0042,20,0
11,mlp_out,ar,tier_2,standard_translation,-0.0057,0.0063,20,0
12,residual,ar,tier_2,standard_translation,0.0012,0.0152,20,0
12,attn_out,ar,tier_2,standard_translation,0.0014,0.0021,20,0
12,mlp_out,ar,tier_2,standard_translation,0.0004,0.002,20,0
13,residual,ar,tier_2,standard_translation,-0.0012,0.0107,20,0
13,attn_out,ar,tier_2,standard_translation,0.0012,0.0009,20,0
13,mlp_out,ar,tier_2,standard_translation,-0.0004,0.0015,20,0
14,residual,ar,tier_2,standard_translation,0.0003,0.0084,20,0
14,attn_out,ar,tier_2,standard_translation,0.0005,0.0016,20,0
14,mlp_out,ar,tier_2,standard_translation,-0.001,0.0009,20,0
15,residual,ar,tier_2,standard_translation,0.0034,0.0033,20,0
15,attn_out,ar,tier_2,standard_translation,-0.0001,0.0006,20,0
15,mlp_out,ar,tier_2,standard_translation,0.0001,0.0016,20,0
16,residual,ar,tier_2,standard_translation,0.0032,0.0044,20,0
16,attn_out,ar,tier_2,standard_translation,0.0003,0.0007,20,0
16,mlp_out,ar,tier_2,standard_translation,0.0006,0.0012,20,0
17,residual,ar,tier_2,standard_translation,-0.0001,0.0036,20,0
17,attn_out,ar,tier_2,standard_translation,0.0004,0.0005,20,0
17,mlp_out,ar,tier_2,standard_translation,0.0002,0.0009,20,0
18,residual,ar,tier_2,standard_translation,0.0011,0.0023,20,0
18,attn_out,ar,tier_2,standard_translation,0.0003,0.0006,20,0
18,mlp_out,ar,tier_2,standard_translation,0.0004,0.0005,20,0
19,residual,ar,tier_2,standard_translation,0.0006,0.0023,20,0
19,attn_out,ar,tier_2,standard_translation,0.0007,0.0005,20,0
19,mlp_out,ar,tier_2,standard_translation,-0.0,0.0008,20,0
20,residual,ar,tier_2,standard_translation,0.0004,0.0019,20,0
20,attn_out,ar,tier_2,standard_translation,0.0005,0.001,20,0
20,mlp_out,ar,tier_2,standard_translation,0.0005,0.001,20,0
21,residual,ar,tier_2,standard_translation,0.0005,0.0023,20,0
21,attn_out,ar,tier_2,standard_translation,0.0005,0.0008,20,0
21,mlp_out,ar,tier_2,standard_translation,-0.0002,0.0008,20,0
22,residual,ar,tier_2,standard_translation,0.0008,0.0025,20,0
22,attn_out,ar,tier_2,standard_translation,0.0,0.0007,20,0
22,mlp_out,ar,tier_2,standard_translation,0.0012,0.0006,20,0
23,residual,ar,tier_2,standard_translation,0.0004,0.0017,20,0
23,attn_out,ar,tier_2,standard_translation,0.0006,0.0005,20,0
23,mlp_out,ar,tier_2,standard_translation,0.0005,0.0014,20,0
24,residual,ar,tier_2,standard_translation,0.0011,0.0015,20,0
24,attn_out,ar,tier_2,standard_translation,0.0008,0.0005,20,0
24,mlp_out,ar,tier_2,standard_translation,0.0016,0.0005,20,0
25,residual,ar,tier_2,standard_translation,0.0011,0.0013,20,0
25,attn_out,ar,tier_2,standard_translation,0.0004,0.0004,20,0
25,mlp_out,ar,tier_2,standard_translation,-0.0001,0.0007,20,0
26,residual,ar,tier_2,standard_translation,0.0006,0.0008,20,0
26,attn_out,ar,tier_2,standard_translation,-0.0001,0.0004,20,0
26,mlp_out,ar,tier_2,standard_translation,0.0004,0.0006,20,0
27,residual,ar,tier_2,standard_translation,0.0011,0.0008,20,0
27,attn_out,ar,tier_2,standard_translation,0.0001,0.0004,20,0
27,mlp_out,ar,tier_2,standard_translation,0.0003,0.0006,20,0
28,residual,ar,tier_2,standard_translation,0.0011,0.0004,20,0
28,attn_out,ar,tier_2,standard_translation,0.0001,0.0003,20,0
28,mlp_out,ar,tier_2,standard_translation,0.0003,0.0006,20,0
29,residual,ar,tier_2,standard_translation,0.0012,0.0008,20,0
29,attn_out,ar,tier_2,standard_translation,0.0001,0.0003,20,0
29,mlp_out,ar,tier_2,standard_translation,0.0003,0.0005,20,0
30,residual,ar,tier_2,standard_translation,-0.0004,0.0004,20,0
30,attn_out,ar,tier_2,standard_translation,-0.0,0.0001,20,0
30,mlp_out,ar,tier_2,standard_translation,-0.0002,0.0002,20,0
31,residual,ar,tier_2,standard_translation,0.0,0.0,20,0
31,attn_out,ar,tier_2,standard_translation,0.0,0.0,20,0
31,mlp_out,ar,tier_2,standard_translation,0.0,0.0,20,0
0,residual,ru,tier_2,standard_translation,-0.0001,0.0325,20,0
0,attn_out,ru,tier_2,standard_translation,-0.0242,0.0168,20,0
0,mlp_out,ru,tier_2,standard_translation,-0.0077,0.0533,20,0
1,residual,ru,tier_2,standard_translation,-0.0361,0.0603,20,0
1,attn_out,ru,tier_2,standard_translation,-0.0108,0.0126,20,0
1,mlp_out,ru,tier_2,standard_translation,-0.0134,0.0247,20,0
2,residual,ru,tier_2,standard_translation,-0.0361,0.0709,20,0
2,attn_out,ru,tier_2,standard_translation,0.0062,0.0155,20,0
2,mlp_out,ru,tier_2,standard_translation,-0.0339,0.0543,20,0
3,residual,ru,tier_2,standard_translation,-0.0558,0.072,20,0
3,attn_out,ru,tier_2,standard_translation,-0.0548,0.0487,20,0
3,mlp_out,ru,tier_2,standard_translation,-0.0331,0.038,20,0
4,residual,ru,tier_2,standard_translation,-0.0595,0.0518,20,0
4,attn_out,ru,tier_2,standard_translation,-0.0037,0.0208,20,0
4,mlp_out,ru,tier_2,standard_translation,-0.0442,0.0112,20,0
5,residual,ru,tier_2,standard_translation,-0.0676,0.0557,20,0
5,attn_out,ru,tier_2,standard_translation,-0.0191,0.0078,20,0
5,mlp_out,ru,tier_2,standard_translation,-0.0606,0.0278,20,0
6,residual,ru,tier_2,standard_translation,-0.0586,0.0552,20,0
6,attn_out,ru,tier_2,standard_translation,-0.0177,0.0187,20,0
6,mlp_out,ru,tier_2,standard_translation,-0.048,0.031,20,0
7,residual,ru,tier_2,standard_translation,-0.0396,0.0486,20,0
7,attn_out,ru,tier_2,standard_translation,-0.0108,0.0149,20,0
7,mlp_out,ru,tier_2,standard_translation,-0.0434,0.0216,20,0
8,residual,ru,tier_2,standard_translation,-0.0184,0.0462,20,0
8,attn_out,ru,tier_2,standard_translation,-0.018,0.008,20,0
8,mlp_out,ru,tier_2,standard_translation,-0.0269,0.0318,20,0
9,residual,ru,tier_2,standard_translation,0.0014,0.0516,20,0
9,attn_out,ru,tier_2,standard_translation,-0.0068,0.0075,20,0
9,mlp_out,ru,tier_2,standard_translation,-0.0186,0.032,20,0
10,residual,ru,tier_2,standard_translation,0.0146,0.051,20,0
10,attn_out,ru,tier_2,standard_translation,0.004,0.0178,20,0
10,mlp_out,ru,tier_2,standard_translation,-0.0384,0.0228,20,0
11,residual,ru,tier_2,standard_translation,0.0336,0.0661,20,0
11,attn_out,ru,tier_2,standard_translation,-0.0016,0.0072,20,0
11,mlp_out,ru,tier_2,standard_translation,-0.0064,0.026,20,0
12,residual,ru,tier_2,standard_translation,0.0437,0.0451,20,0
12,attn_out,ru,tier_2,standard_translation,0.0145,0.0091,20,0
12,mlp_out,ru,tier_2,standard_translation,-0.0058,0.0092,20,0
13,residual,ru,tier_2,standard_translation,0.03,0.0216,20,0
13,attn_out,ru,tier_2,standard_translation,0.0016,0.0022,20,0
13,mlp_out,ru,tier_2,standard_translation,-0.007,0.0065,20,0
14,residual,ru,tier_2,standard_translation,0.0171,0.0054,20,0
14,attn_out,ru,tier_2,standard_translation,0.0022,0.0037,20,0
14,mlp_out,ru,tier_2,standard_translation,-0.0069,0.009,20,0
15,residual,ru,tier_2,standard_translation,0.0092,0.0086,20,0
15,attn_out,ru,tier_2,standard_translation,-0.0,0.0038,20,0
15,mlp_out,ru,tier_2,standard_translation,-0.0031,0.0076,20,0
16,residual,ru,tier_2,standard_translation,0.0135,0.0086,20,0
16,attn_out,ru,tier_2,standard_translation,-0.0003,0.0012,20,0
16,mlp_out,ru,tier_2,standard_translation,0.0016,0.0053,20,0
17,residual,ru,tier_2,standard_translation,0.0093,0.009,20,0
17,attn_out,ru,tier_2,standard_translation,0.0011,0.0034,20,0
17,mlp_out,ru,tier_2,standard_translation,0.0011,0.0053,20,0
18,residual,ru,tier_2,standard_translation,0.0068,0.0084,20,0
18,attn_out,ru,tier_2,standard_translation,-0.0001,0.001,20,0
18,mlp_out,ru,tier_2,standard_translation,0.0004,0.0049,20,0
19,residual,ru,tier_2,standard_translation,0.0055,0.008,20,0
19,attn_out,ru,tier_2,standard_translation,-0.0007,0.0004,20,0
19,mlp_out,ru,tier_2,standard_translation,0.0019,0.0031,20,0
20,residual,ru,tier_2,standard_translation,0.0049,0.0086,20,0
20,attn_out,ru,tier_2,standard_translation,-0.0007,0.0005,20,0
20,mlp_out,ru,tier_2,standard_translation,0.0013,0.0028,20,0
21,residual,ru,tier_2,standard_translation,0.0047,0.008,20,0
21,attn_out,ru,tier_2,standard_translation,-0.0005,0.0005,20,0
21,mlp_out,ru,tier_2,standard_translation,-0.0014,0.0007,20,0
22,residual,ru,tier_2,standard_translation,0.0037,0.006,20,0
22,attn_out,ru,tier_2,standard_translation,-0.0003,0.0008,20,0
22,mlp_out,ru,tier_2,standard_translation,0.0026,0.0031,20,0
23,residual,ru,tier_2,standard_translation,0.0036,0.0065,20,0
23,attn_out,ru,tier_2,standard_translation,-0.0001,0.0004,20,0
23,mlp_out,ru,tier_2,standard_translation,0.0007,0.0014,20,0
24,residual,ru,tier_2,standard_translation,0.0043,0.0058,20,0
24,attn_out,ru,tier_2,standard_translation,-0.0004,0.0005,20,0
24,mlp_out,ru,tier_2,standard_translation,0.0008,0.0015,20,0
25,residual,ru,tier_2,standard_translation,0.0038,0.0056,20,0
25,attn_out,ru,tier_2,standard_translation,0.0004,0.0004,20,0
25,mlp_out,ru,tier_2,standard_translation,0.0023,0.0038,20,0
26,residual,ru,tier_2,standard_translation,0.0024,0.0058,20,0
26,attn_out,ru,tier_2,standard_translation,-0.0001,0.0009,20,0
26,mlp_out,ru,tier_2,standard_translation,0.0011,0.0006,20,0
27,residual,ru,tier_2,standard_translation,0.0025,0.0062,20,0
27,attn_out,ru,tier_2,standard_translation,0.0002,0.0005,20,0
27,mlp_out,ru,tier_2,standard_translation,-0.0007,0.0019,20,0
28,residual,ru,tier_2,standard_translation,0.0,0.0017,20,0
28,attn_out,ru,tier_2,standard_translation,-0.0002,0.0003,20,0
28,mlp_out,ru,tier_2,standard_translation,-0.0,0.0016,20,0
29,residual,ru,tier_2,standard_translation,-0.0001,0.0015,20,0
29,attn_out,ru,tier_2,standard_translation,0.0,0.0007,20,0
29,mlp_out,ru,tier_2,standard_translation,-0.0015,0.0008,20,0
30,residual,ru,tier_2,standard_translation,0.0004,0.0004,20,0
30,attn_out,ru,tier_2,standard_translation,-0.0,0.0002,20,0
30,mlp_out,ru,tier_2,standard_translation,-0.001,0.0002,20,0
31,residual,ru,tier_2,standard_translation,0.0,0.0,20,0
31,attn_out,ru,tier_2,standard_translation,0.0,0.0,20,0
31,mlp_out,ru,tier_2,standard_translation,0.0,0.0,20,0
0,residual,ko,tier_2,standard_translation,-0.1488,0.1188,20,0
0,attn_out,ko,tier_2,standard_translation,-0.0153,0.0396,20,0
0,mlp_out,ko,tier_2,standard_translation,-0.0362,0.0298,20,0
1,residual,ko,tier_2,standard_translation,-0.0824,0.0727,20,0
1,attn_out,ko,tier_2,standard_translation,-0.0303,0.0198,20,0
1,mlp_out,ko,tier_2,standard_translation,-0.002,0.0395,20,0
2,residual,ko,tier_2,standard_translation,-0.0523,0.0655,20,0
2,attn_out,ko,tier_2,standard_translation,-0.0224,0.0205,20,0
2,mlp_out,ko,tier_2,standard_translation,-0.0298,0.0262,20,0
3,residual,ko,tier_2,standard_translation,-0.0149,0.0836,20,0
3,attn_out,ko,tier_2,standard_translation,-0.0416,0.0635,20,0
3,mlp_out,ko,tier_2,standard_translation,-0.0609,0.0292,20,0
4,residual,ko,tier_2,standard_translation,0.0087,0.1505,20,0
4,attn_out,ko,tier_2,standard_translation,-0.0233,0.0318,20,0
4,mlp_out,ko,tier_2,standard_translation,-0.03,0.0389,20,0
5,residual,ko,tier_2,standard_translation,0.0084,0.1716,20,0
5,attn_out,ko,tier_2,standard_translation,-0.0631,0.0178,20,0
5,mlp_out,ko,tier_2,standard_translation,-0.0367,0.029,20,0
6,residual,ko,tier_2,standard_translation,0.003,0.1946,20,0
6,attn_out,ko,tier_2,standard_translation,-0.0627,0.0388,20,0
6,mlp_out,ko,tier_2,standard_translation,-0.0484,0.0431,20,0
7,residual,ko,tier_2,standard_translation,-0.0107,0.17,20,0
7,attn_out,ko,tier_2,standard_translation,-0.0326,0.0183,20,0
7,mlp_out,ko,tier_2,standard_translation,-0.0274,0.0468,20,0
8,residual,ko,tier_2,standard_translation,-0.0265,0.125,20,0
8,attn_out,ko,tier_2,standard_translation,-0.0688,0.0193,20,0
8,mlp_out,ko,tier_2,standard_translation,-0.0473,0.0305,20,0
9,residual,ko,tier_2,standard_translation,-0.04,0.1038,20,0
9,attn_out,ko,tier_2,standard_translation,-0.0524,0.0241,20,0
9,mlp_out,ko,tier_2,standard_translation,-0.0336,0.0161,20,0
10,residual,ko,tier_2,standard_translation,-0.0465,0.0756,20,0
10,attn_out,ko,tier_2,standard_translation,-0.0375,0.0152,20,0
10,mlp_out,ko,tier_2,standard_translation,-0.0151,0.0199,20,0
11,residual,ko,tier_2,standard_translation,-0.0488,0.0675,20,0
11,attn_out,ko,tier_2,standard_translation,0.0189,0.0122,20,0
11,mlp_out,ko,tier_2,standard_translation,-0.0368,0.0299,20,0
12,residual,ko,tier_2,standard_translation,-0.0214,0.0476,20,0
12,attn_out,ko,tier_2,standard_translation,0.0046,0.0111,20,0
12,mlp_out,ko,tier_2,standard_translation,0.0129,0.0171,20,0
13,residual,ko,tier_2,standard_translation,0.012,0.046,20,0
13,attn_out,ko,tier_2,standard_translation,0.0089,0.0087,20,0
13,mlp_out,ko,tier_2,standard_translation,-0.0031,0.0111,20,0
14,residual,ko,tier_2,standard_translation,0.0293,0.0344,20,0
14,attn_out,ko,tier_2,standard_translation,0.0046,0.0049,20,0
14,mlp_out,ko,tier_2,standard_translation,-0.0146,0.011,20,0
15,residual,ko,tier_2,standard_translation,0.015,0.0278,20,0
15,attn_out,ko,tier_2,standard_translation,0.0066,0.0045,20,0
15,mlp_out,ko,tier_2,standard_translation,-0.0193,0.0103,20,0
16,residual,ko,tier_2,standard_translation,0.0197,0.023,20,0
16,attn_out,ko,tier_2,standard_translation,-0.0014,0.0041,20,0
16,mlp_out,ko,tier_2,standard_translation,-0.0082,0.0079,20,0
17,residual,ko,tier_2,standard_translation,0.0158,0.0172,20,0
17,attn_out,ko,tier_2,standard_translation,0.0004,0.0023,20,0
17,mlp_out,ko,tier_2,standard_translation,-0.0009,0.0048,20,0
18,residual,ko,tier_2,standard_translation,0.0116,0.0149,20,0
18,attn_out,ko,tier_2,standard_translation,-0.0033,0.0024,20,0
18,mlp_out,ko,tier_2,standard_translation,-0.0028,0.005,20,0
19,residual,ko,tier_2,standard_translation,0.0093,0.0162,20,0
19,attn_out,ko,tier_2,standard_translation,0.0012,0.0019,20,0
19,mlp_out,ko,tier_2,standard_translation,-0.0052,0.0026,20,0
20,residual,ko,tier_2,standard_translation,0.0148,0.0161,20,0
20,attn_out,ko,tier_2,standard_translation,-0.0004,0.0007,20,0
20,mlp_out,ko,tier_2,standard_translation,-0.0015,0.0026,20,0
21,residual,ko,tier_2,standard_translation,0.0078,0.0215,20,0
21,attn_out,ko,tier_2,standard_translation,-0.0027,0.002,20,0
21,mlp_out,ko,tier_2,standard_translation,-0.0063,0.0034,20,0
22,residual,ko,tier_2,standard_translation,0.0078,0.0251,20,0
22,attn_out,ko,tier_2,standard_translation,-0.0005,0.0014,20,0
22,mlp_out,ko,tier_2,standard_translation,0.0014,0.004,20,0
23,residual,ko,tier_2,standard_translation,0.0063,0.028,20,0
23,attn_out,ko,tier_2,standard_translation,0.001,0.0013,20,0
23,mlp_out,ko,tier_2,standard_translation,0.0061,0.0043,20,0
24,residual,ko,tier_2,standard_translation,0.0137,0.0143,20,0
24,attn_out,ko,tier_2,standard_translation,-0.0013,0.001,20,0
24,mlp_out,ko,tier_2,standard_translation,-0.0015,0.0013,20,0
25,residual,ko,tier_2,standard_translation,0.0079,0.0128,20,0
25,attn_out,ko,tier_2,standard_translation,0.001,0.0003,20,0
25,mlp_out,ko,tier_2,standard_translation,-0.0041,0.0035,20,0
26,residual,ko,tier_2,standard_translation,0.0035,0.0111,20,0
26,attn_out,ko,tier_2,standard_translation,0.0024,0.0021,20,0
26,mlp_out,ko,tier_2,standard_translation,0.0033,0.0054,20,0
27,residual,ko,tier_2,standard_translation,0.0066,0.0103,20,0
27,attn_out,ko,tier_2,standard_translation,-0.0006,0.0016,20,0
27,mlp_out,ko,tier_2,standard_translation,-0.0018,0.0025,20,0
28,residual,ko,tier_2,standard_translation,0.0089,0.0051,20,0
28,attn_out,ko,tier_2,standard_translation,-0.0015,0.0012,20,0
28,mlp_out,ko,tier_2,standard_translation,0.001,0.0033,20,0
29,residual,ko,tier_2,standard_translation,0.0059,0.0026,20,0
29,attn_out,ko,tier_2,standard_translation,0.0007,0.0018,20,0
29,mlp_out,ko,tier_2,standard_translation,-0.0017,0.0038,20,0
30,residual,ko,tier_2,standard_translation,0.0007,0.0018,20,0
30,attn_out,ko,tier_2,standard_translation,0.0002,0.0004,20,0
30,mlp_out,ko,tier_2,standard_translation,-0.0026,0.0009,20,0
31,residual,ko,tier_2,standard_translation,0.0,0.0,20,0
31,attn_out,ko,tier_2,standard_translation,0.0,0.0,20,0
31,mlp_out,ko,tier_2,standard_translation,0.0,0.0,20,0
0,residual,ja,tier_2,standard_translation,0.0211,0.1115,20,0
0,attn_out,ja,tier_2,standard_translation,0.0073,0.012,20,0
0,mlp_out,ja,tier_2,standard_translation,0.0435,0.0553,20,0
1,residual,ja,tier_2,standard_translation,0.002,0.1081,20,0
1,attn_out,ja,tier_2,standard_translation,0.0012,0.0268,20,0
1,mlp_out,ja,tier_2,standard_translation,0.0173,0.0121,20,0
2,residual,ja,tier_2,standard_translation,0.0353,0.0712,20,0
2,attn_out,ja,tier_2,standard_translation,0.0055,0.0208,20,0
2,mlp_out,ja,tier_2,standard_translation,0.0429,0.016,20,0
3,residual,ja,tier_2,standard_translation,0.0657,0.0769,20,0
3,attn_out,ja,tier_2,standard_translation,-0.0079,0.0268,20,0
3,mlp_out,ja,tier_2,standard_translation,0.0014,0.0123,20,0
4,residual,ja,tier_2,standard_translation,0.1122,0.0702,20,0
4,attn_out,ja,tier_2,standard_translation,-0.0073,0.0257,20,0
4,mlp_out,ja,tier_2,standard_translation,-0.0091,0.0152,20,0
5,residual,ja,tier_2,standard_translation,0.1293,0.0643,20,0
5,attn_out,ja,tier_2,standard_translation,0.0014,0.0461,20,0
5,mlp_out,ja,tier_2,standard_translation,-0.0034,0.0393,20,0
6,residual,ja,tier_2,standard_translation,0.1181,0.0701,20,0
6,attn_out,ja,tier_2,standard_translation,-0.0214,0.0296,20,0
6,mlp_out,ja,tier_2,standard_translation,-0.0223,0.0273,20,0
7,residual,ja,tier_2,standard_translation,0.0843,0.0706,20,0
7,attn_out,ja,tier_2,standard_translation,0.0008,0.0255,20,0
7,mlp_out,ja,tier_2,standard_translation,-0.0058,0.0605,20,0
8,residual,ja,tier_2,standard_translation,0.0573,0.0532,20,0
8,attn_out,ja,tier_2,standard_translation,-0.035,0.0433,20,0
8,mlp_out,ja,tier_2,standard_translation,-0.0087,0.0617,20,0
9,residual,ja,tier_2,standard_translation,0.0413,0.0526,20,0
9,attn_out,ja,tier_2,standard_translation,-0.0019,0.0198,20,0
9,mlp_out,ja,tier_2,standard_translation,0.0002,0.0262,20,0
10,residual,ja,tier_2,standard_translation,0.0214,0.0385,20,0
10,attn_out,ja,tier_2,standard_translation,-0.0274,0.0193,20,0
10,mlp_out,ja,tier_2,standard_translation,-0.0064,0.0186,20,0
11,residual,ja,tier_2,standard_translation,0.0079,0.0387,20,0
11,attn_out,ja,tier_2,standard_translation,-0.0076,0.0056,20,0
11,mlp_out,ja,tier_2,standard_translation,0.0043,0.0257,20,0
12,residual,ja,tier_2,standard_translation,0.0239,0.0287,20,0
12,attn_out,ja,tier_2,standard_translation,0.0044,0.0138,20,0
12,mlp_out,ja,tier_2,standard_translation,0.0068,0.0111,20,0
13,residual,ja,tier_2,standard_translation,0.0236,0.0199,20,0
13,attn_out,ja,tier_2,standard_translation,0.0079,0.0032,20,0
13,mlp_out,ja,tier_2,standard_translation,-0.0041,0.0082,20,0
14,residual,ja,tier_2,standard_translation,0.0274,0.0146,20,0
14,attn_out,ja,tier_2,standard_translation,0.0006,0.0038,20,0
14,mlp_out,ja,tier_2,standard_translation,-0.0071,0.0043,20,0
15,residual,ja,tier_2,standard_translation,0.0197,0.0108,20,0
15,attn_out,ja,tier_2,standard_translation,-0.0006,0.0063,20,0
15,mlp_out,ja,tier_2,standard_translation,-0.0039,0.0104,20,0
16,residual,ja,tier_2,standard_translation,0.0245,0.0138,20,0
16,attn_out,ja,tier_2,standard_translation,-0.0007,0.007,20,0
16,mlp_out,ja,tier_2,standard_translation,-0.0114,0.0071,20,0
17,residual,ja,tier_2,standard_translation,0.0199,0.0099,20,0
17,attn_out,ja,tier_2,standard_translation,0.0001,0.0018,20,0
17,mlp_out,ja,tier_2,standard_translation,0.0051,0.0084,20,0
18,residual,ja,tier_2,standard_translation,0.0101,0.0099,20,0
18,attn_out,ja,tier_2,standard_translation,-0.0007,0.0016,20,0
18,mlp_out,ja,tier_2,standard_translation,0.0017,0.003,20,0
19,residual,ja,tier_2,standard_translation,0.0129,0.0105,20,0
19,attn_out,ja,tier_2,standard_translation,0.0015,0.0008,20,0
19,mlp_out,ja,tier_2,standard_translation,-0.0012,0.0012,20,0
20,residual,ja,tier_2,standard_translation,0.0151,0.0107,20,0
20,attn_out,ja,tier_2,standard_translation,0.0,0.0009,20,0
20,mlp_out,ja,tier_2,standard_translation,-0.0024,0.004,20,0
21,residual,ja,tier_2,standard_translation,0.0081,0.0115,20,0
21,attn_out,ja,tier_2,standard_translation,-0.0002,0.0017,20,0
21,mlp_out,ja,tier_2,standard_translation,0.0008,0.0016,20,0
22,residual,ja,tier_2,standard_translation,0.01,0.0129,20,0
22,attn_out,ja,tier_2,standard_translation,-0.0003,0.0006,20,0
22,mlp_out,ja,tier_2,standard_translation,-0.0012,0.0056,20,0
23,residual,ja,tier_2,standard_translation,0.0081,0.0197,20,0
23,attn_out,ja,tier_2,standard_translation,0.0006,0.0005,20,0
23,mlp_out,ja,tier_2,standard_translation,0.0034,0.0017,20,0
24,residual,ja,tier_2,standard_translation,0.0149,0.0124,20,0
24,attn_out,ja,tier_2,standard_translation,-0.0001,0.0009,20,0
24,mlp_out,ja,tier_2,standard_translation,0.0039,0.0036,20,0
25,residual,ja,tier_2,standard_translation,0.0191,0.0133,20,0
25,attn_out,ja,tier_2,standard_translation,0.0003,0.0008,20,0
25,mlp_out,ja,tier_2,standard_translation,-0.0043,0.0017,20,0
26,residual,ja,tier_2,standard_translation,0.0081,0.0116,20,0
26,attn_out,ja,tier_2,standard_translation,0.0006,0.0008,20,0
26,mlp_out,ja,tier_2,standard_translation,0.003,0.0047,20,0
27,residual,ja,tier_2,standard_translation,0.0109,0.0095,20,0
27,attn_out,ja,tier_2,standard_translation,0.0001,0.0009,20,0
27,mlp_out,ja,tier_2,standard_translation,-0.0006,0.0048,20,0
28,residual,ja,tier_2,standard_translation,0.0117,0.0055,20,0
28,attn_out,ja,tier_2,standard_translation,-0.0006,0.0005,20,0
28,mlp_out,ja,tier_2,standard_translation,0.0005,0.0045,20,0
29,residual,ja,tier_2,standard_translation,0.0062,0.0063,20,0
29,attn_out,ja,tier_2,standard_translation,-0.0012,0.0003,20,0
29,mlp_out,ja,tier_2,standard_translation,0.0001,0.0014,20,0
30,residual,ja,tier_2,standard_translation,0.0018,0.0026,20,0
30,attn_out,ja,tier_2,standard_translation,-0.0003,0.0002,20,0
30,mlp_out,ja,tier_2,standard_translation,-0.0014,0.0019,20,0
31,residual,ja,tier_2,standard_translation,0.0,0.0,20,0
31,attn_out,ja,tier_2,standard_translation,0.0,0.0,20,0
31,mlp_out,ja,tier_2,standard_translation,0.0,0.0,20,0
0,residual,tr,tier_3,standard_translation,0.0998,0.1734,20,0
0,attn_out,tr,tier_3,standard_translation,0.0141,0.0462,20,0
0,mlp_out,tr,tier_3,standard_translation,0.0846,0.0776,20,0
1,residual,tr,tier_3,standard_translation,0.0994,0.1546,20,0
1,attn_out,tr,tier_3,standard_translation,0.0487,0.0686,20,0
1,mlp_out,tr,tier_3,standard_translation,0.0017,0.0405,20,0
2,residual,tr,tier_3,standard_translation,0.12,0.1444,20,0
2,attn_out,tr,tier_3,standard_translation,0.0044,0.0581,20,0
2,mlp_out,tr,tier_3,standard_translation,-0.0052,0.0545,20,0
3,residual,tr,tier_3,standard_translation,0.1504,0.134,20,0
3,attn_out,tr,tier_3,standard_translation,0.0397,0.0605,20,0
3,mlp_out,tr,tier_3,standard_translation,-0.0158,0.0342,20,0
4,residual,tr,tier_3,standard_translation,0.1843,0.1477,20,0
4,attn_out,tr,tier_3,standard_translation,-0.0249,0.062,20,0
4,mlp_out,tr,tier_3,standard_translation,-0.0053,0.0476,20,0
5,residual,tr,tier_3,standard_translation,0.203,0.1243,20,0
5,attn_out,tr,tier_3,standard_translation,-0.0158,0.0518,20,0
5,mlp_out,tr,tier_3,standard_translation,-0.0283,0.0602,20,0
6,residual,tr,tier_3,standard_translation,0.1711,0.1121,20,0
6,attn_out,tr,tier_3,standard_translation,-0.0354,0.0765,20,0
6,mlp_out,tr,tier_3,standard_translation,-0.0239,0.0548,20,0
7,residual,tr,tier_3,standard_translation,0.1317,0.1023,20,0
7,attn_out,tr,tier_3,standard_translation,0.0022,0.0347,20,0
7,mlp_out,tr,tier_3,standard_translation,-0.0488,0.0758,20,0
8,residual,tr,tier_3,standard_translation,0.1067,0.0874,20,0
8,attn_out,tr,tier_3,standard_translation,-0.0385,0.0469,20,0
8,mlp_out,tr,tier_3,standard_translation,-0.0077,0.0521,20,0
9,residual,tr,tier_3,standard_translation,0.0724,0.0821,20,0
9,attn_out,tr,tier_3,standard_translation,-0.0302,0.0403,20,0
9,mlp_out,tr,tier_3,standard_translation,-0.0387,0.0179,20,0
10,residual,tr,tier_3,standard_translation,0.061,0.0515,20,0
10,attn_out,tr,tier_3,standard_translation,-0.0135,0.034,20,0
10,mlp_out,tr,tier_3,standard_translation,-0.0479,0.0208,20,0
11,residual,tr,tier_3,standard_translation,0.0554,0.0396,20,0
11,attn_out,tr,tier_3,standard_translation,0.0286,0.0305,20,0
11,mlp_out,tr,tier_3,standard_translation,-0.009,0.0258,20,0
12,residual,tr,tier_3,standard_translation,0.0516,0.0225,20,0
12,attn_out,tr,tier_3,standard_translation,0.0304,0.0194,20,0
12,mlp_out,tr,tier_3,standard_translation,0.0083,0.0343,20,0
13,residual,tr,tier_3,standard_translation,0.056,0.0318,20,0
13,attn_out,tr,tier_3,standard_translation,0.0158,0.014,20,0
13,mlp_out,tr,tier_3,standard_translation,0.006,0.0159,20,0
14,residual,tr,tier_3,standard_translation,0.0659,0.0303,20,0
14,attn_out,tr,tier_3,standard_translation,0.0089,0.0114,20,0
14,mlp_out,tr,tier_3,standard_translation,0.0066,0.0161,20,0
15,residual,tr,tier_3,standard_translation,0.0436,0.0279,20,0
15,attn_out,tr,tier_3,standard_translation,0.0019,0.0082,20,0
15,mlp_out,tr,tier_3,standard_translation,-0.0183,0.0221,20,0
16,residual,tr,tier_3,standard_translation,0.0353,0.0288,20,0
16,attn_out,tr,tier_3,standard_translation,0.0003,0.0046,20,0
16,mlp_out,tr,tier_3,standard_translation,-0.0229,0.0041,20,0
17,residual,tr,tier_3,standard_translation,0.0184,0.0239,20,0
17,attn_out,tr,tier_3,standard_translation,-0.0049,0.0063,20,0
17,mlp_out,tr,tier_3,standard_translation,-0.0043,0.0131,20,0
18,residual,tr,tier_3,standard_translation,0.0151,0.0262,20,0
18,attn_out,tr,tier_3,standard_translation,-0.0026,0.0024,20,0
18,mlp_out,tr,tier_3,standard_translation,-0.0113,0.0099,20,0
19,residual,tr,tier_3,standard_translation,0.0175,0.0259,20,0
19,attn_out,tr,tier_3,standard_translation,0.0021,0.0026,20,0
19,mlp_out,tr,tier_3,standard_translation,-0.006,0.003,20,0
20,residual,tr,tier_3,standard_translation,0.0144,0.0247,20,0
20,attn_out,tr,tier_3,standard_translation,0.0015,0.0027,20,0
20,mlp_out,tr,tier_3,standard_translation,-0.0019,0.006,20,0
21,residual,tr,tier_3,standard_translation,0.0135,0.0226,20,0
21,attn_out,tr,tier_3,standard_translation,-0.0043,0.0034,20,0
21,mlp_out,tr,tier_3,standard_translation,-0.0103,0.0076,20,0
22,residual,tr,tier_3,standard_translation,0.0099,0.0216,20,0
22,attn_out,tr,tier_3,standard_translation,0.0001,0.0033,20,0
22,mlp_out,tr,tier_3,standard_translation,-0.0028,0.0071,20,0
23,residual,tr,tier_3,standard_translation,0.0062,0.0188,20,0
23,attn_out,tr,tier_3,standard_translation,-0.0013,0.0013,20,0
23,mlp_out,tr,tier_3,standard_translation,-0.0033,0.0094,20,0
24,residual,tr,tier_3,standard_translation,0.0121,0.0193,20,0
24,attn_out,tr,tier_3,standard_translation,-0.0003,0.0021,20,0
24,mlp_out,tr,tier_3,standard_translation,-0.0023,0.0071,20,0
25,residual,tr,tier_3,standard_translation,0.009,0.0177,20,0
25,attn_out,tr,tier_3,standard_translation,0.0001,0.0005,20,0
25,mlp_out,tr,tier_3,standard_translation,-0.003,0.0024,20,0
26,residual,tr,tier_3,standard_translation,0.0105,0.0163,20,0
26,attn_out,tr,tier_3,standard_translation,-0.0032,0.0034,20,0
26,mlp_out,tr,tier_3,standard_translation,-0.0058,0.0068,20,0
27,residual,tr,tier_3,standard_translation,0.015,0.0201,20,0
27,attn_out,tr,tier_3,standard_translation,0.0006,0.0015,20,0
27,mlp_out,tr,tier_3,standard_translation,-0.0123,0.0067,20,0
28,residual,tr,tier_3,standard_translation,0.0118,0.0167,20,0
28,attn_out,tr,tier_3,standard_translation,-0.0009,0.001,20,0
28,mlp_out,tr,tier_3,standard_translation,-0.006,0.0047,20,0
29,residual,tr,tier_3,standard_translation,0.0067,0.0122,20,0
29,attn_out,tr,tier_3,standard_translation,-0.0001,0.0032,20,0
29,mlp_out,tr,tier_3,standard_translation,-0.0049,0.0039,20,0
30,residual,tr,tier_3,standard_translation,0.0033,0.0019,20,0
30,attn_out,tr,tier_3,standard_translation,-0.0,0.0007,20,0
30,mlp_out,tr,tier_3,standard_translation,-0.0025,0.0014,20,0
31,residual,tr,tier_3,standard_translation,0.0,0.0,20,0
31,attn_out,tr,tier_3,standard_translation,0.0,0.0,20,0
31,mlp_out,tr,tier_3,standard_translation,0.0,0.0,20,0
0,residual,id,tier_3,standard_translation,0.0588,0.019,20,0
0,attn_out,id,tier_3,standard_translation,0.0164,0.01,20,0
0,mlp_out,id,tier_3,standard_translation,0.0193,0.028,20,0
1,residual,id,tier_3,standard_translation,0.054,0.0269,20,0
1,attn_out,id,tier_3,standard_translation,0.0003,0.012,20,0
1,mlp_out,id,tier_3,standard_translation,0.0086,0.0195,20,0
2,residual,id,tier_3,standard_translation,0.0452,0.0256,20,0
2,attn_out,id,tier_3,standard_translation,-0.0083,0.0082,20,0
2,mlp_out,id,tier_3,standard_translation,0.004,0.0015,20,0
3,residual,id,tier_3,standard_translation,0.0269,0.0178,20,0
3,attn_out,id,tier_3,standard_translation,0.009,0.0495,20,0
3,mlp_out,id,tier_3,standard_translation,-0.0071,0.0169,20,0
4,residual,id,tier_3,standard_translation,0.0331,0.0323,20,0
4,attn_out,id,tier_3,standard_translation,-0.0012,0.0194,20,0
4,mlp_out,id,tier_3,standard_translation,-0.0136,0.0338,20,0
5,residual,id,tier_3,standard_translation,0.022,0.0335,20,0
5,attn_out,id,tier_3,standard_translation,-0.0099,0.0208,20,0
5,mlp_out,id,tier_3,standard_translation,-0.0128,0.019,20,0
6,residual,id,tier_3,standard_translation,0.0167,0.039,20,0
6,attn_out,id,tier_3,standard_translation,-0.0097,0.0161,20,0
6,mlp_out,id,tier_3,standard_translation,-0.0093,0.0301,20,0
7,residual,id,tier_3,standard_translation,0.0194,0.0357,20,0
7,attn_out,id,tier_3,standard_translation,0.006,0.014,20,0
7,mlp_out,id,tier_3,standard_translation,-0.0077,0.0273,20,0
8,residual,id,tier_3,standard_translation,0.0196,0.0366,20,0
8,attn_out,id,tier_3,standard_translation,0.001,0.0074,20,0
8,mlp_out,id,tier_3,standard_translation,-0.009,0.0258,20,0
9,residual,id,tier_3,standard_translation,0.0316,0.0314,20,0
9,attn_out,id,tier_3,standard_translation,0.0069,0.0153,20,0
9,mlp_out,id,tier_3,standard_translation,-0.0288,0.0457,20,0
10,residual,id,tier_3,standard_translation,0.0284,0.027,20,0
10,attn_out,id,tier_3,standard_translation,0.0007,0.0071,20,0
10,mlp_out,id,tier_3,standard_translation,-0.0035,0.0082,20,0
11,residual,id,tier_3,standard_translation,0.0304,0.023,20,0
11,attn_out,id,tier_3,standard_translation,0.0077,0.0086,20,0
11,mlp_out,id,tier_3,standard_translation,-0.0086,0.014,20,0
12,residual,id,tier_3,standard_translation,0.0401,0.019,20,0
12,attn_out,id,tier_3,standard_translation,0.0119,0.0075,20,0
12,mlp_out,id,tier_3,standard_translation,0.0078,0.0111,20,0
13,residual,id,tier_3,standard_translation,0.0338,0.0194,20,0
13,attn_out,id,tier_3,standard_translation,0.0076,0.0044,20,0
13,mlp_out,id,tier_3,standard_translation,0.0111,0.0073,20,0
14,residual,id,tier_3,standard_translation,0.0452,0.0186,20,0
14,attn_out,id,tier_3,standard_translation,0.008,0.0047,20,0
14,mlp_out,id,tier_3,standard_translation,0.0095,0.0063,20,0
15,residual,id,tier_3,standard_translation,0.0362,0.0165,20,0
15,attn_out,id,tier_3,standard_translation,0.0034,0.0013,20,0
15,mlp_out,id,tier_3,standard_translation,0.0036,0.0053,20,0
16,residual,id,tier_3,standard_translation,0.034,0.0169,20,0
16,attn_out,id,tier_3,standard_translation,0.0051,0.005,20,0
16,mlp_out,id,tier_3,standard_translation,0.0086,0.005,20,0
17,residual,id,tier_3,standard_translation,0.0317,0.0152,20,0
17,attn_out,id,tier_3,standard_translation,0.0011,0.0013,20,0
17,mlp_out,id,tier_3,standard_translation,0.0004,0.0057,20,0
18,residual,id,tier_3,standard_translation,0.0283,0.0139,20,0
18,attn_out,id,tier_3,standard_translation,0.0002,0.0011,20,0
18,mlp_out,id,tier_3,standard_translation,0.0055,0.0033,20,0
19,residual,id,tier_3,standard_translation,0.0282,0.0133,20,0
19,attn_out,id,tier_3,standard_translation,-0.0015,0.0013,20,0
19,mlp_out,id,tier_3,standard_translation,-0.0006,0.006,20,0
20,residual,id,tier_3,standard_translation,0.0281,0.0131,20,0
20,attn_out,id,tier_3,standard_translation,0.0016,0.0027,20,0
20,mlp_out,id,tier_3,standard_translation,0.0059,0.0043,20,0
21,residual,id,tier_3,standard_translation,0.028,0.0141,20,0
21,attn_out,id,tier_3,standard_translation,0.0005,0.0012,20,0
21,mlp_out,id,tier_3,standard_translation,0.0046,0.0054,20,0
22,residual,id,tier_3,standard_translation,0.0224,0.0103,20,0
22,attn_out,id,tier_3,standard_translation,-0.0006,0.0016,20,0
22,mlp_out,id,tier_3,standard_translation,0.0068,0.006,20,0
23,residual,id,tier_3,standard_translation,0.0205,0.009,20,0
23,attn_out,id,tier_3,standard_translation,-0.0004,0.0002,20,0
23,mlp_out,id,tier_3,standard_translation,0.0024,0.0026,20,0
24,residual,id,tier_3,standard_translation,0.0242,0.0107,20,0
24,attn_out,id,tier_3,standard_translation,0.0011,0.0021,20,0
24,mlp_out,id,tier_3,standard_translation,0.0028,0.0014,20,0
25,residual,id,tier_3,standard_translation,0.0241,0.01,20,0
25,attn_out,id,tier_3,standard_translation,0.002,0.0011,20,0
25,mlp_out,id,tier_3,standard_translation,-0.0024,0.0028,20,0
26,residual,id,tier_3,standard_translation,0.0217,0.0102,20,0
26,attn_out,id,tier_3,standard_translation,0.001,0.0012,20,0
26,mlp_out,id,tier_3,standard_translation,0.0036,0.002,20,0
27,residual,id,tier_3,standard_translation,0.0218,0.0107,20,0
27,attn_out,id,tier_3,standard_translation,0.0012,0.0008,20,0
27,mlp_out,id,tier_3,standard_translation,0.0002,0.0029,20,0
28,residual,id,tier_3,standard_translation,0.0195,0.0092,20,0
28,attn_out,id,tier_3,standard_translation,-0.0004,0.0005,20,0
28,mlp_out,id,tier_3,standard_translation,0.0029,0.0033,20,0
29,residual,id,tier_3,standard_translation,0.0194,0.0115,20,0
29,attn_out,id,tier_3,standard_translation,-0.0009,0.0004,20,0
29,mlp_out,id,tier_3,standard_translation,0.0031,0.0073,20,0
30,residual,id,tier_3,standard_translation,0.0054,0.0016,20,0
30,attn_out,id,tier_3,standard_translation,0.0003,0.0012,20,0
30,mlp_out,id,tier_3,standard_translation,-0.001,0.0004,20,0
31,residual,id,tier_3,standard_translation,0.0,0.0,20,0
31,attn_out,id,tier_3,standard_translation,0.0,0.0,20,0
31,mlp_out,id,tier_3,standard_translation,0.0,0.0,20,0
0,residual,hi,tier_3,standard_translation,0.0856,0.0891,20,0
0,attn_out,hi,tier_3,standard_translation,-0.016,0.0429,20,0
0,mlp_out,hi,tier_3,standard_translation,0.0621,0.0689,20,0
1,residual,hi,tier_3,standard_translation,0.0779,0.0764,20,0
1,attn_out,hi,tier_3,standard_translation,-0.0103,0.0302,20,0
1,mlp_out,hi,tier_3,standard_translation,-0.0013,0.0365,20,0
2,residual,hi,tier_3,standard_translation,0.0659,0.0903,20,0
2,attn_out,hi,tier_3,standard_translation,-0.0157,0.0256,20,0
2,mlp_out,hi,tier_3,standard_translation,0.0101,0.0617,20,0
3,residual,hi,tier_3,standard_translation,0.0381,0.1172,20,0
3,attn_out,hi,tier_3,standard_translation,0.0167,0.0388,20,0
3,mlp_out,hi,tier_3,standard_translation,0.0048,0.055,20,0
4,residual,hi,tier_3,standard_translation,0.0521,0.1018,20,0
4,attn_out,hi,tier_3,standard_translation,0.0068,0.0164,20,0
4,mlp_out,hi,tier_3,standard_translation,-0.0118,0.0613,20,0
5,residual,hi,tier_3,standard_translation,0.0368,0.0891,20,0
5,attn_out,hi,tier_3,standard_translation,-0.0036,0.0502,20,0
5,mlp_out,hi,tier_3,standard_translation,-0.0184,0.0564,20,0
6,residual,hi,tier_3,standard_translation,0.0267,0.0835,20,0
6,attn_out,hi,tier_3,standard_translation,0.0112,0.0341,20,0
6,mlp_out,hi,tier_3,standard_translation,0.0065,0.0715,20,0
7,residual,hi,tier_3,standard_translation,0.0294,0.0655,20,0
7,attn_out,hi,tier_3,standard_translation,0.0163,0.0366,20,0
7,mlp_out,hi,tier_3,standard_translation,0.0021,0.072,20,0
8,residual,hi,tier_3,standard_translation,0.0455,0.0475,20,0
8,attn_out,hi,tier_3,standard_translation,-0.0245,0.0168,20,0
8,mlp_out,hi,tier_3,standard_translation,0.0289,0.0342,20,0
9,residual,hi,tier_3,standard_translation,0.038,0.0556,20,0
9,attn_out,hi,tier_3,standard_translation,-0.008,0.0219,20,0
9,mlp_out,hi,tier_3,standard_translation,-0.0056,0.0291,20,0
10,residual,hi,tier_3,standard_translation,0.0317,0.051,20,0
10,attn_out,hi,tier_3,standard_translation,-0.007,0.0246,20,0
10,mlp_out,hi,tier_3,standard_translation,0.0121,0.0274,20,0
11,residual,hi,tier_3,standard_translation,0.0264,0.0718,20,0
11,attn_out,hi,tier_3,standard_translation,0.0061,0.0107,20,0
11,mlp_out,hi,tier_3,standard_translation,0.0338,0.0257,20,0
12,residual,hi,tier_3,standard_translation,0.0092,0.0651,20,0
12,attn_out,hi,tier_3,standard_translation,0.007,0.0154,20,0
12,mlp_out,hi,tier_3,standard_translation,0.007,0.0167,20,0
13,residual,hi,tier_3,standard_translation,0.0075,0.048,20,0
13,attn_out,hi,tier_3,standard_translation,0.0087,0.0036,20,0
13,mlp_out,hi,tier_3,standard_translation,0.0027,0.0136,20,0
14,residual,hi,tier_3,standard_translation,0.0068,0.0382,20,0
14,attn_out,hi,tier_3,standard_translation,0.0053,0.0049,20,0
14,mlp_out,hi,tier_3,standard_translation,-0.0021,0.0061,20,0
15,residual,hi,tier_3,standard_translation,0.0034,0.0353,20,0
15,attn_out,hi,tier_3,standard_translation,0.003,0.0037,20,0
15,mlp_out,hi,tier_3,standard_translation,-0.0122,0.0077,20,0
16,residual,hi,tier_3,standard_translation,-0.0004,0.0379,20,0
16,attn_out,hi,tier_3,standard_translation,-0.0013,0.0028,20,0
16,mlp_out,hi,tier_3,standard_translation,-0.0046,0.007,20,0
17,residual,hi,tier_3,standard_translation,0.0012,0.0287,20,0
17,attn_out,hi,tier_3,standard_translation,-0.0024,0.0025,20,0
17,mlp_out,hi,tier_3,standard_translation,-0.0043,0.002,20,0
18,residual,hi,tier_3,standard_translation,-0.001,0.0287,20,0
18,attn_out,hi,tier_3,standard_translation,-0.0006,0.0027,20,0
18,mlp_out,hi,tier_3,standard_translation,0.0002,0.0006,20,0
19,residual,hi,tier_3,standard_translation,-0.0024,0.0284,20,0
19,attn_out,hi,tier_3,standard_translation,-0.0021,0.0021,20,0
19,mlp_out,hi,tier_3,standard_translation,-0.0043,0.0056,20,0
20,residual,hi,tier_3,standard_translation,0.0002,0.0296,20,0
20,attn_out,hi,tier_3,standard_translation,-0.002,0.0049,20,0
20,mlp_out,hi,tier_3,standard_translation,-0.0002,0.0033,20,0
21,residual,hi,tier_3,standard_translation,0.001,0.0294,20,0
21,attn_out,hi,tier_3,standard_translation,-0.0014,0.0014,20,0
21,mlp_out,hi,tier_3,standard_translation,-0.0027,0.0046,20,0
22,residual,hi,tier_3,standard_translation,0.0002,0.0336,20,0
22,attn_out,hi,tier_3,standard_translation,-0.0,0.001,20,0
22,mlp_out,hi,tier_3,standard_translation,0.0045,0.0058,20,0
23,residual,hi,tier_3,standard_translation,0.0012,0.0357,20,0
23,attn_out,hi,tier_3,standard_translation,0.0006,0.0007,20,0
23,mlp_out,hi,tier_3,standard_translation,0.0019,0.0033,20,0
24,residual,hi,tier_3,standard_translation,0.0127,0.0148,20,0
24,attn_out,hi,tier_3,standard_translation,0.0029,0.0012,20,0
24,mlp_out,hi,tier_3,standard_translation,-0.0014,0.0029,20,0
25,residual,hi,tier_3,standard_translation,0.0167,0.0126,20,0
25,attn_out,hi,tier_3,standard_translation,0.0006,0.0013,20,0
25,mlp_out,hi,tier_3,standard_translation,-0.0014,0.0033,20,0
26,residual,hi,tier_3,standard_translation,0.0135,0.0112,20,0
26,attn_out,hi,tier_3,standard_translation,-0.0028,0.0013,20,0
26,mlp_out,hi,tier_3,standard_translation,0.0016,0.0017,20,0
27,residual,hi,tier_3,standard_translation,0.0159,0.0099,20,0
27,attn_out,hi,tier_3,standard_translation,0.0007,0.0005,20,0
27,mlp_out,hi,tier_3,standard_translation,-0.0084,0.0037,20,0
28,residual,hi,tier_3,standard_translation,0.0106,0.0097,20,0
28,attn_out,hi,tier_3,standard_translation,-0.0005,0.0003,20,0
28,mlp_out,hi,tier_3,standard_translation,0.0024,0.0024,20,0
29,residual,hi,tier_3,standard_translation,0.0082,0.0077,20,0
29,attn_out,hi,tier_3,standard_translation,-0.0004,0.0021,20,0
29,mlp_out,hi,tier_3,standard_translation,-0.0058,0.0031,20,0
30,residual,hi,tier_3,standard_translation,0.0039,0.0053,20,0
30,attn_out,hi,tier_3,standard_translation,0.0003,0.0009,20,0
30,mlp_out,hi,tier_3,standard_translation,-0.0029,0.0024,20,0
31,residual,hi,tier_3,standard_translation,0.0,0.0,20,0
31,attn_out,hi,tier_3,standard_translation,0.0,0.0,20,0
31,mlp_out,hi,tier_3,standard_translation,0.0,0.0,20,0
0,residual,sw,tier_3,standard_translation,-0.0026,0.0662,20,0
0,attn_out,sw,tier_3,standard_translation,0.0623,0.1045,20,0
0,mlp_out,sw,tier_3,standard_translation,-0.0316,0.065,20,0
1,residual,sw,tier_3,standard_translation,-0.012,0.0512,20,0
1,attn_out,sw,tier_3,standard_translation,0.0026,0.0542,20,0
1,mlp_out,sw,tier_3,standard_translation,-0.0607,0.1072,20,0
2,residual,sw,tier_3,standard_translation,-0.0292,0.0488,20,0
2,attn_out,sw,tier_3,standard_translation,0.0123,0.0416,20,0
2,mlp_out,sw,tier_3,standard_translation,-0.0312,0.0382,20,0
3,residual,sw,tier_3,standard_translation,-0.0799,0.1216,20,0
3,attn_out,sw,tier_3,standard_translation,0.0064,0.0769,20,0
3,mlp_out,sw,tier_3,standard_translation,-0.0681,0.1404,20,0
4,residual,sw,tier_3,standard_translation,-0.0818,0.1286,20,0
4,attn_out,sw,tier_3,standard_translation,0.0108,0.0882,20,0
4,mlp_out,sw,tier_3,standard_translation,-0.0516,0.078,20,0
5,residual,sw,tier_3,standard_translation,-0.0955,0.1319,20,0
5,attn_out,sw,tier_3,standard_translation,0.0133,0.0184,20,0
5,mlp_out,sw,tier_3,standard_translation,-0.0367,0.0446,20,0
6,residual,sw,tier_3,standard_translation,-0.095,0.1317,20,0
6,attn_out,sw,tier_3,standard_translation,0.0129,0.0248,20,0
6,mlp_out,sw,tier_3,standard_translation,-0.0538,0.1021,20,0
7,residual,sw,tier_3,standard_translation,-0.1031,0.1297,20,0
7,attn_out,sw,tier_3,standard_translation,-0.0066,0.023,20,0
7,mlp_out,sw,tier_3,standard_translation,-0.0606,0.0996,20,0
8,residual,sw,tier_3,standard_translation,-0.0887,0.116,20,0
8,attn_out,sw,tier_3,standard_translation,0.0126,0.0172,20,0
8,mlp_out,sw,tier_3,standard_translation,-0.0046,0.0246,20,0
9,residual,sw,tier_3,standard_translation,-0.0999,0.108,20,0
9,attn_out,sw,tier_3,standard_translation,-0.0031,0.0079,20,0
9,mlp_out,sw,tier_3,standard_translation,-0.0108,0.0421,20,0
10,residual,sw,tier_3,standard_translation,-0.1032,0.099,20,0
10,attn_out,sw,tier_3,standard_translation,-0.0063,0.0094,20,0
10,mlp_out,sw,tier_3,standard_translation,-0.0211,0.0214,20,0
11,residual,sw,tier_3,standard_translation,-0.1082,0.0881,20,0
11,attn_out,sw,tier_3,standard_translation,0.0016,0.011,20,0
11,mlp_out,sw,tier_3,standard_translation,-0.0109,0.0136,20,0
12,residual,sw,tier_3,standard_translation,-0.0575,0.0537,20,0
12,attn_out,sw,tier_3,standard_translation,-0.0012,0.0021,20,0
12,mlp_out,sw,tier_3,standard_translation,-0.004,0.0047,20,0
13,residual,sw,tier_3,standard_translation,-0.0307,0.0274,20,0
13,attn_out,sw,tier_3,standard_translation,-0.0005,0.0023,20,0
13,mlp_out,sw,tier_3,standard_translation,-0.0003,0.0055,20,0
14,residual,sw,tier_3,standard_translation,-0.0276,0.0261,20,0
14,attn_out,sw,tier_3,standard_translation,0.0016,0.0019,20,0
14,mlp_out,sw,tier_3,standard_translation,0.0001,0.0024,20,0
15,residual,sw,tier_3,standard_translation,-0.0141,0.0172,20,0
15,attn_out,sw,tier_3,standard_translation,0.0003,0.0026,20,0
15,mlp_out,sw,tier_3,standard_translation,-0.0021,0.0026,20,0
16,residual,sw,tier_3,standard_translation,-0.0109,0.0178,20,0
16,attn_out,sw,tier_3,standard_translation,0.0007,0.0022,20,0
16,mlp_out,sw,tier_3,standard_translation,-0.0018,0.0021,20,0
17,residual,sw,tier_3,standard_translation,-0.0072,0.0169,20,0
17,attn_out,sw,tier_3,standard_translation,0.0004,0.0014,20,0
17,mlp_out,sw,tier_3,standard_translation,-0.0045,0.0039,20,0
18,residual,sw,tier_3,standard_translation,-0.0024,0.0118,20,0
18,attn_out,sw,tier_3,standard_translation,0.0002,0.0005,20,0
18,mlp_out,sw,tier_3,standard_translation,0.0016,0.001,20,0
19,residual,sw,tier_3,standard_translation,-0.0006,0.0102,20,0
19,attn_out,sw,tier_3,standard_translation,0.0005,0.0009,20,0
19,mlp_out,sw,tier_3,standard_translation,0.0005,0.0019,20,0
20,residual,sw,tier_3,standard_translation,0.002,0.0095,20,0
20,attn_out,sw,tier_3,standard_translation,0.002,0.0017,20,0
20,mlp_out,sw,tier_3,standard_translation,0.0019,0.0013,20,0
21,residual,sw,tier_3,standard_translation,0.0012,0.0094,20,0
21,attn_out,sw,tier_3,standard_translation,0.0,0.001,20,0
21,mlp_out,sw,tier_3,standard_translation,0.0007,0.0019,20,0
22,residual,sw,tier_3,standard_translation,0.0057,0.0077,20,0
22,attn_out,sw,tier_3,standard_translation,0.0006,0.0008,20,0
22,mlp_out,sw,tier_3,standard_translation,0.0022,0.0011,20,0
23,residual,sw,tier_3,standard_translation,0.0062,0.0067,20,0
23,attn_out,sw,tier_3,standard_translation,0.0004,0.0004,20,0
23,mlp_out,sw,tier_3,standard_translation,0.002,0.0008,20,0
24,residual,sw,tier_3,standard_translation,0.0042,0.0053,20,0
24,attn_out,sw,tier_3,standard_translation,0.0007,0.0006,20,0
24,mlp_out,sw,tier_3,standard_translation,0.001,0.0005,20,0
25,residual,sw,tier_3,standard_translation,0.0061,0.0052,20,0
25,attn_out,sw,tier_3,standard_translation,-0.0002,0.0007,20,0
25,mlp_out,sw,tier_3,standard_translation,0.0039,0.0019,20,0
26,residual,sw,tier_3,standard_translation,0.0028,0.0044,20,0
26,attn_out,sw,tier_3,standard_translation,-0.0008,0.0004,20,0
26,mlp_out,sw,tier_3,standard_translation,-0.0017,0.0018,20,0
27,residual,sw,tier_3,standard_translation,0.0064,0.0045,20,0
27,attn_out,sw,tier_3,standard_translation,0.0009,0.0001,20,0
27,mlp_out,sw,tier_3,standard_translation,0.0022,0.0007,20,0
28,residual,sw,tier_3,standard_translation,0.0088,0.0049,20,0
28,attn_out,sw,tier_3,standard_translation,-0.0004,0.0005,20,0
28,mlp_out,sw,tier_3,standard_translation,0.0008,0.0008,20,0
29,residual,sw,tier_3,standard_translation,0.0092,0.0042,20,0
29,attn_out,sw,tier_3,standard_translation,-0.0002,0.0005,20,0
29,mlp_out,sw,tier_3,standard_translation,0.0006,0.0006,20,0
30,residual,sw,tier_3,standard_translation,0.0006,0.0024,20,0
30,attn_out,sw,tier_3,standard_translation,-0.0002,0.0003,20,0
30,mlp_out,sw,tier_3,standard_translation,-0.0002,0.0007,20,0
31,residual,sw,tier_3,standard_translation,0.0,0.0,20,0
31,attn_out,sw,tier_3,standard_translation,0.0,0.0,20,0
31,mlp_out,sw,tier_3,standard_translation,0.0,0.0,20,0
0,residual,yo,tier_4,standard_translation,0.0428,0.056,20,0
0,attn_out,yo,tier_4,standard_translation,0.0066,0.0267,20,0
0,mlp_out,yo,tier_4,standard_translation,0.0414,0.0495,20,0
1,residual,yo,tier_4,standard_translation,0.0738,0.0344,20,0
1,attn_out,yo,tier_4,standard_translation,-0.0047,0.0296,20,0
1,mlp_out,yo,tier_4,standard_translation,0.0183,0.0365,20,0
2,residual,yo,tier_4,standard_translation,0.069,0.0374,20,0
2,attn_out,yo,tier_4,standard_translation,-0.0026,0.0198,20,0
2,mlp_out,yo,tier_4,standard_translation,0.0134,0.0304,20,0
3,residual,yo,tier_4,standard_translation,0.0454,0.0529,20,0
3,attn_out,yo,tier_4,standard_translation,-0.0064,0.0587,20,0
3,mlp_out,yo,tier_4,standard_translation,0.042,0.0504,20,0
4,residual,yo,tier_4,standard_translation,-0.0027,0.0562,20,0
4,attn_out,yo,tier_4,standard_translation,0.0018,0.0229,20,0
4,mlp_out,yo,tier_4,standard_translation,0.0054,0.0338,20,0
5,residual,yo,tier_4,standard_translation,-0.0134,0.055,20,0
5,attn_out,yo,tier_4,standard_translation,-0.0051,0.0123,20,0
5,mlp_out,yo,tier_4,standard_translation,-0.0024,0.0316,20,0
6,residual,yo,tier_4,standard_translation,-0.0354,0.0646,20,0
6,attn_out,yo,tier_4,standard_translation,-0.0027,0.0164,20,0
6,mlp_out,yo,tier_4,standard_translation,-0.0027,0.0247,20,0
7,residual,yo,tier_4,standard_translation,-0.0348,0.0673,20,0
7,attn_out,yo,tier_4,standard_translation,-0.005,0.0087,20,0
7,mlp_out,yo,tier_4,standard_translation,-0.0062,0.0195,20,0
8,residual,yo,tier_4,standard_translation,-0.0532,0.0966,20,0
8,attn_out,yo,tier_4,standard_translation,-0.0075,0.0125,20,0
8,mlp_out,yo,tier_4,standard_translation,0.0021,0.0158,20,0
9,residual,yo,tier_4,standard_translation,-0.0619,0.1086,20,0
9,attn_out,yo,tier_4,standard_translation,-0.0071,0.0052,20,0
9,mlp_out,yo,tier_4,standard_translation,0.0056,0.0184,20,0
10,residual,yo,tier_4,standard_translation,-0.077,0.1106,20,0
10,attn_out,yo,tier_4,standard_translation,-0.0107,0.0094,20,0
10,mlp_out,yo,tier_4,standard_translation,0.0003,0.0165,20,0
11,residual,yo,tier_4,standard_translation,-0.0879,0.1055,20,0
11,attn_out,yo,tier_4,standard_translation,-0.0054,0.0054,20,0
11,mlp_out,yo,tier_4,standard_translation,0.0005,0.0121,20,0
12,residual,yo,tier_4,standard_translation,-0.0779,0.0911,20,0
12,attn_out,yo,tier_4,standard_translation,0.0046,0.0082,20,0
12,mlp_out,yo,tier_4,standard_translation,0.0027,0.0094,20,0
13,residual,yo,tier_4,standard_translation,-0.0675,0.09,20,0
13,attn_out,yo,tier_4,standard_translation,-0.0066,0.0076,20,0
13,mlp_out,yo,tier_4,standard_translation,0.0121,0.0054,20,0
14,residual,yo,tier_4,standard_translation,-0.0605,0.0919,20,0
14,attn_out,yo,tier_4,standard_translation,-0.0009,0.0086,20,0
14,mlp_out,yo,tier_4,standard_translation,0.0071,0.006,20,0
15,residual,yo,tier_4,standard_translation,-0.0532,0.0828,20,0
15,attn_out,yo,tier_4,standard_translation,-0.0014,0.0011,20,0
15,mlp_out,yo,tier_4,standard_translation,-0.0027,0.0024,20,0
16,residual,yo,tier_4,standard_translation,-0.0398,0.0792,20,0
16,attn_out,yo,tier_4,standard_translation,0.0011,0.0017,20,0
16,mlp_out,yo,tier_4,standard_translation,0.0061,0.0104,20,0
17,residual,yo,tier_4,standard_translation,-0.0273,0.0695,20,0
17,attn_out,yo,tier_4,standard_translation,0.0018,0.0038,20,0
17,mlp_out,yo,tier_4,standard_translation,0.0009,0.0056,20,0
18,residual,yo,tier_4,standard_translation,-0.028,0.0619,20,0
18,attn_out,yo,tier_4,standard_translation,-0.0016,0.0027,20,0
18,mlp_out,yo,tier_4,standard_translation,0.0022,0.0055,20,0
19,residual,yo,tier_4,standard_translation,-0.0291,0.0596,20,0
19,attn_out,yo,tier_4,standard_translation,0.0009,0.0013,20,0
19,mlp_out,yo,tier_4,standard_translation,0.0026,0.005,20,0
20,residual,yo,tier_4,standard_translation,-0.028,0.0588,20,0
20,attn_out,yo,tier_4,standard_translation,-0.0015,0.0033,20,0
20,mlp_out,yo,tier_4,standard_translation,0.0017,0.0024,20,0
21,residual,yo,tier_4,standard_translation,-0.0273,0.0567,20,0
21,attn_out,yo,tier_4,standard_translation,-0.0001,0.0011,20,0
21,mlp_out,yo,tier_4,standard_translation,-0.0031,0.0027,20,0
22,residual,yo,tier_4,standard_translation,-0.0206,0.06,20,0
22,attn_out,yo,tier_4,standard_translation,0.0009,0.0004,20,0
22,mlp_out,yo,tier_4,standard_translation,-0.0051,0.0082,20,0
23,residual,yo,tier_4,standard_translation,-0.0254,0.0556,20,0
23,attn_out,yo,tier_4,standard_translation,-0.0016,0.0014,20,0
23,mlp_out,yo,tier_4,standard_translation,0.0028,0.004,20,0
24,residual,yo,tier_4,standard_translation,-0.0279,0.0572,20,0
24,attn_out,yo,tier_4,standard_translation,-0.0007,0.0018,20,0
24,mlp_out,yo,tier_4,standard_translation,-0.0016,0.0076,20,0
25,residual,yo,tier_4,standard_translation,-0.0257,0.0505,20,0
25,attn_out,yo,tier_4,standard_translation,0.001,0.0012,20,0
25,mlp_out,yo,tier_4,standard_translation,0.0002,0.0079,20,0
26,residual,yo,tier_4,standard_translation,-0.0298,0.0507,20,0
26,attn_out,yo,tier_4,standard_translation,0.0023,0.0021,20,0
26,mlp_out,yo,tier_4,standard_translation,0.0016,0.0012,20,0
27,residual,yo,tier_4,standard_translation,-0.0317,0.0527,20,0
27,attn_out,yo,tier_4,standard_translation,0.0001,0.001,20,0
27,mlp_out,yo,tier_4,standard_translation,0.0029,0.0044,20,0
28,residual,yo,tier_4,standard_translation,-0.0253,0.0441,20,0
28,attn_out,yo,tier_4,standard_translation,-0.0017,0.0016,20,0
28,mlp_out,yo,tier_4,standard_translation,0.0065,0.0024,20,0
29,residual,yo,tier_4,standard_translation,0.0158,0.0201,20,0
29,attn_out,yo,tier_4,standard_translation,-0.0027,0.0048,20,0
29,mlp_out,yo,tier_4,standard_translation,0.0002,0.0019,20,0
30,residual,yo,tier_4,standard_translation,0.0053,0.0062,20,0
30,attn_out,yo,tier_4,standard_translation,-0.0003,0.0005,20,0
30,mlp_out,yo,tier_4,standard_translation,0.0016,0.0022,20,0
31,residual,yo,tier_4,standard_translation,0.0,0.0,20,0
31,attn_out,yo,tier_4,standard_translation,0.0,0.0,20,0
31,mlp_out,yo,tier_4,standard_translation,0.0,0.0,20,0
0,residual,zu,tier_4,standard_translation,-0.0236,0.1274,20,0
0,attn_out,zu,tier_4,standard_translation,-0.0151,0.0392,20,0
0,mlp_out,zu,tier_4,standard_translation,-0.0419,0.0856,20,0
1,residual,zu,tier_4,standard_translation,-0.0459,0.1054,20,0
1,attn_out,zu,tier_4,standard_translation,-0.0118,0.0216,20,0
1,mlp_out,zu,tier_4,standard_translation,-0.0106,0.0277,20,0
2,residual,zu,tier_4,standard_translation,-0.0481,0.0862,20,0
2,attn_out,zu,tier_4,standard_translation,0.0001,0.0172,20,0
2,mlp_out,zu,tier_4,standard_translation,-0.0211,0.0545,20,0
3,residual,zu,tier_4,standard_translation,-0.0435,0.1254,20,0
3,attn_out,zu,tier_4,standard_translation,0.0114,0.0169,20,0
3,mlp_out,zu,tier_4,standard_translation,-0.02,0.0492,20,0
4,residual,zu,tier_4,standard_translation,-0.0422,0.1111,20,0
4,attn_out,zu,tier_4,standard_translation,0.0007,0.0187,20,0
4,mlp_out,zu,tier_4,standard_translation,-0.0022,0.0312,20,0
5,residual,zu,tier_4,standard_translation,-0.0521,0.127,20,0
5,attn_out,zu,tier_4,standard_translation,-0.0021,0.0129,20,0
5,mlp_out,zu,tier_4,standard_translation,0.0048,0.0232,20,0
6,residual,zu,tier_4,standard_translation,-0.0742,0.1298,20,0
6,attn_out,zu,tier_4,standard_translation,-0.0055,0.0071,20,0
6,mlp_out,zu,tier_4,standard_translation,0.0051,0.0129,20,0
7,residual,zu,tier_4,standard_translation,-0.0915,0.1315,20,0
7,attn_out,zu,tier_4,standard_translation,-0.0013,0.0099,20,0
7,mlp_out,zu,tier_4,standard_translation,0.0073,0.0246,20,0
8,residual,zu,tier_4,standard_translation,-0.1,0.0918,20,0
8,attn_out,zu,tier_4,standard_translation,0.01,0.0037,20,0
8,mlp_out,zu,tier_4,standard_translation,-0.0013,0.0232,20,0
9,residual,zu,tier_4,standard_translation,-0.0912,0.0812,20,0
9,attn_out,zu,tier_4,standard_translation,-0.0054,0.0027,20,0
9,mlp_out,zu,tier_4,standard_translation,0.0058,0.0173,20,0
10,residual,zu,tier_4,standard_translation,-0.1183,0.0756,20,0
10,attn_out,zu,tier_4,standard_translation,0.0042,0.0043,20,0
10,mlp_out,zu,tier_4,standard_translation,-0.0049,0.02,20,0
11,residual,zu,tier_4,standard_translation,-0.1295,0.0796,20,0
11,attn_out,zu,tier_4,standard_translation,0.0034,0.0045,20,0
11,mlp_out,zu,tier_4,standard_translation,-0.0038,0.0103,20,0
12,residual,zu,tier_4,standard_translation,-0.0657,0.044,20,0
12,attn_out,zu,tier_4,standard_translation,0.0034,0.0035,20,0
12,mlp_out,zu,tier_4,standard_translation,-0.0103,0.0097,20,0
13,residual,zu,tier_4,standard_translation,-0.0543,0.0365,20,0
13,attn_out,zu,tier_4,standard_translation,0.0005,0.0023,20,0
13,mlp_out,zu,tier_4,standard_translation,0.0003,0.0159,20,0
14,residual,zu,tier_4,standard_translation,-0.0524,0.038,20,0
14,attn_out,zu,tier_4,standard_translation,0.0022,0.0046,20,0
14,mlp_out,zu,tier_4,standard_translation,-0.0099,0.0099,20,0
15,residual,zu,tier_4,standard_translation,-0.014,0.024,20,0
15,attn_out,zu,tier_4,standard_translation,0.0004,0.0022,20,0
15,mlp_out,zu,tier_4,standard_translation,-0.0031,0.0034,20,0
16,residual,zu,tier_4,standard_translation,0.0071,0.0238,20,0
16,attn_out,zu,tier_4,standard_translation,0.0106,0.0054,20,0
16,mlp_out,zu,tier_4,standard_translation,-0.0,0.0031,20,0
17,residual,zu,tier_4,standard_translation,0.0106,0.0215,20,0
17,attn_out,zu,tier_4,standard_translation,0.003,0.002,20,0
17,mlp_out,zu,tier_4,standard_translation,-0.0041,0.0013,20,0
18,residual,zu,tier_4,standard_translation,0.0109,0.0197,20,0
18,attn_out,zu,tier_4,standard_translation,-0.0026,0.0021,20,0
18,mlp_out,zu,tier_4,standard_translation,0.0,0.0026,20,0
19,residual,zu,tier_4,standard_translation,0.0112,0.0179,20,0
19,attn_out,zu,tier_4,standard_translation,0.0023,0.0011,20,0
19,mlp_out,zu,tier_4,standard_translation,0.0013,0.0036,20,0
20,residual,zu,tier_4,standard_translation,0.0076,0.0179,20,0
20,attn_out,zu,tier_4,standard_translation,0.0029,0.002,20,0
20,mlp_out,zu,tier_4,standard_translation,-0.0029,0.004,20,0
21,residual,zu,tier_4,standard_translation,0.0062,0.0173,20,0
21,attn_out,zu,tier_4,standard_translation,0.0015,0.0009,20,0
21,mlp_out,zu,tier_4,standard_translation,0.0066,0.0049,20,0
22,residual,zu,tier_4,standard_translation,0.0066,0.0164,20,0
22,attn_out,zu,tier_4,standard_translation,0.0006,0.0007,20,0
22,mlp_out,zu,tier_4,standard_translation,0.0043,0.002,20,0
23,residual,zu,tier_4,standard_translation,0.005,0.0154,20,0
23,attn_out,zu,tier_4,standard_translation,-0.0007,0.0007,20,0
23,mlp_out,zu,tier_4,standard_translation,0.006,0.0045,20,0
24,residual,zu,tier_4,standard_translation,0.0056,0.0187,20,0
24,attn_out,zu,tier_4,standard_translation,0.0011,0.0018,20,0
24,mlp_out,zu,tier_4,standard_translation,-0.0102,0.0099,20,0
25,residual,zu,tier_4,standard_translation,0.0115,0.022,20,0
25,attn_out,zu,tier_4,standard_translation,-0.0004,0.0009,20,0
25,mlp_out,zu,tier_4,standard_translation,0.0124,0.012,20,0
26,residual,zu,tier_4,standard_translation,0.0084,0.021,20,0
26,attn_out,zu,tier_4,standard_translation,-0.0016,0.0013,20,0
26,mlp_out,zu,tier_4,standard_translation,0.0058,0.0039,20,0
27,residual,zu,tier_4,standard_translation,0.0161,0.0171,20,0
27,attn_out,zu,tier_4,standard_translation,0.0023,0.0013,20,0
27,mlp_out,zu,tier_4,standard_translation,0.005,0.0028,20,0
28,residual,zu,tier_4,standard_translation,0.0207,0.0171,20,0
28,attn_out,zu,tier_4,standard_translation,-0.0012,0.0003,20,0
28,mlp_out,zu,tier_4,standard_translation,0.0067,0.0029,20,0
29,residual,zu,tier_4,standard_translation,0.0155,0.006,20,0
29,attn_out,zu,tier_4,standard_translation,0.0007,0.0011,20,0
29,mlp_out,zu,tier_4,standard_translation,0.0067,0.0059,20,0
30,residual,zu,tier_4,standard_translation,0.001,0.0045,20,0
30,attn_out,zu,tier_4,standard_translation,-0.0005,0.0003,20,0
30,mlp_out,zu,tier_4,standard_translation,-0.0013,0.0004,20,0
31,residual,zu,tier_4,standard_translation,0.0,0.0,20,0
31,attn_out,zu,tier_4,standard_translation,0.0,0.0,20,0
31,mlp_out,zu,tier_4,standard_translation,0.0,0.0,20,0
0,residual,gd,tier_4,standard_translation,0.0696,0.0443,20,0
0,attn_out,gd,tier_4,standard_translation,0.0244,0.0339,20,0
0,mlp_out,gd,tier_4,standard_translation,0.0349,0.0332,20,0
1,residual,gd,tier_4,standard_translation,0.0663,0.0339,20,0
1,attn_out,gd,tier_4,standard_translation,0.0101,0.0128,20,0
1,mlp_out,gd,tier_4,standard_translation,0.0238,0.0088,20,0
2,residual,gd,tier_4,standard_translation,0.0573,0.0307,20,0
2,attn_out,gd,tier_4,standard_translation,0.0146,0.0127,20,0
2,mlp_out,gd,tier_4,standard_translation,0.0451,0.0208,20,0
3,residual,gd,tier_4,standard_translation,0.0716,0.0386,20,0
3,attn_out,gd,tier_4,standard_translation,0.0101,0.01,20,0
3,mlp_out,gd,tier_4,standard_translation,0.029,0.0149,20,0
4,residual,gd,tier_4,standard_translation,0.0715,0.0426,20,0
4,attn_out,gd,tier_4,standard_translation,0.0104,0.0131,20,0
4,mlp_out,gd,tier_4,standard_translation,0.0279,0.0083,20,0
5,residual,gd,tier_4,standard_translation,0.0852,0.0428,20,0
5,attn_out,gd,tier_4,standard_translation,0.0021,0.0065,20,0
5,mlp_out,gd,tier_4,standard_translation,0.0198,0.0107,20,0
6,residual,gd,tier_4,standard_translation,0.0746,0.0439,20,0
6,attn_out,gd,tier_4,standard_translation,0.0074,0.008,20,0
6,mlp_out,gd,tier_4,standard_translation,0.0034,0.0141,20,0
7,residual,gd,tier_4,standard_translation,0.0827,0.0369,20,0
7,attn_out,gd,tier_4,standard_translation,0.0026,0.0073,20,0
7,mlp_out,gd,tier_4,standard_translation,0.0096,0.0155,20,0
8,residual,gd,tier_4,standard_translation,0.0564,0.039,20,0
8,attn_out,gd,tier_4,standard_translation,0.0015,0.0051,20,0
8,mlp_out,gd,tier_4,standard_translation,0.0064,0.0035,20,0
9,residual,gd,tier_4,standard_translation,0.0474,0.0323,20,0
9,attn_out,gd,tier_4,standard_translation,0.0029,0.0096,20,0
9,mlp_out,gd,tier_4,standard_translation,0.0081,0.0091,20,0
10,residual,gd,tier_4,standard_translation,0.042,0.035,20,0
10,attn_out,gd,tier_4,standard_translation,0.0052,0.0035,20,0
10,mlp_out,gd,tier_4,standard_translation,0.0006,0.0074,20,0
11,residual,gd,tier_4,standard_translation,0.0487,0.0368,20,0
11,attn_out,gd,tier_4,standard_translation,0.0016,0.0069,20,0
11,mlp_out,gd,tier_4,standard_translation,0.01,0.0111,20,0
12,residual,gd,tier_4,standard_translation,0.0204,0.0186,20,0
12,attn_out,gd,tier_4,standard_translation,0.0072,0.0033,20,0
12,mlp_out,gd,tier_4,standard_translation,-0.0003,0.005,20,0
13,residual,gd,tier_4,standard_translation,0.0087,0.0079,20,0
13,attn_out,gd,tier_4,standard_translation,0.0057,0.0011,20,0
13,mlp_out,gd,tier_4,standard_translation,-0.0007,0.0023,20,0
14,residual,gd,tier_4,standard_translation,0.0012,0.0061,20,0
14,attn_out,gd,tier_4,standard_translation,-0.0008,0.0014,20,0
14,mlp_out,gd,tier_4,standard_translation,0.0006,0.003,20,0
15,residual,gd,tier_4,standard_translation,-0.0044,0.0066,20,0
15,attn_out,gd,tier_4,standard_translation,0.0005,0.0008,20,0
15,mlp_out,gd,tier_4,standard_translation,0.0003,0.0006,20,0
16,residual,gd,tier_4,standard_translation,0.0016,0.0079,20,0
16,attn_out,gd,tier_4,standard_translation,0.0011,0.0004,20,0
16,mlp_out,gd,tier_4,standard_translation,-0.0003,0.0013,20,0
17,residual,gd,tier_4,standard_translation,-0.0002,0.0051,20,0
17,attn_out,gd,tier_4,standard_translation,0.0001,0.0005,20,0
17,mlp_out,gd,tier_4,standard_translation,0.0005,0.001,20,0
18,residual,gd,tier_4,standard_translation,0.0003,0.0046,20,0
18,attn_out,gd,tier_4,standard_translation,0.0001,0.0004,20,0
18,mlp_out,gd,tier_4,standard_translation,0.0001,0.0009,20,0
19,residual,gd,tier_4,standard_translation,0.0005,0.0047,20,0
19,attn_out,gd,tier_4,standard_translation,-0.001,0.0009,20,0
19,mlp_out,gd,tier_4,standard_translation,-0.0006,0.0011,20,0
20,residual,gd,tier_4,standard_translation,0.0002,0.0049,20,0
20,attn_out,gd,tier_4,standard_translation,0.0006,0.0007,20,0
20,mlp_out,gd,tier_4,standard_translation,0.0007,0.001,20,0
21,residual,gd,tier_4,standard_translation,0.0007,0.0046,20,0
21,attn_out,gd,tier_4,standard_translation,-0.0006,0.0005,20,0
21,mlp_out,gd,tier_4,standard_translation,-0.0004,0.0014,20,0
22,residual,gd,tier_4,standard_translation,-0.001,0.0045,20,0
22,attn_out,gd,tier_4,standard_translation,0.0004,0.0007,20,0
22,mlp_out,gd,tier_4,standard_translation,-0.0002,0.0004,20,0
23,residual,gd,tier_4,standard_translation,-0.0003,0.0047,20,0
23,attn_out,gd,tier_4,standard_translation,0.0001,0.0006,20,0
23,mlp_out,gd,tier_4,standard_translation,0.0014,0.0006,20,0
24,residual,gd,tier_4,standard_translation,-0.002,0.0038,20,0
24,attn_out,gd,tier_4,standard_translation,-0.0009,0.0007,20,0
24,mlp_out,gd,tier_4,standard_translation,-0.0009,0.0005,20,0
25,residual,gd,tier_4,standard_translation,-0.0012,0.0041,20,0
25,attn_out,gd,tier_4,standard_translation,0.0003,0.0003,20,0
25,mlp_out,gd,tier_4,standard_translation,-0.0006,0.0008,20,0
26,residual,gd,tier_4,standard_translation,-0.0016,0.0034,20,0
26,attn_out,gd,tier_4,standard_translation,0.0003,0.0005,20,0
26,mlp_out,gd,tier_4,standard_translation,-0.0007,0.001,20,0
27,residual,gd,tier_4,standard_translation,-0.0014,0.0033,20,0
27,attn_out,gd,tier_4,standard_translation,-0.0,0.0001,20,0
27,mlp_out,gd,tier_4,standard_translation,-0.0007,0.0011,20,0
28,residual,gd,tier_4,standard_translation,0.0,0.0032,20,0
28,attn_out,gd,tier_4,standard_translation,-0.0,0.0004,20,0
28,mlp_out,gd,tier_4,standard_translation,0.0009,0.0011,20,0
29,residual,gd,tier_4,standard_translation,0.0018,0.0034,20,0
29,attn_out,gd,tier_4,standard_translation,0.0004,0.0001,20,0
29,mlp_out,gd,tier_4,standard_translation,-0.0012,0.0007,20,0
30,residual,gd,tier_4,standard_translation,-0.0025,0.0008,20,0
30,attn_out,gd,tier_4,standard_translation,0.0001,0.0004,20,0
30,mlp_out,gd,tier_4,standard_translation,-0.0009,0.0004,20,0
31,residual,gd,tier_4,standard_translation,0.0,0.0,20,0
31,attn_out,gd,tier_4,standard_translation,0.0,0.0,20,0
31,mlp_out,gd,tier_4,standard_translation,0.0,0.0,20,0
0,residual,gn,tier_4,standard_translation,0.1405,0.089,20,0
0,attn_out,gn,tier_4,standard_translation,0.0487,0.0679,20,0
0,mlp_out,gn,tier_4,standard_translation,0.0926,0.085,20,0
1,residual,gn,tier_4,standard_translation,0.1129,0.0742,20,0
1,attn_out,gn,tier_4,standard_translation,0.0625,0.0584,20,0
1,mlp_out,gn,tier_4,standard_translation,0.0413,0.0801,20,0
2,residual,gn,tier_4,standard_translation,0.0975,0.0874,20,0
2,attn_out,gn,tier_4,standard_translation,0.0077,0.0306,20,0
2,mlp_out,gn,tier_4,standard_translation,0.0849,0.078,20,0
3,residual,gn,tier_4,standard_translation,0.0779,0.1095,20,0
3,attn_out,gn,tier_4,standard_translation,0.0372,0.0454,20,0
3,mlp_out,gn,tier_4,standard_translation,0.0754,0.0672,20,0
4,residual,gn,tier_4,standard_translation,0.0907,0.1021,20,0
4,attn_out,gn,tier_4,standard_translation,0.0051,0.0274,20,0
4,mlp_out,gn,tier_4,standard_translation,0.0606,0.0889,20,0
5,residual,gn,tier_4,standard_translation,0.1015,0.0902,20,0
5,attn_out,gn,tier_4,standard_translation,0.0356,0.011,20,0
5,mlp_out,gn,tier_4,standard_translation,0.0482,0.0556,20,0
6,residual,gn,tier_4,standard_translation,0.0745,0.103,20,0
6,attn_out,gn,tier_4,standard_translation,0.0082,0.0295,20,0
6,mlp_out,gn,tier_4,standard_translation,0.034,0.0311,20,0
7,residual,gn,tier_4,standard_translation,0.0553,0.0975,20,0
7,attn_out,gn,tier_4,standard_translation,0.0052,0.0101,20,0
7,mlp_out,gn,tier_4,standard_translation,-0.0016,0.015,20,0
8,residual,gn,tier_4,standard_translation,0.0348,0.0869,20,0
8,attn_out,gn,tier_4,standard_translation,0.0121,0.0101,20,0
8,mlp_out,gn,tier_4,standard_translation,0.0038,0.0153,20,0
9,residual,gn,tier_4,standard_translation,0.0271,0.0797,20,0
9,attn_out,gn,tier_4,standard_translation,0.003,0.0093,20,0
9,mlp_out,gn,tier_4,standard_translation,0.0145,0.0229,20,0
10,residual,gn,tier_4,standard_translation,0.0297,0.0877,20,0
10,attn_out,gn,tier_4,standard_translation,0.0023,0.0063,20,0
10,mlp_out,gn,tier_4,standard_translation,0.0113,0.0192,20,0
11,residual,gn,tier_4,standard_translation,0.041,0.0986,20,0
11,attn_out,gn,tier_4,standard_translation,-0.001,0.0136,20,0
11,mlp_out,gn,tier_4,standard_translation,0.0099,0.0176,20,0
12,residual,gn,tier_4,standard_translation,0.0128,0.0799,20,0
12,attn_out,gn,tier_4,standard_translation,-0.0133,0.0098,20,0
12,mlp_out,gn,tier_4,standard_translation,0.0082,0.0213,20,0
13,residual,gn,tier_4,standard_translation,0.0091,0.0696,20,0
13,attn_out,gn,tier_4,standard_translation,-0.0112,0.0046,20,0
13,mlp_out,gn,tier_4,standard_translation,0.0555,0.0523,20,0
14,residual,gn,tier_4,standard_translation,0.0166,0.0575,20,0
14,attn_out,gn,tier_4,standard_translation,0.0002,0.0071,20,0
14,mlp_out,gn,tier_4,standard_translation,0.0077,0.014,20,0
15,residual,gn,tier_4,standard_translation,0.0162,0.0587,20,0
15,attn_out,gn,tier_4,standard_translation,-0.0015,0.0027,20,0
15,mlp_out,gn,tier_4,standard_translation,0.0131,0.0259,20,0
16,residual,gn,tier_4,standard_translation,0.0203,0.0492,20,0
16,attn_out,gn,tier_4,standard_translation,0.0122,0.0152,20,0
16,mlp_out,gn,tier_4,standard_translation,0.0242,0.0176,20,0
17,residual,gn,tier_4,standard_translation,0.0209,0.0468,20,0
17,attn_out,gn,tier_4,standard_translation,0.0029,0.0048,20,0
17,mlp_out,gn,tier_4,standard_translation,0.0089,0.0243,20,0
18,residual,gn,tier_4,standard_translation,0.0231,0.0438,20,0
18,attn_out,gn,tier_4,standard_translation,0.0048,0.0068,20,0
18,mlp_out,gn,tier_4,standard_translation,0.0354,0.0359,20,0
19,residual,gn,tier_4,standard_translation,0.0282,0.0469,20,0
19,attn_out,gn,tier_4,standard_translation,0.0023,0.0021,20,0
19,mlp_out,gn,tier_4,standard_translation,0.0122,0.0168,20,0
20,residual,gn,tier_4,standard_translation,0.0188,0.0356,20,0
20,attn_out,gn,tier_4,standard_translation,-0.0001,0.0013,20,0
20,mlp_out,gn,tier_4,standard_translation,0.0178,0.0262,20,0
21,residual,gn,tier_4,standard_translation,0.021,0.0394,20,0
21,attn_out,gn,tier_4,standard_translation,0.0026,0.0029,20,0
21,mlp_out,gn,tier_4,standard_translation,0.006,0.006,20,0
22,residual,gn,tier_4,standard_translation,0.0212,0.0408,20,0
22,attn_out,gn,tier_4,standard_translation,0.002,0.0032,20,0
22,mlp_out,gn,tier_4,standard_translation,0.0068,0.0104,20,0
23,residual,gn,tier_4,standard_translation,0.0195,0.0406,20,0
23,attn_out,gn,tier_4,standard_translation,-0.0,0.001,20,0
23,mlp_out,gn,tier_4,standard_translation,0.014,0.0178,20,0
24,residual,gn,tier_4,standard_translation,0.0213,0.033,20,0
24,attn_out,gn,tier_4,standard_translation,-0.0046,0.0066,20,0
24,mlp_out,gn,tier_4,standard_translation,-0.0044,0.0067,20,0
25,residual,gn,tier_4,standard_translation,0.0216,0.0328,20,0
25,attn_out,gn,tier_4,standard_translation,-0.0002,0.0011,20,0
25,mlp_out,gn,tier_4,standard_translation,-0.0011,0.0024,20,0
26,residual,gn,tier_4,standard_translation,0.0201,0.0242,20,0
26,attn_out,gn,tier_4,standard_translation,0.0013,0.0007,20,0
26,mlp_out,gn,tier_4,standard_translation,0.012,0.0156,20,0
27,residual,gn,tier_4,standard_translation,0.0178,0.0199,20,0
27,attn_out,gn,tier_4,standard_translation,0.0014,0.0015,20,0
27,mlp_out,gn,tier_4,standard_translation,-0.0045,0.0059,20,0
28,residual,gn,tier_4,standard_translation,0.0142,0.016,20,0
28,attn_out,gn,tier_4,standard_translation,-0.0004,0.0007,20,0
28,mlp_out,gn,tier_4,standard_translation,0.0057,0.008,20,0
29,residual,gn,tier_4,standard_translation,0.0124,0.0094,20,0
29,attn_out,gn,tier_4,standard_translation,0.0015,0.0014,20,0
29,mlp_out,gn,tier_4,standard_translation,-0.0055,0.0065,20,0
30,residual,gn,tier_4,standard_translation,0.0011,0.0011,20,0
30,attn_out,gn,tier_4,standard_translation,-0.0,0.0005,20,0
30,mlp_out,gn,tier_4,standard_translation,0.0001,0.0009,20,0
31,residual,gn,tier_4,standard_translation,0.0,0.0,20,0
31,attn_out,gn,tier_4,standard_translation,0.0,0.0,20,0
31,mlp_out,gn,tier_4,standard_translation,0.0,0.0,20,0
0,residual,de,tier_1,transliteration,0.0085,0.0645,20,0
0,attn_out,de,tier_1,transliteration,-0.0037,0.028,20,0
0,mlp_out,de,tier_1,transliteration,0.0038,0.0455,20,0
1,residual,de,tier_1,transliteration,0.038,0.0705,20,0
1,attn_out,de,tier_1,transliteration,-0.0007,0.0261,20,0
1,mlp_out,de,tier_1,transliteration,-0.0017,0.0451,20,0
2,residual,de,tier_1,transliteration,0.0363,0.0683,20,0
2,attn_out,de,tier_1,transliteration,0.0035,0.0152,20,0
2,mlp_out,de,tier_1,transliteration,-0.005,0.0408,20,0
3,residual,de,tier_1,transliteration,0.0329,0.0545,20,0
3,attn_out,de,tier_1,transliteration,-0.1557,0.1466,20,0
3,mlp_out,de,tier_1,transliteration,0.0203,0.0218,20,0
4,residual,de,tier_1,transliteration,0.0339,0.0608,20,0
4,attn_out,de,tier_1,transliteration,0.0062,0.0161,20,0
4,mlp_out,de,tier_1,transliteration,-0.0107,0.0325,20,0
5,residual,de,tier_1,transliteration,0.0367,0.0577,20,0
5,attn_out,de,tier_1,transliteration,0.002,0.0106,20,0
5,mlp_out,de,tier_1,transliteration,0.0008,0.0244,20,0
6,residual,de,tier_1,transliteration,0.0375,0.0608,20,0
6,attn_out,de,tier_1,transliteration,0.0074,0.0225,20,0
6,mlp_out,de,tier_1,transliteration,0.0105,0.0329,20,0
7,residual,de,tier_1,transliteration,0.0431,0.0499,20,0
7,attn_out,de,tier_1,transliteration,-0.002,0.0134,20,0
7,mlp_out,de,tier_1,transliteration,-0.0021,0.0188,20,0
8,residual,de,tier_1,transliteration,0.0418,0.0456,20,0
8,attn_out,de,tier_1,transliteration,-0.0027,0.0172,20,0
8,mlp_out,de,tier_1,transliteration,0.0042,0.0197,20,0
9,residual,de,tier_1,transliteration,0.056,0.0368,20,0
9,attn_out,de,tier_1,transliteration,0.0176,0.023,20,0
9,mlp_out,de,tier_1,transliteration,0.0043,0.0228,20,0
10,residual,de,tier_1,transliteration,0.0574,0.0315,20,0
10,attn_out,de,tier_1,transliteration,0.0022,0.008,20,0
10,mlp_out,de,tier_1,transliteration,0.0223,0.0146,20,0
11,residual,de,tier_1,transliteration,0.0482,0.0255,20,0
11,attn_out,de,tier_1,transliteration,-0.0089,0.0038,20,0
11,mlp_out,de,tier_1,transliteration,0.0105,0.0151,20,0
12,residual,de,tier_1,transliteration,0.0359,0.022,20,0
12,attn_out,de,tier_1,transliteration,-0.0029,0.0122,20,0
12,mlp_out,de,tier_1,transliteration,0.0054,0.0145,20,0
13,residual,de,tier_1,transliteration,0.0193,0.0215,20,0
13,attn_out,de,tier_1,transliteration,-0.0027,0.0094,20,0
13,mlp_out,de,tier_1,transliteration,0.0186,0.0129,20,0
14,residual,de,tier_1,transliteration,0.0076,0.0221,20,0
14,attn_out,de,tier_1,transliteration,0.0109,0.0059,20,0
14,mlp_out,de,tier_1,transliteration,-0.0097,0.0073,20,0
15,residual,de,tier_1,transliteration,0.0046,0.0154,20,0
15,attn_out,de,tier_1,transliteration,0.0059,0.0061,20,0
15,mlp_out,de,tier_1,transliteration,0.0031,0.0075,20,0
16,residual,de,tier_1,transliteration,0.0057,0.0151,20,0
16,attn_out,de,tier_1,transliteration,0.0007,0.0043,20,0
16,mlp_out,de,tier_1,transliteration,-0.0025,0.005,20,0
17,residual,de,tier_1,transliteration,0.0131,0.0109,20,0
17,attn_out,de,tier_1,transliteration,0.0019,0.0041,20,0
17,mlp_out,de,tier_1,transliteration,-0.0005,0.0111,20,0
18,residual,de,tier_1,transliteration,0.0186,0.006,20,0
18,attn_out,de,tier_1,transliteration,0.0015,0.0018,20,0
18,mlp_out,de,tier_1,transliteration,-0.0016,0.008,20,0
19,residual,de,tier_1,transliteration,0.0157,0.0054,20,0
19,attn_out,de,tier_1,transliteration,-0.0019,0.0015,20,0
19,mlp_out,de,tier_1,transliteration,0.0055,0.0056,20,0
20,residual,de,tier_1,transliteration,0.0162,0.0046,20,0
20,attn_out,de,tier_1,transliteration,-0.0011,0.0012,20,0
20,mlp_out,de,tier_1,transliteration,0.0098,0.007,20,0
21,residual,de,tier_1,transliteration,0.0166,0.0043,20,0
21,attn_out,de,tier_1,transliteration,-0.0001,0.0019,20,0
21,mlp_out,de,tier_1,transliteration,-0.0029,0.0033,20,0
22,residual,de,tier_1,transliteration,0.0212,0.0046,20,0
22,attn_out,de,tier_1,transliteration,0.0002,0.001,20,0
22,mlp_out,de,tier_1,transliteration,0.0045,0.002,20,0
23,residual,de,tier_1,transliteration,0.0204,0.0046,20,0
23,attn_out,de,tier_1,transliteration,-0.0003,0.0017,20,0
23,mlp_out,de,tier_1,transliteration,0.0041,0.0027,20,0
24,residual,de,tier_1,transliteration,0.0186,0.0032,20,0
24,attn_out,de,tier_1,transliteration,0.0052,0.0022,20,0
24,mlp_out,de,tier_1,transliteration,0.0066,0.0046,20,0
25,residual,de,tier_1,transliteration,0.0193,0.0035,20,0
25,attn_out,de,tier_1,transliteration,0.0004,0.0027,20,0
25,mlp_out,de,tier_1,transliteration,0.0005,0.0054,20,0
26,residual,de,tier_1,transliteration,0.0159,0.0038,20,0
26,attn_out,de,tier_1,transliteration,0.0089,0.0029,20,0
26,mlp_out,de,tier_1,transliteration,0.0001,0.0028,20,0
27,residual,de,tier_1,transliteration,0.0158,0.0037,20,0
27,attn_out,de,tier_1,transliteration,0.0057,0.0027,20,0
27,mlp_out,de,tier_1,transliteration,0.0058,0.0039,20,0
28,residual,de,tier_1,transliteration,0.0107,0.0026,20,0
28,attn_out,de,tier_1,transliteration,0.0042,0.0005,20,0
28,mlp_out,de,tier_1,transliteration,-0.0001,0.0041,20,0
29,residual,de,tier_1,transliteration,0.0081,0.0038,20,0
29,attn_out,de,tier_1,transliteration,-0.0012,0.0021,20,0
29,mlp_out,de,tier_1,transliteration,0.0114,0.0052,20,0
30,residual,de,tier_1,transliteration,0.005,0.0021,20,0
30,attn_out,de,tier_1,transliteration,0.0028,0.0012,20,0
30,mlp_out,de,tier_1,transliteration,-0.001,0.0018,20,0
31,residual,de,tier_1,transliteration,0.0,0.0,20,0
31,attn_out,de,tier_1,transliteration,0.0,0.0,20,0
31,mlp_out,de,tier_1,transliteration,0.0,0.0,20,0
0,residual,fr,tier_1,transliteration,-0.0348,0.072,20,0
0,attn_out,fr,tier_1,transliteration,-0.0197,0.043,20,0
0,mlp_out,fr,tier_1,transliteration,-0.0223,0.0422,20,0
1,residual,fr,tier_1,transliteration,-0.0232,0.0763,20,0
1,attn_out,fr,tier_1,transliteration,-0.0179,0.0271,20,0
1,mlp_out,fr,tier_1,transliteration,-0.0288,0.0416,20,0
2,residual,fr,tier_1,transliteration,-0.0235,0.0753,20,0
2,attn_out,fr,tier_1,transliteration,-0.0029,0.0151,20,0
2,mlp_out,fr,tier_1,transliteration,-0.007,0.0412,20,0
3,residual,fr,tier_1,transliteration,-0.0103,0.067,20,0
3,attn_out,fr,tier_1,transliteration,-0.0699,0.0321,20,0
3,mlp_out,fr,tier_1,transliteration,-0.0204,0.0396,20,0
4,residual,fr,tier_1,transliteration,0.0157,0.0609,20,0
4,attn_out,fr,tier_1,transliteration,-0.0071,0.0112,20,0
4,mlp_out,fr,tier_1,transliteration,-0.0007,0.0245,20,0
5,residual,fr,tier_1,transliteration,0.014,0.0572,20,0
5,attn_out,fr,tier_1,transliteration,0.0038,0.0053,20,0
5,mlp_out,fr,tier_1,transliteration,-0.0079,0.0344,20,0
6,residual,fr,tier_1,transliteration,0.0201,0.051,20,0
6,attn_out,fr,tier_1,transliteration,0.004,0.0186,20,0
6,mlp_out,fr,tier_1,transliteration,0.0014,0.0296,20,0
7,residual,fr,tier_1,transliteration,0.0232,0.0423,20,0
7,attn_out,fr,tier_1,transliteration,-0.0038,0.0138,20,0
7,mlp_out,fr,tier_1,transliteration,-0.001,0.0166,20,0
8,residual,fr,tier_1,transliteration,0.0289,0.0379,20,0
8,attn_out,fr,tier_1,transliteration,-0.007,0.0113,20,0
8,mlp_out,fr,tier_1,transliteration,-0.0069,0.0143,20,0
9,residual,fr,tier_1,transliteration,0.0357,0.0334,20,0
9,attn_out,fr,tier_1,transliteration,0.0086,0.0077,20,0
9,mlp_out,fr,tier_1,transliteration,0.0078,0.0094,20,0
10,residual,fr,tier_1,transliteration,0.0341,0.0342,20,0
10,attn_out,fr,tier_1,transliteration,0.0043,0.0058,20,0
10,mlp_out,fr,tier_1,transliteration,0.01,0.0139,20,0
11,residual,fr,tier_1,transliteration,0.0323,0.0276,20,0
11,attn_out,fr,tier_1,transliteration,-0.0031,0.0053,20,0
11,mlp_out,fr,tier_1,transliteration,0.0165,0.019,20,0
12,residual,fr,tier_1,transliteration,0.0288,0.0164,20,0
12,attn_out,fr,tier_1,transliteration,0.0044,0.005,20,0
12,mlp_out,fr,tier_1,transliteration,0.0113,0.0145,20,0
13,residual,fr,tier_1,transliteration,0.0198,0.014,20,0
13,attn_out,fr,tier_1,transliteration,0.0017,0.0044,20,0
13,mlp_out,fr,tier_1,transliteration,0.0108,0.0096,20,0
14,residual,fr,tier_1,transliteration,0.0097,0.0125,20,0
14,attn_out,fr,tier_1,transliteration,0.0097,0.0077,20,0
14,mlp_out,fr,tier_1,transliteration,-0.0017,0.0109,20,0
15,residual,fr,tier_1,transliteration,0.0089,0.0174,20,0
15,attn_out,fr,tier_1,transliteration,0.0023,0.0016,20,0
15,mlp_out,fr,tier_1,transliteration,0.005,0.0071,20,0
16,residual,fr,tier_1,transliteration,0.0105,0.014,20,0
16,attn_out,fr,tier_1,transliteration,0.0038,0.0029,20,0
16,mlp_out,fr,tier_1,transliteration,-0.0008,0.0066,20,0
17,residual,fr,tier_1,transliteration,0.0117,0.0118,20,0
17,attn_out,fr,tier_1,transliteration,0.0044,0.0027,20,0
17,mlp_out,fr,tier_1,transliteration,0.0039,0.0022,20,0
18,residual,fr,tier_1,transliteration,0.0073,0.0135,20,0
18,attn_out,fr,tier_1,transliteration,0.0014,0.0004,20,0
18,mlp_out,fr,tier_1,transliteration,0.0016,0.0047,20,0
19,residual,fr,tier_1,transliteration,0.005,0.0107,20,0
19,attn_out,fr,tier_1,transliteration,-0.0007,0.0025,20,0
19,mlp_out,fr,tier_1,transliteration,0.0035,0.0036,20,0
20,residual,fr,tier_1,transliteration,0.0062,0.0107,20,0
20,attn_out,fr,tier_1,transliteration,-0.0015,0.001,20,0
20,mlp_out,fr,tier_1,transliteration,0.0049,0.006,20,0
21,residual,fr,tier_1,transliteration,0.0047,0.0101,20,0
21,attn_out,fr,tier_1,transliteration,0.0,0.0012,20,0
21,mlp_out,fr,tier_1,transliteration,0.0011,0.0037,20,0
22,residual,fr,tier_1,transliteration,0.0066,0.0096,20,0
22,attn_out,fr,tier_1,transliteration,-0.0007,0.001,20,0
22,mlp_out,fr,tier_1,transliteration,-0.001,0.0055,20,0
23,residual,fr,tier_1,transliteration,0.0069,0.0088,20,0
23,attn_out,fr,tier_1,transliteration,0.0002,0.0007,20,0
23,mlp_out,fr,tier_1,transliteration,0.0029,0.0032,20,0
24,residual,fr,tier_1,transliteration,0.0063,0.0075,20,0
24,attn_out,fr,tier_1,transliteration,0.0007,0.001,20,0
24,mlp_out,fr,tier_1,transliteration,0.0023,0.0034,20,0
25,residual,fr,tier_1,transliteration,0.0062,0.0069,20,0
25,attn_out,fr,tier_1,transliteration,-0.0001,0.0008,20,0
25,mlp_out,fr,tier_1,transliteration,-0.0023,0.0037,20,0
26,residual,fr,tier_1,transliteration,0.0018,0.0072,20,0
26,attn_out,fr,tier_1,transliteration,0.0046,0.0033,20,0
26,mlp_out,fr,tier_1,transliteration,0.0007,0.003,20,0
27,residual,fr,tier_1,transliteration,0.0027,0.0085,20,0
27,attn_out,fr,tier_1,transliteration,0.0027,0.0018,20,0
27,mlp_out,fr,tier_1,transliteration,0.003,0.0027,20,0
28,residual,fr,tier_1,transliteration,0.0013,0.0065,20,0
28,attn_out,fr,tier_1,transliteration,0.0016,0.0005,20,0
28,mlp_out,fr,tier_1,transliteration,0.0005,0.0042,20,0
29,residual,fr,tier_1,transliteration,0.0009,0.0051,20,0
29,attn_out,fr,tier_1,transliteration,-0.0023,0.0027,20,0
29,mlp_out,fr,tier_1,transliteration,0.0062,0.0037,20,0
30,residual,fr,tier_1,transliteration,0.0015,0.0021,20,0
30,attn_out,fr,tier_1,transliteration,0.0021,0.0013,20,0
30,mlp_out,fr,tier_1,transliteration,-0.0001,0.0018,20,0
31,residual,fr,tier_1,transliteration,0.0,0.0,20,0
31,attn_out,fr,tier_1,transliteration,0.0,0.0,20,0
31,mlp_out,fr,tier_1,transliteration,0.0,0.0,20,0
0,residual,zh,tier_1,transliteration,0.2844,0.1042,20,0
0,attn_out,zh,tier_1,transliteration,0.0567,0.0547,20,0
0,mlp_out,zh,tier_1,transliteration,0.1352,0.0501,20,0
1,residual,zh,tier_1,transliteration,0.2038,0.055,20,0
1,attn_out,zh,tier_1,transliteration,0.043,0.039,20,0
1,mlp_out,zh,tier_1,transliteration,0.052,0.0279,20,0
2,residual,zh,tier_1,transliteration,0.1944,0.0531,20,0
2,attn_out,zh,tier_1,transliteration,0.0138,0.0186,20,0
2,mlp_out,zh,tier_1,transliteration,0.0397,0.0309,20,0
3,residual,zh,tier_1,transliteration,0.1898,0.0462,20,0
3,attn_out,zh,tier_1,transliteration,0.0072,0.014,20,0
3,mlp_out,zh,tier_1,transliteration,0.0555,0.0196,20,0
4,residual,zh,tier_1,transliteration,0.1556,0.049,20,0
4,attn_out,zh,tier_1,transliteration,0.0057,0.0194,20,0
4,mlp_out,zh,tier_1,transliteration,0.0511,0.0112,20,0
5,residual,zh,tier_1,transliteration,0.1481,0.0445,20,0
5,attn_out,zh,tier_1,transliteration,-0.0056,0.0068,20,0
5,mlp_out,zh,tier_1,transliteration,0.0481,0.0426,20,0
6,residual,zh,tier_1,transliteration,0.0936,0.0339,20,0
6,attn_out,zh,tier_1,transliteration,0.0092,0.0232,20,0
6,mlp_out,zh,tier_1,transliteration,0.0111,0.0142,20,0
7,residual,zh,tier_1,transliteration,0.0755,0.0336,20,0
7,attn_out,zh,tier_1,transliteration,0.0141,0.0163,20,0
7,mlp_out,zh,tier_1,transliteration,0.0204,0.0226,20,0
8,residual,zh,tier_1,transliteration,0.0316,0.0285,20,0
8,attn_out,zh,tier_1,transliteration,-0.0127,0.0104,20,0
8,mlp_out,zh,tier_1,transliteration,-0.0016,0.0066,20,0
9,residual,zh,tier_1,transliteration,0.0416,0.0432,20,0
9,attn_out,zh,tier_1,transliteration,-0.0038,0.0104,20,0
9,mlp_out,zh,tier_1,transliteration,0.0007,0.0166,20,0
10,residual,zh,tier_1,transliteration,0.0309,0.0519,20,0
10,attn_out,zh,tier_1,transliteration,-0.0054,0.0046,20,0
10,mlp_out,zh,tier_1,transliteration,0.0016,0.0182,20,0
11,residual,zh,tier_1,transliteration,0.0174,0.048,20,0
11,attn_out,zh,tier_1,transliteration,0.0001,0.0099,20,0
11,mlp_out,zh,tier_1,transliteration,-0.0028,0.0199,20,0
12,residual,zh,tier_1,transliteration,0.0305,0.0459,20,0
12,attn_out,zh,tier_1,transliteration,0.0002,0.0199,20,0
12,mlp_out,zh,tier_1,transliteration,0.0146,0.0165,20,0
13,residual,zh,tier_1,transliteration,0.0392,0.0429,20,0
13,attn_out,zh,tier_1,transliteration,0.0017,0.0064,20,0
13,mlp_out,zh,tier_1,transliteration,-0.02,0.0206,20,0
14,residual,zh,tier_1,transliteration,0.0431,0.0397,20,0
14,attn_out,zh,tier_1,transliteration,0.0067,0.008,20,0
14,mlp_out,zh,tier_1,transliteration,-0.0098,0.0238,20,0
15,residual,zh,tier_1,transliteration,0.044,0.0286,20,0
15,attn_out,zh,tier_1,transliteration,-0.0,0.005,20,0
15,mlp_out,zh,tier_1,transliteration,0.0084,0.0055,20,0
16,residual,zh,tier_1,transliteration,0.0396,0.0195,20,0
16,attn_out,zh,tier_1,transliteration,0.0042,0.0056,20,0
16,mlp_out,zh,tier_1,transliteration,-0.0011,0.0066,20,0
17,residual,zh,tier_1,transliteration,0.028,0.0153,20,0
17,attn_out,zh,tier_1,transliteration,0.0043,0.0019,20,0
17,mlp_out,zh,tier_1,transliteration,0.0041,0.0012,20,0
18,residual,zh,tier_1,transliteration,0.0271,0.0159,20,0
18,attn_out,zh,tier_1,transliteration,0.0019,0.0015,20,0
18,mlp_out,zh,tier_1,transliteration,0.0076,0.0073,20,0
19,residual,zh,tier_1,transliteration,0.0255,0.016,20,0
19,attn_out,zh,tier_1,transliteration,-0.0008,0.0029,20,0
19,mlp_out,zh,tier_1,transliteration,0.0014,0.0014,20,0
20,residual,zh,tier_1,transliteration,0.0268,0.0118,20,0
20,attn_out,zh,tier_1,transliteration,-0.0017,0.0026,20,0
20,mlp_out,zh,tier_1,transliteration,0.0021,0.0029,20,0
21,residual,zh,tier_1,transliteration,0.0209,0.0099,20,0
21,attn_out,zh,tier_1,transliteration,-0.0001,0.0009,20,0
21,mlp_out,zh,tier_1,transliteration,0.0025,0.0055,20,0
22,residual,zh,tier_1,transliteration,0.0244,0.0117,20,0
22,attn_out,zh,tier_1,transliteration,-0.0003,0.0014,20,0
22,mlp_out,zh,tier_1,transliteration,0.0043,0.0067,20,0
23,residual,zh,tier_1,transliteration,0.0222,0.0115,20,0
23,attn_out,zh,tier_1,transliteration,0.0001,0.0013,20,0
23,mlp_out,zh,tier_1,transliteration,0.0063,0.0056,20,0
24,residual,zh,tier_1,transliteration,0.0194,0.0118,20,0
24,attn_out,zh,tier_1,transliteration,0.0034,0.0037,20,0
24,mlp_out,zh,tier_1,transliteration,0.0018,0.0034,20,0
25,residual,zh,tier_1,transliteration,0.0189,0.0105,20,0
25,attn_out,zh,tier_1,transliteration,0.0035,0.0031,20,0
25,mlp_out,zh,tier_1,transliteration,0.0015,0.0026,20,0
26,residual,zh,tier_1,transliteration,0.0194,0.0112,20,0
26,attn_out,zh,tier_1,transliteration,0.007,0.0067,20,0
26,mlp_out,zh,tier_1,transliteration,-0.0009,0.0027,20,0
27,residual,zh,tier_1,transliteration,0.0179,0.0104,20,0
27,attn_out,zh,tier_1,transliteration,0.0025,0.0014,20,0
27,mlp_out,zh,tier_1,transliteration,0.0066,0.0063,20,0
28,residual,zh,tier_1,transliteration,0.0212,0.0152,20,0
28,attn_out,zh,tier_1,transliteration,0.0006,0.002,20,0
28,mlp_out,zh,tier_1,transliteration,0.0051,0.0057,20,0
29,residual,zh,tier_1,transliteration,0.0095,0.0124,20,0
29,attn_out,zh,tier_1,transliteration,0.0015,0.0038,20,0
29,mlp_out,zh,tier_1,transliteration,0.0041,0.0084,20,0
30,residual,zh,tier_1,transliteration,0.004,0.0065,20,0
30,attn_out,zh,tier_1,transliteration,0.0038,0.0041,20,0
30,mlp_out,zh,tier_1,transliteration,-0.0008,0.0025,20,0
31,residual,zh,tier_1,transliteration,0.0,0.0,20,0
31,attn_out,zh,tier_1,transliteration,0.0,0.0,20,0
31,mlp_out,zh,tier_1,transliteration,0.0,0.0,20,0
0,residual,es,tier_1,transliteration,0.0077,0.0683,20,0
0,attn_out,es,tier_1,transliteration,0.0193,0.0162,20,0
0,mlp_out,es,tier_1,transliteration,0.0148,0.0404,20,0
1,residual,es,tier_1,transliteration,-0.0071,0.0309,20,0
1,attn_out,es,tier_1,transliteration,-0.0061,0.0311,20,0
1,mlp_out,es,tier_1,transliteration,-0.0047,0.0374,20,0
2,residual,es,tier_1,transliteration,-0.0026,0.0277,20,0
2,attn_out,es,tier_1,transliteration,0.0051,0.0092,20,0
2,mlp_out,es,tier_1,transliteration,-0.0003,0.02,20,0
3,residual,es,tier_1,transliteration,0.0021,0.0189,20,0
3,attn_out,es,tier_1,transliteration,-0.0427,0.0599,20,0
3,mlp_out,es,tier_1,transliteration,-0.0044,0.018,20,0
4,residual,es,tier_1,transliteration,0.0205,0.047,20,0
4,attn_out,es,tier_1,transliteration,-0.0021,0.0122,20,0
4,mlp_out,es,tier_1,transliteration,-0.0067,0.0258,20,0
5,residual,es,tier_1,transliteration,0.0224,0.0434,20,0
5,attn_out,es,tier_1,transliteration,0.0017,0.0134,20,0
5,mlp_out,es,tier_1,transliteration,-0.0015,0.0301,20,0
6,residual,es,tier_1,transliteration,0.021,0.0502,20,0
6,attn_out,es,tier_1,transliteration,-0.0129,0.014,20,0
6,mlp_out,es,tier_1,transliteration,-0.0012,0.0355,20,0
7,residual,es,tier_1,transliteration,0.0479,0.0464,20,0
7,attn_out,es,tier_1,transliteration,-0.0191,0.0126,20,0
7,mlp_out,es,tier_1,transliteration,-0.003,0.0326,20,0
8,residual,es,tier_1,transliteration,0.0501,0.0371,20,0
8,attn_out,es,tier_1,transliteration,0.0007,0.0057,20,0
8,mlp_out,es,tier_1,transliteration,-0.0015,0.0153,20,0
9,residual,es,tier_1,transliteration,0.0614,0.0353,20,0
9,attn_out,es,tier_1,transliteration,0.0084,0.0178,20,0
9,mlp_out,es,tier_1,transliteration,0.017,0.0128,20,0
10,residual,es,tier_1,transliteration,0.064,0.0314,20,0
10,attn_out,es,tier_1,transliteration,0.0025,0.0086,20,0
10,mlp_out,es,tier_1,transliteration,0.0022,0.0177,20,0
11,residual,es,tier_1,transliteration,0.0588,0.0199,20,0
11,attn_out,es,tier_1,transliteration,0.0085,0.0056,20,0
11,mlp_out,es,tier_1,transliteration,0.0224,0.0054,20,0
12,residual,es,tier_1,transliteration,0.0385,0.0112,20,0
12,attn_out,es,tier_1,transliteration,0.0091,0.0056,20,0
12,mlp_out,es,tier_1,transliteration,0.013,0.0168,20,0
13,residual,es,tier_1,transliteration,0.0133,0.0109,20,0
13,attn_out,es,tier_1,transliteration,0.0044,0.0081,20,0
13,mlp_out,es,tier_1,transliteration,0.0201,0.0095,20,0
14,residual,es,tier_1,transliteration,0.0094,0.0102,20,0
14,attn_out,es,tier_1,transliteration,0.0103,0.01,20,0
14,mlp_out,es,tier_1,transliteration,-0.0014,0.01,20,0
15,residual,es,tier_1,transliteration,0.0002,0.0094,20,0
15,attn_out,es,tier_1,transliteration,0.0028,0.0043,20,0
15,mlp_out,es,tier_1,transliteration,0.0063,0.0098,20,0
16,residual,es,tier_1,transliteration,0.0082,0.011,20,0
16,attn_out,es,tier_1,transliteration,0.0042,0.0042,20,0
16,mlp_out,es,tier_1,transliteration,0.0017,0.0114,20,0
17,residual,es,tier_1,transliteration,0.0072,0.0094,20,0
17,attn_out,es,tier_1,transliteration,0.0002,0.0023,20,0
17,mlp_out,es,tier_1,transliteration,0.0047,0.0127,20,0
18,residual,es,tier_1,transliteration,0.0125,0.0126,20,0
18,attn_out,es,tier_1,transliteration,0.0006,0.0008,20,0
18,mlp_out,es,tier_1,transliteration,-0.0003,0.0011,20,0
19,residual,es,tier_1,transliteration,0.0101,0.0107,20,0
19,attn_out,es,tier_1,transliteration,0.0006,0.0021,20,0
19,mlp_out,es,tier_1,transliteration,0.0024,0.0038,20,0
20,residual,es,tier_1,transliteration,0.0101,0.0097,20,0
20,attn_out,es,tier_1,transliteration,-0.0024,0.0021,20,0
20,mlp_out,es,tier_1,transliteration,0.0084,0.0077,20,0
21,residual,es,tier_1,transliteration,0.0099,0.008,20,0
21,attn_out,es,tier_1,transliteration,-0.0008,0.0012,20,0
21,mlp_out,es,tier_1,transliteration,-0.0028,0.0028,20,0
22,residual,es,tier_1,transliteration,0.0112,0.0074,20,0
22,attn_out,es,tier_1,transliteration,-0.0014,0.002,20,0
22,mlp_out,es,tier_1,transliteration,-0.002,0.0016,20,0
23,residual,es,tier_1,transliteration,0.0131,0.0077,20,0
23,attn_out,es,tier_1,transliteration,0.0007,0.0009,20,0
23,mlp_out,es,tier_1,transliteration,0.0043,0.002,20,0
24,residual,es,tier_1,transliteration,0.0118,0.0068,20,0
24,attn_out,es,tier_1,transliteration,0.0024,0.0024,20,0
24,mlp_out,es,tier_1,transliteration,0.0013,0.0042,20,0
25,residual,es,tier_1,transliteration,0.0119,0.0071,20,0
25,attn_out,es,tier_1,transliteration,-0.0002,0.0017,20,0
25,mlp_out,es,tier_1,transliteration,-0.0016,0.0056,20,0
26,residual,es,tier_1,transliteration,0.0045,0.0054,20,0
26,attn_out,es,tier_1,transliteration,0.0048,0.0021,20,0
26,mlp_out,es,tier_1,transliteration,-0.0,0.0028,20,0
27,residual,es,tier_1,transliteration,0.0045,0.0068,20,0
27,attn_out,es,tier_1,transliteration,0.0027,0.0009,20,0
27,mlp_out,es,tier_1,transliteration,0.0102,0.0034,20,0
28,residual,es,tier_1,transliteration,-0.0001,0.0063,20,0
28,attn_out,es,tier_1,transliteration,0.0023,0.0011,20,0
28,mlp_out,es,tier_1,transliteration,0.001,0.0063,20,0
29,residual,es,tier_1,transliteration,0.0009,0.0055,20,0
29,attn_out,es,tier_1,transliteration,-0.0011,0.0021,20,0
29,mlp_out,es,tier_1,transliteration,0.0054,0.0046,20,0
30,residual,es,tier_1,transliteration,0.003,0.0018,20,0
30,attn_out,es,tier_1,transliteration,0.0025,0.0008,20,0
30,mlp_out,es,tier_1,transliteration,-0.0009,0.0019,20,0
31,residual,es,tier_1,transliteration,0.0,0.0,20,0
31,attn_out,es,tier_1,transliteration,0.0,0.0,20,0
31,mlp_out,es,tier_1,transliteration,0.0,0.0,20,0
0,residual,ar,tier_2,transliteration,0.2191,0.2147,20,0
0,attn_out,ar,tier_2,transliteration,0.0087,0.0299,20,0
0,mlp_out,ar,tier_2,transliteration,0.0399,0.0688,20,0
1,residual,ar,tier_2,transliteration,0.0684,0.1085,20,0
1,attn_out,ar,tier_2,transliteration,-0.0085,0.0262,20,0
1,mlp_out,ar,tier_2,transliteration,0.0059,0.0268,20,0
2,residual,ar,tier_2,transliteration,0.0683,0.1011,20,0
2,attn_out,ar,tier_2,transliteration,0.0059,0.0162,20,0
2,mlp_out,ar,tier_2,transliteration,0.0146,0.0394,20,0
3,residual,ar,tier_2,transliteration,0.0783,0.0954,20,0
3,attn_out,ar,tier_2,transliteration,0.0014,0.0233,20,0
3,mlp_out,ar,tier_2,transliteration,0.0168,0.0379,20,0
4,residual,ar,tier_2,transliteration,0.0695,0.0941,20,0
4,attn_out,ar,tier_2,transliteration,0.0093,0.0254,20,0
4,mlp_out,ar,tier_2,transliteration,-0.004,0.0195,20,0
5,residual,ar,tier_2,transliteration,0.0528,0.0744,20,0
5,attn_out,ar,tier_2,transliteration,0.0003,0.0099,20,0
5,mlp_out,ar,tier_2,transliteration,0.019,0.0272,20,0
6,residual,ar,tier_2,transliteration,0.0361,0.0812,20,0
6,attn_out,ar,tier_2,transliteration,-0.0106,0.0261,20,0
6,mlp_out,ar,tier_2,transliteration,-0.0137,0.0429,20,0
7,residual,ar,tier_2,transliteration,0.0247,0.0858,20,0
7,attn_out,ar,tier_2,transliteration,-0.0009,0.0211,20,0
7,mlp_out,ar,tier_2,transliteration,0.0043,0.015,20,0
8,residual,ar,tier_2,transliteration,0.0257,0.0865,20,0
8,attn_out,ar,tier_2,transliteration,0.0076,0.0176,20,0
8,mlp_out,ar,tier_2,transliteration,-0.0044,0.014,20,0
9,residual,ar,tier_2,transliteration,0.0308,0.0825,20,0
9,attn_out,ar,tier_2,transliteration,0.0044,0.014,20,0
9,mlp_out,ar,tier_2,transliteration,0.0171,0.0182,20,0
10,residual,ar,tier_2,transliteration,0.0235,0.0811,20,0
10,attn_out,ar,tier_2,transliteration,-0.0048,0.006,20,0
10,mlp_out,ar,tier_2,transliteration,0.0206,0.0278,20,0
11,residual,ar,tier_2,transliteration,0.0209,0.0824,20,0
11,attn_out,ar,tier_2,transliteration,-0.0098,0.0111,20,0
11,mlp_out,ar,tier_2,transliteration,0.0096,0.0241,20,0
12,residual,ar,tier_2,transliteration,0.0357,0.0668,20,0
12,attn_out,ar,tier_2,transliteration,0.0103,0.0113,20,0
12,mlp_out,ar,tier_2,transliteration,0.0175,0.0152,20,0
13,residual,ar,tier_2,transliteration,0.0346,0.0533,20,0
13,attn_out,ar,tier_2,transliteration,0.0065,0.0098,20,0
13,mlp_out,ar,tier_2,transliteration,0.0019,0.0257,20,0
14,residual,ar,tier_2,transliteration,0.034,0.0541,20,0
14,attn_out,ar,tier_2,transliteration,0.0039,0.0077,20,0
14,mlp_out,ar,tier_2,transliteration,0.0074,0.0059,20,0
15,residual,ar,tier_2,transliteration,0.0329,0.0461,20,0
15,attn_out,ar,tier_2,transliteration,0.0013,0.0096,20,0
15,mlp_out,ar,tier_2,transliteration,-0.0008,0.0136,20,0
16,residual,ar,tier_2,transliteration,0.0317,0.0364,20,0
16,attn_out,ar,tier_2,transliteration,0.0092,0.0134,20,0
16,mlp_out,ar,tier_2,transliteration,0.0088,0.0201,20,0
17,residual,ar,tier_2,transliteration,0.0246,0.0289,20,0
17,attn_out,ar,tier_2,transliteration,0.0022,0.0023,20,0
17,mlp_out,ar,tier_2,transliteration,-0.0007,0.0056,20,0
18,residual,ar,tier_2,transliteration,0.0226,0.025,20,0
18,attn_out,ar,tier_2,transliteration,0.0027,0.007,20,0
18,mlp_out,ar,tier_2,transliteration,0.0029,0.0101,20,0
19,residual,ar,tier_2,transliteration,0.0269,0.0276,20,0
19,attn_out,ar,tier_2,transliteration,0.0015,0.0022,20,0
19,mlp_out,ar,tier_2,transliteration,-0.0016,0.0089,20,0
20,residual,ar,tier_2,transliteration,0.0254,0.0282,20,0
20,attn_out,ar,tier_2,transliteration,0.004,0.0036,20,0
20,mlp_out,ar,tier_2,transliteration,0.007,0.0158,20,0
21,residual,ar,tier_2,transliteration,0.0246,0.0276,20,0
21,attn_out,ar,tier_2,transliteration,0.0003,0.0011,20,0
21,mlp_out,ar,tier_2,transliteration,0.0071,0.0114,20,0
22,residual,ar,tier_2,transliteration,0.0254,0.028,20,0
22,attn_out,ar,tier_2,transliteration,-0.0005,0.0008,20,0
22,mlp_out,ar,tier_2,transliteration,0.0042,0.0061,20,0
23,residual,ar,tier_2,transliteration,0.0248,0.0275,20,0
23,attn_out,ar,tier_2,transliteration,0.0004,0.0008,20,0
23,mlp_out,ar,tier_2,transliteration,-0.0008,0.0026,20,0
24,residual,ar,tier_2,transliteration,0.018,0.026,20,0
24,attn_out,ar,tier_2,transliteration,0.0028,0.004,20,0
24,mlp_out,ar,tier_2,transliteration,-0.0004,0.0048,20,0
25,residual,ar,tier_2,transliteration,0.0181,0.0246,20,0
25,attn_out,ar,tier_2,transliteration,-0.0001,0.0011,20,0
25,mlp_out,ar,tier_2,transliteration,0.0018,0.0069,20,0
26,residual,ar,tier_2,transliteration,0.0176,0.0233,20,0
26,attn_out,ar,tier_2,transliteration,0.0044,0.0066,20,0
26,mlp_out,ar,tier_2,transliteration,-0.0045,0.0067,20,0
27,residual,ar,tier_2,transliteration,0.0154,0.0221,20,0
27,attn_out,ar,tier_2,transliteration,0.0005,0.0026,20,0
27,mlp_out,ar,tier_2,transliteration,0.0017,0.0019,20,0
28,residual,ar,tier_2,transliteration,0.0136,0.0218,20,0
28,attn_out,ar,tier_2,transliteration,0.0025,0.0034,20,0
28,mlp_out,ar,tier_2,transliteration,0.0074,0.0057,20,0
29,residual,ar,tier_2,transliteration,0.0067,0.0213,20,0
29,attn_out,ar,tier_2,transliteration,-0.0034,0.0052,20,0
29,mlp_out,ar,tier_2,transliteration,0.0037,0.0141,20,0
30,residual,ar,tier_2,transliteration,-0.0009,0.0021,20,0
30,attn_out,ar,tier_2,transliteration,0.0011,0.0017,20,0
30,mlp_out,ar,tier_2,transliteration,-0.0004,0.0015,20,0
31,residual,ar,tier_2,transliteration,0.0,0.0,20,0
31,attn_out,ar,tier_2,transliteration,0.0,0.0,20,0
31,mlp_out,ar,tier_2,transliteration,0.0,0.0,20,0
0,residual,ru,tier_2,transliteration,-0.0191,0.0369,20,0
0,attn_out,ru,tier_2,transliteration,-0.0322,0.0431,20,0
0,mlp_out,ru,tier_2,transliteration,-0.0611,0.0491,20,0
1,residual,ru,tier_2,transliteration,-0.0201,0.0581,20,0
1,attn_out,ru,tier_2,transliteration,-0.0001,0.0278,20,0
1,mlp_out,ru,tier_2,transliteration,-0.0193,0.0287,20,0
2,residual,ru,tier_2,transliteration,-0.013,0.0566,20,0
2,attn_out,ru,tier_2,transliteration,-0.0039,0.0159,20,0
2,mlp_out,ru,tier_2,transliteration,-0.0548,0.0318,20,0
3,residual,ru,tier_2,transliteration,0.0106,0.0637,20,0
3,attn_out,ru,tier_2,transliteration,-0.0583,0.0724,20,0
3,mlp_out,ru,tier_2,transliteration,-0.0216,0.0394,20,0
4,residual,ru,tier_2,transliteration,0.0374,0.0665,20,0
4,attn_out,ru,tier_2,transliteration,-0.0087,0.0495,20,0
4,mlp_out,ru,tier_2,transliteration,-0.0067,0.0353,20,0
5,residual,ru,tier_2,transliteration,0.038,0.0739,20,0
5,attn_out,ru,tier_2,transliteration,-0.0222,0.017,20,0
5,mlp_out,ru,tier_2,transliteration,-0.0188,0.0381,20,0
6,residual,ru,tier_2,transliteration,0.029,0.0743,20,0
6,attn_out,ru,tier_2,transliteration,-0.0209,0.0349,20,0
6,mlp_out,ru,tier_2,transliteration,-0.0126,0.0308,20,0
7,residual,ru,tier_2,transliteration,0.0226,0.0878,20,0
7,attn_out,ru,tier_2,transliteration,-0.0122,0.0619,20,0
7,mlp_out,ru,tier_2,transliteration,-0.0254,0.0494,20,0
8,residual,ru,tier_2,transliteration,0.0185,0.0903,20,0
8,attn_out,ru,tier_2,transliteration,-0.0125,0.0163,20,0
8,mlp_out,ru,tier_2,transliteration,0.0223,0.0109,20,0
9,residual,ru,tier_2,transliteration,0.0246,0.1053,20,0
9,attn_out,ru,tier_2,transliteration,0.0035,0.0151,20,0
9,mlp_out,ru,tier_2,transliteration,-0.0221,0.0524,20,0
10,residual,ru,tier_2,transliteration,0.0326,0.0946,20,0
10,attn_out,ru,tier_2,transliteration,-0.0086,0.0356,20,0
10,mlp_out,ru,tier_2,transliteration,-0.0216,0.0426,20,0
11,residual,ru,tier_2,transliteration,0.0372,0.0901,20,0
11,attn_out,ru,tier_2,transliteration,0.0057,0.0409,20,0
11,mlp_out,ru,tier_2,transliteration,0.0031,0.0627,20,0
12,residual,ru,tier_2,transliteration,0.034,0.0532,20,0
12,attn_out,ru,tier_2,transliteration,0.0113,0.0204,20,0
12,mlp_out,ru,tier_2,transliteration,0.0042,0.0235,20,0
13,residual,ru,tier_2,transliteration,0.0497,0.0261,20,0
13,attn_out,ru,tier_2,transliteration,0.0106,0.0093,20,0
13,mlp_out,ru,tier_2,transliteration,0.0075,0.0248,20,0
14,residual,ru,tier_2,transliteration,0.0454,0.0246,20,0
14,attn_out,ru,tier_2,transliteration,0.0039,0.0043,20,0
14,mlp_out,ru,tier_2,transliteration,0.0017,0.0032,20,0
15,residual,ru,tier_2,transliteration,0.0342,0.022,20,0
15,attn_out,ru,tier_2,transliteration,0.0052,0.0054,20,0
15,mlp_out,ru,tier_2,transliteration,-0.0048,0.0213,20,0
16,residual,ru,tier_2,transliteration,0.0342,0.0146,20,0
16,attn_out,ru,tier_2,transliteration,0.0037,0.0036,20,0
16,mlp_out,ru,tier_2,transliteration,0.0002,0.0092,20,0
17,residual,ru,tier_2,transliteration,0.0338,0.0141,20,0
17,attn_out,ru,tier_2,transliteration,0.0072,0.0017,20,0
17,mlp_out,ru,tier_2,transliteration,0.0041,0.0107,20,0
18,residual,ru,tier_2,transliteration,0.0162,0.004,20,0
18,attn_out,ru,tier_2,transliteration,0.0007,0.0011,20,0
18,mlp_out,ru,tier_2,transliteration,-0.0009,0.0024,20,0
19,residual,ru,tier_2,transliteration,0.0138,0.0026,20,0
19,attn_out,ru,tier_2,transliteration,0.0007,0.0016,20,0
19,mlp_out,ru,tier_2,transliteration,-0.0006,0.0032,20,0
20,residual,ru,tier_2,transliteration,0.0134,0.0018,20,0
20,attn_out,ru,tier_2,transliteration,-0.0007,0.0021,20,0
20,mlp_out,ru,tier_2,transliteration,0.0043,0.0037,20,0
21,residual,ru,tier_2,transliteration,0.0141,0.0029,20,0
21,attn_out,ru,tier_2,transliteration,-0.001,0.002,20,0
21,mlp_out,ru,tier_2,transliteration,-0.0013,0.0032,20,0
22,residual,ru,tier_2,transliteration,0.0127,0.0029,20,0
22,attn_out,ru,tier_2,transliteration,-0.0001,0.0011,20,0
22,mlp_out,ru,tier_2,transliteration,0.0028,0.0022,20,0
23,residual,ru,tier_2,transliteration,0.0146,0.0029,20,0
23,attn_out,ru,tier_2,transliteration,-0.0002,0.0013,20,0
23,mlp_out,ru,tier_2,transliteration,0.0019,0.0027,20,0
24,residual,ru,tier_2,transliteration,0.0147,0.0038,20,0
24,attn_out,ru,tier_2,transliteration,0.0014,0.0039,20,0
24,mlp_out,ru,tier_2,transliteration,-0.0002,0.0012,20,0
25,residual,ru,tier_2,transliteration,0.0145,0.004,20,0
25,attn_out,ru,tier_2,transliteration,0.0033,0.0011,20,0
25,mlp_out,ru,tier_2,transliteration,0.0033,0.0028,20,0
26,residual,ru,tier_2,transliteration,0.0126,0.004,20,0
26,attn_out,ru,tier_2,transliteration,0.003,0.0021,20,0
26,mlp_out,ru,tier_2,transliteration,-0.0017,0.0017,20,0
27,residual,ru,tier_2,transliteration,0.0122,0.0043,20,0
27,attn_out,ru,tier_2,transliteration,0.0007,0.0016,20,0
27,mlp_out,ru,tier_2,transliteration,0.0042,0.0032,20,0
28,residual,ru,tier_2,transliteration,0.0116,0.0017,20,0
28,attn_out,ru,tier_2,transliteration,0.0009,0.001,20,0
28,mlp_out,ru,tier_2,transliteration,0.0057,0.004,20,0
29,residual,ru,tier_2,transliteration,0.0118,0.0022,20,0
29,attn_out,ru,tier_2,transliteration,-0.0012,0.0024,20,0
29,mlp_out,ru,tier_2,transliteration,0.0067,0.0015,20,0
30,residual,ru,tier_2,transliteration,0.0037,0.0008,20,0
30,attn_out,ru,tier_2,transliteration,0.0017,0.0008,20,0
30,mlp_out,ru,tier_2,transliteration,0.0014,0.0024,20,0
31,residual,ru,tier_2,transliteration,0.0,0.0,20,0
31,attn_out,ru,tier_2,transliteration,0.0,0.0,20,0
31,mlp_out,ru,tier_2,transliteration,0.0,0.0,20,0
0,residual,ko,tier_2,transliteration,0.416,0.1621,20,0
0,attn_out,ko,tier_2,transliteration,-0.0259,0.0581,20,0
0,mlp_out,ko,tier_2,transliteration,0.0742,0.0624,20,0
1,residual,ko,tier_2,transliteration,0.1431,0.094,20,0
1,attn_out,ko,tier_2,transliteration,-0.0189,0.0605,20,0
1,mlp_out,ko,tier_2,transliteration,-0.0091,0.0461,20,0
2,residual,ko,tier_2,transliteration,0.1371,0.0937,20,0
2,attn_out,ko,tier_2,transliteration,-0.0298,0.0421,20,0
2,mlp_out,ko,tier_2,transliteration,0.0207,0.0434,20,0
3,residual,ko,tier_2,transliteration,0.15,0.0992,20,0
3,attn_out,ko,tier_2,transliteration,-0.0118,0.0391,20,0
3,mlp_out,ko,tier_2,transliteration,0.0317,0.0447,20,0
4,residual,ko,tier_2,transliteration,0.2186,0.0951,20,0
4,attn_out,ko,tier_2,transliteration,0.0101,0.0289,20,0
4,mlp_out,ko,tier_2,transliteration,0.0479,0.052,20,0
5,residual,ko,tier_2,transliteration,0.2052,0.0859,20,0
5,attn_out,ko,tier_2,transliteration,-0.0106,0.0142,20,0
5,mlp_out,ko,tier_2,transliteration,0.0366,0.0326,20,0
6,residual,ko,tier_2,transliteration,0.2372,0.0865,20,0
6,attn_out,ko,tier_2,transliteration,0.0249,0.0136,20,0
6,mlp_out,ko,tier_2,transliteration,0.0722,0.0369,20,0
7,residual,ko,tier_2,transliteration,0.2189,0.0979,20,0
7,attn_out,ko,tier_2,transliteration,0.0032,0.0187,20,0
7,mlp_out,ko,tier_2,transliteration,0.0274,0.0446,20,0
8,residual,ko,tier_2,transliteration,0.1932,0.0922,20,0
8,attn_out,ko,tier_2,transliteration,0.0189,0.023,20,0
8,mlp_out,ko,tier_2,transliteration,0.0344,0.0113,20,0
9,residual,ko,tier_2,transliteration,0.1751,0.0744,20,0
9,attn_out,ko,tier_2,transliteration,0.019,0.0108,20,0
9,mlp_out,ko,tier_2,transliteration,0.0262,0.0335,20,0
10,residual,ko,tier_2,transliteration,0.1576,0.0604,20,0
10,attn_out,ko,tier_2,transliteration,0.0045,0.0085,20,0
10,mlp_out,ko,tier_2,transliteration,0.0026,0.0221,20,0
11,residual,ko,tier_2,transliteration,0.1623,0.0652,20,0
11,attn_out,ko,tier_2,transliteration,0.0164,0.0078,20,0
11,mlp_out,ko,tier_2,transliteration,-0.0191,0.0156,20,0
12,residual,ko,tier_2,transliteration,0.1462,0.0474,20,0
12,attn_out,ko,tier_2,transliteration,0.0389,0.0114,20,0
12,mlp_out,ko,tier_2,transliteration,0.0022,0.0319,20,0
13,residual,ko,tier_2,transliteration,0.1377,0.0497,20,0
13,attn_out,ko,tier_2,transliteration,0.0004,0.0136,20,0
13,mlp_out,ko,tier_2,transliteration,0.0227,0.026,20,0
14,residual,ko,tier_2,transliteration,0.109,0.0523,20,0
14,attn_out,ko,tier_2,transliteration,0.0201,0.0127,20,0
14,mlp_out,ko,tier_2,transliteration,0.0402,0.0208,20,0
15,residual,ko,tier_2,transliteration,0.0988,0.0429,20,0
15,attn_out,ko,tier_2,transliteration,-0.0008,0.0068,20,0
15,mlp_out,ko,tier_2,transliteration,-0.0301,0.0119,20,0
16,residual,ko,tier_2,transliteration,0.0921,0.0357,20,0
16,attn_out,ko,tier_2,transliteration,0.0096,0.0062,20,0
16,mlp_out,ko,tier_2,transliteration,0.017,0.0126,20,0
17,residual,ko,tier_2,transliteration,0.0939,0.0259,20,0
17,attn_out,ko,tier_2,transliteration,0.0119,0.0019,20,0
17,mlp_out,ko,tier_2,transliteration,0.0125,0.0084,20,0
18,residual,ko,tier_2,transliteration,0.0798,0.0274,20,0
18,attn_out,ko,tier_2,transliteration,0.0064,0.0045,20,0
18,mlp_out,ko,tier_2,transliteration,0.0161,0.0057,20,0
19,residual,ko,tier_2,transliteration,0.075,0.028,20,0
19,attn_out,ko,tier_2,transliteration,0.0019,0.0013,20,0
19,mlp_out,ko,tier_2,transliteration,-0.0069,0.0139,20,0
20,residual,ko,tier_2,transliteration,0.0698,0.0277,20,0
20,attn_out,ko,tier_2,transliteration,0.0022,0.0031,20,0
20,mlp_out,ko,tier_2,transliteration,0.0206,0.0083,20,0
21,residual,ko,tier_2,transliteration,0.0688,0.0284,20,0
21,attn_out,ko,tier_2,transliteration,-0.0017,0.002,20,0
21,mlp_out,ko,tier_2,transliteration,0.0152,0.0056,20,0
22,residual,ko,tier_2,transliteration,0.07,0.0248,20,0
22,attn_out,ko,tier_2,transliteration,-0.0026,0.0025,20,0
22,mlp_out,ko,tier_2,transliteration,0.0186,0.0062,20,0
23,residual,ko,tier_2,transliteration,0.0631,0.0225,20,0
23,attn_out,ko,tier_2,transliteration,0.0011,0.0008,20,0
23,mlp_out,ko,tier_2,transliteration,0.0124,0.0082,20,0
24,residual,ko,tier_2,transliteration,0.0595,0.0178,20,0
24,attn_out,ko,tier_2,transliteration,0.0001,0.0038,20,0
24,mlp_out,ko,tier_2,transliteration,0.0151,0.0012,20,0
25,residual,ko,tier_2,transliteration,0.0587,0.0155,20,0
25,attn_out,ko,tier_2,transliteration,0.0104,0.0061,20,0
25,mlp_out,ko,tier_2,transliteration,0.0019,0.007,20,0
26,residual,ko,tier_2,transliteration,0.0562,0.0119,20,0
26,attn_out,ko,tier_2,transliteration,0.0062,0.0027,20,0
26,mlp_out,ko,tier_2,transliteration,0.0116,0.0082,20,0
27,residual,ko,tier_2,transliteration,0.04,0.0096,20,0
27,attn_out,ko,tier_2,transliteration,0.0044,0.0026,20,0
27,mlp_out,ko,tier_2,transliteration,0.0178,0.0059,20,0
28,residual,ko,tier_2,transliteration,0.0402,0.0079,20,0
28,attn_out,ko,tier_2,transliteration,0.0047,0.0016,20,0
28,mlp_out,ko,tier_2,transliteration,0.0144,0.0075,20,0
29,residual,ko,tier_2,transliteration,0.0216,0.0046,20,0
29,attn_out,ko,tier_2,transliteration,0.0081,0.0057,20,0
29,mlp_out,ko,tier_2,transliteration,0.0054,0.0027,20,0
30,residual,ko,tier_2,transliteration,0.0124,0.0044,20,0
30,attn_out,ko,tier_2,transliteration,0.009,0.0028,20,0
30,mlp_out,ko,tier_2,transliteration,0.0,0.0033,20,0
31,residual,ko,tier_2,transliteration,0.0,0.0,20,0
31,attn_out,ko,tier_2,transliteration,0.0,0.0,20,0
31,mlp_out,ko,tier_2,transliteration,0.0,0.0,20,0
0,residual,ja,tier_2,transliteration,0.1903,0.068,20,0
0,attn_out,ja,tier_2,transliteration,-0.0495,0.0226,20,0
0,mlp_out,ja,tier_2,transliteration,-0.0035,0.0328,20,0
1,residual,ja,tier_2,transliteration,0.0918,0.0261,20,0
1,attn_out,ja,tier_2,transliteration,-0.0225,0.033,20,0
1,mlp_out,ja,tier_2,transliteration,-0.0347,0.031,20,0
2,residual,ja,tier_2,transliteration,0.0731,0.0273,20,0
2,attn_out,ja,tier_2,transliteration,-0.0136,0.0221,20,0
2,mlp_out,ja,tier_2,transliteration,-0.0332,0.0302,20,0
3,residual,ja,tier_2,transliteration,0.0688,0.0282,20,0
3,attn_out,ja,tier_2,transliteration,-0.0055,0.0286,20,0
3,mlp_out,ja,tier_2,transliteration,0.0138,0.0318,20,0
4,residual,ja,tier_2,transliteration,0.0598,0.0201,20,0
4,attn_out,ja,tier_2,transliteration,0.0106,0.0233,20,0
4,mlp_out,ja,tier_2,transliteration,0.0206,0.0366,20,0
5,residual,ja,tier_2,transliteration,0.0482,0.0364,20,0
5,attn_out,ja,tier_2,transliteration,-0.0165,0.0392,20,0
5,mlp_out,ja,tier_2,transliteration,-0.0213,0.034,20,0
6,residual,ja,tier_2,transliteration,0.0488,0.0434,20,0
6,attn_out,ja,tier_2,transliteration,-0.0505,0.035,20,0
6,mlp_out,ja,tier_2,transliteration,-0.0223,0.018,20,0
7,residual,ja,tier_2,transliteration,0.0711,0.0345,20,0
7,attn_out,ja,tier_2,transliteration,-0.0068,0.0128,20,0
7,mlp_out,ja,tier_2,transliteration,-0.0187,0.0211,20,0
8,residual,ja,tier_2,transliteration,0.0628,0.0369,20,0
8,attn_out,ja,tier_2,transliteration,0.0046,0.0123,20,0
8,mlp_out,ja,tier_2,transliteration,-0.0002,0.0201,20,0
9,residual,ja,tier_2,transliteration,0.0577,0.0366,20,0
9,attn_out,ja,tier_2,transliteration,-0.009,0.0073,20,0
9,mlp_out,ja,tier_2,transliteration,-0.0175,0.0137,20,0
10,residual,ja,tier_2,transliteration,0.0421,0.0334,20,0
10,attn_out,ja,tier_2,transliteration,-0.0077,0.0102,20,0
10,mlp_out,ja,tier_2,transliteration,0.007,0.011,20,0
11,residual,ja,tier_2,transliteration,0.0318,0.0348,20,0
11,attn_out,ja,tier_2,transliteration,-0.0055,0.0105,20,0
11,mlp_out,ja,tier_2,transliteration,-0.0086,0.017,20,0
12,residual,ja,tier_2,transliteration,0.0061,0.0217,20,0
12,attn_out,ja,tier_2,transliteration,0.01,0.0255,20,0
12,mlp_out,ja,tier_2,transliteration,-0.0229,0.0127,20,0
13,residual,ja,tier_2,transliteration,0.0268,0.0292,20,0
13,attn_out,ja,tier_2,transliteration,-0.0018,0.0081,20,0
13,mlp_out,ja,tier_2,transliteration,-0.0091,0.0127,20,0
14,residual,ja,tier_2,transliteration,0.0311,0.0283,20,0
14,attn_out,ja,tier_2,transliteration,0.0058,0.0092,20,0
14,mlp_out,ja,tier_2,transliteration,-0.0164,0.017,20,0
15,residual,ja,tier_2,transliteration,0.0253,0.0276,20,0
15,attn_out,ja,tier_2,transliteration,-0.0029,0.004,20,0
15,mlp_out,ja,tier_2,transliteration,-0.008,0.0102,20,0
16,residual,ja,tier_2,transliteration,0.0235,0.0218,20,0
16,attn_out,ja,tier_2,transliteration,-0.0037,0.0018,20,0
16,mlp_out,ja,tier_2,transliteration,-0.0055,0.0044,20,0
17,residual,ja,tier_2,transliteration,0.0305,0.0258,20,0
17,attn_out,ja,tier_2,transliteration,0.0052,0.0049,20,0
17,mlp_out,ja,tier_2,transliteration,0.0049,0.0035,20,0
18,residual,ja,tier_2,transliteration,0.0241,0.0227,20,0
18,attn_out,ja,tier_2,transliteration,-0.0009,0.0034,20,0
18,mlp_out,ja,tier_2,transliteration,-0.0021,0.005,20,0
19,residual,ja,tier_2,transliteration,0.0235,0.0211,20,0
19,attn_out,ja,tier_2,transliteration,0.0002,0.0027,20,0
19,mlp_out,ja,tier_2,transliteration,-0.0087,0.0035,20,0
20,residual,ja,tier_2,transliteration,0.0288,0.019,20,0
20,attn_out,ja,tier_2,transliteration,0.0123,0.0044,20,0
20,mlp_out,ja,tier_2,transliteration,0.0098,0.008,20,0
21,residual,ja,tier_2,transliteration,0.0235,0.0194,20,0
21,attn_out,ja,tier_2,transliteration,0.0011,0.0027,20,0
21,mlp_out,ja,tier_2,transliteration,0.0206,0.0065,20,0
22,residual,ja,tier_2,transliteration,0.0244,0.0152,20,0
22,attn_out,ja,tier_2,transliteration,-0.0009,0.0023,20,0
22,mlp_out,ja,tier_2,transliteration,0.006,0.0042,20,0
23,residual,ja,tier_2,transliteration,0.0235,0.0142,20,0
23,attn_out,ja,tier_2,transliteration,-0.0005,0.0009,20,0
23,mlp_out,ja,tier_2,transliteration,0.0001,0.0045,20,0
24,residual,ja,tier_2,transliteration,0.0219,0.0123,20,0
24,attn_out,ja,tier_2,transliteration,0.0065,0.003,20,0
24,mlp_out,ja,tier_2,transliteration,0.0196,0.0069,20,0
25,residual,ja,tier_2,transliteration,0.024,0.0118,20,0
25,attn_out,ja,tier_2,transliteration,0.003,0.0018,20,0
25,mlp_out,ja,tier_2,transliteration,-0.0031,0.0039,20,0
26,residual,ja,tier_2,transliteration,0.0251,0.0111,20,0
26,attn_out,ja,tier_2,transliteration,0.0048,0.0008,20,0
26,mlp_out,ja,tier_2,transliteration,-0.0017,0.0055,20,0
27,residual,ja,tier_2,transliteration,0.0253,0.0113,20,0
27,attn_out,ja,tier_2,transliteration,0.0051,0.0026,20,0
27,mlp_out,ja,tier_2,transliteration,0.0127,0.0043,20,0
28,residual,ja,tier_2,transliteration,0.0223,0.0095,20,0
28,attn_out,ja,tier_2,transliteration,0.0002,0.0031,20,0
28,mlp_out,ja,tier_2,transliteration,0.0168,0.0047,20,0
29,residual,ja,tier_2,transliteration,0.0117,0.0048,20,0
29,attn_out,ja,tier_2,transliteration,-0.0033,0.002,20,0
29,mlp_out,ja,tier_2,transliteration,0.0003,0.0029,20,0
30,residual,ja,tier_2,transliteration,0.0052,0.0029,20,0
30,attn_out,ja,tier_2,transliteration,0.0031,0.002,20,0
30,mlp_out,ja,tier_2,transliteration,-0.0007,0.0007,20,0
31,residual,ja,tier_2,transliteration,0.0,0.0,20,0
31,attn_out,ja,tier_2,transliteration,0.0,0.0,20,0
31,mlp_out,ja,tier_2,transliteration,0.0,0.0,20,0
0,residual,tr,tier_3,transliteration,0.2046,0.0516,20,0
0,attn_out,tr,tier_3,transliteration,0.0338,0.0193,20,0
0,mlp_out,tr,tier_3,transliteration,0.1035,0.0521,20,0
1,residual,tr,tier_3,transliteration,0.1701,0.0503,20,0
1,attn_out,tr,tier_3,transliteration,0.0009,0.0129,20,0
1,mlp_out,tr,tier_3,transliteration,0.0551,0.0384,20,0
2,residual,tr,tier_3,transliteration,0.1698,0.0462,20,0
2,attn_out,tr,tier_3,transliteration,0.0086,0.0116,20,0
2,mlp_out,tr,tier_3,transliteration,0.0843,0.0523,20,0
3,residual,tr,tier_3,transliteration,0.1405,0.0504,20,0
3,attn_out,tr,tier_3,transliteration,0.0252,0.0776,20,0
3,mlp_out,tr,tier_3,transliteration,0.0487,0.0386,20,0
4,residual,tr,tier_3,transliteration,0.1066,0.0381,20,0
4,attn_out,tr,tier_3,transliteration,0.0074,0.017,20,0
4,mlp_out,tr,tier_3,transliteration,0.0411,0.0316,20,0
5,residual,tr,tier_3,transliteration,0.1048,0.0357,20,0
5,attn_out,tr,tier_3,transliteration,0.0076,0.0207,20,0
5,mlp_out,tr,tier_3,transliteration,0.0487,0.0272,20,0
6,residual,tr,tier_3,transliteration,0.1057,0.0279,20,0
6,attn_out,tr,tier_3,transliteration,0.0191,0.0194,20,0
6,mlp_out,tr,tier_3,transliteration,0.0337,0.0219,20,0
7,residual,tr,tier_3,transliteration,0.0978,0.0271,20,0
7,attn_out,tr,tier_3,transliteration,0.0048,0.011,20,0
7,mlp_out,tr,tier_3,transliteration,0.0054,0.0216,20,0
8,residual,tr,tier_3,transliteration,0.0977,0.0264,20,0
8,attn_out,tr,tier_3,transliteration,0.0089,0.0122,20,0
8,mlp_out,tr,tier_3,transliteration,0.0105,0.0146,20,0
9,residual,tr,tier_3,transliteration,0.1124,0.0281,20,0
9,attn_out,tr,tier_3,transliteration,0.0103,0.0085,20,0
9,mlp_out,tr,tier_3,transliteration,0.0177,0.0252,20,0
10,residual,tr,tier_3,transliteration,0.1152,0.0283,20,0
10,attn_out,tr,tier_3,transliteration,0.0093,0.0126,20,0
10,mlp_out,tr,tier_3,transliteration,0.0046,0.028,20,0
11,residual,tr,tier_3,transliteration,0.1114,0.0315,20,0
11,attn_out,tr,tier_3,transliteration,0.0246,0.0132,20,0
11,mlp_out,tr,tier_3,transliteration,0.0127,0.0312,20,0
12,residual,tr,tier_3,transliteration,0.1213,0.0273,20,0
12,attn_out,tr,tier_3,transliteration,0.0083,0.0065,20,0
12,mlp_out,tr,tier_3,transliteration,0.0292,0.0152,20,0
13,residual,tr,tier_3,transliteration,0.0996,0.0317,20,0
13,attn_out,tr,tier_3,transliteration,0.0064,0.0071,20,0
13,mlp_out,tr,tier_3,transliteration,0.0092,0.0055,20,0
14,residual,tr,tier_3,transliteration,0.0976,0.0367,20,0
14,attn_out,tr,tier_3,transliteration,0.0181,0.0086,20,0
14,mlp_out,tr,tier_3,transliteration,0.0096,0.0117,20,0
15,residual,tr,tier_3,transliteration,0.0844,0.03,20,0
15,attn_out,tr,tier_3,transliteration,0.0012,0.0079,20,0
15,mlp_out,tr,tier_3,transliteration,0.0026,0.01,20,0
16,residual,tr,tier_3,transliteration,0.0879,0.0259,20,0
16,attn_out,tr,tier_3,transliteration,0.0152,0.0049,20,0
16,mlp_out,tr,tier_3,transliteration,0.0021,0.012,20,0
17,residual,tr,tier_3,transliteration,0.0742,0.0238,20,0
17,attn_out,tr,tier_3,transliteration,0.0092,0.0035,20,0
17,mlp_out,tr,tier_3,transliteration,0.011,0.0078,20,0
18,residual,tr,tier_3,transliteration,0.0582,0.0228,20,0
18,attn_out,tr,tier_3,transliteration,0.0042,0.0021,20,0
18,mlp_out,tr,tier_3,transliteration,0.0054,0.0043,20,0
19,residual,tr,tier_3,transliteration,0.0534,0.0236,20,0
19,attn_out,tr,tier_3,transliteration,0.0021,0.0029,20,0
19,mlp_out,tr,tier_3,transliteration,-0.0023,0.0086,20,0
20,residual,tr,tier_3,transliteration,0.0574,0.0214,20,0
20,attn_out,tr,tier_3,transliteration,-0.0012,0.0023,20,0
20,mlp_out,tr,tier_3,transliteration,0.0192,0.0065,20,0
21,residual,tr,tier_3,transliteration,0.0501,0.0173,20,0
21,attn_out,tr,tier_3,transliteration,-0.0031,0.0027,20,0
21,mlp_out,tr,tier_3,transliteration,0.0045,0.0072,20,0
22,residual,tr,tier_3,transliteration,0.0527,0.0166,20,0
22,attn_out,tr,tier_3,transliteration,-0.0011,0.0012,20,0
22,mlp_out,tr,tier_3,transliteration,0.0087,0.0048,20,0
23,residual,tr,tier_3,transliteration,0.0478,0.0119,20,0
23,attn_out,tr,tier_3,transliteration,-0.0006,0.0013,20,0
23,mlp_out,tr,tier_3,transliteration,0.007,0.0019,20,0
24,residual,tr,tier_3,transliteration,0.0459,0.0109,20,0
24,attn_out,tr,tier_3,transliteration,0.0083,0.002,20,0
24,mlp_out,tr,tier_3,transliteration,0.0019,0.0021,20,0
25,residual,tr,tier_3,transliteration,0.044,0.0113,20,0
25,attn_out,tr,tier_3,transliteration,0.0032,0.0025,20,0
25,mlp_out,tr,tier_3,transliteration,-0.0006,0.0035,20,0
26,residual,tr,tier_3,transliteration,0.0308,0.009,20,0
26,attn_out,tr,tier_3,transliteration,0.01,0.0025,20,0
26,mlp_out,tr,tier_3,transliteration,0.0081,0.0035,20,0
27,residual,tr,tier_3,transliteration,0.0292,0.0079,20,0
27,attn_out,tr,tier_3,transliteration,0.0013,0.0025,20,0
27,mlp_out,tr,tier_3,transliteration,0.0112,0.0018,20,0
28,residual,tr,tier_3,transliteration,0.0215,0.0073,20,0
28,attn_out,tr,tier_3,transliteration,0.0016,0.0015,20,0
28,mlp_out,tr,tier_3,transliteration,-0.0086,0.005,20,0
29,residual,tr,tier_3,transliteration,0.014,0.0041,20,0
29,attn_out,tr,tier_3,transliteration,-0.0012,0.0014,20,0
29,mlp_out,tr,tier_3,transliteration,0.0213,0.0031,20,0
30,residual,tr,tier_3,transliteration,0.0046,0.002,20,0
30,attn_out,tr,tier_3,transliteration,0.0035,0.0011,20,0
30,mlp_out,tr,tier_3,transliteration,0.0017,0.0028,20,0
31,residual,tr,tier_3,transliteration,0.0,0.0,20,0
31,attn_out,tr,tier_3,transliteration,0.0,0.0,20,0
31,mlp_out,tr,tier_3,transliteration,0.0,0.0,20,0
0,residual,id,tier_3,transliteration,0.1569,0.0563,20,0
0,attn_out,id,tier_3,transliteration,0.0279,0.013,20,0
0,mlp_out,id,tier_3,transliteration,0.0831,0.0501,20,0
1,residual,id,tier_3,transliteration,0.1493,0.0788,20,0
1,attn_out,id,tier_3,transliteration,0.0205,0.0494,20,0
1,mlp_out,id,tier_3,transliteration,0.0434,0.0715,20,0
2,residual,id,tier_3,transliteration,0.1487,0.0798,20,0
2,attn_out,id,tier_3,transliteration,0.0072,0.0157,20,0
2,mlp_out,id,tier_3,transliteration,0.0529,0.0386,20,0
3,residual,id,tier_3,transliteration,0.1278,0.0854,20,0
3,attn_out,id,tier_3,transliteration,-0.0441,0.0869,20,0
3,mlp_out,id,tier_3,transliteration,0.0395,0.0273,20,0
4,residual,id,tier_3,transliteration,0.1117,0.0783,20,0
4,attn_out,id,tier_3,transliteration,0.0039,0.0193,20,0
4,mlp_out,id,tier_3,transliteration,0.0477,0.0351,20,0
5,residual,id,tier_3,transliteration,0.1076,0.0766,20,0
5,attn_out,id,tier_3,transliteration,0.0107,0.0152,20,0
5,mlp_out,id,tier_3,transliteration,0.0476,0.0448,20,0
6,residual,id,tier_3,transliteration,0.1014,0.0771,20,0
6,attn_out,id,tier_3,transliteration,0.0066,0.0124,20,0
6,mlp_out,id,tier_3,transliteration,0.0411,0.0269,20,0
7,residual,id,tier_3,transliteration,0.1078,0.0695,20,0
7,attn_out,id,tier_3,transliteration,0.0105,0.0269,20,0
7,mlp_out,id,tier_3,transliteration,0.0188,0.0311,20,0
8,residual,id,tier_3,transliteration,0.0927,0.0692,20,0
8,attn_out,id,tier_3,transliteration,0.0103,0.0287,20,0
8,mlp_out,id,tier_3,transliteration,-0.0026,0.0099,20,0
9,residual,id,tier_3,transliteration,0.104,0.0559,20,0
9,attn_out,id,tier_3,transliteration,-0.0138,0.0221,20,0
9,mlp_out,id,tier_3,transliteration,0.0079,0.0175,20,0
10,residual,id,tier_3,transliteration,0.1076,0.0646,20,0
10,attn_out,id,tier_3,transliteration,0.0017,0.0132,20,0
10,mlp_out,id,tier_3,transliteration,0.0064,0.0155,20,0
11,residual,id,tier_3,transliteration,0.11,0.0641,20,0
11,attn_out,id,tier_3,transliteration,-0.0047,0.0177,20,0
11,mlp_out,id,tier_3,transliteration,0.0293,0.0158,20,0
12,residual,id,tier_3,transliteration,0.1119,0.0546,20,0
12,attn_out,id,tier_3,transliteration,0.0133,0.0152,20,0
12,mlp_out,id,tier_3,transliteration,0.0276,0.0282,20,0
13,residual,id,tier_3,transliteration,0.104,0.0474,20,0
13,attn_out,id,tier_3,transliteration,0.0056,0.0082,20,0
13,mlp_out,id,tier_3,transliteration,0.0303,0.0178,20,0
14,residual,id,tier_3,transliteration,0.094,0.0286,20,0
14,attn_out,id,tier_3,transliteration,0.0136,0.0035,20,0
14,mlp_out,id,tier_3,transliteration,0.0043,0.0171,20,0
15,residual,id,tier_3,transliteration,0.0709,0.0242,20,0
15,attn_out,id,tier_3,transliteration,0.0034,0.0027,20,0
15,mlp_out,id,tier_3,transliteration,-0.0009,0.0141,20,0
16,residual,id,tier_3,transliteration,0.0648,0.0173,20,0
16,attn_out,id,tier_3,transliteration,0.0097,0.0046,20,0
16,mlp_out,id,tier_3,transliteration,0.0004,0.0127,20,0
17,residual,id,tier_3,transliteration,0.0555,0.0156,20,0
17,attn_out,id,tier_3,transliteration,0.0121,0.0058,20,0
17,mlp_out,id,tier_3,transliteration,0.0022,0.0087,20,0
18,residual,id,tier_3,transliteration,0.041,0.0135,20,0
18,attn_out,id,tier_3,transliteration,0.0037,0.0022,20,0
18,mlp_out,id,tier_3,transliteration,0.0048,0.0055,20,0
19,residual,id,tier_3,transliteration,0.0372,0.0126,20,0
19,attn_out,id,tier_3,transliteration,0.0019,0.0009,20,0
19,mlp_out,id,tier_3,transliteration,-0.0009,0.0035,20,0
20,residual,id,tier_3,transliteration,0.0368,0.0128,20,0
20,attn_out,id,tier_3,transliteration,-0.0016,0.0016,20,0
20,mlp_out,id,tier_3,transliteration,0.0134,0.009,20,0
21,residual,id,tier_3,transliteration,0.0345,0.0117,20,0
21,attn_out,id,tier_3,transliteration,0.001,0.0018,20,0
21,mlp_out,id,tier_3,transliteration,0.0007,0.001,20,0
22,residual,id,tier_3,transliteration,0.0372,0.0125,20,0
22,attn_out,id,tier_3,transliteration,-0.0011,0.0003,20,0
22,mlp_out,id,tier_3,transliteration,0.0063,0.005,20,0
23,residual,id,tier_3,transliteration,0.0361,0.0117,20,0
23,attn_out,id,tier_3,transliteration,-0.0016,0.0009,20,0
23,mlp_out,id,tier_3,transliteration,0.0055,0.0033,20,0
24,residual,id,tier_3,transliteration,0.0303,0.0108,20,0
24,attn_out,id,tier_3,transliteration,0.0062,0.0027,20,0
24,mlp_out,id,tier_3,transliteration,0.0024,0.0059,20,0
25,residual,id,tier_3,transliteration,0.0307,0.0104,20,0
25,attn_out,id,tier_3,transliteration,0.0018,0.0031,20,0
25,mlp_out,id,tier_3,transliteration,-0.0019,0.0049,20,0
26,residual,id,tier_3,transliteration,0.0226,0.0079,20,0
26,attn_out,id,tier_3,transliteration,0.0074,0.0045,20,0
26,mlp_out,id,tier_3,transliteration,0.0067,0.0055,20,0
27,residual,id,tier_3,transliteration,0.02,0.0073,20,0
27,attn_out,id,tier_3,transliteration,0.0054,0.0023,20,0
27,mlp_out,id,tier_3,transliteration,0.0043,0.0031,20,0
28,residual,id,tier_3,transliteration,0.0127,0.0056,20,0
28,attn_out,id,tier_3,transliteration,0.0033,0.0021,20,0
28,mlp_out,id,tier_3,transliteration,-0.0033,0.0039,20,0
29,residual,id,tier_3,transliteration,0.0122,0.0057,20,0
29,attn_out,id,tier_3,transliteration,-0.0017,0.0024,20,0
29,mlp_out,id,tier_3,transliteration,0.0137,0.0065,20,0
30,residual,id,tier_3,transliteration,0.0031,0.0015,20,0
30,attn_out,id,tier_3,transliteration,0.0029,0.0011,20,0
30,mlp_out,id,tier_3,transliteration,-0.0007,0.0021,20,0
31,residual,id,tier_3,transliteration,0.0,0.0,20,0
31,attn_out,id,tier_3,transliteration,0.0,0.0,20,0
31,mlp_out,id,tier_3,transliteration,0.0,0.0,20,0
0,residual,hi,tier_3,transliteration,0.1603,0.1833,20,0
0,attn_out,hi,tier_3,transliteration,0.016,0.0302,20,0
0,mlp_out,hi,tier_3,transliteration,0.0228,0.0804,20,0
1,residual,hi,tier_3,transliteration,0.1127,0.131,20,0
1,attn_out,hi,tier_3,transliteration,-0.0188,0.0491,20,0
1,mlp_out,hi,tier_3,transliteration,0.0373,0.0783,20,0
2,residual,hi,tier_3,transliteration,0.1137,0.1284,20,0
2,attn_out,hi,tier_3,transliteration,-0.0274,0.0251,20,0
2,mlp_out,hi,tier_3,transliteration,0.0173,0.0799,20,0
3,residual,hi,tier_3,transliteration,0.0791,0.1084,20,0
3,attn_out,hi,tier_3,transliteration,0.0879,0.0799,20,0
3,mlp_out,hi,tier_3,transliteration,0.0358,0.0597,20,0
4,residual,hi,tier_3,transliteration,0.0818,0.0849,20,0
4,attn_out,hi,tier_3,transliteration,0.0314,0.0236,20,0
4,mlp_out,hi,tier_3,transliteration,0.0386,0.0375,20,0
5,residual,hi,tier_3,transliteration,0.0715,0.0804,20,0
5,attn_out,hi,tier_3,transliteration,-0.0049,0.0279,20,0
5,mlp_out,hi,tier_3,transliteration,0.0363,0.0244,20,0
6,residual,hi,tier_3,transliteration,0.0687,0.0779,20,0
6,attn_out,hi,tier_3,transliteration,0.0067,0.0355,20,0
6,mlp_out,hi,tier_3,transliteration,0.0151,0.0303,20,0
7,residual,hi,tier_3,transliteration,0.0548,0.0794,20,0
7,attn_out,hi,tier_3,transliteration,-0.006,0.015,20,0
7,mlp_out,hi,tier_3,transliteration,0.0122,0.0353,20,0
8,residual,hi,tier_3,transliteration,0.0356,0.0737,20,0
8,attn_out,hi,tier_3,transliteration,-0.0165,0.0137,20,0
8,mlp_out,hi,tier_3,transliteration,0.0104,0.0181,20,0
9,residual,hi,tier_3,transliteration,0.0398,0.0688,20,0
9,attn_out,hi,tier_3,transliteration,0.0156,0.01,20,0
9,mlp_out,hi,tier_3,transliteration,0.0097,0.0189,20,0
10,residual,hi,tier_3,transliteration,0.0365,0.0643,20,0
10,attn_out,hi,tier_3,transliteration,-0.0026,0.0223,20,0
10,mlp_out,hi,tier_3,transliteration,0.0053,0.0308,20,0
11,residual,hi,tier_3,transliteration,0.0279,0.0749,20,0
11,attn_out,hi,tier_3,transliteration,0.0041,0.0142,20,0
11,mlp_out,hi,tier_3,transliteration,0.013,0.024,20,0
12,residual,hi,tier_3,transliteration,0.0453,0.0583,20,0
12,attn_out,hi,tier_3,transliteration,-0.0041,0.0193,20,0
12,mlp_out,hi,tier_3,transliteration,-0.0011,0.0193,20,0
13,residual,hi,tier_3,transliteration,0.0597,0.0474,20,0
13,attn_out,hi,tier_3,transliteration,0.0025,0.0061,20,0
13,mlp_out,hi,tier_3,transliteration,-0.0193,0.0115,20,0
14,residual,hi,tier_3,transliteration,0.0546,0.0504,20,0
14,attn_out,hi,tier_3,transliteration,0.0086,0.0042,20,0
14,mlp_out,hi,tier_3,transliteration,0.0132,0.019,20,0
15,residual,hi,tier_3,transliteration,0.0567,0.0468,20,0
15,attn_out,hi,tier_3,transliteration,-0.0044,0.0126,20,0
15,mlp_out,hi,tier_3,transliteration,-0.0315,0.0186,20,0
16,residual,hi,tier_3,transliteration,0.0504,0.0569,20,0
16,attn_out,hi,tier_3,transliteration,0.0131,0.0192,20,0
16,mlp_out,hi,tier_3,transliteration,0.0004,0.0103,20,0
17,residual,hi,tier_3,transliteration,0.0434,0.0473,20,0
17,attn_out,hi,tier_3,transliteration,0.0057,0.0105,20,0
17,mlp_out,hi,tier_3,transliteration,0.005,0.0076,20,0
18,residual,hi,tier_3,transliteration,0.0366,0.0408,20,0
18,attn_out,hi,tier_3,transliteration,-0.0017,0.004,20,0
18,mlp_out,hi,tier_3,transliteration,-0.0039,0.0125,20,0
19,residual,hi,tier_3,transliteration,0.0396,0.0413,20,0
19,attn_out,hi,tier_3,transliteration,0.002,0.0047,20,0
19,mlp_out,hi,tier_3,transliteration,-0.0049,0.0062,20,0
20,residual,hi,tier_3,transliteration,0.038,0.0375,20,0
20,attn_out,hi,tier_3,transliteration,0.0004,0.0037,20,0
20,mlp_out,hi,tier_3,transliteration,0.008,0.004,20,0
21,residual,hi,tier_3,transliteration,0.0338,0.0354,20,0
21,attn_out,hi,tier_3,transliteration,-0.0071,0.0098,20,0
21,mlp_out,hi,tier_3,transliteration,0.0018,0.0054,20,0
22,residual,hi,tier_3,transliteration,0.0354,0.0379,20,0
22,attn_out,hi,tier_3,transliteration,-0.0009,0.0039,20,0
22,mlp_out,hi,tier_3,transliteration,0.0016,0.0039,20,0
23,residual,hi,tier_3,transliteration,0.0378,0.0352,20,0
23,attn_out,hi,tier_3,transliteration,0.0002,0.0045,20,0
23,mlp_out,hi,tier_3,transliteration,0.0097,0.0069,20,0
24,residual,hi,tier_3,transliteration,0.0301,0.0284,20,0
24,attn_out,hi,tier_3,transliteration,0.0042,0.0064,20,0
24,mlp_out,hi,tier_3,transliteration,0.0065,0.0095,20,0
25,residual,hi,tier_3,transliteration,0.0289,0.0257,20,0
25,attn_out,hi,tier_3,transliteration,-0.0031,0.0033,20,0
25,mlp_out,hi,tier_3,transliteration,-0.0017,0.0036,20,0
26,residual,hi,tier_3,transliteration,0.0216,0.0232,20,0
26,attn_out,hi,tier_3,transliteration,0.005,0.0079,20,0
26,mlp_out,hi,tier_3,transliteration,-0.0007,0.0063,20,0
27,residual,hi,tier_3,transliteration,0.0175,0.0248,20,0
27,attn_out,hi,tier_3,transliteration,0.0058,0.0041,20,0
27,mlp_out,hi,tier_3,transliteration,0.0113,0.0087,20,0
28,residual,hi,tier_3,transliteration,0.0128,0.0163,20,0
28,attn_out,hi,tier_3,transliteration,0.0026,0.0045,20,0
28,mlp_out,hi,tier_3,transliteration,0.0108,0.0106,20,0
29,residual,hi,tier_3,transliteration,0.0171,0.0127,20,0
29,attn_out,hi,tier_3,transliteration,0.0018,0.0006,20,0
29,mlp_out,hi,tier_3,transliteration,0.0107,0.0056,20,0
30,residual,hi,tier_3,transliteration,0.0066,0.0026,20,0
30,attn_out,hi,tier_3,transliteration,0.0044,0.0013,20,0
30,mlp_out,hi,tier_3,transliteration,-0.0013,0.0056,20,0
31,residual,hi,tier_3,transliteration,0.0,0.0,20,0
31,attn_out,hi,tier_3,transliteration,0.0,0.0,20,0
31,mlp_out,hi,tier_3,transliteration,0.0,0.0,20,0
0,residual,sw,tier_3,transliteration,0.0416,0.047,20,0
0,attn_out,sw,tier_3,transliteration,0.0268,0.0065,20,0
0,mlp_out,sw,tier_3,transliteration,0.0327,0.0308,20,0
1,residual,sw,tier_3,transliteration,0.0358,0.03,20,0
1,attn_out,sw,tier_3,transliteration,-0.0062,0.0082,20,0
1,mlp_out,sw,tier_3,transliteration,0.0251,0.0287,20,0
2,residual,sw,tier_3,transliteration,0.0388,0.0332,20,0
2,attn_out,sw,tier_3,transliteration,0.009,0.0062,20,0
2,mlp_out,sw,tier_3,transliteration,0.0228,0.026,20,0
3,residual,sw,tier_3,transliteration,0.0316,0.0313,20,0
3,attn_out,sw,tier_3,transliteration,0.0142,0.0119,20,0
3,mlp_out,sw,tier_3,transliteration,0.0339,0.0323,20,0
4,residual,sw,tier_3,transliteration,0.0299,0.032,20,0
4,attn_out,sw,tier_3,transliteration,0.012,0.01,20,0
4,mlp_out,sw,tier_3,transliteration,0.0003,0.0096,20,0
5,residual,sw,tier_3,transliteration,0.0297,0.0307,20,0
5,attn_out,sw,tier_3,transliteration,0.0032,0.008,20,0
5,mlp_out,sw,tier_3,transliteration,0.0049,0.0189,20,0
6,residual,sw,tier_3,transliteration,0.0297,0.0296,20,0
6,attn_out,sw,tier_3,transliteration,-0.002,0.0114,20,0
6,mlp_out,sw,tier_3,transliteration,0.0026,0.0149,20,0
7,residual,sw,tier_3,transliteration,0.0331,0.0264,20,0
7,attn_out,sw,tier_3,transliteration,0.0013,0.0061,20,0
7,mlp_out,sw,tier_3,transliteration,0.0142,0.0116,20,0
8,residual,sw,tier_3,transliteration,0.0329,0.0249,20,0
8,attn_out,sw,tier_3,transliteration,0.0058,0.0049,20,0
8,mlp_out,sw,tier_3,transliteration,0.0052,0.0151,20,0
9,residual,sw,tier_3,transliteration,0.0326,0.0198,20,0
9,attn_out,sw,tier_3,transliteration,0.0031,0.0056,20,0
9,mlp_out,sw,tier_3,transliteration,0.0033,0.0084,20,0
10,residual,sw,tier_3,transliteration,0.0321,0.0172,20,0
10,attn_out,sw,tier_3,transliteration,0.0047,0.0046,20,0
10,mlp_out,sw,tier_3,transliteration,0.0142,0.0124,20,0
11,residual,sw,tier_3,transliteration,0.0304,0.0172,20,0
11,attn_out,sw,tier_3,transliteration,-0.005,0.0033,20,0
11,mlp_out,sw,tier_3,transliteration,0.0119,0.0114,20,0
12,residual,sw,tier_3,transliteration,0.0285,0.0125,20,0
12,attn_out,sw,tier_3,transliteration,0.0028,0.0046,20,0
12,mlp_out,sw,tier_3,transliteration,0.0091,0.0075,20,0
13,residual,sw,tier_3,transliteration,0.0294,0.0124,20,0
13,attn_out,sw,tier_3,transliteration,0.0035,0.0024,20,0
13,mlp_out,sw,tier_3,transliteration,0.0015,0.0115,20,0
14,residual,sw,tier_3,transliteration,0.0267,0.0089,20,0
14,attn_out,sw,tier_3,transliteration,0.0008,0.0022,20,0
14,mlp_out,sw,tier_3,transliteration,0.003,0.0026,20,0
15,residual,sw,tier_3,transliteration,0.0166,0.0102,20,0
15,attn_out,sw,tier_3,transliteration,0.0049,0.0022,20,0
15,mlp_out,sw,tier_3,transliteration,0.0064,0.0057,20,0
16,residual,sw,tier_3,transliteration,0.0155,0.007,20,0
16,attn_out,sw,tier_3,transliteration,0.0049,0.0034,20,0
16,mlp_out,sw,tier_3,transliteration,0.0014,0.0056,20,0
17,residual,sw,tier_3,transliteration,0.0081,0.0052,20,0
17,attn_out,sw,tier_3,transliteration,0.0042,0.0026,20,0
17,mlp_out,sw,tier_3,transliteration,0.0047,0.0065,20,0
18,residual,sw,tier_3,transliteration,0.004,0.0038,20,0
18,attn_out,sw,tier_3,transliteration,-0.0035,0.0035,20,0
18,mlp_out,sw,tier_3,transliteration,0.0007,0.002,20,0
19,residual,sw,tier_3,transliteration,0.0029,0.0047,20,0
19,attn_out,sw,tier_3,transliteration,0.0018,0.0012,20,0
19,mlp_out,sw,tier_3,transliteration,0.0022,0.0034,20,0
20,residual,sw,tier_3,transliteration,0.0028,0.0053,20,0
20,attn_out,sw,tier_3,transliteration,0.0009,0.0009,20,0
20,mlp_out,sw,tier_3,transliteration,0.003,0.004,20,0
21,residual,sw,tier_3,transliteration,0.0007,0.005,20,0
21,attn_out,sw,tier_3,transliteration,0.0003,0.0009,20,0
21,mlp_out,sw,tier_3,transliteration,-0.0011,0.0023,20,0
22,residual,sw,tier_3,transliteration,0.0014,0.0052,20,0
22,attn_out,sw,tier_3,transliteration,0.0009,0.0003,20,0
22,mlp_out,sw,tier_3,transliteration,-0.0029,0.0066,20,0
23,residual,sw,tier_3,transliteration,0.0009,0.0058,20,0
23,attn_out,sw,tier_3,transliteration,-0.0008,0.001,20,0
23,mlp_out,sw,tier_3,transliteration,-0.0047,0.0053,20,0
24,residual,sw,tier_3,transliteration,-0.0007,0.0044,20,0
24,attn_out,sw,tier_3,transliteration,0.0009,0.001,20,0
24,mlp_out,sw,tier_3,transliteration,-0.0007,0.0021,20,0
25,residual,sw,tier_3,transliteration,-0.0009,0.0037,20,0
25,attn_out,sw,tier_3,transliteration,0.0003,0.0009,20,0
25,mlp_out,sw,tier_3,transliteration,0.0011,0.0013,20,0
26,residual,sw,tier_3,transliteration,-0.0016,0.0025,20,0
26,attn_out,sw,tier_3,transliteration,0.0014,0.0011,20,0
26,mlp_out,sw,tier_3,transliteration,0.0007,0.0024,20,0
27,residual,sw,tier_3,transliteration,-0.0018,0.0019,20,0
27,attn_out,sw,tier_3,transliteration,0.0008,0.0013,20,0
27,mlp_out,sw,tier_3,transliteration,-0.0019,0.0049,20,0
28,residual,sw,tier_3,transliteration,-0.0032,0.0024,20,0
28,attn_out,sw,tier_3,transliteration,-0.0008,0.0009,20,0
28,mlp_out,sw,tier_3,transliteration,-0.0018,0.0025,20,0
29,residual,sw,tier_3,transliteration,-0.0051,0.0029,20,0
29,attn_out,sw,tier_3,transliteration,-0.0011,0.0027,20,0
29,mlp_out,sw,tier_3,transliteration,0.0077,0.0038,20,0
30,residual,sw,tier_3,transliteration,-0.0031,0.0009,20,0
30,attn_out,sw,tier_3,transliteration,0.0001,0.0002,20,0
30,mlp_out,sw,tier_3,transliteration,-0.0014,0.0004,20,0
31,residual,sw,tier_3,transliteration,0.0,0.0,20,0
31,attn_out,sw,tier_3,transliteration,0.0,0.0,20,0
31,mlp_out,sw,tier_3,transliteration,0.0,0.0,20,0
0,residual,yo,tier_4,transliteration,-0.012,0.0157,20,0
0,attn_out,yo,tier_4,transliteration,-0.0035,0.0138,20,0
0,mlp_out,yo,tier_4,transliteration,-0.0017,0.027,20,0
1,residual,yo,tier_4,transliteration,-0.0081,0.0153,20,0
1,attn_out,yo,tier_4,transliteration,-0.009,0.008,20,0
1,mlp_out,yo,tier_4,transliteration,-0.0083,0.009,20,0
2,residual,yo,tier_4,transliteration,-0.0083,0.0152,20,0
2,attn_out,yo,tier_4,transliteration,-0.0059,0.0048,20,0
2,mlp_out,yo,tier_4,transliteration,-0.0179,0.0175,20,0
3,residual,yo,tier_4,transliteration,-0.0023,0.0141,20,0
3,attn_out,yo,tier_4,transliteration,-0.0341,0.0554,20,0
3,mlp_out,yo,tier_4,transliteration,-0.0136,0.0052,20,0
4,residual,yo,tier_4,transliteration,0.0099,0.0315,20,0
4,attn_out,yo,tier_4,transliteration,-0.0034,0.0029,20,0
4,mlp_out,yo,tier_4,transliteration,-0.0038,0.0132,20,0
5,residual,yo,tier_4,transliteration,0.0122,0.0352,20,0
5,attn_out,yo,tier_4,transliteration,-0.0034,0.0044,20,0
5,mlp_out,yo,tier_4,transliteration,0.0,0.0062,20,0
6,residual,yo,tier_4,transliteration,0.0239,0.0377,20,0
6,attn_out,yo,tier_4,transliteration,0.0056,0.0042,20,0
6,mlp_out,yo,tier_4,transliteration,0.0038,0.0084,20,0
7,residual,yo,tier_4,transliteration,0.0304,0.0258,20,0
7,attn_out,yo,tier_4,transliteration,0.0001,0.0069,20,0
7,mlp_out,yo,tier_4,transliteration,0.0015,0.01,20,0
8,residual,yo,tier_4,transliteration,0.0359,0.0221,20,0
8,attn_out,yo,tier_4,transliteration,-0.0017,0.0081,20,0
8,mlp_out,yo,tier_4,transliteration,0.0058,0.0046,20,0
9,residual,yo,tier_4,transliteration,0.0272,0.0172,20,0
9,attn_out,yo,tier_4,transliteration,-0.0017,0.0066,20,0
9,mlp_out,yo,tier_4,transliteration,0.0025,0.0036,20,0
10,residual,yo,tier_4,transliteration,0.0228,0.015,20,0
10,attn_out,yo,tier_4,transliteration,0.003,0.0109,20,0
10,mlp_out,yo,tier_4,transliteration,0.0117,0.0056,20,0
11,residual,yo,tier_4,transliteration,0.0176,0.0091,20,0
11,attn_out,yo,tier_4,transliteration,0.0023,0.0098,20,0
11,mlp_out,yo,tier_4,transliteration,0.0018,0.0074,20,0
12,residual,yo,tier_4,transliteration,0.0133,0.0108,20,0
12,attn_out,yo,tier_4,transliteration,0.0031,0.0023,20,0
12,mlp_out,yo,tier_4,transliteration,0.0048,0.0051,20,0
13,residual,yo,tier_4,transliteration,0.0142,0.0159,20,0
13,attn_out,yo,tier_4,transliteration,0.0015,0.0038,20,0
13,mlp_out,yo,tier_4,transliteration,-0.0027,0.0027,20,0
14,residual,yo,tier_4,transliteration,0.0124,0.0182,20,0
14,attn_out,yo,tier_4,transliteration,0.0044,0.0074,20,0
14,mlp_out,yo,tier_4,transliteration,-0.0013,0.0022,20,0
15,residual,yo,tier_4,transliteration,0.0093,0.0034,20,0
15,attn_out,yo,tier_4,transliteration,-0.0005,0.0018,20,0
15,mlp_out,yo,tier_4,transliteration,-0.0016,0.0019,20,0
16,residual,yo,tier_4,transliteration,0.009,0.0035,20,0
16,attn_out,yo,tier_4,transliteration,-0.0007,0.0024,20,0
16,mlp_out,yo,tier_4,transliteration,-0.0016,0.0017,20,0
17,residual,yo,tier_4,transliteration,0.0077,0.0009,20,0
17,attn_out,yo,tier_4,transliteration,0.0015,0.0008,20,0
17,mlp_out,yo,tier_4,transliteration,-0.0009,0.0022,20,0
18,residual,yo,tier_4,transliteration,0.0096,0.0047,20,0
18,attn_out,yo,tier_4,transliteration,-0.0001,0.0008,20,0
18,mlp_out,yo,tier_4,transliteration,0.001,0.0022,20,0
19,residual,yo,tier_4,transliteration,0.0084,0.0058,20,0
19,attn_out,yo,tier_4,transliteration,-0.0013,0.0031,20,0
19,mlp_out,yo,tier_4,transliteration,0.0003,0.0031,20,0
20,residual,yo,tier_4,transliteration,0.0094,0.0065,20,0
20,attn_out,yo,tier_4,transliteration,0.0001,0.0004,20,0
20,mlp_out,yo,tier_4,transliteration,0.0047,0.0069,20,0
21,residual,yo,tier_4,transliteration,0.0085,0.006,20,0
21,attn_out,yo,tier_4,transliteration,-0.0006,0.001,20,0
21,mlp_out,yo,tier_4,transliteration,0.0015,0.0036,20,0
22,residual,yo,tier_4,transliteration,0.0094,0.008,20,0
22,attn_out,yo,tier_4,transliteration,-0.0001,0.0005,20,0
22,mlp_out,yo,tier_4,transliteration,0.0006,0.0017,20,0
23,residual,yo,tier_4,transliteration,0.0089,0.0088,20,0
23,attn_out,yo,tier_4,transliteration,-0.0002,0.0006,20,0
23,mlp_out,yo,tier_4,transliteration,0.0003,0.0008,20,0
24,residual,yo,tier_4,transliteration,0.01,0.0096,20,0
24,attn_out,yo,tier_4,transliteration,0.0011,0.0021,20,0
24,mlp_out,yo,tier_4,transliteration,-0.0,0.0016,20,0
25,residual,yo,tier_4,transliteration,0.0088,0.0088,20,0
25,attn_out,yo,tier_4,transliteration,0.0014,0.0014,20,0
25,mlp_out,yo,tier_4,transliteration,0.0004,0.001,20,0
26,residual,yo,tier_4,transliteration,0.009,0.0092,20,0
26,attn_out,yo,tier_4,transliteration,0.0013,0.0009,20,0
26,mlp_out,yo,tier_4,transliteration,0.0005,0.0003,20,0
27,residual,yo,tier_4,transliteration,0.0076,0.008,20,0
27,attn_out,yo,tier_4,transliteration,0.0004,0.0015,20,0
27,mlp_out,yo,tier_4,transliteration,-0.0004,0.0029,20,0
28,residual,yo,tier_4,transliteration,0.0055,0.0052,20,0
28,attn_out,yo,tier_4,transliteration,0.0002,0.0019,20,0
28,mlp_out,yo,tier_4,transliteration,0.001,0.0009,20,0
29,residual,yo,tier_4,transliteration,0.0043,0.007,20,0
29,attn_out,yo,tier_4,transliteration,-0.0016,0.001,20,0
29,mlp_out,yo,tier_4,transliteration,0.0019,0.0022,20,0
30,residual,yo,tier_4,transliteration,0.0021,0.0047,20,0
30,attn_out,yo,tier_4,transliteration,0.0007,0.001,20,0
30,mlp_out,yo,tier_4,transliteration,0.0008,0.0026,20,0
31,residual,yo,tier_4,transliteration,0.0,0.0,20,0
31,attn_out,yo,tier_4,transliteration,0.0,0.0,20,0
31,mlp_out,yo,tier_4,transliteration,0.0,0.0,20,0
0,residual,zu,tier_4,transliteration,0.031,0.0442,20,0
0,attn_out,zu,tier_4,transliteration,0.0155,0.0203,20,0
0,mlp_out,zu,tier_4,transliteration,0.0104,0.0221,20,0
1,residual,zu,tier_4,transliteration,0.0281,0.0323,20,0
1,attn_out,zu,tier_4,transliteration,0.0171,0.0186,20,0
1,mlp_out,zu,tier_4,transliteration,0.0176,0.0291,20,0
2,residual,zu,tier_4,transliteration,0.0312,0.0323,20,0
2,attn_out,zu,tier_4,transliteration,0.0045,0.0059,20,0
2,mlp_out,zu,tier_4,transliteration,0.0183,0.0216,20,0
3,residual,zu,tier_4,transliteration,0.0268,0.0337,20,0
3,attn_out,zu,tier_4,transliteration,0.0093,0.0131,20,0
3,mlp_out,zu,tier_4,transliteration,0.0133,0.0209,20,0
4,residual,zu,tier_4,transliteration,0.0373,0.032,20,0
4,attn_out,zu,tier_4,transliteration,0.0102,0.0051,20,0
4,mlp_out,zu,tier_4,transliteration,0.0174,0.0173,20,0
5,residual,zu,tier_4,transliteration,0.042,0.0343,20,0
5,attn_out,zu,tier_4,transliteration,0.0059,0.011,20,0
5,mlp_out,zu,tier_4,transliteration,0.0192,0.0215,20,0
6,residual,zu,tier_4,transliteration,0.0388,0.0352,20,0
6,attn_out,zu,tier_4,transliteration,-0.0094,0.0075,20,0
6,mlp_out,zu,tier_4,transliteration,-0.0192,0.0297,20,0
7,residual,zu,tier_4,transliteration,0.0359,0.0348,20,0
7,attn_out,zu,tier_4,transliteration,-0.008,0.0111,20,0
7,mlp_out,zu,tier_4,transliteration,0.006,0.0146,20,0
8,residual,zu,tier_4,transliteration,0.0297,0.0282,20,0
8,attn_out,zu,tier_4,transliteration,0.0122,0.0076,20,0
8,mlp_out,zu,tier_4,transliteration,0.0098,0.0078,20,0
9,residual,zu,tier_4,transliteration,0.0389,0.0284,20,0
9,attn_out,zu,tier_4,transliteration,0.0001,0.0043,20,0
9,mlp_out,zu,tier_4,transliteration,0.0025,0.0072,20,0
10,residual,zu,tier_4,transliteration,0.0372,0.0244,20,0
10,attn_out,zu,tier_4,transliteration,0.0041,0.0074,20,0
10,mlp_out,zu,tier_4,transliteration,0.0015,0.0112,20,0
11,residual,zu,tier_4,transliteration,0.0341,0.0257,20,0
11,attn_out,zu,tier_4,transliteration,0.0019,0.0092,20,0
11,mlp_out,zu,tier_4,transliteration,0.0152,0.0115,20,0
12,residual,zu,tier_4,transliteration,0.0291,0.0173,20,0
12,attn_out,zu,tier_4,transliteration,0.0064,0.0094,20,0
12,mlp_out,zu,tier_4,transliteration,0.0164,0.0014,20,0
13,residual,zu,tier_4,transliteration,0.0318,0.0185,20,0
13,attn_out,zu,tier_4,transliteration,0.0042,0.0031,20,0
13,mlp_out,zu,tier_4,transliteration,0.0039,0.0133,20,0
14,residual,zu,tier_4,transliteration,0.0281,0.0143,20,0
14,attn_out,zu,tier_4,transliteration,0.0068,0.0076,20,0
14,mlp_out,zu,tier_4,transliteration,0.0055,0.0048,20,0
15,residual,zu,tier_4,transliteration,0.0202,0.014,20,0
15,attn_out,zu,tier_4,transliteration,0.0115,0.005,20,0
15,mlp_out,zu,tier_4,transliteration,0.0086,0.0054,20,0
16,residual,zu,tier_4,transliteration,0.0208,0.0153,20,0
16,attn_out,zu,tier_4,transliteration,0.0123,0.007,20,0
16,mlp_out,zu,tier_4,transliteration,0.0033,0.0102,20,0
17,residual,zu,tier_4,transliteration,0.014,0.0085,20,0
17,attn_out,zu,tier_4,transliteration,0.0081,0.003,20,0
17,mlp_out,zu,tier_4,transliteration,0.0028,0.0039,20,0
18,residual,zu,tier_4,transliteration,0.0111,0.0084,20,0
18,attn_out,zu,tier_4,transliteration,-0.0018,0.0023,20,0
18,mlp_out,zu,tier_4,transliteration,-0.0056,0.0053,20,0
19,residual,zu,tier_4,transliteration,0.009,0.0083,20,0
19,attn_out,zu,tier_4,transliteration,0.003,0.0024,20,0
19,mlp_out,zu,tier_4,transliteration,0.006,0.0108,20,0
20,residual,zu,tier_4,transliteration,0.009,0.0084,20,0
20,attn_out,zu,tier_4,transliteration,0.0013,0.0021,20,0
20,mlp_out,zu,tier_4,transliteration,0.0066,0.0097,20,0
21,residual,zu,tier_4,transliteration,0.0081,0.0085,20,0
21,attn_out,zu,tier_4,transliteration,-0.0001,0.0016,20,0
21,mlp_out,zu,tier_4,transliteration,0.007,0.0094,20,0
22,residual,zu,tier_4,transliteration,0.0082,0.0082,20,0
22,attn_out,zu,tier_4,transliteration,0.0008,0.001,20,0
22,mlp_out,zu,tier_4,transliteration,0.001,0.0038,20,0
23,residual,zu,tier_4,transliteration,0.0064,0.0082,20,0
23,attn_out,zu,tier_4,transliteration,-0.0015,0.0011,20,0
23,mlp_out,zu,tier_4,transliteration,-0.0007,0.0013,20,0
24,residual,zu,tier_4,transliteration,0.0065,0.0109,20,0
24,attn_out,zu,tier_4,transliteration,0.0041,0.0023,20,0
24,mlp_out,zu,tier_4,transliteration,0.0008,0.0063,20,0
25,residual,zu,tier_4,transliteration,0.0058,0.0112,20,0
25,attn_out,zu,tier_4,transliteration,-0.0003,0.0014,20,0
25,mlp_out,zu,tier_4,transliteration,0.0069,0.0055,20,0
26,residual,zu,tier_4,transliteration,0.0053,0.0104,20,0
26,attn_out,zu,tier_4,transliteration,-0.0021,0.0022,20,0
26,mlp_out,zu,tier_4,transliteration,0.0043,0.0041,20,0
27,residual,zu,tier_4,transliteration,0.0064,0.0112,20,0
27,attn_out,zu,tier_4,transliteration,0.0018,0.0015,20,0
27,mlp_out,zu,tier_4,transliteration,0.0038,0.0068,20,0
28,residual,zu,tier_4,transliteration,0.0039,0.0114,20,0
28,attn_out,zu,tier_4,transliteration,-0.0014,0.0013,20,0
28,mlp_out,zu,tier_4,transliteration,-0.0019,0.0019,20,0
29,residual,zu,tier_4,transliteration,0.0012,0.0087,20,0
29,attn_out,zu,tier_4,transliteration,-0.0031,0.0021,20,0
29,mlp_out,zu,tier_4,transliteration,0.0129,0.0072,20,0
30,residual,zu,tier_4,transliteration,-0.0024,0.0012,20,0
30,attn_out,zu,tier_4,transliteration,0.0004,0.0004,20,0
30,mlp_out,zu,tier_4,transliteration,-0.0008,0.0004,20,0
31,residual,zu,tier_4,transliteration,0.0,0.0,20,0
31,attn_out,zu,tier_4,transliteration,0.0,0.0,20,0
31,mlp_out,zu,tier_4,transliteration,0.0,0.0,20,0
0,residual,gd,tier_4,transliteration,-0.0057,0.0268,20,0
0,attn_out,gd,tier_4,transliteration,-0.0038,0.0363,20,0
0,mlp_out,gd,tier_4,transliteration,0.0224,0.0203,20,0
1,residual,gd,tier_4,transliteration,-0.0027,0.0153,20,0
1,attn_out,gd,tier_4,transliteration,-0.0058,0.0189,20,0
1,mlp_out,gd,tier_4,transliteration,0.0129,0.0171,20,0
2,residual,gd,tier_4,transliteration,0.0003,0.0132,20,0
2,attn_out,gd,tier_4,transliteration,-0.0018,0.0034,20,0
2,mlp_out,gd,tier_4,transliteration,-0.0005,0.0134,20,0
3,residual,gd,tier_4,transliteration,-0.0012,0.0186,20,0
3,attn_out,gd,tier_4,transliteration,0.0029,0.0043,20,0
3,mlp_out,gd,tier_4,transliteration,-0.0065,0.0203,20,0
4,residual,gd,tier_4,transliteration,0.0065,0.0198,20,0
4,attn_out,gd,tier_4,transliteration,-0.0023,0.0043,20,0
4,mlp_out,gd,tier_4,transliteration,-0.0051,0.0127,20,0
5,residual,gd,tier_4,transliteration,0.0093,0.0195,20,0
5,attn_out,gd,tier_4,transliteration,0.0046,0.0058,20,0
5,mlp_out,gd,tier_4,transliteration,0.0024,0.0143,20,0
6,residual,gd,tier_4,transliteration,0.0135,0.0218,20,0
6,attn_out,gd,tier_4,transliteration,-0.0002,0.0058,20,0
6,mlp_out,gd,tier_4,transliteration,-0.0021,0.0094,20,0
7,residual,gd,tier_4,transliteration,0.0235,0.0141,20,0
7,attn_out,gd,tier_4,transliteration,-0.0027,0.006,20,0
7,mlp_out,gd,tier_4,transliteration,0.0046,0.0088,20,0
8,residual,gd,tier_4,transliteration,0.0216,0.0103,20,0
8,attn_out,gd,tier_4,transliteration,0.0029,0.005,20,0
8,mlp_out,gd,tier_4,transliteration,0.0006,0.0039,20,0
9,residual,gd,tier_4,transliteration,0.0228,0.0071,20,0
9,attn_out,gd,tier_4,transliteration,0.0038,0.0041,20,0
9,mlp_out,gd,tier_4,transliteration,0.0023,0.0026,20,0
10,residual,gd,tier_4,transliteration,0.0185,0.0054,20,0
10,attn_out,gd,tier_4,transliteration,-0.0017,0.0018,20,0
10,mlp_out,gd,tier_4,transliteration,0.0063,0.0021,20,0
11,residual,gd,tier_4,transliteration,0.0148,0.0066,20,0
11,attn_out,gd,tier_4,transliteration,-0.0047,0.0047,20,0
11,mlp_out,gd,tier_4,transliteration,0.0091,0.0013,20,0
12,residual,gd,tier_4,transliteration,0.0139,0.0045,20,0
12,attn_out,gd,tier_4,transliteration,0.0024,0.0019,20,0
12,mlp_out,gd,tier_4,transliteration,0.0059,0.0044,20,0
13,residual,gd,tier_4,transliteration,0.0143,0.0046,20,0
13,attn_out,gd,tier_4,transliteration,0.0001,0.001,20,0
13,mlp_out,gd,tier_4,transliteration,0.0057,0.0067,20,0
14,residual,gd,tier_4,transliteration,0.012,0.0073,20,0
14,attn_out,gd,tier_4,transliteration,0.0001,0.0014,20,0
14,mlp_out,gd,tier_4,transliteration,0.0006,0.0043,20,0
15,residual,gd,tier_4,transliteration,0.0054,0.0039,20,0
15,attn_out,gd,tier_4,transliteration,0.001,0.002,20,0
15,mlp_out,gd,tier_4,transliteration,0.0027,0.0037,20,0
16,residual,gd,tier_4,transliteration,0.0033,0.0049,20,0
16,attn_out,gd,tier_4,transliteration,0.003,0.0016,20,0
16,mlp_out,gd,tier_4,transliteration,-0.0012,0.0017,20,0
17,residual,gd,tier_4,transliteration,0.0015,0.0036,20,0
17,attn_out,gd,tier_4,transliteration,0.0037,0.0028,20,0
17,mlp_out,gd,tier_4,transliteration,0.0003,0.0031,20,0
18,residual,gd,tier_4,transliteration,0.0012,0.0034,20,0
18,attn_out,gd,tier_4,transliteration,0.0003,0.0013,20,0
18,mlp_out,gd,tier_4,transliteration,0.0004,0.0019,20,0
19,residual,gd,tier_4,transliteration,0.0005,0.0032,20,0
19,attn_out,gd,tier_4,transliteration,0.0003,0.0013,20,0
19,mlp_out,gd,tier_4,transliteration,0.004,0.0033,20,0
20,residual,gd,tier_4,transliteration,0.0009,0.0037,20,0
20,attn_out,gd,tier_4,transliteration,0.0005,0.0017,20,0
20,mlp_out,gd,tier_4,transliteration,0.004,0.0041,20,0
21,residual,gd,tier_4,transliteration,-0.0005,0.0042,20,0
21,attn_out,gd,tier_4,transliteration,-0.0003,0.0015,20,0
21,mlp_out,gd,tier_4,transliteration,0.0003,0.0015,20,0
22,residual,gd,tier_4,transliteration,-0.0006,0.0041,20,0
22,attn_out,gd,tier_4,transliteration,0.0003,0.001,20,0
22,mlp_out,gd,tier_4,transliteration,-0.0009,0.0039,20,0
23,residual,gd,tier_4,transliteration,-0.0005,0.0048,20,0
23,attn_out,gd,tier_4,transliteration,0.0004,0.001,20,0
23,mlp_out,gd,tier_4,transliteration,-0.0003,0.0026,20,0
24,residual,gd,tier_4,transliteration,-0.0006,0.0048,20,0
24,attn_out,gd,tier_4,transliteration,0.0012,0.001,20,0
24,mlp_out,gd,tier_4,transliteration,-0.0011,0.0016,20,0
25,residual,gd,tier_4,transliteration,-0.0007,0.0043,20,0
25,attn_out,gd,tier_4,transliteration,0.0001,0.0009,20,0
25,mlp_out,gd,tier_4,transliteration,0.0006,0.0011,20,0
26,residual,gd,tier_4,transliteration,-0.0022,0.0041,20,0
26,attn_out,gd,tier_4,transliteration,0.0004,0.0009,20,0
26,mlp_out,gd,tier_4,transliteration,0.0002,0.0014,20,0
27,residual,gd,tier_4,transliteration,-0.0036,0.0045,20,0
27,attn_out,gd,tier_4,transliteration,-0.0007,0.0008,20,0
27,mlp_out,gd,tier_4,transliteration,-0.0007,0.0007,20,0
28,residual,gd,tier_4,transliteration,-0.0036,0.0046,20,0
28,attn_out,gd,tier_4,transliteration,-0.0,0.0005,20,0
28,mlp_out,gd,tier_4,transliteration,0.0003,0.0021,20,0
29,residual,gd,tier_4,transliteration,-0.0054,0.0024,20,0
29,attn_out,gd,tier_4,transliteration,-0.0021,0.0008,20,0
29,mlp_out,gd,tier_4,transliteration,0.0002,0.0012,20,0
30,residual,gd,tier_4,transliteration,-0.0017,0.0011,20,0
30,attn_out,gd,tier_4,transliteration,0.0008,0.0004,20,0
30,mlp_out,gd,tier_4,transliteration,-0.0002,0.0003,20,0
31,residual,gd,tier_4,transliteration,0.0,0.0,20,0
31,attn_out,gd,tier_4,transliteration,0.0,0.0,20,0
31,mlp_out,gd,tier_4,transliteration,0.0,0.0,20,0
0,residual,gn,tier_4,transliteration,0.0101,0.0266,20,0
0,attn_out,gn,tier_4,transliteration,0.016,0.0264,20,0
0,mlp_out,gn,tier_4,transliteration,0.0029,0.0175,20,0
1,residual,gn,tier_4,transliteration,0.0148,0.0194,20,0
1,attn_out,gn,tier_4,transliteration,0.0044,0.0149,20,0
1,mlp_out,gn,tier_4,transliteration,0.0085,0.0136,20,0
2,residual,gn,tier_4,transliteration,0.0117,0.0194,20,0
2,attn_out,gn,tier_4,transliteration,-0.0006,0.0045,20,0
2,mlp_out,gn,tier_4,transliteration,0.0037,0.0192,20,0
3,residual,gn,tier_4,transliteration,0.0103,0.0131,20,0
3,attn_out,gn,tier_4,transliteration,-0.0116,0.014,20,0
3,mlp_out,gn,tier_4,transliteration,-0.0168,0.022,20,0
4,residual,gn,tier_4,transliteration,0.017,0.0148,20,0
4,attn_out,gn,tier_4,transliteration,0.0041,0.0075,20,0
4,mlp_out,gn,tier_4,transliteration,-0.005,0.0173,20,0
5,residual,gn,tier_4,transliteration,0.0188,0.0165,20,0
5,attn_out,gn,tier_4,transliteration,-0.0016,0.0061,20,0
5,mlp_out,gn,tier_4,transliteration,0.0024,0.0125,20,0
6,residual,gn,tier_4,transliteration,0.0109,0.0171,20,0
6,attn_out,gn,tier_4,transliteration,-0.0071,0.0054,20,0
6,mlp_out,gn,tier_4,transliteration,-0.0078,0.0139,20,0
7,residual,gn,tier_4,transliteration,0.0229,0.0165,20,0
7,attn_out,gn,tier_4,transliteration,0.0025,0.0061,20,0
7,mlp_out,gn,tier_4,transliteration,0.006,0.0054,20,0
8,residual,gn,tier_4,transliteration,0.0225,0.0173,20,0
8,attn_out,gn,tier_4,transliteration,0.0045,0.008,20,0
8,mlp_out,gn,tier_4,transliteration,0.0033,0.008,20,0
9,residual,gn,tier_4,transliteration,0.0338,0.0194,20,0
9,attn_out,gn,tier_4,transliteration,0.0025,0.0042,20,0
9,mlp_out,gn,tier_4,transliteration,-0.0003,0.0045,20,0
10,residual,gn,tier_4,transliteration,0.0301,0.0185,20,0
10,attn_out,gn,tier_4,transliteration,0.0009,0.0017,20,0
10,mlp_out,gn,tier_4,transliteration,0.0089,0.0061,20,0
11,residual,gn,tier_4,transliteration,0.0269,0.0175,20,0
11,attn_out,gn,tier_4,transliteration,-0.0035,0.0038,20,0
11,mlp_out,gn,tier_4,transliteration,0.0143,0.0074,20,0
12,residual,gn,tier_4,transliteration,0.0261,0.0196,20,0
12,attn_out,gn,tier_4,transliteration,0.0011,0.0005,20,0
12,mlp_out,gn,tier_4,transliteration,0.008,0.0042,20,0
13,residual,gn,tier_4,transliteration,0.0267,0.0211,20,0
13,attn_out,gn,tier_4,transliteration,0.0018,0.0018,20,0
13,mlp_out,gn,tier_4,transliteration,0.0009,0.0089,20,0
14,residual,gn,tier_4,transliteration,0.023,0.0151,20,0
14,attn_out,gn,tier_4,transliteration,0.0017,0.0026,20,0
14,mlp_out,gn,tier_4,transliteration,0.0007,0.0024,20,0
15,residual,gn,tier_4,transliteration,0.0124,0.0101,20,0
15,attn_out,gn,tier_4,transliteration,0.0001,0.0023,20,0
15,mlp_out,gn,tier_4,transliteration,0.0026,0.0048,20,0
16,residual,gn,tier_4,transliteration,0.0115,0.0084,20,0
16,attn_out,gn,tier_4,transliteration,-0.0001,0.002,20,0
16,mlp_out,gn,tier_4,transliteration,0.0001,0.0031,20,0
17,residual,gn,tier_4,transliteration,0.0071,0.007,20,0
17,attn_out,gn,tier_4,transliteration,0.0022,0.0024,20,0
17,mlp_out,gn,tier_4,transliteration,-0.0003,0.0018,20,0
18,residual,gn,tier_4,transliteration,0.0053,0.0058,20,0
18,attn_out,gn,tier_4,transliteration,-0.0005,0.0005,20,0
18,mlp_out,gn,tier_4,transliteration,-0.0003,0.0017,20,0
19,residual,gn,tier_4,transliteration,0.0037,0.0052,20,0
19,attn_out,gn,tier_4,transliteration,-0.001,0.0011,20,0
19,mlp_out,gn,tier_4,transliteration,0.0003,0.0009,20,0
20,residual,gn,tier_4,transliteration,0.0048,0.006,20,0
20,attn_out,gn,tier_4,transliteration,-0.0001,0.0005,20,0
20,mlp_out,gn,tier_4,transliteration,0.0002,0.0021,20,0
21,residual,gn,tier_4,transliteration,0.0029,0.0062,20,0
21,attn_out,gn,tier_4,transliteration,-0.0004,0.0008,20,0
21,mlp_out,gn,tier_4,transliteration,-0.0006,0.0013,20,0
22,residual,gn,tier_4,transliteration,0.0024,0.0059,20,0
22,attn_out,gn,tier_4,transliteration,-0.0009,0.0006,20,0
22,mlp_out,gn,tier_4,transliteration,-0.0022,0.0017,20,0
23,residual,gn,tier_4,transliteration,0.0018,0.0052,20,0
23,attn_out,gn,tier_4,transliteration,-0.0006,0.0003,20,0
23,mlp_out,gn,tier_4,transliteration,-0.0019,0.0023,20,0
24,residual,gn,tier_4,transliteration,0.0021,0.0045,20,0
24,attn_out,gn,tier_4,transliteration,0.0011,0.0008,20,0
24,mlp_out,gn,tier_4,transliteration,-0.001,0.0015,20,0
25,residual,gn,tier_4,transliteration,0.0023,0.0055,20,0
25,attn_out,gn,tier_4,transliteration,0.0002,0.0004,20,0
25,mlp_out,gn,tier_4,transliteration,0.0013,0.002,20,0
26,residual,gn,tier_4,transliteration,0.0021,0.0049,20,0
26,attn_out,gn,tier_4,transliteration,0.0002,0.0018,20,0
26,mlp_out,gn,tier_4,transliteration,0.0013,0.0019,20,0
27,residual,gn,tier_4,transliteration,0.0016,0.0048,20,0
27,attn_out,gn,tier_4,transliteration,-0.0003,0.0016,20,0
27,mlp_out,gn,tier_4,transliteration,0.0017,0.001,20,0
28,residual,gn,tier_4,transliteration,-0.0002,0.0049,20,0
28,attn_out,gn,tier_4,transliteration,-0.0003,0.0003,20,0
28,mlp_out,gn,tier_4,transliteration,0.0001,0.0017,20,0
29,residual,gn,tier_4,transliteration,-0.0022,0.0045,20,0
29,attn_out,gn,tier_4,transliteration,-0.0016,0.0014,20,0
29,mlp_out,gn,tier_4,transliteration,0.0024,0.0023,20,0
30,residual,gn,tier_4,transliteration,-0.0027,0.0007,20,0
30,attn_out,gn,tier_4,transliteration,-0.0001,0.0004,20,0
30,mlp_out,gn,tier_4,transliteration,-0.0016,0.0006,20,0
31,residual,gn,tier_4,transliteration,0.0,0.0,20,0
31,attn_out,gn,tier_4,transliteration,0.0,0.0,20,0
31,mlp_out,gn,tier_4,transliteration,0.0,0.0,20,0
0,residual,de,tier_1,code_switching,0.0043,0.1023,20,0
0,attn_out,de,tier_1,code_switching,0.0377,0.0834,20,0
0,mlp_out,de,tier_1,code_switching,0.0264,0.0409,20,0
1,residual,de,tier_1,code_switching,-0.0028,0.1158,20,0
1,attn_out,de,tier_1,code_switching,0.0213,0.0195,20,0
1,mlp_out,de,tier_1,code_switching,0.0647,0.0642,20,0
2,residual,de,tier_1,code_switching,-0.0003,0.1204,20,0
2,attn_out,de,tier_1,code_switching,0.0015,0.007,20,0
2,mlp_out,de,tier_1,code_switching,0.028,0.0439,20,0
3,residual,de,tier_1,code_switching,-0.0011,0.1152,20,0
3,attn_out,de,tier_1,code_switching,0.0328,0.0258,20,0
3,mlp_out,de,tier_1,code_switching,0.0132,0.0458,20,0
4,residual,de,tier_1,code_switching,-0.0219,0.0937,20,0
4,attn_out,de,tier_1,code_switching,-0.0055,0.0134,20,0
4,mlp_out,de,tier_1,code_switching,-0.0114,0.0628,20,0
5,residual,de,tier_1,code_switching,-0.0371,0.0871,20,0
5,attn_out,de,tier_1,code_switching,-0.0042,0.0155,20,0
5,mlp_out,de,tier_1,code_switching,0.0125,0.0463,20,0
6,residual,de,tier_1,code_switching,-0.0685,0.0834,20,0
6,attn_out,de,tier_1,code_switching,-0.0006,0.0143,20,0
6,mlp_out,de,tier_1,code_switching,-0.0028,0.0065,20,0
7,residual,de,tier_1,code_switching,-0.0769,0.0814,20,0
7,attn_out,de,tier_1,code_switching,0.0103,0.0135,20,0
7,mlp_out,de,tier_1,code_switching,0.0108,0.0196,20,0
8,residual,de,tier_1,code_switching,-0.0726,0.052,20,0
8,attn_out,de,tier_1,code_switching,0.0014,0.0127,20,0
8,mlp_out,de,tier_1,code_switching,0.0082,0.0061,20,0
9,residual,de,tier_1,code_switching,-0.0492,0.0537,20,0
9,attn_out,de,tier_1,code_switching,0.0071,0.0127,20,0
9,mlp_out,de,tier_1,code_switching,0.0016,0.0165,20,0
10,residual,de,tier_1,code_switching,-0.051,0.0488,20,0
10,attn_out,de,tier_1,code_switching,-0.0009,0.0056,20,0
10,mlp_out,de,tier_1,code_switching,0.0051,0.0081,20,0
11,residual,de,tier_1,code_switching,-0.0446,0.0478,20,0
11,attn_out,de,tier_1,code_switching,-0.0011,0.005,20,0
11,mlp_out,de,tier_1,code_switching,-0.0039,0.0183,20,0
12,residual,de,tier_1,code_switching,-0.0169,0.0448,20,0
12,attn_out,de,tier_1,code_switching,0.0013,0.0028,20,0
12,mlp_out,de,tier_1,code_switching,-0.0024,0.0071,20,0
13,residual,de,tier_1,code_switching,-0.0007,0.0601,20,0
13,attn_out,de,tier_1,code_switching,0.0005,0.0009,20,0
13,mlp_out,de,tier_1,code_switching,-0.0019,0.0083,20,0
14,residual,de,tier_1,code_switching,0.0064,0.0602,20,0
14,attn_out,de,tier_1,code_switching,0.0022,0.0037,20,0
14,mlp_out,de,tier_1,code_switching,-0.004,0.0051,20,0
15,residual,de,tier_1,code_switching,0.0126,0.0539,20,0
15,attn_out,de,tier_1,code_switching,0.0023,0.0032,20,0
15,mlp_out,de,tier_1,code_switching,-0.0009,0.0154,20,0
16,residual,de,tier_1,code_switching,0.0093,0.036,20,0
16,attn_out,de,tier_1,code_switching,-0.0009,0.0028,20,0
16,mlp_out,de,tier_1,code_switching,0.003,0.0044,20,0
17,residual,de,tier_1,code_switching,0.0096,0.0358,20,0
17,attn_out,de,tier_1,code_switching,-0.0004,0.0025,20,0
17,mlp_out,de,tier_1,code_switching,0.0004,0.0027,20,0
18,residual,de,tier_1,code_switching,0.0052,0.0361,20,0
18,attn_out,de,tier_1,code_switching,0.0002,0.0004,20,0
18,mlp_out,de,tier_1,code_switching,-0.0009,0.0043,20,0
19,residual,de,tier_1,code_switching,0.0054,0.0357,20,0
19,attn_out,de,tier_1,code_switching,0.0013,0.0015,20,0
19,mlp_out,de,tier_1,code_switching,0.0013,0.0066,20,0
20,residual,de,tier_1,code_switching,0.0041,0.0337,20,0
20,attn_out,de,tier_1,code_switching,0.0003,0.0007,20,0
20,mlp_out,de,tier_1,code_switching,0.004,0.0076,20,0
21,residual,de,tier_1,code_switching,0.0061,0.0335,20,0
21,attn_out,de,tier_1,code_switching,-0.0,0.0022,20,0
21,mlp_out,de,tier_1,code_switching,0.0023,0.0075,20,0
22,residual,de,tier_1,code_switching,0.0054,0.032,20,0
22,attn_out,de,tier_1,code_switching,0.0002,0.0011,20,0
22,mlp_out,de,tier_1,code_switching,-0.0005,0.008,20,0
23,residual,de,tier_1,code_switching,0.0067,0.0311,20,0
23,attn_out,de,tier_1,code_switching,0.0007,0.0003,20,0
23,mlp_out,de,tier_1,code_switching,0.0004,0.0041,20,0
24,residual,de,tier_1,code_switching,-0.0057,0.0056,20,0
24,attn_out,de,tier_1,code_switching,0.0004,0.0006,20,0
24,mlp_out,de,tier_1,code_switching,-0.0005,0.0019,20,0
25,residual,de,tier_1,code_switching,-0.0049,0.0058,20,0
25,attn_out,de,tier_1,code_switching,0.0003,0.0003,20,0
25,mlp_out,de,tier_1,code_switching,-0.0004,0.0014,20,0
26,residual,de,tier_1,code_switching,-0.0062,0.0044,20,0
26,attn_out,de,tier_1,code_switching,0.0004,0.0002,20,0
26,mlp_out,de,tier_1,code_switching,0.0003,0.0018,20,0
27,residual,de,tier_1,code_switching,-0.0049,0.0043,20,0
27,attn_out,de,tier_1,code_switching,0.0007,0.0008,20,0
27,mlp_out,de,tier_1,code_switching,0.0,0.001,20,0
28,residual,de,tier_1,code_switching,-0.0044,0.0041,20,0
28,attn_out,de,tier_1,code_switching,0.0004,0.0005,20,0
28,mlp_out,de,tier_1,code_switching,-0.0012,0.0008,20,0
29,residual,de,tier_1,code_switching,-0.0017,0.0041,20,0
29,attn_out,de,tier_1,code_switching,-0.0001,0.0005,20,0
29,mlp_out,de,tier_1,code_switching,-0.0002,0.0012,20,0
30,residual,de,tier_1,code_switching,0.0008,0.0013,20,0
30,attn_out,de,tier_1,code_switching,0.0002,0.0002,20,0
30,mlp_out,de,tier_1,code_switching,0.0001,0.0004,20,0
31,residual,de,tier_1,code_switching,0.0,0.0,20,0
31,attn_out,de,tier_1,code_switching,0.0,0.0,20,0
31,mlp_out,de,tier_1,code_switching,0.0,0.0,20,0
0,residual,fr,tier_1,code_switching,0.0306,0.1065,20,0
0,attn_out,fr,tier_1,code_switching,0.0585,0.1334,20,0
0,mlp_out,fr,tier_1,code_switching,0.0859,0.0532,20,0
1,residual,fr,tier_1,code_switching,0.0396,0.1307,20,0
1,attn_out,fr,tier_1,code_switching,0.0846,0.0359,20,0
1,mlp_out,fr,tier_1,code_switching,0.0426,0.0627,20,0
2,residual,fr,tier_1,code_switching,0.0498,0.1226,20,0
2,attn_out,fr,tier_1,code_switching,-0.0068,0.0167,20,0
2,mlp_out,fr,tier_1,code_switching,0.0603,0.0279,20,0
3,residual,fr,tier_1,code_switching,0.0263,0.1191,20,0
3,attn_out,fr,tier_1,code_switching,0.0118,0.0194,20,0
3,mlp_out,fr,tier_1,code_switching,-0.0455,0.0399,20,0
4,residual,fr,tier_1,code_switching,-0.0072,0.1012,20,0
4,attn_out,fr,tier_1,code_switching,-0.0163,0.0219,20,0
4,mlp_out,fr,tier_1,code_switching,-0.0473,0.0188,20,0
5,residual,fr,tier_1,code_switching,-0.0275,0.0819,20,0
5,attn_out,fr,tier_1,code_switching,-0.0042,0.0173,20,0
5,mlp_out,fr,tier_1,code_switching,-0.0046,0.0306,20,0
6,residual,fr,tier_1,code_switching,-0.0637,0.0692,20,0
6,attn_out,fr,tier_1,code_switching,-0.008,0.015,20,0
6,mlp_out,fr,tier_1,code_switching,-0.0119,0.0264,20,0
7,residual,fr,tier_1,code_switching,-0.087,0.0644,20,0
7,attn_out,fr,tier_1,code_switching,-0.0007,0.0188,20,0
7,mlp_out,fr,tier_1,code_switching,0.0005,0.0542,20,0
8,residual,fr,tier_1,code_switching,-0.0843,0.0828,20,0
8,attn_out,fr,tier_1,code_switching,-0.0015,0.0146,20,0
8,mlp_out,fr,tier_1,code_switching,-0.0055,0.0301,20,0
9,residual,fr,tier_1,code_switching,-0.0598,0.0754,20,0
9,attn_out,fr,tier_1,code_switching,-0.0023,0.0063,20,0
9,mlp_out,fr,tier_1,code_switching,0.021,0.0145,20,0
10,residual,fr,tier_1,code_switching,-0.0436,0.0859,20,0
10,attn_out,fr,tier_1,code_switching,0.0066,0.0038,20,0
10,mlp_out,fr,tier_1,code_switching,0.0066,0.0121,20,0
11,residual,fr,tier_1,code_switching,-0.0365,0.0804,20,0
11,attn_out,fr,tier_1,code_switching,0.009,0.0091,20,0
11,mlp_out,fr,tier_1,code_switching,-0.0029,0.0167,20,0
12,residual,fr,tier_1,code_switching,-0.0081,0.0735,20,0
12,attn_out,fr,tier_1,code_switching,0.005,0.0117,20,0
12,mlp_out,fr,tier_1,code_switching,-0.0057,0.0065,20,0
13,residual,fr,tier_1,code_switching,-0.0097,0.0625,20,0
13,attn_out,fr,tier_1,code_switching,0.0018,0.0026,20,0
13,mlp_out,fr,tier_1,code_switching,-0.0087,0.0079,20,0
14,residual,fr,tier_1,code_switching,-0.0073,0.0448,20,0
14,attn_out,fr,tier_1,code_switching,0.0026,0.0021,20,0
14,mlp_out,fr,tier_1,code_switching,-0.0077,0.0095,20,0
15,residual,fr,tier_1,code_switching,0.0089,0.0397,20,0
15,attn_out,fr,tier_1,code_switching,0.0017,0.0024,20,0
15,mlp_out,fr,tier_1,code_switching,0.0018,0.0183,20,0
16,residual,fr,tier_1,code_switching,-0.0077,0.0228,20,0
16,attn_out,fr,tier_1,code_switching,-0.0007,0.0016,20,0
16,mlp_out,fr,tier_1,code_switching,-0.0003,0.0039,20,0
17,residual,fr,tier_1,code_switching,-0.0038,0.0164,20,0
17,attn_out,fr,tier_1,code_switching,0.0006,0.0036,20,0
17,mlp_out,fr,tier_1,code_switching,0.0039,0.0031,20,0
18,residual,fr,tier_1,code_switching,-0.0107,0.0176,20,0
18,attn_out,fr,tier_1,code_switching,0.0003,0.001,20,0
18,mlp_out,fr,tier_1,code_switching,-0.0042,0.0046,20,0
19,residual,fr,tier_1,code_switching,-0.0115,0.0156,20,0
19,attn_out,fr,tier_1,code_switching,0.0002,0.0015,20,0
19,mlp_out,fr,tier_1,code_switching,-0.0035,0.0045,20,0
20,residual,fr,tier_1,code_switching,-0.0129,0.0157,20,0
20,attn_out,fr,tier_1,code_switching,0.0,0.0005,20,0
20,mlp_out,fr,tier_1,code_switching,0.0039,0.0082,20,0
21,residual,fr,tier_1,code_switching,-0.0098,0.0138,20,0
21,attn_out,fr,tier_1,code_switching,-0.0,0.0014,20,0
21,mlp_out,fr,tier_1,code_switching,-0.0021,0.0028,20,0
22,residual,fr,tier_1,code_switching,-0.0102,0.0122,20,0
22,attn_out,fr,tier_1,code_switching,-0.0005,0.0009,20,0
22,mlp_out,fr,tier_1,code_switching,-0.0012,0.0058,20,0
23,residual,fr,tier_1,code_switching,-0.0078,0.0099,20,0
23,attn_out,fr,tier_1,code_switching,-0.0007,0.0003,20,0
23,mlp_out,fr,tier_1,code_switching,0.0003,0.0037,20,0
24,residual,fr,tier_1,code_switching,-0.0096,0.0066,20,0
24,attn_out,fr,tier_1,code_switching,-0.0002,0.0006,20,0
24,mlp_out,fr,tier_1,code_switching,-0.0006,0.0009,20,0
25,residual,fr,tier_1,code_switching,-0.0075,0.0059,20,0
25,attn_out,fr,tier_1,code_switching,0.0001,0.0005,20,0
25,mlp_out,fr,tier_1,code_switching,-0.001,0.0015,20,0
26,residual,fr,tier_1,code_switching,-0.0078,0.0069,20,0
26,attn_out,fr,tier_1,code_switching,0.0005,0.0006,20,0
26,mlp_out,fr,tier_1,code_switching,-0.0007,0.0022,20,0
27,residual,fr,tier_1,code_switching,-0.0063,0.0082,20,0
27,attn_out,fr,tier_1,code_switching,0.0002,0.0005,20,0
27,mlp_out,fr,tier_1,code_switching,0.0003,0.0009,20,0
28,residual,fr,tier_1,code_switching,-0.0056,0.0063,20,0
28,attn_out,fr,tier_1,code_switching,-0.0001,0.0006,20,0
28,mlp_out,fr,tier_1,code_switching,-0.0013,0.0009,20,0
29,residual,fr,tier_1,code_switching,-0.001,0.004,20,0
29,attn_out,fr,tier_1,code_switching,-0.0003,0.0004,20,0
29,mlp_out,fr,tier_1,code_switching,-0.001,0.0013,20,0
30,residual,fr,tier_1,code_switching,-0.0006,0.0014,20,0
30,attn_out,fr,tier_1,code_switching,-0.0002,0.0002,20,0
30,mlp_out,fr,tier_1,code_switching,-0.0003,0.0005,20,0
31,residual,fr,tier_1,code_switching,0.0,0.0,20,0
31,attn_out,fr,tier_1,code_switching,0.0,0.0,20,0
31,mlp_out,fr,tier_1,code_switching,0.0,0.0,20,0
0,residual,zh,tier_1,code_switching,0.0514,0.0615,20,0
0,attn_out,zh,tier_1,code_switching,0.0401,0.0544,20,0
0,mlp_out,zh,tier_1,code_switching,0.0714,0.07,20,0
1,residual,zh,tier_1,code_switching,0.0984,0.1361,20,0
1,attn_out,zh,tier_1,code_switching,0.019,0.0422,20,0
1,mlp_out,zh,tier_1,code_switching,0.0562,0.1097,20,0
2,residual,zh,tier_1,code_switching,0.1085,0.1372,20,0
2,attn_out,zh,tier_1,code_switching,0.0434,0.0234,20,0
2,mlp_out,zh,tier_1,code_switching,0.0972,0.1416,20,0
3,residual,zh,tier_1,code_switching,0.1152,0.1315,20,0
3,attn_out,zh,tier_1,code_switching,0.0179,0.0284,20,0
3,mlp_out,zh,tier_1,code_switching,0.0691,0.0509,20,0
4,residual,zh,tier_1,code_switching,0.1146,0.1177,20,0
4,attn_out,zh,tier_1,code_switching,0.0106,0.0364,20,0
4,mlp_out,zh,tier_1,code_switching,0.0184,0.0163,20,0
5,residual,zh,tier_1,code_switching,0.1282,0.0681,20,0
5,attn_out,zh,tier_1,code_switching,0.0375,0.0297,20,0
5,mlp_out,zh,tier_1,code_switching,0.0321,0.0231,20,0
6,residual,zh,tier_1,code_switching,0.0978,0.0393,20,0
6,attn_out,zh,tier_1,code_switching,0.0217,0.0338,20,0
6,mlp_out,zh,tier_1,code_switching,0.0306,0.0315,20,0
7,residual,zh,tier_1,code_switching,0.0639,0.0316,20,0
7,attn_out,zh,tier_1,code_switching,0.0142,0.0329,20,0
7,mlp_out,zh,tier_1,code_switching,0.02,0.0205,20,0
8,residual,zh,tier_1,code_switching,0.0264,0.0381,20,0
8,attn_out,zh,tier_1,code_switching,0.0017,0.0058,20,0
8,mlp_out,zh,tier_1,code_switching,-0.0077,0.0132,20,0
9,residual,zh,tier_1,code_switching,0.0205,0.0378,20,0
9,attn_out,zh,tier_1,code_switching,0.0056,0.0074,20,0
9,mlp_out,zh,tier_1,code_switching,0.0087,0.0123,20,0
10,residual,zh,tier_1,code_switching,0.0092,0.0251,20,0
10,attn_out,zh,tier_1,code_switching,0.0042,0.0068,20,0
10,mlp_out,zh,tier_1,code_switching,-0.0018,0.011,20,0
11,residual,zh,tier_1,code_switching,0.0151,0.0288,20,0
11,attn_out,zh,tier_1,code_switching,0.007,0.0152,20,0
11,mlp_out,zh,tier_1,code_switching,0.0135,0.024,20,0
12,residual,zh,tier_1,code_switching,0.014,0.0199,20,0
12,attn_out,zh,tier_1,code_switching,0.0035,0.0035,20,0
12,mlp_out,zh,tier_1,code_switching,-0.003,0.0076,20,0
13,residual,zh,tier_1,code_switching,0.0026,0.0178,20,0
13,attn_out,zh,tier_1,code_switching,0.001,0.0032,20,0
13,mlp_out,zh,tier_1,code_switching,-0.0008,0.0069,20,0
14,residual,zh,tier_1,code_switching,0.0022,0.0193,20,0
14,attn_out,zh,tier_1,code_switching,0.0014,0.0036,20,0
14,mlp_out,zh,tier_1,code_switching,-0.0007,0.003,20,0
15,residual,zh,tier_1,code_switching,-0.0016,0.0152,20,0
15,attn_out,zh,tier_1,code_switching,0.0001,0.0021,20,0
15,mlp_out,zh,tier_1,code_switching,-0.0011,0.0025,20,0
16,residual,zh,tier_1,code_switching,0.0051,0.0161,20,0
16,attn_out,zh,tier_1,code_switching,0.0001,0.0017,20,0
16,mlp_out,zh,tier_1,code_switching,0.0004,0.0025,20,0
17,residual,zh,tier_1,code_switching,0.0015,0.0119,20,0
17,attn_out,zh,tier_1,code_switching,-0.0014,0.003,20,0
17,mlp_out,zh,tier_1,code_switching,0.0018,0.0034,20,0
18,residual,zh,tier_1,code_switching,0.0017,0.0128,20,0
18,attn_out,zh,tier_1,code_switching,0.0004,0.0008,20,0
18,mlp_out,zh,tier_1,code_switching,0.0039,0.0046,20,0
19,residual,zh,tier_1,code_switching,0.0011,0.0132,20,0
19,attn_out,zh,tier_1,code_switching,-0.0008,0.0015,20,0
19,mlp_out,zh,tier_1,code_switching,-0.0001,0.0022,20,0
20,residual,zh,tier_1,code_switching,0.0016,0.0131,20,0
20,attn_out,zh,tier_1,code_switching,0.0005,0.001,20,0
20,mlp_out,zh,tier_1,code_switching,0.0042,0.0027,20,0
21,residual,zh,tier_1,code_switching,0.0026,0.0126,20,0
21,attn_out,zh,tier_1,code_switching,-0.0001,0.001,20,0
21,mlp_out,zh,tier_1,code_switching,-0.0007,0.0018,20,0
22,residual,zh,tier_1,code_switching,0.0002,0.0135,20,0
22,attn_out,zh,tier_1,code_switching,-0.0,0.0004,20,0
22,mlp_out,zh,tier_1,code_switching,-0.0003,0.0025,20,0
23,residual,zh,tier_1,code_switching,-0.0004,0.0142,20,0
23,attn_out,zh,tier_1,code_switching,0.0002,0.0008,20,0
23,mlp_out,zh,tier_1,code_switching,-0.0017,0.004,20,0
24,residual,zh,tier_1,code_switching,0.0011,0.0118,20,0
24,attn_out,zh,tier_1,code_switching,0.0008,0.0012,20,0
24,mlp_out,zh,tier_1,code_switching,0.0003,0.003,20,0
25,residual,zh,tier_1,code_switching,0.0026,0.0121,20,0
25,attn_out,zh,tier_1,code_switching,0.0005,0.0011,20,0
25,mlp_out,zh,tier_1,code_switching,-0.0011,0.0015,20,0
26,residual,zh,tier_1,code_switching,-0.0005,0.005,20,0
26,attn_out,zh,tier_1,code_switching,0.0012,0.0005,20,0
26,mlp_out,zh,tier_1,code_switching,0.0034,0.0025,20,0
27,residual,zh,tier_1,code_switching,0.0034,0.0063,20,0
27,attn_out,zh,tier_1,code_switching,-0.0001,0.0005,20,0
27,mlp_out,zh,tier_1,code_switching,0.0003,0.0016,20,0
28,residual,zh,tier_1,code_switching,0.0038,0.0049,20,0
28,attn_out,zh,tier_1,code_switching,-0.0,0.0004,20,0
28,mlp_out,zh,tier_1,code_switching,0.0013,0.0017,20,0
29,residual,zh,tier_1,code_switching,0.0028,0.0033,20,0
29,attn_out,zh,tier_1,code_switching,-0.0,0.0003,20,0
29,mlp_out,zh,tier_1,code_switching,-0.0006,0.0014,20,0
30,residual,zh,tier_1,code_switching,0.0002,0.001,20,0
30,attn_out,zh,tier_1,code_switching,0.0001,0.0002,20,0
30,mlp_out,zh,tier_1,code_switching,-0.0004,0.0001,20,0
31,residual,zh,tier_1,code_switching,0.0,0.0,20,0
31,attn_out,zh,tier_1,code_switching,0.0,0.0,20,0
31,mlp_out,zh,tier_1,code_switching,0.0,0.0,20,0
0,residual,es,tier_1,code_switching,-0.0204,0.1363,20,0
0,attn_out,es,tier_1,code_switching,-0.0319,0.082,20,0
0,mlp_out,es,tier_1,code_switching,-0.0053,0.0587,20,0
1,residual,es,tier_1,code_switching,0.0223,0.157,20,0
1,attn_out,es,tier_1,code_switching,-0.009,0.0285,20,0
1,mlp_out,es,tier_1,code_switching,0.0413,0.0521,20,0
2,residual,es,tier_1,code_switching,0.0453,0.163,20,0
2,attn_out,es,tier_1,code_switching,0.0181,0.0173,20,0
2,mlp_out,es,tier_1,code_switching,0.0646,0.0893,20,0
3,residual,es,tier_1,code_switching,0.0705,0.1751,20,0
3,attn_out,es,tier_1,code_switching,0.0292,0.0532,20,0
3,mlp_out,es,tier_1,code_switching,0.0566,0.0926,20,0
4,residual,es,tier_1,code_switching,0.0802,0.1627,20,0
4,attn_out,es,tier_1,code_switching,0.0232,0.023,20,0
4,mlp_out,es,tier_1,code_switching,0.064,0.0863,20,0
5,residual,es,tier_1,code_switching,0.0764,0.1509,20,0
5,attn_out,es,tier_1,code_switching,0.0132,0.0179,20,0
5,mlp_out,es,tier_1,code_switching,0.0458,0.0701,20,0
6,residual,es,tier_1,code_switching,0.0552,0.1358,20,0
6,attn_out,es,tier_1,code_switching,-0.0005,0.0107,20,0
6,mlp_out,es,tier_1,code_switching,0.0349,0.0453,20,0
7,residual,es,tier_1,code_switching,0.0295,0.1295,20,0
7,attn_out,es,tier_1,code_switching,0.0055,0.0137,20,0
7,mlp_out,es,tier_1,code_switching,0.0174,0.019,20,0
8,residual,es,tier_1,code_switching,-0.0046,0.1005,20,0
8,attn_out,es,tier_1,code_switching,-0.0011,0.0088,20,0
8,mlp_out,es,tier_1,code_switching,0.0032,0.0207,20,0
9,residual,es,tier_1,code_switching,-0.0262,0.0728,20,0
9,attn_out,es,tier_1,code_switching,-0.001,0.0087,20,0
9,mlp_out,es,tier_1,code_switching,-0.001,0.0177,20,0
10,residual,es,tier_1,code_switching,-0.05,0.0523,20,0
10,attn_out,es,tier_1,code_switching,0.005,0.0061,20,0
10,mlp_out,es,tier_1,code_switching,0.0049,0.0095,20,0
11,residual,es,tier_1,code_switching,-0.0495,0.0458,20,0
11,attn_out,es,tier_1,code_switching,0.0048,0.009,20,0
11,mlp_out,es,tier_1,code_switching,0.0076,0.0164,20,0
12,residual,es,tier_1,code_switching,-0.0529,0.0373,20,0
12,attn_out,es,tier_1,code_switching,0.0033,0.0028,20,0
12,mlp_out,es,tier_1,code_switching,-0.0031,0.0071,20,0
13,residual,es,tier_1,code_switching,-0.0498,0.0349,20,0
13,attn_out,es,tier_1,code_switching,0.0007,0.002,20,0
13,mlp_out,es,tier_1,code_switching,-0.0033,0.0046,20,0
14,residual,es,tier_1,code_switching,-0.0408,0.0275,20,0
14,attn_out,es,tier_1,code_switching,0.0001,0.001,20,0
14,mlp_out,es,tier_1,code_switching,-0.0076,0.0076,20,0
15,residual,es,tier_1,code_switching,-0.0275,0.0202,20,0
15,attn_out,es,tier_1,code_switching,-0.0007,0.001,20,0
15,mlp_out,es,tier_1,code_switching,-0.0026,0.0032,20,0
16,residual,es,tier_1,code_switching,-0.0352,0.0207,20,0
16,attn_out,es,tier_1,code_switching,-0.0001,0.0023,20,0
16,mlp_out,es,tier_1,code_switching,0.002,0.0065,20,0
17,residual,es,tier_1,code_switching,-0.0233,0.0171,20,0
17,attn_out,es,tier_1,code_switching,-0.0013,0.0015,20,0
17,mlp_out,es,tier_1,code_switching,-0.0036,0.0068,20,0
18,residual,es,tier_1,code_switching,-0.0199,0.0166,20,0
18,attn_out,es,tier_1,code_switching,-0.001,0.0013,20,0
18,mlp_out,es,tier_1,code_switching,-0.0016,0.0016,20,0
19,residual,es,tier_1,code_switching,-0.0194,0.0171,20,0
19,attn_out,es,tier_1,code_switching,-0.0004,0.001,20,0
19,mlp_out,es,tier_1,code_switching,-0.0029,0.0023,20,0
20,residual,es,tier_1,code_switching,-0.018,0.018,20,0
20,attn_out,es,tier_1,code_switching,-0.0005,0.0011,20,0
20,mlp_out,es,tier_1,code_switching,-0.0023,0.0022,20,0
21,residual,es,tier_1,code_switching,-0.0174,0.0174,20,0
21,attn_out,es,tier_1,code_switching,-0.0005,0.0012,20,0
21,mlp_out,es,tier_1,code_switching,-0.0008,0.0011,20,0
22,residual,es,tier_1,code_switching,-0.0151,0.0147,20,0
22,attn_out,es,tier_1,code_switching,-0.0004,0.001,20,0
22,mlp_out,es,tier_1,code_switching,-0.001,0.0013,20,0
23,residual,es,tier_1,code_switching,-0.0144,0.0143,20,0
23,attn_out,es,tier_1,code_switching,-0.0004,0.0006,20,0
23,mlp_out,es,tier_1,code_switching,-0.0008,0.0013,20,0
24,residual,es,tier_1,code_switching,-0.008,0.0061,20,0
24,attn_out,es,tier_1,code_switching,-0.0003,0.0005,20,0
24,mlp_out,es,tier_1,code_switching,-0.0012,0.002,20,0
25,residual,es,tier_1,code_switching,-0.0075,0.0056,20,0
25,attn_out,es,tier_1,code_switching,0.0,0.0002,20,0
25,mlp_out,es,tier_1,code_switching,-0.0004,0.001,20,0
26,residual,es,tier_1,code_switching,-0.0057,0.0057,20,0
26,attn_out,es,tier_1,code_switching,-0.0001,0.0002,20,0
26,mlp_out,es,tier_1,code_switching,-0.0002,0.0011,20,0
27,residual,es,tier_1,code_switching,-0.0044,0.0043,20,0
27,attn_out,es,tier_1,code_switching,-0.0002,0.0006,20,0
27,mlp_out,es,tier_1,code_switching,-0.0007,0.0018,20,0
28,residual,es,tier_1,code_switching,-0.004,0.0033,20,0
28,attn_out,es,tier_1,code_switching,-0.0003,0.0005,20,0
28,mlp_out,es,tier_1,code_switching,-0.0002,0.0005,20,0
29,residual,es,tier_1,code_switching,-0.0028,0.0025,20,0
29,attn_out,es,tier_1,code_switching,-0.0006,0.0003,20,0
29,mlp_out,es,tier_1,code_switching,0.0003,0.0012,20,0
30,residual,es,tier_1,code_switching,-0.0001,0.0007,20,0
30,attn_out,es,tier_1,code_switching,-0.0003,0.0001,20,0
30,mlp_out,es,tier_1,code_switching,-0.0005,0.0004,20,0
31,residual,es,tier_1,code_switching,0.0,0.0,20,0
31,attn_out,es,tier_1,code_switching,0.0,0.0,20,0
31,mlp_out,es,tier_1,code_switching,0.0,0.0,20,0
0,residual,ar,tier_2,code_switching,0.0191,0.058,20,0
0,attn_out,ar,tier_2,code_switching,0.0204,0.0746,20,0
0,mlp_out,ar,tier_2,code_switching,0.0307,0.0265,20,0
1,residual,ar,tier_2,code_switching,0.0431,0.0624,20,0
1,attn_out,ar,tier_2,code_switching,0.0318,0.0344,20,0
1,mlp_out,ar,tier_2,code_switching,0.0169,0.0307,20,0
2,residual,ar,tier_2,code_switching,0.0654,0.0589,20,0
2,attn_out,ar,tier_2,code_switching,0.0105,0.0127,20,0
2,mlp_out,ar,tier_2,code_switching,0.0459,0.0387,20,0
3,residual,ar,tier_2,code_switching,0.066,0.0572,20,0
3,attn_out,ar,tier_2,code_switching,0.0062,0.0324,20,0
3,mlp_out,ar,tier_2,code_switching,0.0255,0.0208,20,0
4,residual,ar,tier_2,code_switching,0.0428,0.0615,20,0
4,attn_out,ar,tier_2,code_switching,-0.001,0.0172,20,0
4,mlp_out,ar,tier_2,code_switching,-0.0005,0.0257,20,0
5,residual,ar,tier_2,code_switching,0.04,0.059,20,0
5,attn_out,ar,tier_2,code_switching,-0.0089,0.0119,20,0
5,mlp_out,ar,tier_2,code_switching,0.0042,0.0284,20,0
6,residual,ar,tier_2,code_switching,0.0422,0.058,20,0
6,attn_out,ar,tier_2,code_switching,0.0031,0.016,20,0
6,mlp_out,ar,tier_2,code_switching,0.001,0.0239,20,0
7,residual,ar,tier_2,code_switching,0.0332,0.0512,20,0
7,attn_out,ar,tier_2,code_switching,0.0088,0.0101,20,0
7,mlp_out,ar,tier_2,code_switching,0.0037,0.0193,20,0
8,residual,ar,tier_2,code_switching,0.0171,0.0548,20,0
8,attn_out,ar,tier_2,code_switching,0.0035,0.0145,20,0
8,mlp_out,ar,tier_2,code_switching,-0.0036,0.0193,20,0
9,residual,ar,tier_2,code_switching,0.0188,0.0503,20,0
9,attn_out,ar,tier_2,code_switching,0.0027,0.0033,20,0
9,mlp_out,ar,tier_2,code_switching,0.0012,0.0194,20,0
10,residual,ar,tier_2,code_switching,0.0064,0.0307,20,0
10,attn_out,ar,tier_2,code_switching,0.0034,0.0066,20,0
10,mlp_out,ar,tier_2,code_switching,0.0011,0.0055,20,0
11,residual,ar,tier_2,code_switching,0.0058,0.0267,20,0
11,attn_out,ar,tier_2,code_switching,0.0043,0.0057,20,0
11,mlp_out,ar,tier_2,code_switching,0.0018,0.008,20,0
12,residual,ar,tier_2,code_switching,0.0077,0.0203,20,0
12,attn_out,ar,tier_2,code_switching,0.0007,0.002,20,0
12,mlp_out,ar,tier_2,code_switching,-0.0021,0.0026,20,0
13,residual,ar,tier_2,code_switching,0.0017,0.0147,20,0
13,attn_out,ar,tier_2,code_switching,-0.0005,0.0005,20,0
13,mlp_out,ar,tier_2,code_switching,0.0,0.0032,20,0
14,residual,ar,tier_2,code_switching,0.0041,0.0127,20,0
14,attn_out,ar,tier_2,code_switching,0.0002,0.0012,20,0
14,mlp_out,ar,tier_2,code_switching,-0.0045,0.004,20,0
15,residual,ar,tier_2,code_switching,0.0046,0.0116,20,0
15,attn_out,ar,tier_2,code_switching,0.0005,0.0009,20,0
15,mlp_out,ar,tier_2,code_switching,-0.001,0.0019,20,0
16,residual,ar,tier_2,code_switching,0.0085,0.0156,20,0
16,attn_out,ar,tier_2,code_switching,0.004,0.0049,20,0
16,mlp_out,ar,tier_2,code_switching,0.0026,0.0031,20,0
17,residual,ar,tier_2,code_switching,0.0006,0.0093,20,0
17,attn_out,ar,tier_2,code_switching,-0.0008,0.0007,20,0
17,mlp_out,ar,tier_2,code_switching,0.0013,0.0007,20,0
18,residual,ar,tier_2,code_switching,0.0001,0.008,20,0
18,attn_out,ar,tier_2,code_switching,-0.0002,0.001,20,0
18,mlp_out,ar,tier_2,code_switching,0.0008,0.0014,20,0
19,residual,ar,tier_2,code_switching,0.0004,0.0087,20,0
19,attn_out,ar,tier_2,code_switching,0.0006,0.0005,20,0
19,mlp_out,ar,tier_2,code_switching,-0.0016,0.0011,20,0
20,residual,ar,tier_2,code_switching,0.0005,0.0086,20,0
20,attn_out,ar,tier_2,code_switching,-0.0002,0.0001,20,0
20,mlp_out,ar,tier_2,code_switching,0.0015,0.0017,20,0
21,residual,ar,tier_2,code_switching,0.0012,0.0079,20,0
21,attn_out,ar,tier_2,code_switching,0.0005,0.0004,20,0
21,mlp_out,ar,tier_2,code_switching,-0.0001,0.0016,20,0
22,residual,ar,tier_2,code_switching,0.0012,0.009,20,0
22,attn_out,ar,tier_2,code_switching,0.0003,0.0005,20,0
22,mlp_out,ar,tier_2,code_switching,0.0004,0.0008,20,0
23,residual,ar,tier_2,code_switching,0.0026,0.0083,20,0
23,attn_out,ar,tier_2,code_switching,0.0,0.0006,20,0
23,mlp_out,ar,tier_2,code_switching,0.0012,0.0018,20,0
24,residual,ar,tier_2,code_switching,0.0035,0.0086,20,0
24,attn_out,ar,tier_2,code_switching,0.0,0.0008,20,0
24,mlp_out,ar,tier_2,code_switching,0.0024,0.0025,20,0
25,residual,ar,tier_2,code_switching,0.0034,0.0079,20,0
25,attn_out,ar,tier_2,code_switching,-0.0001,0.0005,20,0
25,mlp_out,ar,tier_2,code_switching,-0.0002,0.001,20,0
26,residual,ar,tier_2,code_switching,0.0008,0.0038,20,0
26,attn_out,ar,tier_2,code_switching,0.001,0.0007,20,0
26,mlp_out,ar,tier_2,code_switching,0.0006,0.001,20,0
27,residual,ar,tier_2,code_switching,0.0021,0.0042,20,0
27,attn_out,ar,tier_2,code_switching,0.0001,0.0005,20,0
27,mlp_out,ar,tier_2,code_switching,0.0031,0.0025,20,0
28,residual,ar,tier_2,code_switching,0.0018,0.0028,20,0
28,attn_out,ar,tier_2,code_switching,-0.0001,0.0005,20,0
28,mlp_out,ar,tier_2,code_switching,0.0019,0.0018,20,0
29,residual,ar,tier_2,code_switching,0.0022,0.0031,20,0
29,attn_out,ar,tier_2,code_switching,0.0004,0.0003,20,0
29,mlp_out,ar,tier_2,code_switching,0.0,0.0007,20,0
30,residual,ar,tier_2,code_switching,0.0002,0.0007,20,0
30,attn_out,ar,tier_2,code_switching,0.0003,0.0001,20,0
30,mlp_out,ar,tier_2,code_switching,0.0002,0.0003,20,0
31,residual,ar,tier_2,code_switching,0.0,0.0,20,0
31,attn_out,ar,tier_2,code_switching,0.0,0.0,20,0
31,mlp_out,ar,tier_2,code_switching,0.0,0.0,20,0
0,residual,ru,tier_2,code_switching,0.0376,0.0453,20,0
0,attn_out,ru,tier_2,code_switching,0.016,0.0463,20,0
0,mlp_out,ru,tier_2,code_switching,0.03,0.028,20,0
1,residual,ru,tier_2,code_switching,0.0442,0.0952,20,0
1,attn_out,ru,tier_2,code_switching,0.0121,0.0327,20,0
1,mlp_out,ru,tier_2,code_switching,0.0388,0.0725,20,0
2,residual,ru,tier_2,code_switching,0.0523,0.0987,20,0
2,attn_out,ru,tier_2,code_switching,-0.0005,0.0089,20,0
2,mlp_out,ru,tier_2,code_switching,0.0436,0.0733,20,0
3,residual,ru,tier_2,code_switching,0.064,0.0999,20,0
3,attn_out,ru,tier_2,code_switching,0.0206,0.03,20,0
3,mlp_out,ru,tier_2,code_switching,0.0379,0.0616,20,0
4,residual,ru,tier_2,code_switching,0.0626,0.1022,20,0
4,attn_out,ru,tier_2,code_switching,-0.0129,0.0042,20,0
4,mlp_out,ru,tier_2,code_switching,0.0009,0.0308,20,0
5,residual,ru,tier_2,code_switching,0.0531,0.1,20,0
5,attn_out,ru,tier_2,code_switching,-0.0039,0.01,20,0
5,mlp_out,ru,tier_2,code_switching,0.0043,0.0184,20,0
6,residual,ru,tier_2,code_switching,0.0265,0.086,20,0
6,attn_out,ru,tier_2,code_switching,-0.0025,0.0085,20,0
6,mlp_out,ru,tier_2,code_switching,-0.0096,0.0206,20,0
7,residual,ru,tier_2,code_switching,0.0106,0.0799,20,0
7,attn_out,ru,tier_2,code_switching,-0.0009,0.0125,20,0
7,mlp_out,ru,tier_2,code_switching,-0.0015,0.0247,20,0
8,residual,ru,tier_2,code_switching,-0.0053,0.064,20,0
8,attn_out,ru,tier_2,code_switching,0.0023,0.0061,20,0
8,mlp_out,ru,tier_2,code_switching,-0.0025,0.0086,20,0
9,residual,ru,tier_2,code_switching,-0.007,0.0526,20,0
9,attn_out,ru,tier_2,code_switching,-0.0031,0.0048,20,0
9,mlp_out,ru,tier_2,code_switching,-0.0025,0.0125,20,0
10,residual,ru,tier_2,code_switching,-0.0178,0.0432,20,0
10,attn_out,ru,tier_2,code_switching,0.0014,0.0038,20,0
10,mlp_out,ru,tier_2,code_switching,-0.0058,0.003,20,0
11,residual,ru,tier_2,code_switching,-0.0135,0.0421,20,0
11,attn_out,ru,tier_2,code_switching,0.0033,0.0041,20,0
11,mlp_out,ru,tier_2,code_switching,-0.0092,0.0115,20,0
12,residual,ru,tier_2,code_switching,-0.0016,0.027,20,0
12,attn_out,ru,tier_2,code_switching,0.0014,0.0021,20,0
12,mlp_out,ru,tier_2,code_switching,-0.0015,0.0058,20,0
13,residual,ru,tier_2,code_switching,0.0017,0.0151,20,0
13,attn_out,ru,tier_2,code_switching,0.0002,0.001,20,0
13,mlp_out,ru,tier_2,code_switching,0.0008,0.0021,20,0
14,residual,ru,tier_2,code_switching,-0.0004,0.0086,20,0
14,attn_out,ru,tier_2,code_switching,-0.0003,0.0014,20,0
14,mlp_out,ru,tier_2,code_switching,-0.0024,0.0028,20,0
15,residual,ru,tier_2,code_switching,-0.0015,0.0078,20,0
15,attn_out,ru,tier_2,code_switching,0.0003,0.002,20,0
15,mlp_out,ru,tier_2,code_switching,-0.0016,0.0034,20,0
16,residual,ru,tier_2,code_switching,0.0012,0.0081,20,0
16,attn_out,ru,tier_2,code_switching,0.0024,0.0024,20,0
16,mlp_out,ru,tier_2,code_switching,0.0017,0.0039,20,0
17,residual,ru,tier_2,code_switching,-0.0022,0.0076,20,0
17,attn_out,ru,tier_2,code_switching,-0.0006,0.001,20,0
17,mlp_out,ru,tier_2,code_switching,-0.0005,0.0005,20,0
18,residual,ru,tier_2,code_switching,-0.0043,0.0063,20,0
18,attn_out,ru,tier_2,code_switching,0.0003,0.0005,20,0
18,mlp_out,ru,tier_2,code_switching,0.0004,0.0008,20,0
19,residual,ru,tier_2,code_switching,-0.0045,0.0067,20,0
19,attn_out,ru,tier_2,code_switching,-0.0002,0.0003,20,0
19,mlp_out,ru,tier_2,code_switching,0.0003,0.001,20,0
20,residual,ru,tier_2,code_switching,-0.0042,0.0068,20,0
20,attn_out,ru,tier_2,code_switching,0.0001,0.0004,20,0
20,mlp_out,ru,tier_2,code_switching,0.0033,0.0047,20,0
21,residual,ru,tier_2,code_switching,-0.0037,0.0072,20,0
21,attn_out,ru,tier_2,code_switching,0.0001,0.0004,20,0
21,mlp_out,ru,tier_2,code_switching,-0.0003,0.0017,20,0
22,residual,ru,tier_2,code_switching,-0.0036,0.0073,20,0
22,attn_out,ru,tier_2,code_switching,-0.0,0.0004,20,0
22,mlp_out,ru,tier_2,code_switching,0.0001,0.0005,20,0
23,residual,ru,tier_2,code_switching,-0.0034,0.0062,20,0
23,attn_out,ru,tier_2,code_switching,0.0,0.0003,20,0
23,mlp_out,ru,tier_2,code_switching,-0.0004,0.0013,20,0
24,residual,ru,tier_2,code_switching,-0.004,0.0032,20,0
24,attn_out,ru,tier_2,code_switching,-0.0003,0.0004,20,0
24,mlp_out,ru,tier_2,code_switching,0.0011,0.0022,20,0
25,residual,ru,tier_2,code_switching,-0.0032,0.0032,20,0
25,attn_out,ru,tier_2,code_switching,-0.0006,0.0003,20,0
25,mlp_out,ru,tier_2,code_switching,-0.0003,0.0018,20,0
26,residual,ru,tier_2,code_switching,-0.004,0.003,20,0
26,attn_out,ru,tier_2,code_switching,0.0002,0.0007,20,0
26,mlp_out,ru,tier_2,code_switching,0.0008,0.0021,20,0
27,residual,ru,tier_2,code_switching,-0.0019,0.004,20,0
27,attn_out,ru,tier_2,code_switching,0.0,0.0003,20,0
27,mlp_out,ru,tier_2,code_switching,0.0003,0.0014,20,0
28,residual,ru,tier_2,code_switching,-0.0033,0.0038,20,0
28,attn_out,ru,tier_2,code_switching,-0.0,0.0004,20,0
28,mlp_out,ru,tier_2,code_switching,-0.0004,0.0017,20,0
29,residual,ru,tier_2,code_switching,-0.0026,0.002,20,0
29,attn_out,ru,tier_2,code_switching,0.0003,0.0011,20,0
29,mlp_out,ru,tier_2,code_switching,0.0012,0.0036,20,0
30,residual,ru,tier_2,code_switching,0.0003,0.0013,20,0
30,attn_out,ru,tier_2,code_switching,-0.0003,0.0005,20,0
30,mlp_out,ru,tier_2,code_switching,-0.0003,0.0004,20,0
31,residual,ru,tier_2,code_switching,0.0,0.0,20,0
31,attn_out,ru,tier_2,code_switching,0.0,0.0,20,0
31,mlp_out,ru,tier_2,code_switching,0.0,0.0,20,0
0,residual,ko,tier_2,code_switching,0.0959,0.0398,20,0
0,attn_out,ko,tier_2,code_switching,-0.038,0.06,20,0
0,mlp_out,ko,tier_2,code_switching,0.0744,0.026,20,0
1,residual,ko,tier_2,code_switching,0.0849,0.0428,20,0
1,attn_out,ko,tier_2,code_switching,-0.0125,0.0746,20,0
1,mlp_out,ko,tier_2,code_switching,-0.0166,0.0451,20,0
2,residual,ko,tier_2,code_switching,0.085,0.0479,20,0
2,attn_out,ko,tier_2,code_switching,0.001,0.0391,20,0
2,mlp_out,ko,tier_2,code_switching,0.0584,0.0147,20,0
3,residual,ko,tier_2,code_switching,0.0771,0.0532,20,0
3,attn_out,ko,tier_2,code_switching,-0.0168,0.0292,20,0
3,mlp_out,ko,tier_2,code_switching,0.0316,0.012,20,0
4,residual,ko,tier_2,code_switching,0.0543,0.0568,20,0
4,attn_out,ko,tier_2,code_switching,-0.0209,0.0237,20,0
4,mlp_out,ko,tier_2,code_switching,0.0278,0.016,20,0
5,residual,ko,tier_2,code_switching,0.04,0.0694,20,0
5,attn_out,ko,tier_2,code_switching,-0.0055,0.0325,20,0
5,mlp_out,ko,tier_2,code_switching,0.0028,0.0287,20,0
6,residual,ko,tier_2,code_switching,-0.0081,0.0961,20,0
6,attn_out,ko,tier_2,code_switching,-0.0144,0.03,20,0
6,mlp_out,ko,tier_2,code_switching,0.0119,0.028,20,0
7,residual,ko,tier_2,code_switching,-0.003,0.0784,20,0
7,attn_out,ko,tier_2,code_switching,-0.0172,0.0185,20,0
7,mlp_out,ko,tier_2,code_switching,0.0087,0.0253,20,0
8,residual,ko,tier_2,code_switching,-0.0396,0.0744,20,0
8,attn_out,ko,tier_2,code_switching,-0.0037,0.0069,20,0
8,mlp_out,ko,tier_2,code_switching,-0.0052,0.0202,20,0
9,residual,ko,tier_2,code_switching,-0.0354,0.0594,20,0
9,attn_out,ko,tier_2,code_switching,-0.0133,0.0235,20,0
9,mlp_out,ko,tier_2,code_switching,0.0033,0.0101,20,0
10,residual,ko,tier_2,code_switching,-0.0479,0.0566,20,0
10,attn_out,ko,tier_2,code_switching,0.0023,0.0098,20,0
10,mlp_out,ko,tier_2,code_switching,0.0072,0.0075,20,0
11,residual,ko,tier_2,code_switching,-0.0484,0.0529,20,0
11,attn_out,ko,tier_2,code_switching,-0.0021,0.0041,20,0
11,mlp_out,ko,tier_2,code_switching,0.0151,0.0055,20,0
12,residual,ko,tier_2,code_switching,-0.0437,0.0515,20,0
12,attn_out,ko,tier_2,code_switching,-0.0031,0.0079,20,0
12,mlp_out,ko,tier_2,code_switching,-0.0031,0.0075,20,0
13,residual,ko,tier_2,code_switching,-0.0449,0.0345,20,0
13,attn_out,ko,tier_2,code_switching,0.0007,0.0034,20,0
13,mlp_out,ko,tier_2,code_switching,0.001,0.0063,20,0
14,residual,ko,tier_2,code_switching,-0.0382,0.0312,20,0
14,attn_out,ko,tier_2,code_switching,0.0004,0.0037,20,0
14,mlp_out,ko,tier_2,code_switching,-0.0083,0.0091,20,0
15,residual,ko,tier_2,code_switching,-0.035,0.0285,20,0
15,attn_out,ko,tier_2,code_switching,0.0001,0.001,20,0
15,mlp_out,ko,tier_2,code_switching,-0.0067,0.008,20,0
16,residual,ko,tier_2,code_switching,-0.0218,0.0198,20,0
16,attn_out,ko,tier_2,code_switching,0.0014,0.0024,20,0
16,mlp_out,ko,tier_2,code_switching,-0.0026,0.0055,20,0
17,residual,ko,tier_2,code_switching,-0.0189,0.0192,20,0
17,attn_out,ko,tier_2,code_switching,-0.0004,0.0017,20,0
17,mlp_out,ko,tier_2,code_switching,-0.0006,0.002,20,0
18,residual,ko,tier_2,code_switching,-0.0222,0.0242,20,0
18,attn_out,ko,tier_2,code_switching,-0.0003,0.0005,20,0
18,mlp_out,ko,tier_2,code_switching,0.0001,0.0018,20,0
19,residual,ko,tier_2,code_switching,-0.0226,0.0254,20,0
19,attn_out,ko,tier_2,code_switching,-0.0,0.0006,20,0
19,mlp_out,ko,tier_2,code_switching,-0.0024,0.0045,20,0
20,residual,ko,tier_2,code_switching,-0.02,0.0243,20,0
20,attn_out,ko,tier_2,code_switching,0.0002,0.0012,20,0
20,mlp_out,ko,tier_2,code_switching,-0.0011,0.0031,20,0
21,residual,ko,tier_2,code_switching,-0.0189,0.0231,20,0
21,attn_out,ko,tier_2,code_switching,-0.0004,0.0023,20,0
21,mlp_out,ko,tier_2,code_switching,0.0008,0.0017,20,0
22,residual,ko,tier_2,code_switching,-0.0189,0.0207,20,0
22,attn_out,ko,tier_2,code_switching,0.0004,0.0006,20,0
22,mlp_out,ko,tier_2,code_switching,0.002,0.0017,20,0
23,residual,ko,tier_2,code_switching,-0.0178,0.0193,20,0
23,attn_out,ko,tier_2,code_switching,-0.0006,0.0005,20,0
23,mlp_out,ko,tier_2,code_switching,-0.0022,0.0014,20,0
24,residual,ko,tier_2,code_switching,-0.01,0.0127,20,0
24,attn_out,ko,tier_2,code_switching,-0.0,0.0006,20,0
24,mlp_out,ko,tier_2,code_switching,-0.0014,0.0021,20,0
25,residual,ko,tier_2,code_switching,-0.0079,0.0103,20,0
25,attn_out,ko,tier_2,code_switching,-0.0001,0.0009,20,0
25,mlp_out,ko,tier_2,code_switching,-0.0012,0.0014,20,0
26,residual,ko,tier_2,code_switching,-0.0077,0.009,20,0
26,attn_out,ko,tier_2,code_switching,0.0008,0.0009,20,0
26,mlp_out,ko,tier_2,code_switching,-0.0003,0.0021,20,0
27,residual,ko,tier_2,code_switching,-0.0033,0.0055,20,0
27,attn_out,ko,tier_2,code_switching,-0.0008,0.0005,20,0
27,mlp_out,ko,tier_2,code_switching,-0.0003,0.0011,20,0
28,residual,ko,tier_2,code_switching,-0.0033,0.0051,20,0
28,attn_out,ko,tier_2,code_switching,-0.0003,0.0007,20,0
28,mlp_out,ko,tier_2,code_switching,0.0006,0.002,20,0
29,residual,ko,tier_2,code_switching,-0.0032,0.0024,20,0
29,attn_out,ko,tier_2,code_switching,-0.0002,0.0011,20,0
29,mlp_out,ko,tier_2,code_switching,0.0037,0.0042,20,0
30,residual,ko,tier_2,code_switching,0.0008,0.0025,20,0
30,attn_out,ko,tier_2,code_switching,0.0006,0.0003,20,0
30,mlp_out,ko,tier_2,code_switching,-0.0006,0.0011,20,0
31,residual,ko,tier_2,code_switching,0.0,0.0,20,0
31,attn_out,ko,tier_2,code_switching,0.0,0.0,20,0
31,mlp_out,ko,tier_2,code_switching,0.0,0.0,20,0
0,residual,ja,tier_2,code_switching,-0.0431,0.0775,20,0
0,attn_out,ja,tier_2,code_switching,-0.017,0.0648,20,0
0,mlp_out,ja,tier_2,code_switching,-0.0167,0.0396,20,0
1,residual,ja,tier_2,code_switching,-0.0546,0.1059,20,0
1,attn_out,ja,tier_2,code_switching,-0.0257,0.0436,20,0
1,mlp_out,ja,tier_2,code_switching,-0.0185,0.0642,20,0
2,residual,ja,tier_2,code_switching,-0.0485,0.1186,20,0
2,attn_out,ja,tier_2,code_switching,-0.0112,0.0414,20,0
2,mlp_out,ja,tier_2,code_switching,-0.0071,0.0977,20,0
3,residual,ja,tier_2,code_switching,-0.0769,0.1266,20,0
3,attn_out,ja,tier_2,code_switching,-0.012,0.0242,20,0
3,mlp_out,ja,tier_2,code_switching,-0.0346,0.0901,20,0
4,residual,ja,tier_2,code_switching,-0.0603,0.1143,20,0
4,attn_out,ja,tier_2,code_switching,-0.0175,0.0355,20,0
4,mlp_out,ja,tier_2,code_switching,-0.0167,0.0732,20,0
5,residual,ja,tier_2,code_switching,-0.0722,0.1196,20,0
5,attn_out,ja,tier_2,code_switching,-0.0006,0.0162,20,0
5,mlp_out,ja,tier_2,code_switching,0.0237,0.0137,20,0
6,residual,ja,tier_2,code_switching,-0.0975,0.1152,20,0
6,attn_out,ja,tier_2,code_switching,-0.0022,0.0133,20,0
6,mlp_out,ja,tier_2,code_switching,0.0081,0.0158,20,0
7,residual,ja,tier_2,code_switching,-0.0884,0.1099,20,0
7,attn_out,ja,tier_2,code_switching,-0.0103,0.0161,20,0
7,mlp_out,ja,tier_2,code_switching,-0.0099,0.0426,20,0
8,residual,ja,tier_2,code_switching,-0.0907,0.1025,20,0
8,attn_out,ja,tier_2,code_switching,-0.0027,0.008,20,0
8,mlp_out,ja,tier_2,code_switching,0.0162,0.0069,20,0
9,residual,ja,tier_2,code_switching,-0.0787,0.0884,20,0
9,attn_out,ja,tier_2,code_switching,-0.009,0.0166,20,0
9,mlp_out,ja,tier_2,code_switching,0.012,0.019,20,0
10,residual,ja,tier_2,code_switching,-0.0819,0.0919,20,0
10,attn_out,ja,tier_2,code_switching,-0.0002,0.0088,20,0
10,mlp_out,ja,tier_2,code_switching,0.0066,0.0103,20,0
11,residual,ja,tier_2,code_switching,-0.088,0.0921,20,0
11,attn_out,ja,tier_2,code_switching,0.0058,0.0059,20,0
11,mlp_out,ja,tier_2,code_switching,-0.0014,0.0143,20,0
12,residual,ja,tier_2,code_switching,-0.0513,0.0576,20,0
12,attn_out,ja,tier_2,code_switching,0.0041,0.003,20,0
12,mlp_out,ja,tier_2,code_switching,-0.008,0.0087,20,0
13,residual,ja,tier_2,code_switching,-0.0449,0.0393,20,0
13,attn_out,ja,tier_2,code_switching,0.0029,0.0032,20,0
13,mlp_out,ja,tier_2,code_switching,0.0018,0.0046,20,0
14,residual,ja,tier_2,code_switching,-0.0408,0.0369,20,0
14,attn_out,ja,tier_2,code_switching,-0.0013,0.0032,20,0
14,mlp_out,ja,tier_2,code_switching,-0.003,0.0089,20,0
15,residual,ja,tier_2,code_switching,-0.026,0.0267,20,0
15,attn_out,ja,tier_2,code_switching,-0.0002,0.0015,20,0
15,mlp_out,ja,tier_2,code_switching,-0.0091,0.0096,20,0
16,residual,ja,tier_2,code_switching,-0.0174,0.0128,20,0
16,attn_out,ja,tier_2,code_switching,0.0018,0.0016,20,0
16,mlp_out,ja,tier_2,code_switching,-0.0036,0.0057,20,0
17,residual,ja,tier_2,code_switching,-0.0182,0.0139,20,0
17,attn_out,ja,tier_2,code_switching,-0.0004,0.0004,20,0
17,mlp_out,ja,tier_2,code_switching,-0.0003,0.0025,20,0
18,residual,ja,tier_2,code_switching,-0.0185,0.017,20,0
18,attn_out,ja,tier_2,code_switching,0.0,0.0011,20,0
18,mlp_out,ja,tier_2,code_switching,-0.0037,0.0031,20,0
19,residual,ja,tier_2,code_switching,-0.0179,0.0174,20,0
19,attn_out,ja,tier_2,code_switching,0.0003,0.0009,20,0
19,mlp_out,ja,tier_2,code_switching,-0.0029,0.0043,20,0
20,residual,ja,tier_2,code_switching,-0.0177,0.016,20,0
20,attn_out,ja,tier_2,code_switching,0.0002,0.0012,20,0
20,mlp_out,ja,tier_2,code_switching,-0.0006,0.0032,20,0
21,residual,ja,tier_2,code_switching,-0.0168,0.0156,20,0
21,attn_out,ja,tier_2,code_switching,0.0,0.0007,20,0
21,mlp_out,ja,tier_2,code_switching,-0.0028,0.0018,20,0
22,residual,ja,tier_2,code_switching,-0.0167,0.0149,20,0
22,attn_out,ja,tier_2,code_switching,-0.0006,0.0013,20,0
22,mlp_out,ja,tier_2,code_switching,0.0016,0.0039,20,0
23,residual,ja,tier_2,code_switching,-0.0174,0.0143,20,0
23,attn_out,ja,tier_2,code_switching,0.0004,0.0008,20,0
23,mlp_out,ja,tier_2,code_switching,-0.0036,0.0029,20,0
24,residual,ja,tier_2,code_switching,-0.0141,0.015,20,0
24,attn_out,ja,tier_2,code_switching,0.0011,0.0008,20,0
24,mlp_out,ja,tier_2,code_switching,0.0023,0.0027,20,0
25,residual,ja,tier_2,code_switching,-0.0107,0.0138,20,0
25,attn_out,ja,tier_2,code_switching,0.0009,0.0009,20,0
25,mlp_out,ja,tier_2,code_switching,0.0019,0.004,20,0
26,residual,ja,tier_2,code_switching,-0.0083,0.0087,20,0
26,attn_out,ja,tier_2,code_switching,0.0017,0.0007,20,0
26,mlp_out,ja,tier_2,code_switching,0.0016,0.003,20,0
27,residual,ja,tier_2,code_switching,-0.0043,0.0067,20,0
27,attn_out,ja,tier_2,code_switching,0.0004,0.0006,20,0
27,mlp_out,ja,tier_2,code_switching,-0.0003,0.0021,20,0
28,residual,ja,tier_2,code_switching,-0.0052,0.0075,20,0
28,attn_out,ja,tier_2,code_switching,0.0001,0.0006,20,0
28,mlp_out,ja,tier_2,code_switching,-0.0017,0.0031,20,0
29,residual,ja,tier_2,code_switching,-0.0091,0.0061,20,0
29,attn_out,ja,tier_2,code_switching,0.0,0.0004,20,0
29,mlp_out,ja,tier_2,code_switching,0.0002,0.0026,20,0
30,residual,ja,tier_2,code_switching,-0.0002,0.0017,20,0
30,attn_out,ja,tier_2,code_switching,0.0003,0.0002,20,0
30,mlp_out,ja,tier_2,code_switching,-0.0004,0.0009,20,0
31,residual,ja,tier_2,code_switching,0.0,0.0,20,0
31,attn_out,ja,tier_2,code_switching,0.0,0.0,20,0
31,mlp_out,ja,tier_2,code_switching,0.0,0.0,20,0
0,residual,tr,tier_3,code_switching,0.0413,0.018,20,0
0,attn_out,tr,tier_3,code_switching,-0.0202,0.0462,20,0
0,mlp_out,tr,tier_3,code_switching,0.0253,0.0246,20,0
1,residual,tr,tier_3,code_switching,0.0461,0.039,20,0
1,attn_out,tr,tier_3,code_switching,-0.0011,0.0169,20,0
1,mlp_out,tr,tier_3,code_switching,0.0106,0.0299,20,0
2,residual,tr,tier_3,code_switching,0.0534,0.0507,20,0
2,attn_out,tr,tier_3,code_switching,0.0187,0.0211,20,0
2,mlp_out,tr,tier_3,code_switching,0.041,0.0415,20,0
3,residual,tr,tier_3,code_switching,0.0669,0.0594,20,0
3,attn_out,tr,tier_3,code_switching,0.0106,0.0102,20,0
3,mlp_out,tr,tier_3,code_switching,0.0001,0.0259,20,0
4,residual,tr,tier_3,code_switching,0.061,0.0492,20,0
4,attn_out,tr,tier_3,code_switching,0.0182,0.0096,20,0
4,mlp_out,tr,tier_3,code_switching,0.007,0.0252,20,0
5,residual,tr,tier_3,code_switching,0.0529,0.0642,20,0
5,attn_out,tr,tier_3,code_switching,0.017,0.0208,20,0
5,mlp_out,tr,tier_3,code_switching,0.0305,0.0205,20,0
6,residual,tr,tier_3,code_switching,0.0103,0.0806,20,0
6,attn_out,tr,tier_3,code_switching,0.003,0.0304,20,0
6,mlp_out,tr,tier_3,code_switching,0.0307,0.0296,20,0
7,residual,tr,tier_3,code_switching,-0.0213,0.0717,20,0
7,attn_out,tr,tier_3,code_switching,-0.0016,0.0286,20,0
7,mlp_out,tr,tier_3,code_switching,-0.001,0.0251,20,0
8,residual,tr,tier_3,code_switching,-0.0602,0.0777,20,0
8,attn_out,tr,tier_3,code_switching,-0.0021,0.0073,20,0
8,mlp_out,tr,tier_3,code_switching,-0.0018,0.0152,20,0
9,residual,tr,tier_3,code_switching,-0.0586,0.0697,20,0
9,attn_out,tr,tier_3,code_switching,-0.0101,0.0051,20,0
9,mlp_out,tr,tier_3,code_switching,0.0006,0.0143,20,0
10,residual,tr,tier_3,code_switching,-0.0672,0.0749,20,0
10,attn_out,tr,tier_3,code_switching,0.0042,0.0068,20,0
10,mlp_out,tr,tier_3,code_switching,0.0,0.0096,20,0
11,residual,tr,tier_3,code_switching,-0.0591,0.0772,20,0
11,attn_out,tr,tier_3,code_switching,0.0036,0.0106,20,0
11,mlp_out,tr,tier_3,code_switching,0.0052,0.0162,20,0
12,residual,tr,tier_3,code_switching,-0.0419,0.0683,20,0
12,attn_out,tr,tier_3,code_switching,0.0007,0.0096,20,0
12,mlp_out,tr,tier_3,code_switching,-0.0119,0.0123,20,0
13,residual,tr,tier_3,code_switching,-0.0399,0.0548,20,0
13,attn_out,tr,tier_3,code_switching,-0.001,0.0018,20,0
13,mlp_out,tr,tier_3,code_switching,-0.001,0.0072,20,0
14,residual,tr,tier_3,code_switching,-0.0312,0.0399,20,0
14,attn_out,tr,tier_3,code_switching,-0.0033,0.0031,20,0
14,mlp_out,tr,tier_3,code_switching,-0.0069,0.0121,20,0
15,residual,tr,tier_3,code_switching,-0.0274,0.0248,20,0
15,attn_out,tr,tier_3,code_switching,-0.0015,0.0016,20,0
15,mlp_out,tr,tier_3,code_switching,-0.0068,0.0062,20,0
16,residual,tr,tier_3,code_switching,-0.0196,0.0241,20,0
16,attn_out,tr,tier_3,code_switching,0.0064,0.0073,20,0
16,mlp_out,tr,tier_3,code_switching,0.005,0.0046,20,0
17,residual,tr,tier_3,code_switching,-0.0228,0.0177,20,0
17,attn_out,tr,tier_3,code_switching,-0.0025,0.0019,20,0
17,mlp_out,tr,tier_3,code_switching,-0.0053,0.0081,20,0
18,residual,tr,tier_3,code_switching,-0.0207,0.0164,20,0
18,attn_out,tr,tier_3,code_switching,-0.0008,0.0016,20,0
18,mlp_out,tr,tier_3,code_switching,-0.0015,0.0037,20,0
19,residual,tr,tier_3,code_switching,-0.0192,0.0168,20,0
19,attn_out,tr,tier_3,code_switching,0.0008,0.0009,20,0
19,mlp_out,tr,tier_3,code_switching,-0.0022,0.0039,20,0
20,residual,tr,tier_3,code_switching,-0.0236,0.0187,20,0
20,attn_out,tr,tier_3,code_switching,0.0005,0.001,20,0
20,mlp_out,tr,tier_3,code_switching,-0.0008,0.0034,20,0
21,residual,tr,tier_3,code_switching,-0.0206,0.0184,20,0
21,attn_out,tr,tier_3,code_switching,-0.0009,0.0019,20,0
21,mlp_out,tr,tier_3,code_switching,0.0022,0.0045,20,0
22,residual,tr,tier_3,code_switching,-0.0204,0.017,20,0
22,attn_out,tr,tier_3,code_switching,-0.0003,0.0003,20,0
22,mlp_out,tr,tier_3,code_switching,-0.0005,0.0025,20,0
23,residual,tr,tier_3,code_switching,-0.0222,0.0156,20,0
23,attn_out,tr,tier_3,code_switching,-0.0001,0.0007,20,0
23,mlp_out,tr,tier_3,code_switching,-0.002,0.0021,20,0
24,residual,tr,tier_3,code_switching,-0.0086,0.0064,20,0
24,attn_out,tr,tier_3,code_switching,-0.0006,0.0012,20,0
24,mlp_out,tr,tier_3,code_switching,-0.0022,0.0019,20,0
25,residual,tr,tier_3,code_switching,-0.0065,0.0069,20,0
25,attn_out,tr,tier_3,code_switching,-0.0002,0.0004,20,0
25,mlp_out,tr,tier_3,code_switching,-0.0001,0.0024,20,0
26,residual,tr,tier_3,code_switching,-0.008,0.0098,20,0
26,attn_out,tr,tier_3,code_switching,-0.0008,0.001,20,0
26,mlp_out,tr,tier_3,code_switching,-0.0001,0.0025,20,0
27,residual,tr,tier_3,code_switching,-0.0066,0.0089,20,0
27,attn_out,tr,tier_3,code_switching,-0.0006,0.0005,20,0
27,mlp_out,tr,tier_3,code_switching,-0.0028,0.0031,20,0
28,residual,tr,tier_3,code_switching,-0.006,0.0095,20,0
28,attn_out,tr,tier_3,code_switching,-0.0001,0.0004,20,0
28,mlp_out,tr,tier_3,code_switching,-0.0021,0.0022,20,0
29,residual,tr,tier_3,code_switching,-0.0051,0.0074,20,0
29,attn_out,tr,tier_3,code_switching,-0.0008,0.0008,20,0
29,mlp_out,tr,tier_3,code_switching,0.001,0.0032,20,0
30,residual,tr,tier_3,code_switching,0.0007,0.0017,20,0
30,attn_out,tr,tier_3,code_switching,0.0001,0.0002,20,0
30,mlp_out,tr,tier_3,code_switching,0.0001,0.0006,20,0
31,residual,tr,tier_3,code_switching,0.0,0.0,20,0
31,attn_out,tr,tier_3,code_switching,0.0,0.0,20,0
31,mlp_out,tr,tier_3,code_switching,0.0,0.0,20,0
0,residual,id,tier_3,code_switching,0.1507,0.116,20,0
0,attn_out,id,tier_3,code_switching,0.0102,0.0563,20,0
0,mlp_out,id,tier_3,code_switching,0.1259,0.1181,20,0
1,residual,id,tier_3,code_switching,0.1698,0.1175,20,0
1,attn_out,id,tier_3,code_switching,-0.0016,0.0202,20,0
1,mlp_out,id,tier_3,code_switching,0.0185,0.0504,20,0
2,residual,id,tier_3,code_switching,0.1696,0.1149,20,0
2,attn_out,id,tier_3,code_switching,0.0087,0.014,20,0
2,mlp_out,id,tier_3,code_switching,0.1266,0.0794,20,0
3,residual,id,tier_3,code_switching,0.1786,0.1174,20,0
3,attn_out,id,tier_3,code_switching,0.0195,0.0265,20,0
3,mlp_out,id,tier_3,code_switching,0.0772,0.0645,20,0
4,residual,id,tier_3,code_switching,0.1668,0.1081,20,0
4,attn_out,id,tier_3,code_switching,0.0012,0.0268,20,0
4,mlp_out,id,tier_3,code_switching,0.0706,0.0838,20,0
5,residual,id,tier_3,code_switching,0.1527,0.0958,20,0
5,attn_out,id,tier_3,code_switching,0.0091,0.0145,20,0
5,mlp_out,id,tier_3,code_switching,0.0684,0.0793,20,0
6,residual,id,tier_3,code_switching,0.0957,0.0533,20,0
6,attn_out,id,tier_3,code_switching,-0.0092,0.0084,20,0
6,mlp_out,id,tier_3,code_switching,0.0475,0.0285,20,0
7,residual,id,tier_3,code_switching,0.0592,0.0466,20,0
7,attn_out,id,tier_3,code_switching,0.0039,0.012,20,0
7,mlp_out,id,tier_3,code_switching,0.0388,0.0517,20,0
8,residual,id,tier_3,code_switching,0.0285,0.0549,20,0
8,attn_out,id,tier_3,code_switching,-0.0017,0.0029,20,0
8,mlp_out,id,tier_3,code_switching,-0.0138,0.0254,20,0
9,residual,id,tier_3,code_switching,0.0246,0.0592,20,0
9,attn_out,id,tier_3,code_switching,-0.003,0.0059,20,0
9,mlp_out,id,tier_3,code_switching,0.0121,0.0165,20,0
10,residual,id,tier_3,code_switching,0.0106,0.0607,20,0
10,attn_out,id,tier_3,code_switching,-0.0012,0.0037,20,0
10,mlp_out,id,tier_3,code_switching,-0.0001,0.0083,20,0
11,residual,id,tier_3,code_switching,0.0098,0.0539,20,0
11,attn_out,id,tier_3,code_switching,0.002,0.0045,20,0
11,mlp_out,id,tier_3,code_switching,-0.0074,0.0113,20,0
12,residual,id,tier_3,code_switching,0.0194,0.0539,20,0
12,attn_out,id,tier_3,code_switching,0.0041,0.0089,20,0
12,mlp_out,id,tier_3,code_switching,-0.0047,0.0106,20,0
13,residual,id,tier_3,code_switching,0.0084,0.0429,20,0
13,attn_out,id,tier_3,code_switching,-0.0003,0.0015,20,0
13,mlp_out,id,tier_3,code_switching,-0.0026,0.0065,20,0
14,residual,id,tier_3,code_switching,0.0094,0.0456,20,0
14,attn_out,id,tier_3,code_switching,-0.0014,0.0032,20,0
14,mlp_out,id,tier_3,code_switching,-0.0045,0.0091,20,0
15,residual,id,tier_3,code_switching,0.0102,0.0265,20,0
15,attn_out,id,tier_3,code_switching,-0.0015,0.0021,20,0
15,mlp_out,id,tier_3,code_switching,-0.0001,0.0057,20,0
16,residual,id,tier_3,code_switching,0.0025,0.0265,20,0
16,attn_out,id,tier_3,code_switching,-0.0046,0.005,20,0
16,mlp_out,id,tier_3,code_switching,-0.0003,0.0035,20,0
17,residual,id,tier_3,code_switching,0.003,0.0192,20,0
17,attn_out,id,tier_3,code_switching,0.0016,0.0048,20,0
17,mlp_out,id,tier_3,code_switching,-0.002,0.0041,20,0
18,residual,id,tier_3,code_switching,0.0018,0.0115,20,0
18,attn_out,id,tier_3,code_switching,-0.0006,0.0013,20,0
18,mlp_out,id,tier_3,code_switching,0.0009,0.0046,20,0
19,residual,id,tier_3,code_switching,0.0012,0.0088,20,0
19,attn_out,id,tier_3,code_switching,-0.0007,0.0004,20,0
19,mlp_out,id,tier_3,code_switching,-0.0001,0.0026,20,0
20,residual,id,tier_3,code_switching,-0.0013,0.0092,20,0
20,attn_out,id,tier_3,code_switching,0.0002,0.0004,20,0
20,mlp_out,id,tier_3,code_switching,0.0019,0.0031,20,0
21,residual,id,tier_3,code_switching,-0.0025,0.0088,20,0
21,attn_out,id,tier_3,code_switching,0.0007,0.0005,20,0
21,mlp_out,id,tier_3,code_switching,-0.0001,0.0019,20,0
22,residual,id,tier_3,code_switching,-0.0018,0.0075,20,0
22,attn_out,id,tier_3,code_switching,-0.0002,0.0008,20,0
22,mlp_out,id,tier_3,code_switching,-0.0017,0.0018,20,0
23,residual,id,tier_3,code_switching,-0.0013,0.0083,20,0
23,attn_out,id,tier_3,code_switching,-0.0001,0.0007,20,0
23,mlp_out,id,tier_3,code_switching,-0.0015,0.0011,20,0
24,residual,id,tier_3,code_switching,-0.0036,0.0043,20,0
24,attn_out,id,tier_3,code_switching,-0.0002,0.0007,20,0
24,mlp_out,id,tier_3,code_switching,-0.0007,0.0012,20,0
25,residual,id,tier_3,code_switching,-0.005,0.0043,20,0
25,attn_out,id,tier_3,code_switching,-0.0004,0.0005,20,0
25,mlp_out,id,tier_3,code_switching,-0.0002,0.0007,20,0
26,residual,id,tier_3,code_switching,-0.0048,0.0039,20,0
26,attn_out,id,tier_3,code_switching,-0.0001,0.0005,20,0
26,mlp_out,id,tier_3,code_switching,0.0003,0.0014,20,0
27,residual,id,tier_3,code_switching,-0.0016,0.0052,20,0
27,attn_out,id,tier_3,code_switching,0.0001,0.0006,20,0
27,mlp_out,id,tier_3,code_switching,0.0001,0.0009,20,0
28,residual,id,tier_3,code_switching,-0.0024,0.0052,20,0
28,attn_out,id,tier_3,code_switching,-0.0002,0.0004,20,0
28,mlp_out,id,tier_3,code_switching,-0.001,0.0013,20,0
29,residual,id,tier_3,code_switching,-0.0021,0.0034,20,0
29,attn_out,id,tier_3,code_switching,-0.0008,0.0003,20,0
29,mlp_out,id,tier_3,code_switching,0.0003,0.0016,20,0
30,residual,id,tier_3,code_switching,-0.0001,0.0011,20,0
30,attn_out,id,tier_3,code_switching,-0.0003,0.0003,20,0
30,mlp_out,id,tier_3,code_switching,-0.0006,0.0004,20,0
31,residual,id,tier_3,code_switching,0.0,0.0,20,0
31,attn_out,id,tier_3,code_switching,0.0,0.0,20,0
31,mlp_out,id,tier_3,code_switching,0.0,0.0,20,0
0,residual,hi,tier_3,code_switching,-0.0182,0.0442,20,0
0,attn_out,hi,tier_3,code_switching,0.0112,0.0448,20,0
0,mlp_out,hi,tier_3,code_switching,-0.0162,0.0334,20,0
1,residual,hi,tier_3,code_switching,-0.0262,0.0606,20,0
1,attn_out,hi,tier_3,code_switching,0.0168,0.0381,20,0
1,mlp_out,hi,tier_3,code_switching,-0.0161,0.0414,20,0
2,residual,hi,tier_3,code_switching,-0.0161,0.0627,20,0
2,attn_out,hi,tier_3,code_switching,0.0016,0.0075,20,0
2,mlp_out,hi,tier_3,code_switching,-0.0281,0.0302,20,0
3,residual,hi,tier_3,code_switching,-0.0253,0.0778,20,0
3,attn_out,hi,tier_3,code_switching,-0.0164,0.0284,20,0
3,mlp_out,hi,tier_3,code_switching,-0.0258,0.0267,20,0
4,residual,hi,tier_3,code_switching,-0.024,0.0829,20,0
4,attn_out,hi,tier_3,code_switching,0.0057,0.0157,20,0
4,mlp_out,hi,tier_3,code_switching,-0.0342,0.0231,20,0
5,residual,hi,tier_3,code_switching,-0.0279,0.0755,20,0
5,attn_out,hi,tier_3,code_switching,0.0042,0.0188,20,0
5,mlp_out,hi,tier_3,code_switching,-0.0178,0.0234,20,0
6,residual,hi,tier_3,code_switching,-0.033,0.0659,20,0
6,attn_out,hi,tier_3,code_switching,0.0056,0.0087,20,0
6,mlp_out,hi,tier_3,code_switching,0.0048,0.0145,20,0
7,residual,hi,tier_3,code_switching,-0.0383,0.0679,20,0
7,attn_out,hi,tier_3,code_switching,0.011,0.0314,20,0
7,mlp_out,hi,tier_3,code_switching,-0.0075,0.0113,20,0
8,residual,hi,tier_3,code_switching,-0.0455,0.0612,20,0
8,attn_out,hi,tier_3,code_switching,0.0003,0.0113,20,0
8,mlp_out,hi,tier_3,code_switching,0.0037,0.0136,20,0
9,residual,hi,tier_3,code_switching,-0.0487,0.0591,20,0
9,attn_out,hi,tier_3,code_switching,-0.0083,0.0185,20,0
9,mlp_out,hi,tier_3,code_switching,0.0095,0.0023,20,0
10,residual,hi,tier_3,code_switching,-0.0531,0.056,20,0
10,attn_out,hi,tier_3,code_switching,0.0016,0.0058,20,0
10,mlp_out,hi,tier_3,code_switching,0.0063,0.012,20,0
11,residual,hi,tier_3,code_switching,-0.0576,0.0542,20,0
11,attn_out,hi,tier_3,code_switching,-0.0094,0.0081,20,0
11,mlp_out,hi,tier_3,code_switching,0.0041,0.0127,20,0
12,residual,hi,tier_3,code_switching,-0.0358,0.0327,20,0
12,attn_out,hi,tier_3,code_switching,-0.0001,0.0049,20,0
12,mlp_out,hi,tier_3,code_switching,-0.0022,0.0049,20,0
13,residual,hi,tier_3,code_switching,-0.0268,0.0265,20,0
13,attn_out,hi,tier_3,code_switching,0.0038,0.0028,20,0
13,mlp_out,hi,tier_3,code_switching,0.0021,0.0077,20,0
14,residual,hi,tier_3,code_switching,-0.0263,0.0259,20,0
14,attn_out,hi,tier_3,code_switching,-0.0015,0.0028,20,0
14,mlp_out,hi,tier_3,code_switching,-0.0023,0.0054,20,0
15,residual,hi,tier_3,code_switching,-0.022,0.0249,20,0
15,attn_out,hi,tier_3,code_switching,-0.0015,0.0044,20,0
15,mlp_out,hi,tier_3,code_switching,-0.005,0.0013,20,0
16,residual,hi,tier_3,code_switching,-0.0183,0.023,20,0
16,attn_out,hi,tier_3,code_switching,0.0015,0.0034,20,0
16,mlp_out,hi,tier_3,code_switching,0.0011,0.009,20,0
17,residual,hi,tier_3,code_switching,-0.0116,0.0154,20,0
17,attn_out,hi,tier_3,code_switching,-0.0027,0.003,20,0
17,mlp_out,hi,tier_3,code_switching,-0.0016,0.0043,20,0
18,residual,hi,tier_3,code_switching,-0.0107,0.016,20,0
18,attn_out,hi,tier_3,code_switching,-0.0015,0.0007,20,0
18,mlp_out,hi,tier_3,code_switching,-0.0011,0.0054,20,0
19,residual,hi,tier_3,code_switching,-0.0105,0.0163,20,0
19,attn_out,hi,tier_3,code_switching,-0.0001,0.0004,20,0
19,mlp_out,hi,tier_3,code_switching,-0.0034,0.0028,20,0
20,residual,hi,tier_3,code_switching,-0.0078,0.0124,20,0
20,attn_out,hi,tier_3,code_switching,-0.0008,0.0007,20,0
20,mlp_out,hi,tier_3,code_switching,-0.0015,0.0028,20,0
21,residual,hi,tier_3,code_switching,-0.0067,0.0125,20,0
21,attn_out,hi,tier_3,code_switching,-0.001,0.0026,20,0
21,mlp_out,hi,tier_3,code_switching,-0.0003,0.0022,20,0
22,residual,hi,tier_3,code_switching,-0.0077,0.0142,20,0
22,attn_out,hi,tier_3,code_switching,-0.0008,0.002,20,0
22,mlp_out,hi,tier_3,code_switching,-0.0016,0.0034,20,0
23,residual,hi,tier_3,code_switching,-0.0072,0.014,20,0
23,attn_out,hi,tier_3,code_switching,-0.0006,0.0011,20,0
23,mlp_out,hi,tier_3,code_switching,-0.0033,0.0038,20,0
24,residual,hi,tier_3,code_switching,-0.0053,0.0109,20,0
24,attn_out,hi,tier_3,code_switching,-0.0002,0.001,20,0
24,mlp_out,hi,tier_3,code_switching,-0.0018,0.0021,20,0
25,residual,hi,tier_3,code_switching,-0.0034,0.0102,20,0
25,attn_out,hi,tier_3,code_switching,-0.0005,0.0007,20,0
25,mlp_out,hi,tier_3,code_switching,-0.0004,0.0011,20,0
26,residual,hi,tier_3,code_switching,-0.005,0.0076,20,0
26,attn_out,hi,tier_3,code_switching,-0.0007,0.0015,20,0
26,mlp_out,hi,tier_3,code_switching,-0.0015,0.0034,20,0
27,residual,hi,tier_3,code_switching,-0.002,0.0057,20,0
27,attn_out,hi,tier_3,code_switching,0.0001,0.0004,20,0
27,mlp_out,hi,tier_3,code_switching,-0.001,0.0014,20,0
28,residual,hi,tier_3,code_switching,-0.0014,0.0055,20,0
28,attn_out,hi,tier_3,code_switching,-0.0001,0.0008,20,0
28,mlp_out,hi,tier_3,code_switching,-0.0001,0.0017,20,0
29,residual,hi,tier_3,code_switching,-0.0007,0.0021,20,0
29,attn_out,hi,tier_3,code_switching,-0.0002,0.001,20,0
29,mlp_out,hi,tier_3,code_switching,0.0047,0.0047,20,0
30,residual,hi,tier_3,code_switching,0.0023,0.0012,20,0
30,attn_out,hi,tier_3,code_switching,0.0012,0.0007,20,0
30,mlp_out,hi,tier_3,code_switching,-0.0002,0.0007,20,0
31,residual,hi,tier_3,code_switching,0.0,0.0,20,0
31,attn_out,hi,tier_3,code_switching,0.0,0.0,20,0
31,mlp_out,hi,tier_3,code_switching,0.0,0.0,20,0
0,residual,sw,tier_3,code_switching,0.0665,0.0462,20,0
0,attn_out,sw,tier_3,code_switching,0.0393,0.0299,20,0
0,mlp_out,sw,tier_3,code_switching,0.0498,0.0543,20,0
1,residual,sw,tier_3,code_switching,0.1012,0.0637,20,0
1,attn_out,sw,tier_3,code_switching,0.0617,0.0386,20,0
1,mlp_out,sw,tier_3,code_switching,0.0551,0.0421,20,0
2,residual,sw,tier_3,code_switching,0.0874,0.0702,20,0
2,attn_out,sw,tier_3,code_switching,0.0101,0.0225,20,0
2,mlp_out,sw,tier_3,code_switching,0.0471,0.0533,20,0
3,residual,sw,tier_3,code_switching,0.0709,0.0952,20,0
3,attn_out,sw,tier_3,code_switching,0.0161,0.0245,20,0
3,mlp_out,sw,tier_3,code_switching,0.0259,0.0332,20,0
4,residual,sw,tier_3,code_switching,0.0236,0.1112,20,0
4,attn_out,sw,tier_3,code_switching,0.0219,0.027,20,0
4,mlp_out,sw,tier_3,code_switching,-0.0178,0.061,20,0
5,residual,sw,tier_3,code_switching,0.0194,0.1092,20,0
5,attn_out,sw,tier_3,code_switching,-0.0095,0.0259,20,0
5,mlp_out,sw,tier_3,code_switching,0.01,0.053,20,0
6,residual,sw,tier_3,code_switching,0.0059,0.0801,20,0
6,attn_out,sw,tier_3,code_switching,-0.0014,0.0176,20,0
6,mlp_out,sw,tier_3,code_switching,-0.0257,0.0257,20,0
7,residual,sw,tier_3,code_switching,-0.0013,0.0546,20,0
7,attn_out,sw,tier_3,code_switching,-0.0248,0.0165,20,0
7,mlp_out,sw,tier_3,code_switching,-0.0212,0.0223,20,0
8,residual,sw,tier_3,code_switching,-0.0349,0.0444,20,0
8,attn_out,sw,tier_3,code_switching,0.001,0.014,20,0
8,mlp_out,sw,tier_3,code_switching,0.003,0.0117,20,0
9,residual,sw,tier_3,code_switching,-0.0386,0.0221,20,0
9,attn_out,sw,tier_3,code_switching,0.0015,0.0095,20,0
9,mlp_out,sw,tier_3,code_switching,-0.006,0.0105,20,0
10,residual,sw,tier_3,code_switching,-0.052,0.017,20,0
10,attn_out,sw,tier_3,code_switching,-0.0005,0.0064,20,0
10,mlp_out,sw,tier_3,code_switching,-0.0078,0.0097,20,0
11,residual,sw,tier_3,code_switching,-0.047,0.0166,20,0
11,attn_out,sw,tier_3,code_switching,0.004,0.0059,20,0
11,mlp_out,sw,tier_3,code_switching,-0.0266,0.0216,20,0
12,residual,sw,tier_3,code_switching,-0.0469,0.0312,20,0
12,attn_out,sw,tier_3,code_switching,0.0003,0.0077,20,0
12,mlp_out,sw,tier_3,code_switching,-0.0014,0.0088,20,0
13,residual,sw,tier_3,code_switching,-0.0422,0.039,20,0
13,attn_out,sw,tier_3,code_switching,0.0004,0.0028,20,0
13,mlp_out,sw,tier_3,code_switching,-0.0034,0.0078,20,0
14,residual,sw,tier_3,code_switching,-0.0271,0.0352,20,0
14,attn_out,sw,tier_3,code_switching,0.0001,0.0036,20,0
14,mlp_out,sw,tier_3,code_switching,-0.0111,0.011,20,0
15,residual,sw,tier_3,code_switching,-0.0131,0.0237,20,0
15,attn_out,sw,tier_3,code_switching,-0.0007,0.0014,20,0
15,mlp_out,sw,tier_3,code_switching,-0.0042,0.0025,20,0
16,residual,sw,tier_3,code_switching,-0.0047,0.0249,20,0
16,attn_out,sw,tier_3,code_switching,-0.0023,0.008,20,0
16,mlp_out,sw,tier_3,code_switching,0.0065,0.012,20,0
17,residual,sw,tier_3,code_switching,-0.0054,0.013,20,0
17,attn_out,sw,tier_3,code_switching,-0.0002,0.0016,20,0
17,mlp_out,sw,tier_3,code_switching,-0.0023,0.0032,20,0
18,residual,sw,tier_3,code_switching,-0.0056,0.0113,20,0
18,attn_out,sw,tier_3,code_switching,-0.0004,0.0004,20,0
18,mlp_out,sw,tier_3,code_switching,0.0021,0.003,20,0
19,residual,sw,tier_3,code_switching,-0.0043,0.0122,20,0
19,attn_out,sw,tier_3,code_switching,0.0002,0.0007,20,0
19,mlp_out,sw,tier_3,code_switching,0.0002,0.0021,20,0
20,residual,sw,tier_3,code_switching,-0.0035,0.0112,20,0
20,attn_out,sw,tier_3,code_switching,-0.0007,0.002,20,0
20,mlp_out,sw,tier_3,code_switching,0.0004,0.0018,20,0
21,residual,sw,tier_3,code_switching,-0.004,0.0113,20,0
21,attn_out,sw,tier_3,code_switching,-0.0002,0.0005,20,0
21,mlp_out,sw,tier_3,code_switching,0.0017,0.0035,20,0
22,residual,sw,tier_3,code_switching,-0.0005,0.007,20,0
22,attn_out,sw,tier_3,code_switching,-0.0008,0.0004,20,0
22,mlp_out,sw,tier_3,code_switching,0.0013,0.0041,20,0
23,residual,sw,tier_3,code_switching,0.0005,0.0081,20,0
23,attn_out,sw,tier_3,code_switching,-0.0003,0.0005,20,0
23,mlp_out,sw,tier_3,code_switching,0.0013,0.0017,20,0
24,residual,sw,tier_3,code_switching,-0.0026,0.0056,20,0
24,attn_out,sw,tier_3,code_switching,0.0012,0.0019,20,0
24,mlp_out,sw,tier_3,code_switching,-0.0003,0.0017,20,0
25,residual,sw,tier_3,code_switching,-0.0024,0.0058,20,0
25,attn_out,sw,tier_3,code_switching,-0.0005,0.0005,20,0
25,mlp_out,sw,tier_3,code_switching,0.0017,0.0021,20,0
26,residual,sw,tier_3,code_switching,-0.0035,0.0052,20,0
26,attn_out,sw,tier_3,code_switching,-0.0006,0.0005,20,0
26,mlp_out,sw,tier_3,code_switching,-0.0003,0.0019,20,0
27,residual,sw,tier_3,code_switching,-0.002,0.0041,20,0
27,attn_out,sw,tier_3,code_switching,0.0002,0.0003,20,0
27,mlp_out,sw,tier_3,code_switching,0.0032,0.0023,20,0
28,residual,sw,tier_3,code_switching,-0.0009,0.0046,20,0
28,attn_out,sw,tier_3,code_switching,0.0001,0.0006,20,0
28,mlp_out,sw,tier_3,code_switching,-0.0005,0.0017,20,0
29,residual,sw,tier_3,code_switching,-0.0031,0.0047,20,0
29,attn_out,sw,tier_3,code_switching,-0.0007,0.0006,20,0
29,mlp_out,sw,tier_3,code_switching,-0.0006,0.001,20,0
30,residual,sw,tier_3,code_switching,-0.0012,0.0013,20,0
30,attn_out,sw,tier_3,code_switching,-0.0005,0.0003,20,0
30,mlp_out,sw,tier_3,code_switching,-0.0009,0.0007,20,0
31,residual,sw,tier_3,code_switching,0.0,0.0,20,0
31,attn_out,sw,tier_3,code_switching,0.0,0.0,20,0
31,mlp_out,sw,tier_3,code_switching,0.0,0.0,20,0
0,residual,yo,tier_4,code_switching,0.0265,0.0721,20,0
0,attn_out,yo,tier_4,code_switching,0.0251,0.0224,20,0
0,mlp_out,yo,tier_4,code_switching,0.0181,0.0492,20,0
1,residual,yo,tier_4,code_switching,0.0328,0.0674,20,0
1,attn_out,yo,tier_4,code_switching,0.0268,0.0383,20,0
1,mlp_out,yo,tier_4,code_switching,0.0268,0.0451,20,0
2,residual,yo,tier_4,code_switching,0.0156,0.045,20,0
2,attn_out,yo,tier_4,code_switching,-0.007,0.0235,20,0
2,mlp_out,yo,tier_4,code_switching,0.0072,0.0265,20,0
3,residual,yo,tier_4,code_switching,0.0416,0.0749,20,0
3,attn_out,yo,tier_4,code_switching,-0.0122,0.0289,20,0
3,mlp_out,yo,tier_4,code_switching,-0.0233,0.0208,20,0
4,residual,yo,tier_4,code_switching,0.0222,0.0918,20,0
4,attn_out,yo,tier_4,code_switching,-0.0158,0.0067,20,0
4,mlp_out,yo,tier_4,code_switching,-0.0074,0.0117,20,0
5,residual,yo,tier_4,code_switching,0.0272,0.1094,20,0
5,attn_out,yo,tier_4,code_switching,-0.0049,0.0143,20,0
5,mlp_out,yo,tier_4,code_switching,-0.0168,0.0192,20,0
6,residual,yo,tier_4,code_switching,-0.0145,0.1062,20,0
6,attn_out,yo,tier_4,code_switching,0.0058,0.018,20,0
6,mlp_out,yo,tier_4,code_switching,0.0007,0.0166,20,0
7,residual,yo,tier_4,code_switching,-0.0132,0.128,20,0
7,attn_out,yo,tier_4,code_switching,-0.0019,0.0325,20,0
7,mlp_out,yo,tier_4,code_switching,-0.0192,0.0259,20,0
8,residual,yo,tier_4,code_switching,-0.0503,0.0855,20,0
8,attn_out,yo,tier_4,code_switching,0.0077,0.0088,20,0
8,mlp_out,yo,tier_4,code_switching,0.013,0.0174,20,0
9,residual,yo,tier_4,code_switching,-0.0439,0.0665,20,0
9,attn_out,yo,tier_4,code_switching,-0.0081,0.0095,20,0
9,mlp_out,yo,tier_4,code_switching,0.001,0.0074,20,0
10,residual,yo,tier_4,code_switching,-0.0584,0.0696,20,0
10,attn_out,yo,tier_4,code_switching,0.0004,0.006,20,0
10,mlp_out,yo,tier_4,code_switching,-0.0063,0.0108,20,0
11,residual,yo,tier_4,code_switching,-0.0751,0.0717,20,0
11,attn_out,yo,tier_4,code_switching,0.0067,0.0087,20,0
11,mlp_out,yo,tier_4,code_switching,0.0001,0.0236,20,0
12,residual,yo,tier_4,code_switching,-0.0527,0.0419,20,0
12,attn_out,yo,tier_4,code_switching,0.0023,0.0061,20,0
12,mlp_out,yo,tier_4,code_switching,-0.0136,0.0108,20,0
13,residual,yo,tier_4,code_switching,-0.0483,0.0372,20,0
13,attn_out,yo,tier_4,code_switching,0.0018,0.0034,20,0
13,mlp_out,yo,tier_4,code_switching,0.0048,0.006,20,0
14,residual,yo,tier_4,code_switching,-0.0477,0.0419,20,0
14,attn_out,yo,tier_4,code_switching,0.0011,0.0012,20,0
14,mlp_out,yo,tier_4,code_switching,0.0003,0.0091,20,0
15,residual,yo,tier_4,code_switching,-0.0361,0.0287,20,0
15,attn_out,yo,tier_4,code_switching,-0.0035,0.005,20,0
15,mlp_out,yo,tier_4,code_switching,-0.0019,0.0089,20,0
16,residual,yo,tier_4,code_switching,-0.0249,0.023,20,0
16,attn_out,yo,tier_4,code_switching,-0.0025,0.003,20,0
16,mlp_out,yo,tier_4,code_switching,0.0038,0.0059,20,0
17,residual,yo,tier_4,code_switching,-0.0183,0.0158,20,0
17,attn_out,yo,tier_4,code_switching,-0.0002,0.0024,20,0
17,mlp_out,yo,tier_4,code_switching,0.0028,0.0032,20,0
18,residual,yo,tier_4,code_switching,-0.0124,0.0106,20,0
18,attn_out,yo,tier_4,code_switching,-0.0004,0.0011,20,0
18,mlp_out,yo,tier_4,code_switching,0.0033,0.0028,20,0
19,residual,yo,tier_4,code_switching,-0.0109,0.0104,20,0
19,attn_out,yo,tier_4,code_switching,-0.0001,0.001,20,0
19,mlp_out,yo,tier_4,code_switching,-0.0027,0.0032,20,0
20,residual,yo,tier_4,code_switching,-0.009,0.0114,20,0
20,attn_out,yo,tier_4,code_switching,0.0002,0.001,20,0
20,mlp_out,yo,tier_4,code_switching,0.0028,0.0018,20,0
21,residual,yo,tier_4,code_switching,-0.007,0.011,20,0
21,attn_out,yo,tier_4,code_switching,-0.0007,0.0008,20,0
21,mlp_out,yo,tier_4,code_switching,0.0005,0.0028,20,0
22,residual,yo,tier_4,code_switching,-0.0074,0.0112,20,0
22,attn_out,yo,tier_4,code_switching,-0.0001,0.0007,20,0
22,mlp_out,yo,tier_4,code_switching,-0.001,0.0022,20,0
23,residual,yo,tier_4,code_switching,-0.0082,0.012,20,0
23,attn_out,yo,tier_4,code_switching,-0.0006,0.0006,20,0
23,mlp_out,yo,tier_4,code_switching,-0.002,0.0034,20,0
24,residual,yo,tier_4,code_switching,-0.0101,0.0103,20,0
24,attn_out,yo,tier_4,code_switching,0.0019,0.0012,20,0
24,mlp_out,yo,tier_4,code_switching,-0.0027,0.0046,20,0
25,residual,yo,tier_4,code_switching,-0.0088,0.0101,20,0
25,attn_out,yo,tier_4,code_switching,0.0002,0.001,20,0
25,mlp_out,yo,tier_4,code_switching,0.0007,0.0019,20,0
26,residual,yo,tier_4,code_switching,-0.0095,0.0105,20,0
26,attn_out,yo,tier_4,code_switching,0.0007,0.0012,20,0
26,mlp_out,yo,tier_4,code_switching,0.0009,0.0023,20,0
27,residual,yo,tier_4,code_switching,-0.0081,0.0104,20,0
27,attn_out,yo,tier_4,code_switching,0.0006,0.0016,20,0
27,mlp_out,yo,tier_4,code_switching,0.0003,0.0026,20,0
28,residual,yo,tier_4,code_switching,-0.0053,0.0106,20,0
28,attn_out,yo,tier_4,code_switching,-0.0005,0.0008,20,0
28,mlp_out,yo,tier_4,code_switching,0.0014,0.0022,20,0
29,residual,yo,tier_4,code_switching,0.0023,0.0036,20,0
29,attn_out,yo,tier_4,code_switching,0.0001,0.0004,20,0
29,mlp_out,yo,tier_4,code_switching,-0.0001,0.0016,20,0
30,residual,yo,tier_4,code_switching,0.0005,0.0006,20,0
30,attn_out,yo,tier_4,code_switching,0.0001,0.0003,20,0
30,mlp_out,yo,tier_4,code_switching,-0.0001,0.0008,20,0
31,residual,yo,tier_4,code_switching,0.0,0.0,20,0
31,attn_out,yo,tier_4,code_switching,0.0,0.0,20,0
31,mlp_out,yo,tier_4,code_switching,0.0,0.0,20,0
0,residual,zu,tier_4,code_switching,0.0855,0.0757,20,0
0,attn_out,zu,tier_4,code_switching,0.0113,0.0602,20,0
0,mlp_out,zu,tier_4,code_switching,0.0132,0.0363,20,0
1,residual,zu,tier_4,code_switching,0.1134,0.1064,20,0
1,attn_out,zu,tier_4,code_switching,0.0025,0.0192,20,0
1,mlp_out,zu,tier_4,code_switching,0.018,0.0263,20,0
2,residual,zu,tier_4,code_switching,0.0787,0.0755,20,0
2,attn_out,zu,tier_4,code_switching,-0.0022,0.0239,20,0
2,mlp_out,zu,tier_4,code_switching,0.0043,0.0743,20,0
3,residual,zu,tier_4,code_switching,0.1689,0.1094,20,0
3,attn_out,zu,tier_4,code_switching,0.0145,0.019,20,0
3,mlp_out,zu,tier_4,code_switching,0.0191,0.0158,20,0
4,residual,zu,tier_4,code_switching,0.1362,0.1055,20,0
4,attn_out,zu,tier_4,code_switching,-0.0053,0.0222,20,0
4,mlp_out,zu,tier_4,code_switching,-0.0054,0.0648,20,0
5,residual,zu,tier_4,code_switching,0.1601,0.1184,20,0
5,attn_out,zu,tier_4,code_switching,0.0003,0.0029,20,0
5,mlp_out,zu,tier_4,code_switching,0.0004,0.0574,20,0
6,residual,zu,tier_4,code_switching,0.1028,0.0807,20,0
6,attn_out,zu,tier_4,code_switching,-0.0018,0.013,20,0
6,mlp_out,zu,tier_4,code_switching,0.0113,0.0176,20,0
7,residual,zu,tier_4,code_switching,0.1056,0.063,20,0
7,attn_out,zu,tier_4,code_switching,-0.0116,0.0143,20,0
7,mlp_out,zu,tier_4,code_switching,-0.0225,0.0419,20,0
8,residual,zu,tier_4,code_switching,0.0323,0.0489,20,0
8,attn_out,zu,tier_4,code_switching,0.0073,0.0065,20,0
8,mlp_out,zu,tier_4,code_switching,0.0166,0.0052,20,0
9,residual,zu,tier_4,code_switching,0.0091,0.0329,20,0
9,attn_out,zu,tier_4,code_switching,-0.0032,0.004,20,0
9,mlp_out,zu,tier_4,code_switching,0.0047,0.0075,20,0
10,residual,zu,tier_4,code_switching,-0.0264,0.0447,20,0
10,attn_out,zu,tier_4,code_switching,-0.0011,0.0029,20,0
10,mlp_out,zu,tier_4,code_switching,-0.0031,0.0078,20,0
11,residual,zu,tier_4,code_switching,-0.0222,0.0488,20,0
11,attn_out,zu,tier_4,code_switching,0.0026,0.0069,20,0
11,mlp_out,zu,tier_4,code_switching,-0.0042,0.0113,20,0
12,residual,zu,tier_4,code_switching,-0.0204,0.0276,20,0
12,attn_out,zu,tier_4,code_switching,0.003,0.0039,20,0
12,mlp_out,zu,tier_4,code_switching,-0.007,0.0112,20,0
13,residual,zu,tier_4,code_switching,-0.0129,0.0248,20,0
13,attn_out,zu,tier_4,code_switching,-0.0005,0.0039,20,0
13,mlp_out,zu,tier_4,code_switching,-0.0145,0.0142,20,0
14,residual,zu,tier_4,code_switching,-0.0095,0.0246,20,0
14,attn_out,zu,tier_4,code_switching,-0.001,0.0039,20,0
14,mlp_out,zu,tier_4,code_switching,-0.0039,0.0061,20,0
15,residual,zu,tier_4,code_switching,0.003,0.0168,20,0
15,attn_out,zu,tier_4,code_switching,-0.0011,0.0028,20,0
15,mlp_out,zu,tier_4,code_switching,-0.0014,0.0145,20,0
16,residual,zu,tier_4,code_switching,0.0131,0.0184,20,0
16,attn_out,zu,tier_4,code_switching,0.0003,0.0101,20,0
16,mlp_out,zu,tier_4,code_switching,0.0007,0.0128,20,0
17,residual,zu,tier_4,code_switching,0.0122,0.0109,20,0
17,attn_out,zu,tier_4,code_switching,0.0024,0.0022,20,0
17,mlp_out,zu,tier_4,code_switching,0.0044,0.005,20,0
18,residual,zu,tier_4,code_switching,0.0105,0.0108,20,0
18,attn_out,zu,tier_4,code_switching,0.0008,0.0017,20,0
18,mlp_out,zu,tier_4,code_switching,-0.0026,0.0132,20,0
19,residual,zu,tier_4,code_switching,0.0154,0.0101,20,0
19,attn_out,zu,tier_4,code_switching,0.0011,0.0022,20,0
19,mlp_out,zu,tier_4,code_switching,0.0008,0.0043,20,0
20,residual,zu,tier_4,code_switching,0.0121,0.012,20,0
20,attn_out,zu,tier_4,code_switching,0.0013,0.0008,20,0
20,mlp_out,zu,tier_4,code_switching,0.0028,0.0087,20,0
21,residual,zu,tier_4,code_switching,0.0117,0.0127,20,0
21,attn_out,zu,tier_4,code_switching,0.0009,0.0014,20,0
21,mlp_out,zu,tier_4,code_switching,0.0067,0.005,20,0
22,residual,zu,tier_4,code_switching,0.0111,0.0125,20,0
22,attn_out,zu,tier_4,code_switching,0.0011,0.0006,20,0
22,mlp_out,zu,tier_4,code_switching,0.0055,0.0035,20,0
23,residual,zu,tier_4,code_switching,0.0093,0.0106,20,0
23,attn_out,zu,tier_4,code_switching,0.0007,0.0004,20,0
23,mlp_out,zu,tier_4,code_switching,0.004,0.0073,20,0
24,residual,zu,tier_4,code_switching,-0.0007,0.0102,20,0
24,attn_out,zu,tier_4,code_switching,0.0004,0.0017,20,0
24,mlp_out,zu,tier_4,code_switching,-0.0033,0.0015,20,0
25,residual,zu,tier_4,code_switching,-0.0002,0.0101,20,0
25,attn_out,zu,tier_4,code_switching,0.0005,0.0009,20,0
25,mlp_out,zu,tier_4,code_switching,0.0048,0.0068,20,0
26,residual,zu,tier_4,code_switching,-0.0001,0.0092,20,0
26,attn_out,zu,tier_4,code_switching,0.0014,0.0011,20,0
26,mlp_out,zu,tier_4,code_switching,0.0048,0.0026,20,0
27,residual,zu,tier_4,code_switching,0.0012,0.0068,20,0
27,attn_out,zu,tier_4,code_switching,0.0016,0.0011,20,0
27,mlp_out,zu,tier_4,code_switching,0.0023,0.003,20,0
28,residual,zu,tier_4,code_switching,0.0002,0.0086,20,0
28,attn_out,zu,tier_4,code_switching,0.0001,0.0007,20,0
28,mlp_out,zu,tier_4,code_switching,0.0016,0.0012,20,0
29,residual,zu,tier_4,code_switching,-0.0024,0.0083,20,0
29,attn_out,zu,tier_4,code_switching,-0.0005,0.0015,20,0
29,mlp_out,zu,tier_4,code_switching,0.0042,0.0049,20,0
30,residual,zu,tier_4,code_switching,-0.0012,0.0005,20,0
30,attn_out,zu,tier_4,code_switching,0.0002,0.0004,20,0
30,mlp_out,zu,tier_4,code_switching,-0.0003,0.0007,20,0
31,residual,zu,tier_4,code_switching,0.0,0.0,20,0
31,attn_out,zu,tier_4,code_switching,0.0,0.0,20,0
31,mlp_out,zu,tier_4,code_switching,0.0,0.0,20,0
0,residual,gd,tier_4,code_switching,0.0087,0.096,20,0
0,attn_out,gd,tier_4,code_switching,-0.0164,0.0635,20,0
0,mlp_out,gd,tier_4,code_switching,0.0063,0.0953,20,0
1,residual,gd,tier_4,code_switching,0.03,0.1227,20,0
1,attn_out,gd,tier_4,code_switching,0.0316,0.0569,20,0
1,mlp_out,gd,tier_4,code_switching,0.0283,0.0479,20,0
2,residual,gd,tier_4,code_switching,0.0491,0.1443,20,0
2,attn_out,gd,tier_4,code_switching,0.0203,0.0673,20,0
2,mlp_out,gd,tier_4,code_switching,0.037,0.0468,20,0
3,residual,gd,tier_4,code_switching,0.0162,0.1858,20,0
3,attn_out,gd,tier_4,code_switching,0.0403,0.0885,20,0
3,mlp_out,gd,tier_4,code_switching,0.0315,0.073,20,0
4,residual,gd,tier_4,code_switching,0.0158,0.1674,20,0
4,attn_out,gd,tier_4,code_switching,0.0446,0.0563,20,0
4,mlp_out,gd,tier_4,code_switching,0.0262,0.0785,20,0
5,residual,gd,tier_4,code_switching,0.0253,0.1748,20,0
5,attn_out,gd,tier_4,code_switching,0.0124,0.0187,20,0
5,mlp_out,gd,tier_4,code_switching,-0.0065,0.0565,20,0
6,residual,gd,tier_4,code_switching,0.0142,0.1613,20,0
6,attn_out,gd,tier_4,code_switching,0.0021,0.0081,20,0
6,mlp_out,gd,tier_4,code_switching,0.0498,0.0486,20,0
7,residual,gd,tier_4,code_switching,0.0216,0.1675,20,0
7,attn_out,gd,tier_4,code_switching,0.0327,0.0166,20,0
7,mlp_out,gd,tier_4,code_switching,0.0238,0.0218,20,0
8,residual,gd,tier_4,code_switching,0.0369,0.113,20,0
8,attn_out,gd,tier_4,code_switching,0.0114,0.0141,20,0
8,mlp_out,gd,tier_4,code_switching,-0.0063,0.0137,20,0
9,residual,gd,tier_4,code_switching,0.0418,0.0864,20,0
9,attn_out,gd,tier_4,code_switching,0.0083,0.0208,20,0
9,mlp_out,gd,tier_4,code_switching,0.0152,0.018,20,0
10,residual,gd,tier_4,code_switching,0.0236,0.0734,20,0
10,attn_out,gd,tier_4,code_switching,0.0109,0.0165,20,0
10,mlp_out,gd,tier_4,code_switching,0.0031,0.0233,20,0
11,residual,gd,tier_4,code_switching,0.0148,0.0831,20,0
11,attn_out,gd,tier_4,code_switching,0.0056,0.0074,20,0
11,mlp_out,gd,tier_4,code_switching,0.0348,0.0202,20,0
12,residual,gd,tier_4,code_switching,0.0045,0.027,20,0
12,attn_out,gd,tier_4,code_switching,0.0118,0.013,20,0
12,mlp_out,gd,tier_4,code_switching,-0.003,0.0079,20,0
13,residual,gd,tier_4,code_switching,-0.0076,0.0194,20,0
13,attn_out,gd,tier_4,code_switching,0.0033,0.0026,20,0
13,mlp_out,gd,tier_4,code_switching,0.0001,0.0041,20,0
14,residual,gd,tier_4,code_switching,-0.0113,0.0111,20,0
14,attn_out,gd,tier_4,code_switching,-0.0009,0.002,20,0
14,mlp_out,gd,tier_4,code_switching,-0.0022,0.0084,20,0
15,residual,gd,tier_4,code_switching,-0.0052,0.013,20,0
15,attn_out,gd,tier_4,code_switching,-0.0,0.0011,20,0
15,mlp_out,gd,tier_4,code_switching,-0.0007,0.0049,20,0
16,residual,gd,tier_4,code_switching,-0.0039,0.0125,20,0
16,attn_out,gd,tier_4,code_switching,-0.0023,0.0037,20,0
16,mlp_out,gd,tier_4,code_switching,-0.0002,0.0082,20,0
17,residual,gd,tier_4,code_switching,-0.0058,0.0065,20,0
17,attn_out,gd,tier_4,code_switching,0.0,0.0013,20,0
17,mlp_out,gd,tier_4,code_switching,0.0011,0.004,20,0
18,residual,gd,tier_4,code_switching,-0.0088,0.0068,20,0
18,attn_out,gd,tier_4,code_switching,0.0002,0.0005,20,0
18,mlp_out,gd,tier_4,code_switching,-0.0013,0.0064,20,0
19,residual,gd,tier_4,code_switching,-0.0108,0.0079,20,0
19,attn_out,gd,tier_4,code_switching,0.0013,0.0009,20,0
19,mlp_out,gd,tier_4,code_switching,0.0007,0.0015,20,0
20,residual,gd,tier_4,code_switching,-0.0103,0.0079,20,0
20,attn_out,gd,tier_4,code_switching,0.0008,0.0018,20,0
20,mlp_out,gd,tier_4,code_switching,0.0001,0.0008,20,0
21,residual,gd,tier_4,code_switching,-0.0074,0.0059,20,0
21,attn_out,gd,tier_4,code_switching,0.0002,0.0011,20,0
21,mlp_out,gd,tier_4,code_switching,0.0007,0.0032,20,0
22,residual,gd,tier_4,code_switching,-0.0086,0.0058,20,0
22,attn_out,gd,tier_4,code_switching,0.0005,0.0002,20,0
22,mlp_out,gd,tier_4,code_switching,-0.0012,0.002,20,0
23,residual,gd,tier_4,code_switching,-0.0075,0.0051,20,0
23,attn_out,gd,tier_4,code_switching,0.0001,0.0005,20,0
23,mlp_out,gd,tier_4,code_switching,0.0008,0.0016,20,0
24,residual,gd,tier_4,code_switching,-0.0078,0.0067,20,0
24,attn_out,gd,tier_4,code_switching,-0.0007,0.0016,20,0
24,mlp_out,gd,tier_4,code_switching,-0.0007,0.0006,20,0
25,residual,gd,tier_4,code_switching,-0.0067,0.0061,20,0
25,attn_out,gd,tier_4,code_switching,0.0002,0.0005,20,0
25,mlp_out,gd,tier_4,code_switching,0.0009,0.0023,20,0
26,residual,gd,tier_4,code_switching,-0.0075,0.0044,20,0
26,attn_out,gd,tier_4,code_switching,0.0001,0.0003,20,0
26,mlp_out,gd,tier_4,code_switching,-0.0001,0.0015,20,0
27,residual,gd,tier_4,code_switching,-0.0059,0.0057,20,0
27,attn_out,gd,tier_4,code_switching,-0.0,0.0002,20,0
27,mlp_out,gd,tier_4,code_switching,-0.0007,0.0011,20,0
28,residual,gd,tier_4,code_switching,-0.0069,0.0055,20,0
28,attn_out,gd,tier_4,code_switching,0.0001,0.0005,20,0
28,mlp_out,gd,tier_4,code_switching,0.0005,0.0017,20,0
29,residual,gd,tier_4,code_switching,-0.0057,0.0046,20,0
29,attn_out,gd,tier_4,code_switching,0.0006,0.0005,20,0
29,mlp_out,gd,tier_4,code_switching,-0.0,0.0009,20,0
30,residual,gd,tier_4,code_switching,-0.0013,0.0007,20,0
30,attn_out,gd,tier_4,code_switching,-0.0001,0.0003,20,0
30,mlp_out,gd,tier_4,code_switching,-0.001,0.0004,20,0
31,residual,gd,tier_4,code_switching,0.0,0.0,20,0
31,attn_out,gd,tier_4,code_switching,0.0,0.0,20,0
31,mlp_out,gd,tier_4,code_switching,0.0,0.0,20,0
0,residual,gn,tier_4,code_switching,-0.0503,0.0935,20,0
0,attn_out,gn,tier_4,code_switching,-0.0048,0.0632,20,0
0,mlp_out,gn,tier_4,code_switching,0.0179,0.0544,20,0
1,residual,gn,tier_4,code_switching,-0.0745,0.1001,20,0
1,attn_out,gn,tier_4,code_switching,-0.0044,0.0399,20,0
1,mlp_out,gn,tier_4,code_switching,-0.0216,0.0625,20,0
2,residual,gn,tier_4,code_switching,-0.056,0.0967,20,0
2,attn_out,gn,tier_4,code_switching,-0.006,0.0291,20,0
2,mlp_out,gn,tier_4,code_switching,-0.0351,0.074,20,0
3,residual,gn,tier_4,code_switching,-0.0525,0.0785,20,0
3,attn_out,gn,tier_4,code_switching,0.0152,0.019,20,0
3,mlp_out,gn,tier_4,code_switching,0.0091,0.0438,20,0
4,residual,gn,tier_4,code_switching,-0.0244,0.0921,20,0
4,attn_out,gn,tier_4,code_switching,0.0007,0.028,20,0
4,mlp_out,gn,tier_4,code_switching,-0.0314,0.0312,20,0
5,residual,gn,tier_4,code_switching,-0.026,0.0798,20,0
5,attn_out,gn,tier_4,code_switching,0.0111,0.0372,20,0
5,mlp_out,gn,tier_4,code_switching,0.0165,0.047,20,0
6,residual,gn,tier_4,code_switching,-0.0474,0.0737,20,0
6,attn_out,gn,tier_4,code_switching,-0.0055,0.0327,20,0
6,mlp_out,gn,tier_4,code_switching,0.0381,0.0238,20,0
7,residual,gn,tier_4,code_switching,-0.0588,0.0911,20,0
7,attn_out,gn,tier_4,code_switching,-0.0145,0.0239,20,0
7,mlp_out,gn,tier_4,code_switching,-0.0225,0.0426,20,0
8,residual,gn,tier_4,code_switching,-0.0603,0.0866,20,0
8,attn_out,gn,tier_4,code_switching,-0.0016,0.0235,20,0
8,mlp_out,gn,tier_4,code_switching,-0.0037,0.0317,20,0
9,residual,gn,tier_4,code_switching,-0.0491,0.0967,20,0
9,attn_out,gn,tier_4,code_switching,-0.0089,0.0036,20,0
9,mlp_out,gn,tier_4,code_switching,-0.0039,0.0213,20,0
10,residual,gn,tier_4,code_switching,-0.0558,0.0841,20,0
10,attn_out,gn,tier_4,code_switching,0.0059,0.0055,20,0
10,mlp_out,gn,tier_4,code_switching,-0.0108,0.0203,20,0
11,residual,gn,tier_4,code_switching,-0.0577,0.0824,20,0
11,attn_out,gn,tier_4,code_switching,-0.0002,0.0059,20,0
11,mlp_out,gn,tier_4,code_switching,-0.0027,0.0171,20,0
12,residual,gn,tier_4,code_switching,-0.0349,0.0494,20,0
12,attn_out,gn,tier_4,code_switching,0.0006,0.0036,20,0
12,mlp_out,gn,tier_4,code_switching,-0.0127,0.0132,20,0
13,residual,gn,tier_4,code_switching,-0.0359,0.0403,20,0
13,attn_out,gn,tier_4,code_switching,0.002,0.0068,20,0
13,mlp_out,gn,tier_4,code_switching,0.0085,0.0136,20,0
14,residual,gn,tier_4,code_switching,-0.0292,0.0312,20,0
14,attn_out,gn,tier_4,code_switching,0.0036,0.0055,20,0
14,mlp_out,gn,tier_4,code_switching,0.0016,0.0077,20,0
15,residual,gn,tier_4,code_switching,-0.0256,0.0253,20,0
15,attn_out,gn,tier_4,code_switching,-0.0027,0.0041,20,0
15,mlp_out,gn,tier_4,code_switching,0.0059,0.0122,20,0
16,residual,gn,tier_4,code_switching,-0.0228,0.0256,20,0
16,attn_out,gn,tier_4,code_switching,-0.0016,0.0064,20,0
16,mlp_out,gn,tier_4,code_switching,0.0044,0.0082,20,0
17,residual,gn,tier_4,code_switching,-0.0145,0.0211,20,0
17,attn_out,gn,tier_4,code_switching,0.0016,0.0041,20,0
17,mlp_out,gn,tier_4,code_switching,-0.003,0.0031,20,0
18,residual,gn,tier_4,code_switching,-0.0159,0.0139,20,0
18,attn_out,gn,tier_4,code_switching,0.0001,0.0029,20,0
18,mlp_out,gn,tier_4,code_switching,-0.0006,0.0042,20,0
19,residual,gn,tier_4,code_switching,-0.0168,0.0153,20,0
19,attn_out,gn,tier_4,code_switching,0.0016,0.0017,20,0
19,mlp_out,gn,tier_4,code_switching,-0.0064,0.0055,20,0
20,residual,gn,tier_4,code_switching,-0.0165,0.0153,20,0
20,attn_out,gn,tier_4,code_switching,0.0002,0.0011,20,0
20,mlp_out,gn,tier_4,code_switching,0.0037,0.0062,20,0
21,residual,gn,tier_4,code_switching,-0.0139,0.0154,20,0
21,attn_out,gn,tier_4,code_switching,-0.0002,0.0003,20,0
21,mlp_out,gn,tier_4,code_switching,0.0025,0.0032,20,0
22,residual,gn,tier_4,code_switching,-0.0115,0.0137,20,0
22,attn_out,gn,tier_4,code_switching,-0.0003,0.0007,20,0
22,mlp_out,gn,tier_4,code_switching,-0.0024,0.0032,20,0
23,residual,gn,tier_4,code_switching,-0.0113,0.0136,20,0
23,attn_out,gn,tier_4,code_switching,-0.0004,0.0007,20,0
23,mlp_out,gn,tier_4,code_switching,-0.0004,0.0046,20,0
24,residual,gn,tier_4,code_switching,-0.0095,0.0102,20,0
24,attn_out,gn,tier_4,code_switching,0.0015,0.0024,20,0
24,mlp_out,gn,tier_4,code_switching,-0.0016,0.0023,20,0
25,residual,gn,tier_4,code_switching,-0.0081,0.0108,20,0
25,attn_out,gn,tier_4,code_switching,0.0007,0.0004,20,0
25,mlp_out,gn,tier_4,code_switching,-0.0016,0.0025,20,0
26,residual,gn,tier_4,code_switching,-0.0077,0.0121,20,0
26,attn_out,gn,tier_4,code_switching,0.0003,0.001,20,0
26,mlp_out,gn,tier_4,code_switching,0.0008,0.003,20,0
27,residual,gn,tier_4,code_switching,-0.0078,0.0129,20,0
27,attn_out,gn,tier_4,code_switching,-0.0003,0.0004,20,0
27,mlp_out,gn,tier_4,code_switching,0.0014,0.0024,20,0
28,residual,gn,tier_4,code_switching,-0.0089,0.0134,20,0
28,attn_out,gn,tier_4,code_switching,0.0005,0.0005,20,0
28,mlp_out,gn,tier_4,code_switching,-0.0009,0.0032,20,0
29,residual,gn,tier_4,code_switching,-0.0062,0.0107,20,0
29,attn_out,gn,tier_4,code_switching,-0.0002,0.0004,20,0
29,mlp_out,gn,tier_4,code_switching,-0.0016,0.0026,20,0
30,residual,gn,tier_4,code_switching,0.0002,0.001,20,0
30,attn_out,gn,tier_4,code_switching,-0.0001,0.0002,20,0
30,mlp_out,gn,tier_4,code_switching,-0.0001,0.0004,20,0
31,residual,gn,tier_4,code_switching,0.0,0.0,20,0
31,attn_out,gn,tier_4,code_switching,0.0,0.0,20,0
31,mlp_out,gn,tier_4,code_switching,0.0,0.0,20,0
