layer,component,language,tier,perturbation,mean_restoration,std_restoration,n_pairs_used,n_pairs_skipped
0,residual,de,tier_1,standard_translation,0.5492,0.3209,20,0
0,attn_out,de,tier_1,standard_translation,0.5404,0.3132,20,0
0,mlp_out,de,tier_1,standard_translation,0.3827,0.3511,20,0
1,residual,de,tier_1,standard_translation,0.5439,0.3323,20,0
1,attn_out,de,tier_1,standard_translation,0.0459,0.1017,20,0
1,mlp_out,de,tier_1,standard_translation,0.0206,0.0435,20,0
2,residual,de,tier_1,standard_translation,0.4938,0.3071,20,0
2,attn_out,de,tier_1,standard_translation,0.0308,0.1323,20,0
2,mlp_out,de,tier_1,standard_translation,0.0255,0.0808,20,0
3,residual,de,tier_1,standard_translation,0.4047,0.1997,20,0
3,attn_out,de,tier_1,standard_translation,0.0071,0.0812,20,0
3,mlp_out,de,tier_1,standard_translation,0.1732,0.4149,20,0
4,residual,de,tier_1,standard_translation,0.3413,0.181,20,0
4,attn_out,de,tier_1,standard_translation,-0.0514,0.0669,20,0
4,mlp_out,de,tier_1,standard_translation,0.0355,0.0703,20,0
5,residual,de,tier_1,standard_translation,0.2392,0.1538,20,0
5,attn_out,de,tier_1,standard_translation,0.0045,0.1008,20,0
5,mlp_out,de,tier_1,standard_translation,0.0633,0.1751,20,0
6,residual,de,tier_1,standard_translation,0.2268,0.174,20,0
6,attn_out,de,tier_1,standard_translation,0.121,0.3571,20,0
6,mlp_out,de,tier_1,standard_translation,0.1734,0.3715,20,0
7,residual,de,tier_1,standard_translation,0.2491,0.1819,20,0
7,attn_out,de,tier_1,standard_translation,0.0403,0.1517,20,0
7,mlp_out,de,tier_1,standard_translation,0.264,0.3084,20,0
8,residual,de,tier_1,standard_translation,0.3202,0.2397,20,0
8,attn_out,de,tier_1,standard_translation,0.0366,0.0983,20,0
8,mlp_out,de,tier_1,standard_translation,0.2111,0.373,20,0
9,residual,de,tier_1,standard_translation,0.2995,0.221,20,0
9,attn_out,de,tier_1,standard_translation,0.0967,0.2102,20,0
9,mlp_out,de,tier_1,standard_translation,0.1705,0.3452,20,0
10,residual,de,tier_1,standard_translation,0.3096,0.2646,20,0
10,attn_out,de,tier_1,standard_translation,-0.0698,0.1871,20,0
10,mlp_out,de,tier_1,standard_translation,-0.1345,0.1675,20,0
11,residual,de,tier_1,standard_translation,0.3138,0.3246,20,0
11,attn_out,de,tier_1,standard_translation,-0.089,0.1499,20,0
11,mlp_out,de,tier_1,standard_translation,0.0051,0.2092,20,0
12,residual,de,tier_1,standard_translation,0.2892,0.3577,20,0
12,attn_out,de,tier_1,standard_translation,0.04,0.1601,20,0
12,mlp_out,de,tier_1,standard_translation,0.1052,0.2713,20,0
13,residual,de,tier_1,standard_translation,0.2646,0.2212,20,0
13,attn_out,de,tier_1,standard_translation,0.0283,0.1029,20,0
13,mlp_out,de,tier_1,standard_translation,0.0445,0.0968,20,0
14,residual,de,tier_1,standard_translation,0.2685,0.1622,20,0
14,attn_out,de,tier_1,standard_translation,0.0531,0.0848,20,0
14,mlp_out,de,tier_1,standard_translation,0.1907,0.0676,20,0
15,residual,de,tier_1,standard_translation,0.3001,0.2099,20,0
15,attn_out,de,tier_1,standard_translation,0.0834,0.0689,20,0
15,mlp_out,de,tier_1,standard_translation,0.1495,0.0745,20,0
16,residual,de,tier_1,standard_translation,0.2686,0.2013,20,0
16,attn_out,de,tier_1,standard_translation,0.026,0.0672,20,0
16,mlp_out,de,tier_1,standard_translation,0.0041,0.1103,20,0
17,residual,de,tier_1,standard_translation,0.3174,0.2881,20,0
17,attn_out,de,tier_1,standard_translation,0.0522,0.049,20,0
17,mlp_out,de,tier_1,standard_translation,0.0763,0.1588,20,0
18,residual,de,tier_1,standard_translation,0.0901,0.1223,20,0
18,attn_out,de,tier_1,standard_translation,-0.0007,0.019,20,0
18,mlp_out,de,tier_1,standard_translation,0.0173,0.0326,20,0
19,residual,de,tier_1,standard_translation,0.1051,0.1789,20,0
19,attn_out,de,tier_1,standard_translation,-0.0205,0.0433,20,0
19,mlp_out,de,tier_1,standard_translation,0.0111,0.0362,20,0
20,residual,de,tier_1,standard_translation,0.0718,0.1078,20,0
20,attn_out,de,tier_1,standard_translation,0.0086,0.0055,20,0
20,mlp_out,de,tier_1,standard_translation,-0.0473,0.034,20,0
21,residual,de,tier_1,standard_translation,0.0177,0.0716,20,0
21,attn_out,de,tier_1,standard_translation,-0.0062,0.0103,20,0
21,mlp_out,de,tier_1,standard_translation,0.0212,0.0258,20,0
22,residual,de,tier_1,standard_translation,0.02,0.0671,20,0
22,attn_out,de,tier_1,standard_translation,-0.0041,0.0033,20,0
22,mlp_out,de,tier_1,standard_translation,-0.0046,0.0071,20,0
23,residual,de,tier_1,standard_translation,0.0197,0.0813,20,0
23,attn_out,de,tier_1,standard_translation,0.0034,0.008,20,0
23,mlp_out,de,tier_1,standard_translation,-0.0024,0.0046,20,0
24,residual,de,tier_1,standard_translation,0.0307,0.0927,20,0
24,attn_out,de,tier_1,standard_translation,0.0012,0.0044,20,0
24,mlp_out,de,tier_1,standard_translation,0.0134,0.0185,20,0
25,residual,de,tier_1,standard_translation,0.0311,0.0567,20,0
25,attn_out,de,tier_1,standard_translation,-0.0005,0.0034,20,0
25,mlp_out,de,tier_1,standard_translation,-0.0089,0.0042,20,0
26,residual,de,tier_1,standard_translation,0.0335,0.0587,20,0
26,attn_out,de,tier_1,standard_translation,0.0082,0.0079,20,0
26,mlp_out,de,tier_1,standard_translation,-0.0179,0.0122,20,0
27,residual,de,tier_1,standard_translation,0.0,0.0,20,0
27,attn_out,de,tier_1,standard_translation,0.0,0.0,20,0
27,mlp_out,de,tier_1,standard_translation,0.0,0.0,20,0
0,residual,fr,tier_1,standard_translation,0.0102,0.053,20,0
0,attn_out,fr,tier_1,standard_translation,0.0119,0.0549,20,0
0,mlp_out,fr,tier_1,standard_translation,0.0365,0.0658,20,0
1,residual,fr,tier_1,standard_translation,-0.0116,0.0435,20,0
1,attn_out,fr,tier_1,standard_translation,0.0193,0.0479,20,0
1,mlp_out,fr,tier_1,standard_translation,-0.0023,0.0095,20,0
2,residual,fr,tier_1,standard_translation,-0.0307,0.0548,20,0
2,attn_out,fr,tier_1,standard_translation,0.0132,0.0131,20,0
2,mlp_out,fr,tier_1,standard_translation,0.0011,0.0207,20,0
3,residual,fr,tier_1,standard_translation,-0.0203,0.0672,20,0
3,attn_out,fr,tier_1,standard_translation,-0.0049,0.03,20,0
3,mlp_out,fr,tier_1,standard_translation,-0.0077,0.0291,20,0
4,residual,fr,tier_1,standard_translation,-0.0215,0.067,20,0
4,attn_out,fr,tier_1,standard_translation,-0.0087,0.016,20,0
4,mlp_out,fr,tier_1,standard_translation,-0.0075,0.0221,20,0
5,residual,fr,tier_1,standard_translation,-0.0101,0.057,20,0
5,attn_out,fr,tier_1,standard_translation,0.0113,0.0184,20,0
5,mlp_out,fr,tier_1,standard_translation,0.0092,0.037,20,0
6,residual,fr,tier_1,standard_translation,0.0479,0.0516,20,0
6,attn_out,fr,tier_1,standard_translation,0.0002,0.0102,20,0
6,mlp_out,fr,tier_1,standard_translation,0.001,0.0161,20,0
7,residual,fr,tier_1,standard_translation,0.0525,0.0525,20,0
7,attn_out,fr,tier_1,standard_translation,-0.002,0.0275,20,0
7,mlp_out,fr,tier_1,standard_translation,0.0258,0.0527,20,0
8,residual,fr,tier_1,standard_translation,0.0394,0.0466,20,0
8,attn_out,fr,tier_1,standard_translation,0.0022,0.0124,20,0
8,mlp_out,fr,tier_1,standard_translation,0.0303,0.0423,20,0
9,residual,fr,tier_1,standard_translation,0.0465,0.0442,20,0
9,attn_out,fr,tier_1,standard_translation,0.0041,0.0166,20,0
9,mlp_out,fr,tier_1,standard_translation,0.0025,0.0409,20,0
10,residual,fr,tier_1,standard_translation,0.0489,0.0423,20,0
10,attn_out,fr,tier_1,standard_translation,-0.0006,0.012,20,0
10,mlp_out,fr,tier_1,standard_translation,-0.0068,0.0163,20,0
11,residual,fr,tier_1,standard_translation,0.0462,0.0444,20,0
11,attn_out,fr,tier_1,standard_translation,0.0035,0.0188,20,0
11,mlp_out,fr,tier_1,standard_translation,-0.0205,0.0207,20,0
12,residual,fr,tier_1,standard_translation,0.0526,0.0437,20,0
12,attn_out,fr,tier_1,standard_translation,-0.0088,0.0133,20,0
12,mlp_out,fr,tier_1,standard_translation,-0.0163,0.0235,20,0
13,residual,fr,tier_1,standard_translation,0.05,0.0429,20,0
13,attn_out,fr,tier_1,standard_translation,-0.0168,0.0105,20,0
13,mlp_out,fr,tier_1,standard_translation,-0.038,0.0309,20,0
14,residual,fr,tier_1,standard_translation,0.0554,0.0444,20,0
14,attn_out,fr,tier_1,standard_translation,0.0178,0.0145,20,0
14,mlp_out,fr,tier_1,standard_translation,-0.0126,0.0189,20,0
15,residual,fr,tier_1,standard_translation,0.0521,0.0316,20,0
15,attn_out,fr,tier_1,standard_translation,0.0145,0.0138,20,0
15,mlp_out,fr,tier_1,standard_translation,-0.0145,0.0247,20,0
16,residual,fr,tier_1,standard_translation,0.0481,0.036,20,0
16,attn_out,fr,tier_1,standard_translation,0.0151,0.0152,20,0
16,mlp_out,fr,tier_1,standard_translation,-0.0252,0.0413,20,0
17,residual,fr,tier_1,standard_translation,0.0677,0.0355,20,0
17,attn_out,fr,tier_1,standard_translation,0.006,0.0123,20,0
17,mlp_out,fr,tier_1,standard_translation,-0.0203,0.0256,20,0
18,residual,fr,tier_1,standard_translation,0.018,0.0273,20,0
18,attn_out,fr,tier_1,standard_translation,-0.0061,0.0071,20,0
18,mlp_out,fr,tier_1,standard_translation,-0.0079,0.0115,20,0
19,residual,fr,tier_1,standard_translation,0.0193,0.0238,20,0
19,attn_out,fr,tier_1,standard_translation,-0.0074,0.0112,20,0
19,mlp_out,fr,tier_1,standard_translation,-0.0007,0.0114,20,0
20,residual,fr,tier_1,standard_translation,0.0154,0.0149,20,0
20,attn_out,fr,tier_1,standard_translation,0.0031,0.004,20,0
20,mlp_out,fr,tier_1,standard_translation,0.0026,0.0096,20,0
21,residual,fr,tier_1,standard_translation,0.0167,0.0149,20,0
21,attn_out,fr,tier_1,standard_translation,0.0012,0.0045,20,0
21,mlp_out,fr,tier_1,standard_translation,0.0044,0.0086,20,0
22,residual,fr,tier_1,standard_translation,0.004,0.0148,20,0
22,attn_out,fr,tier_1,standard_translation,-0.0009,0.0016,20,0
22,mlp_out,fr,tier_1,standard_translation,-0.0004,0.0034,20,0
23,residual,fr,tier_1,standard_translation,0.0015,0.0127,20,0
23,attn_out,fr,tier_1,standard_translation,0.0019,0.0037,20,0
23,mlp_out,fr,tier_1,standard_translation,0.002,0.0046,20,0
24,residual,fr,tier_1,standard_translation,0.0007,0.0103,20,0
24,attn_out,fr,tier_1,standard_translation,0.0007,0.0003,20,0
24,mlp_out,fr,tier_1,standard_translation,0.0023,0.0017,20,0
25,residual,fr,tier_1,standard_translation,0.0055,0.0076,20,0
25,attn_out,fr,tier_1,standard_translation,-0.0011,0.0013,20,0
25,mlp_out,fr,tier_1,standard_translation,0.0016,0.0033,20,0
26,residual,fr,tier_1,standard_translation,0.0057,0.0056,20,0
26,attn_out,fr,tier_1,standard_translation,0.002,0.0018,20,0
26,mlp_out,fr,tier_1,standard_translation,-0.0015,0.0021,20,0
27,residual,fr,tier_1,standard_translation,0.0,0.0,20,0
27,attn_out,fr,tier_1,standard_translation,0.0,0.0,20,0
27,mlp_out,fr,tier_1,standard_translation,0.0,0.0,20,0
0,residual,zh,tier_1,standard_translation,-0.1651,0.1512,20,0
0,attn_out,zh,tier_1,standard_translation,-0.162,0.1503,20,0
0,mlp_out,zh,tier_1,standard_translation,-0.1324,0.0835,20,0
1,residual,zh,tier_1,standard_translation,-0.1483,0.1569,20,0
1,attn_out,zh,tier_1,standard_translation,0.0055,0.02,20,0
1,mlp_out,zh,tier_1,standard_translation,0.007,0.0245,20,0
2,residual,zh,tier_1,standard_translation,-0.1004,0.1037,20,0
2,attn_out,zh,tier_1,standard_translation,0.0012,0.019,20,0
2,mlp_out,zh,tier_1,standard_translation,-0.0152,0.0145,20,0
3,residual,zh,tier_1,standard_translation,-0.0801,0.0835,20,0
3,attn_out,zh,tier_1,standard_translation,-0.0009,0.019,20,0
3,mlp_out,zh,tier_1,standard_translation,-0.0168,0.0115,20,0
4,residual,zh,tier_1,standard_translation,-0.0682,0.0714,20,0
4,attn_out,zh,tier_1,standard_translation,0.0052,0.0078,20,0
4,mlp_out,zh,tier_1,standard_translation,0.0157,0.0319,20,0
5,residual,zh,tier_1,standard_translation,-0.0549,0.0718,20,0
5,attn_out,zh,tier_1,standard_translation,-0.0049,0.0134,20,0
5,mlp_out,zh,tier_1,standard_translation,0.02,0.0531,20,0
6,residual,zh,tier_1,standard_translation,-0.0459,0.069,20,0
6,attn_out,zh,tier_1,standard_translation,-0.0019,0.0306,20,0
6,mlp_out,zh,tier_1,standard_translation,0.0116,0.042,20,0
7,residual,zh,tier_1,standard_translation,-0.0149,0.0612,20,0
7,attn_out,zh,tier_1,standard_translation,0.0055,0.0228,20,0
7,mlp_out,zh,tier_1,standard_translation,0.0222,0.0584,20,0
8,residual,zh,tier_1,standard_translation,-0.0093,0.0507,20,0
8,attn_out,zh,tier_1,standard_translation,0.0079,0.0219,20,0
8,mlp_out,zh,tier_1,standard_translation,-0.0255,0.0197,20,0
9,residual,zh,tier_1,standard_translation,0.001,0.0409,20,0
9,attn_out,zh,tier_1,standard_translation,-0.0062,0.0186,20,0
9,mlp_out,zh,tier_1,standard_translation,-0.0229,0.0299,20,0
10,residual,zh,tier_1,standard_translation,0.0064,0.0423,20,0
10,attn_out,zh,tier_1,standard_translation,0.007,0.0224,20,0
10,mlp_out,zh,tier_1,standard_translation,-0.0111,0.022,20,0
11,residual,zh,tier_1,standard_translation,0.0251,0.0435,20,0
11,attn_out,zh,tier_1,standard_translation,0.0075,0.0195,20,0
11,mlp_out,zh,tier_1,standard_translation,-0.0036,0.0389,20,0
12,residual,zh,tier_1,standard_translation,0.013,0.047,20,0
12,attn_out,zh,tier_1,standard_translation,-0.02,0.0407,20,0
12,mlp_out,zh,tier_1,standard_translation,-0.0005,0.0229,20,0
13,residual,zh,tier_1,standard_translation,0.02,0.037,20,0
13,attn_out,zh,tier_1,standard_translation,-0.0072,0.0105,20,0
13,mlp_out,zh,tier_1,standard_translation,0.0174,0.015,20,0
14,residual,zh,tier_1,standard_translation,0.0333,0.0281,20,0
14,attn_out,zh,tier_1,standard_translation,-0.007,0.0087,20,0
14,mlp_out,zh,tier_1,standard_translation,-0.0006,0.0213,20,0
15,residual,zh,tier_1,standard_translation,0.0353,0.0382,20,0
15,attn_out,zh,tier_1,standard_translation,-0.0058,0.0087,20,0
15,mlp_out,zh,tier_1,standard_translation,0.0152,0.0234,20,0
16,residual,zh,tier_1,standard_translation,0.0369,0.0458,20,0
16,attn_out,zh,tier_1,standard_translation,-0.0042,0.003,20,0
16,mlp_out,zh,tier_1,standard_translation,-0.0059,0.0205,20,0
17,residual,zh,tier_1,standard_translation,0.0524,0.0503,20,0
17,attn_out,zh,tier_1,standard_translation,-0.0005,0.0096,20,0
17,mlp_out,zh,tier_1,standard_translation,-0.0052,0.0377,20,0
18,residual,zh,tier_1,standard_translation,-0.0037,0.0417,20,0
18,attn_out,zh,tier_1,standard_translation,0.0021,0.0069,20,0
18,mlp_out,zh,tier_1,standard_translation,0.0077,0.0114,20,0
19,residual,zh,tier_1,standard_translation,-0.0247,0.0318,20,0
19,attn_out,zh,tier_1,standard_translation,0.0013,0.0076,20,0
19,mlp_out,zh,tier_1,standard_translation,0.008,0.0148,20,0
20,residual,zh,tier_1,standard_translation,-0.0259,0.02,20,0
20,attn_out,zh,tier_1,standard_translation,-0.0043,0.0101,20,0
20,mlp_out,zh,tier_1,standard_translation,0.0067,0.0084,20,0
21,residual,zh,tier_1,standard_translation,-0.0312,0.0294,20,0
21,attn_out,zh,tier_1,standard_translation,-0.0016,0.0073,20,0
21,mlp_out,zh,tier_1,standard_translation,-0.001,0.0174,20,0
22,residual,zh,tier_1,standard_translation,-0.0098,0.0085,20,0
22,attn_out,zh,tier_1,standard_translation,0.0031,0.0059,20,0
22,mlp_out,zh,tier_1,standard_translation,-0.0021,0.0118,20,0
23,residual,zh,tier_1,standard_translation,-0.0074,0.011,20,0
23,attn_out,zh,tier_1,standard_translation,-0.0011,0.0018,20,0
23,mlp_out,zh,tier_1,standard_translation,-0.0045,0.009,20,0
24,residual,zh,tier_1,standard_translation,-0.0028,0.0127,20,0
24,attn_out,zh,tier_1,standard_translation,-0.0007,0.0018,20,0
24,mlp_out,zh,tier_1,standard_translation,-0.002,0.0016,20,0
25,residual,zh,tier_1,standard_translation,-0.0017,0.0097,20,0
25,attn_out,zh,tier_1,standard_translation,-0.0037,0.0032,20,0
25,mlp_out,zh,tier_1,standard_translation,0.0029,0.0099,20,0
26,residual,zh,tier_1,standard_translation,-0.0033,0.0112,20,0
26,attn_out,zh,tier_1,standard_translation,-0.0001,0.001,20,0
26,mlp_out,zh,tier_1,standard_translation,0.0009,0.0014,20,0
27,residual,zh,tier_1,standard_translation,0.0,0.0,20,0
27,attn_out,zh,tier_1,standard_translation,0.0,0.0,20,0
27,mlp_out,zh,tier_1,standard_translation,0.0,0.0,20,0
0,residual,es,tier_1,standard_translation,0.0701,0.1457,20,0
0,attn_out,es,tier_1,standard_translation,0.0767,0.1458,20,0
0,mlp_out,es,tier_1,standard_translation,0.0566,0.1433,20,0
1,residual,es,tier_1,standard_translation,0.0546,0.1003,20,0
1,attn_out,es,tier_1,standard_translation,-0.0013,0.0115,20,0
1,mlp_out,es,tier_1,standard_translation,-0.005,0.0146,20,0
2,residual,es,tier_1,standard_translation,0.026,0.0628,20,0
2,attn_out,es,tier_1,standard_translation,0.003,0.0207,20,0
2,mlp_out,es,tier_1,standard_translation,-0.0175,0.0169,20,0
3,residual,es,tier_1,standard_translation,0.0448,0.0443,20,0
3,attn_out,es,tier_1,standard_translation,-0.015,0.0258,20,0
3,mlp_out,es,tier_1,standard_translation,-0.0145,0.0353,20,0
4,residual,es,tier_1,standard_translation,0.0539,0.0363,20,0
4,attn_out,es,tier_1,standard_translation,-0.0057,0.0138,20,0
4,mlp_out,es,tier_1,standard_translation,0.0238,0.0295,20,0
5,residual,es,tier_1,standard_translation,0.0091,0.0703,20,0
5,attn_out,es,tier_1,standard_translation,0.0368,0.0288,20,0
5,mlp_out,es,tier_1,standard_translation,0.0385,0.0509,20,0
6,residual,es,tier_1,standard_translation,-0.0375,0.138,20,0
6,attn_out,es,tier_1,standard_translation,-0.0141,0.0162,20,0
6,mlp_out,es,tier_1,standard_translation,-0.0494,0.0701,20,0
7,residual,es,tier_1,standard_translation,-0.0367,0.1433,20,0
7,attn_out,es,tier_1,standard_translation,0.0219,0.0227,20,0
7,mlp_out,es,tier_1,standard_translation,0.0012,0.0568,20,0
8,residual,es,tier_1,standard_translation,-0.0572,0.1551,20,0
8,attn_out,es,tier_1,standard_translation,0.0078,0.0191,20,0
8,mlp_out,es,tier_1,standard_translation,-0.017,0.0422,20,0
9,residual,es,tier_1,standard_translation,-0.0577,0.1603,20,0
9,attn_out,es,tier_1,standard_translation,-0.0087,0.0261,20,0
9,mlp_out,es,tier_1,standard_translation,-0.0155,0.0753,20,0
10,residual,es,tier_1,standard_translation,-0.0656,0.1563,20,0
10,attn_out,es,tier_1,standard_translation,-0.0413,0.0683,20,0
10,mlp_out,es,tier_1,standard_translation,-0.0808,0.1035,20,0
11,residual,es,tier_1,standard_translation,-0.073,0.1416,20,0
11,attn_out,es,tier_1,standard_translation,-0.0218,0.0508,20,0
11,mlp_out,es,tier_1,standard_translation,-0.0672,0.0435,20,0
12,residual,es,tier_1,standard_translation,-0.0779,0.1562,20,0
12,attn_out,es,tier_1,standard_translation,-0.0181,0.043,20,0
12,mlp_out,es,tier_1,standard_translation,-0.1009,0.099,20,0
13,residual,es,tier_1,standard_translation,-0.0295,0.0979,20,0
13,attn_out,es,tier_1,standard_translation,-0.0101,0.0566,20,0
13,mlp_out,es,tier_1,standard_translation,-0.0654,0.0432,20,0
14,residual,es,tier_1,standard_translation,-0.0304,0.0745,20,0
14,attn_out,es,tier_1,standard_translation,-0.0045,0.0124,20,0
14,mlp_out,es,tier_1,standard_translation,-0.0479,0.0679,20,0
15,residual,es,tier_1,standard_translation,-0.0078,0.0585,20,0
15,attn_out,es,tier_1,standard_translation,-0.0055,0.0297,20,0
15,mlp_out,es,tier_1,standard_translation,-0.0414,0.0554,20,0
16,residual,es,tier_1,standard_translation,-0.0001,0.0531,20,0
16,attn_out,es,tier_1,standard_translation,0.0166,0.0093,20,0
16,mlp_out,es,tier_1,standard_translation,-0.0563,0.0761,20,0
17,residual,es,tier_1,standard_translation,0.0771,0.0284,20,0
17,attn_out,es,tier_1,standard_translation,-0.0019,0.0129,20,0
17,mlp_out,es,tier_1,standard_translation,-0.1186,0.1102,20,0
18,residual,es,tier_1,standard_translation,0.0691,0.0428,20,0
18,attn_out,es,tier_1,standard_translation,0.0073,0.0137,20,0
18,mlp_out,es,tier_1,standard_translation,0.0152,0.0239,20,0
19,residual,es,tier_1,standard_translation,0.055,0.052,20,0
19,attn_out,es,tier_1,standard_translation,0.0025,0.0031,20,0
19,mlp_out,es,tier_1,standard_translation,0.0061,0.0233,20,0
20,residual,es,tier_1,standard_translation,0.0265,0.033,20,0
20,attn_out,es,tier_1,standard_translation,0.0113,0.0085,20,0
20,mlp_out,es,tier_1,standard_translation,0.0079,0.0195,20,0
21,residual,es,tier_1,standard_translation,0.0216,0.0289,20,0
21,attn_out,es,tier_1,standard_translation,-0.0055,0.0056,20,0
21,mlp_out,es,tier_1,standard_translation,0.0019,0.0089,20,0
22,residual,es,tier_1,standard_translation,0.0087,0.0151,20,0
22,attn_out,es,tier_1,standard_translation,-0.0007,0.0027,20,0
22,mlp_out,es,tier_1,standard_translation,0.0045,0.0085,20,0
23,residual,es,tier_1,standard_translation,0.0097,0.0123,20,0
23,attn_out,es,tier_1,standard_translation,0.0057,0.0036,20,0
23,mlp_out,es,tier_1,standard_translation,0.0103,0.0077,20,0
24,residual,es,tier_1,standard_translation,-0.0028,0.0098,20,0
24,attn_out,es,tier_1,standard_translation,0.003,0.0021,20,0
24,mlp_out,es,tier_1,standard_translation,0.0046,0.0066,20,0
25,residual,es,tier_1,standard_translation,0.004,0.0042,20,0
25,attn_out,es,tier_1,standard_translation,-0.0002,0.0023,20,0
25,mlp_out,es,tier_1,standard_translation,-0.0034,0.0031,20,0
26,residual,es,tier_1,standard_translation,0.0077,0.0077,20,0
26,attn_out,es,tier_1,standard_translation,0.003,0.0016,20,0
26,mlp_out,es,tier_1,standard_translation,-0.0057,0.002,20,0
27,residual,es,tier_1,standard_translation,0.0,0.0,20,0
27,attn_out,es,tier_1,standard_translation,0.0,0.0,20,0
27,mlp_out,es,tier_1,standard_translation,0.0,0.0,20,0
0,residual,ar,tier_2,standard_translation,-0.248,0.2376,20,0
0,attn_out,ar,tier_2,standard_translation,-0.2623,0.2438,20,0
0,mlp_out,ar,tier_2,standard_translation,-0.3672,0.5523,20,0
1,residual,ar,tier_2,standard_translation,0.0229,0.216,20,0
1,attn_out,ar,tier_2,standard_translation,-0.0442,0.0525,20,0
1,mlp_out,ar,tier_2,standard_translation,0.0203,0.0392,20,0
2,residual,ar,tier_2,standard_translation,0.0827,0.2438,20,0
2,attn_out,ar,tier_2,standard_translation,0.0089,0.0735,20,0
2,mlp_out,ar,tier_2,standard_translation,0.01,0.1161,20,0
3,residual,ar,tier_2,standard_translation,0.0173,0.149,20,0
3,attn_out,ar,tier_2,standard_translation,0.0508,0.0866,20,0
3,mlp_out,ar,tier_2,standard_translation,-0.0629,0.1472,20,0
4,residual,ar,tier_2,standard_translation,0.0234,0.1543,20,0
4,attn_out,ar,tier_2,standard_translation,0.0343,0.0548,20,0
4,mlp_out,ar,tier_2,standard_translation,-0.0107,0.0707,20,0
5,residual,ar,tier_2,standard_translation,0.086,0.21,20,0
5,attn_out,ar,tier_2,standard_translation,-0.0691,0.1303,20,0
5,mlp_out,ar,tier_2,standard_translation,0.0503,0.1274,20,0
6,residual,ar,tier_2,standard_translation,0.0305,0.1781,20,0
6,attn_out,ar,tier_2,standard_translation,-0.0845,0.1627,20,0
6,mlp_out,ar,tier_2,standard_translation,0.0922,0.0742,20,0
7,residual,ar,tier_2,standard_translation,0.0538,0.1785,20,0
7,attn_out,ar,tier_2,standard_translation,0.1102,0.105,20,0
7,mlp_out,ar,tier_2,standard_translation,-0.0343,0.1941,20,0
8,residual,ar,tier_2,standard_translation,0.0207,0.0771,20,0
8,attn_out,ar,tier_2,standard_translation,-0.1499,0.3018,20,0
8,mlp_out,ar,tier_2,standard_translation,-0.0777,0.189,20,0
9,residual,ar,tier_2,standard_translation,-0.0284,0.0577,20,0
9,attn_out,ar,tier_2,standard_translation,0.0852,0.1782,20,0
9,mlp_out,ar,tier_2,standard_translation,-0.0616,0.123,20,0
10,residual,ar,tier_2,standard_translation,-0.0258,0.1155,20,0
10,attn_out,ar,tier_2,standard_translation,0.0112,0.0627,20,0
10,mlp_out,ar,tier_2,standard_translation,-0.0954,0.141,20,0
11,residual,ar,tier_2,standard_translation,-0.0222,0.1209,20,0
11,attn_out,ar,tier_2,standard_translation,-0.0205,0.0215,20,0
11,mlp_out,ar,tier_2,standard_translation,-0.1601,0.2753,20,0
12,residual,ar,tier_2,standard_translation,-0.0267,0.0971,20,0
12,attn_out,ar,tier_2,standard_translation,-0.0611,0.108,20,0
12,mlp_out,ar,tier_2,standard_translation,0.0667,0.128,20,0
13,residual,ar,tier_2,standard_translation,-0.0728,0.1406,20,0
13,attn_out,ar,tier_2,standard_translation,0.1134,0.2135,20,0
13,mlp_out,ar,tier_2,standard_translation,-0.0351,0.0295,20,0
14,residual,ar,tier_2,standard_translation,-0.0373,0.0764,20,0
14,attn_out,ar,tier_2,standard_translation,-0.036,0.0616,20,0
14,mlp_out,ar,tier_2,standard_translation,-0.0033,0.0164,20,0
15,residual,ar,tier_2,standard_translation,-0.0824,0.1603,20,0
15,attn_out,ar,tier_2,standard_translation,-0.007,0.0488,20,0
15,mlp_out,ar,tier_2,standard_translation,0.0545,0.0851,20,0
16,residual,ar,tier_2,standard_translation,-0.1054,0.1879,20,0
16,attn_out,ar,tier_2,standard_translation,-0.0153,0.0341,20,0
16,mlp_out,ar,tier_2,standard_translation,-0.1009,0.1461,20,0
17,residual,ar,tier_2,standard_translation,-0.1011,0.2284,20,0
17,attn_out,ar,tier_2,standard_translation,0.0206,0.0431,20,0
17,mlp_out,ar,tier_2,standard_translation,0.0311,0.0983,20,0
18,residual,ar,tier_2,standard_translation,-0.1154,0.1749,20,0
18,attn_out,ar,tier_2,standard_translation,-0.0469,0.0968,20,0
18,mlp_out,ar,tier_2,standard_translation,0.0144,0.0302,20,0
19,residual,ar,tier_2,standard_translation,-0.0885,0.0829,20,0
19,attn_out,ar,tier_2,standard_translation,-0.0049,0.0309,20,0
19,mlp_out,ar,tier_2,standard_translation,0.0386,0.0676,20,0
20,residual,ar,tier_2,standard_translation,-0.0525,0.0372,20,0
20,attn_out,ar,tier_2,standard_translation,-0.0064,0.0179,20,0
20,mlp_out,ar,tier_2,standard_translation,0.0261,0.0413,20,0
21,residual,ar,tier_2,standard_translation,-0.0716,0.0515,20,0
21,attn_out,ar,tier_2,standard_translation,-0.0177,0.026,20,0
21,mlp_out,ar,tier_2,standard_translation,0.0283,0.0501,20,0
22,residual,ar,tier_2,standard_translation,-0.0252,0.0406,20,0
22,attn_out,ar,tier_2,standard_translation,0.0014,0.0053,20,0
22,mlp_out,ar,tier_2,standard_translation,0.0512,0.0908,20,0
23,residual,ar,tier_2,standard_translation,-0.0353,0.0523,20,0
23,attn_out,ar,tier_2,standard_translation,-0.0025,0.0272,20,0
23,mlp_out,ar,tier_2,standard_translation,-0.0124,0.0104,20,0
24,residual,ar,tier_2,standard_translation,-0.0081,0.0385,20,0
24,attn_out,ar,tier_2,standard_translation,-0.0062,0.0124,20,0
24,mlp_out,ar,tier_2,standard_translation,0.0024,0.0302,20,0
25,residual,ar,tier_2,standard_translation,0.0102,0.0232,20,0
25,attn_out,ar,tier_2,standard_translation,-0.0027,0.0068,20,0
25,mlp_out,ar,tier_2,standard_translation,-0.0078,0.016,20,0
26,residual,ar,tier_2,standard_translation,0.0119,0.0279,20,0
26,attn_out,ar,tier_2,standard_translation,-0.0038,0.0062,20,0
26,mlp_out,ar,tier_2,standard_translation,0.009,0.0215,20,0
27,residual,ar,tier_2,standard_translation,0.0,0.0,20,0
27,attn_out,ar,tier_2,standard_translation,0.0,0.0,20,0
27,mlp_out,ar,tier_2,standard_translation,0.0,0.0,20,0
0,residual,ru,tier_2,standard_translation,-0.1509,0.5676,20,0
0,attn_out,ru,tier_2,standard_translation,-0.1512,0.5627,20,0
0,mlp_out,ru,tier_2,standard_translation,0.0018,0.5987,20,0
1,residual,ru,tier_2,standard_translation,-0.0715,0.406,20,0
1,attn_out,ru,tier_2,standard_translation,0.0766,0.0641,20,0
1,mlp_out,ru,tier_2,standard_translation,0.0246,0.0654,20,0
2,residual,ru,tier_2,standard_translation,-0.0551,0.3654,20,0
2,attn_out,ru,tier_2,standard_translation,0.0622,0.068,20,0
2,mlp_out,ru,tier_2,standard_translation,0.1236,0.1762,20,0
3,residual,ru,tier_2,standard_translation,-0.1168,0.3484,20,0
3,attn_out,ru,tier_2,standard_translation,0.0488,0.0499,20,0
3,mlp_out,ru,tier_2,standard_translation,0.065,0.1025,20,0
4,residual,ru,tier_2,standard_translation,-0.1402,0.3751,20,0
4,attn_out,ru,tier_2,standard_translation,0.0909,0.0989,20,0
4,mlp_out,ru,tier_2,standard_translation,0.0514,0.0657,20,0
5,residual,ru,tier_2,standard_translation,-0.1606,0.2903,20,0
5,attn_out,ru,tier_2,standard_translation,0.0154,0.0407,20,0
5,mlp_out,ru,tier_2,standard_translation,0.0218,0.1433,20,0
6,residual,ru,tier_2,standard_translation,-0.3578,0.3933,20,0
6,attn_out,ru,tier_2,standard_translation,0.036,0.0284,20,0
6,mlp_out,ru,tier_2,standard_translation,-0.0755,0.137,20,0
7,residual,ru,tier_2,standard_translation,-0.3811,0.4519,20,0
7,attn_out,ru,tier_2,standard_translation,-0.054,0.1396,20,0
7,mlp_out,ru,tier_2,standard_translation,-0.0027,0.2483,20,0
8,residual,ru,tier_2,standard_translation,-0.434,0.4978,20,0
8,attn_out,ru,tier_2,standard_translation,0.0345,0.0469,20,0
8,mlp_out,ru,tier_2,standard_translation,0.0483,0.1885,20,0
9,residual,ru,tier_2,standard_translation,-0.4236,0.5757,20,0
9,attn_out,ru,tier_2,standard_translation,0.076,0.0921,20,0
9,mlp_out,ru,tier_2,standard_translation,-0.0743,0.1863,20,0
10,residual,ru,tier_2,standard_translation,-0.4778,0.6688,20,0
10,attn_out,ru,tier_2,standard_translation,0.0028,0.1333,20,0
10,mlp_out,ru,tier_2,standard_translation,-0.0782,0.1162,20,0
11,residual,ru,tier_2,standard_translation,-0.5149,0.7652,20,0
11,attn_out,ru,tier_2,standard_translation,-0.0334,0.0946,20,0
11,mlp_out,ru,tier_2,standard_translation,0.078,0.1834,20,0
12,residual,ru,tier_2,standard_translation,-0.5894,0.7635,20,0
12,attn_out,ru,tier_2,standard_translation,0.0652,0.2151,20,0
12,mlp_out,ru,tier_2,standard_translation,-0.0835,0.1953,20,0
13,residual,ru,tier_2,standard_translation,-0.4636,0.7124,20,0
13,attn_out,ru,tier_2,standard_translation,-0.0696,0.1939,20,0
13,mlp_out,ru,tier_2,standard_translation,0.0267,0.1319,20,0
14,residual,ru,tier_2,standard_translation,-0.4017,0.6423,20,0
14,attn_out,ru,tier_2,standard_translation,-0.0221,0.0895,20,0
14,mlp_out,ru,tier_2,standard_translation,-0.1435,0.1279,20,0
15,residual,ru,tier_2,standard_translation,-0.3994,0.6787,20,0
15,attn_out,ru,tier_2,standard_translation,-0.0583,0.0992,20,0
15,mlp_out,ru,tier_2,standard_translation,-0.1689,0.2558,20,0
16,residual,ru,tier_2,standard_translation,-0.4234,0.6972,20,0
16,attn_out,ru,tier_2,standard_translation,0.0162,0.0661,20,0
16,mlp_out,ru,tier_2,standard_translation,-0.0158,0.2426,20,0
17,residual,ru,tier_2,standard_translation,-0.4235,0.7262,20,0
17,attn_out,ru,tier_2,standard_translation,-0.0364,0.1224,20,0
17,mlp_out,ru,tier_2,standard_translation,0.0641,0.2008,20,0
18,residual,ru,tier_2,standard_translation,-0.1403,0.3385,20,0
18,attn_out,ru,tier_2,standard_translation,-0.0047,0.0425,20,0
18,mlp_out,ru,tier_2,standard_translation,0.0018,0.0774,20,0
19,residual,ru,tier_2,standard_translation,-0.1338,0.3009,20,0
19,attn_out,ru,tier_2,standard_translation,-0.0085,0.0337,20,0
19,mlp_out,ru,tier_2,standard_translation,-0.0108,0.067,20,0
20,residual,ru,tier_2,standard_translation,-0.098,0.2074,20,0
20,attn_out,ru,tier_2,standard_translation,-0.0039,0.037,20,0
20,mlp_out,ru,tier_2,standard_translation,0.026,0.0898,20,0
21,residual,ru,tier_2,standard_translation,-0.0489,0.1199,20,0
21,attn_out,ru,tier_2,standard_translation,-0.0056,0.0217,20,0
21,mlp_out,ru,tier_2,standard_translation,0.0022,0.0417,20,0
22,residual,ru,tier_2,standard_translation,-0.0765,0.0737,20,0
22,attn_out,ru,tier_2,standard_translation,-0.0068,0.012,20,0
22,mlp_out,ru,tier_2,standard_translation,-0.0096,0.0299,20,0
23,residual,ru,tier_2,standard_translation,-0.0761,0.0747,20,0
23,attn_out,ru,tier_2,standard_translation,-0.0147,0.0126,20,0
23,mlp_out,ru,tier_2,standard_translation,-0.0091,0.009,20,0
24,residual,ru,tier_2,standard_translation,-0.055,0.0712,20,0
24,attn_out,ru,tier_2,standard_translation,-0.0025,0.0032,20,0
24,mlp_out,ru,tier_2,standard_translation,-0.0174,0.0211,20,0
25,residual,ru,tier_2,standard_translation,-0.042,0.0643,20,0
25,attn_out,ru,tier_2,standard_translation,0.0075,0.0022,20,0
25,mlp_out,ru,tier_2,standard_translation,-0.0064,0.0103,20,0
26,residual,ru,tier_2,standard_translation,-0.0365,0.0398,20,0
26,attn_out,ru,tier_2,standard_translation,-0.0037,0.0079,20,0
26,mlp_out,ru,tier_2,standard_translation,-0.0039,0.0096,20,0
27,residual,ru,tier_2,standard_translation,0.0,0.0,20,0
27,attn_out,ru,tier_2,standard_translation,0.0,0.0,20,0
27,mlp_out,ru,tier_2,standard_translation,0.0,0.0,20,0
0,residual,ko,tier_2,standard_translation,-0.845,1.0608,20,0
0,attn_out,ko,tier_2,standard_translation,-0.8217,1.0298,20,0
0,mlp_out,ko,tier_2,standard_translation,-0.2796,0.4416,20,0
1,residual,ko,tier_2,standard_translation,-0.68,0.7665,20,0
1,attn_out,ko,tier_2,standard_translation,0.052,0.0198,20,0
1,mlp_out,ko,tier_2,standard_translation,0.0066,0.0669,20,0
2,residual,ko,tier_2,standard_translation,-0.58,0.6348,20,0
2,attn_out,ko,tier_2,standard_translation,0.028,0.0307,20,0
2,mlp_out,ko,tier_2,standard_translation,0.0324,0.0454,20,0
3,residual,ko,tier_2,standard_translation,-0.3633,0.4636,20,0
3,attn_out,ko,tier_2,standard_translation,0.0812,0.0472,20,0
3,mlp_out,ko,tier_2,standard_translation,0.0586,0.0281,20,0
4,residual,ko,tier_2,standard_translation,-0.3182,0.4309,20,0
4,attn_out,ko,tier_2,standard_translation,-0.0153,0.1066,20,0
4,mlp_out,ko,tier_2,standard_translation,0.0183,0.0669,20,0
5,residual,ko,tier_2,standard_translation,-0.2885,0.4285,20,0
5,attn_out,ko,tier_2,standard_translation,-0.0376,0.0356,20,0
5,mlp_out,ko,tier_2,standard_translation,0.0475,0.1322,20,0
6,residual,ko,tier_2,standard_translation,-0.1367,0.3275,20,0
6,attn_out,ko,tier_2,standard_translation,-0.0013,0.1282,20,0
6,mlp_out,ko,tier_2,standard_translation,0.0108,0.0984,20,0
7,residual,ko,tier_2,standard_translation,-0.0528,0.302,20,0
7,attn_out,ko,tier_2,standard_translation,0.0716,0.1239,20,0
7,mlp_out,ko,tier_2,standard_translation,-0.0025,0.1684,20,0
8,residual,ko,tier_2,standard_translation,-0.1148,0.3918,20,0
8,attn_out,ko,tier_2,standard_translation,-0.1379,0.154,20,0
8,mlp_out,ko,tier_2,standard_translation,-0.1266,0.1556,20,0
9,residual,ko,tier_2,standard_translation,-0.1198,0.391,20,0
9,attn_out,ko,tier_2,standard_translation,-0.0501,0.1243,20,0
9,mlp_out,ko,tier_2,standard_translation,-0.1468,0.3432,20,0
10,residual,ko,tier_2,standard_translation,-0.1955,0.4659,20,0
10,attn_out,ko,tier_2,standard_translation,-0.0154,0.045,20,0
10,mlp_out,ko,tier_2,standard_translation,-0.0307,0.1743,20,0
11,residual,ko,tier_2,standard_translation,-0.2148,0.4993,20,0
11,attn_out,ko,tier_2,standard_translation,0.0084,0.0312,20,0
11,mlp_out,ko,tier_2,standard_translation,-0.1791,0.3605,20,0
12,residual,ko,tier_2,standard_translation,-0.2177,0.5132,20,0
12,attn_out,ko,tier_2,standard_translation,-0.0876,0.1028,20,0
12,mlp_out,ko,tier_2,standard_translation,-0.0707,0.1923,20,0
13,residual,ko,tier_2,standard_translation,-0.1725,0.2803,20,0
13,attn_out,ko,tier_2,standard_translation,0.0495,0.1223,20,0
13,mlp_out,ko,tier_2,standard_translation,-0.019,0.1048,20,0
14,residual,ko,tier_2,standard_translation,-0.18,0.2707,20,0
14,attn_out,ko,tier_2,standard_translation,-0.0561,0.0574,20,0
14,mlp_out,ko,tier_2,standard_translation,0.0001,0.0966,20,0
15,residual,ko,tier_2,standard_translation,-0.1774,0.2054,20,0
15,attn_out,ko,tier_2,standard_translation,-0.0092,0.0765,20,0
15,mlp_out,ko,tier_2,standard_translation,-0.0316,0.0628,20,0
16,residual,ko,tier_2,standard_translation,-0.2344,0.2483,20,0
16,attn_out,ko,tier_2,standard_translation,-0.0568,0.0523,20,0
16,mlp_out,ko,tier_2,standard_translation,-0.1357,0.1707,20,0
17,residual,ko,tier_2,standard_translation,-0.2283,0.2467,20,0
17,attn_out,ko,tier_2,standard_translation,-0.0689,0.0644,20,0
17,mlp_out,ko,tier_2,standard_translation,-0.1324,0.1317,20,0
18,residual,ko,tier_2,standard_translation,-0.2402,0.2691,20,0
18,attn_out,ko,tier_2,standard_translation,0.0053,0.0332,20,0
18,mlp_out,ko,tier_2,standard_translation,-0.108,0.1334,20,0
19,residual,ko,tier_2,standard_translation,-0.2068,0.2558,20,0
19,attn_out,ko,tier_2,standard_translation,0.0676,0.0911,20,0
19,mlp_out,ko,tier_2,standard_translation,-0.0363,0.0671,20,0
20,residual,ko,tier_2,standard_translation,-0.1236,0.1184,20,0
20,attn_out,ko,tier_2,standard_translation,0.0115,0.0188,20,0
20,mlp_out,ko,tier_2,standard_translation,0.0044,0.0192,20,0
21,residual,ko,tier_2,standard_translation,-0.138,0.1337,20,0
21,attn_out,ko,tier_2,standard_translation,-0.0108,0.0126,20,0
21,mlp_out,ko,tier_2,standard_translation,-0.0164,0.0246,20,0
22,residual,ko,tier_2,standard_translation,-0.0664,0.1023,20,0
22,attn_out,ko,tier_2,standard_translation,-0.0015,0.0054,20,0
22,mlp_out,ko,tier_2,standard_translation,0.0161,0.0327,20,0
23,residual,ko,tier_2,standard_translation,-0.0477,0.0837,20,0
23,attn_out,ko,tier_2,standard_translation,0.0008,0.0051,20,0
23,mlp_out,ko,tier_2,standard_translation,0.006,0.0106,20,0
24,residual,ko,tier_2,standard_translation,-0.0374,0.0552,20,0
24,attn_out,ko,tier_2,standard_translation,0.0005,0.0023,20,0
24,mlp_out,ko,tier_2,standard_translation,0.0066,0.0178,20,0
25,residual,ko,tier_2,standard_translation,-0.0257,0.0419,20,0
25,attn_out,ko,tier_2,standard_translation,0.0095,0.0109,20,0
25,mlp_out,ko,tier_2,standard_translation,-0.0112,0.008,20,0
26,residual,ko,tier_2,standard_translation,0.0093,0.0274,20,0
26,attn_out,ko,tier_2,standard_translation,-0.003,0.0062,20,0
26,mlp_out,ko,tier_2,standard_translation,0.0007,0.0046,20,0
27,residual,ko,tier_2,standard_translation,0.0,0.0,20,0
27,attn_out,ko,tier_2,standard_translation,0.0,0.0,20,0
27,mlp_out,ko,tier_2,standard_translation,0.0,0.0,20,0
0,residual,ja,tier_2,standard_translation,-0.1645,0.6516,20,0
0,attn_out,ja,tier_2,standard_translation,-0.1824,0.6463,20,0
0,mlp_out,ja,tier_2,standard_translation,0.0504,0.5507,20,0
1,residual,ja,tier_2,standard_translation,-0.1229,0.7384,20,0
1,attn_out,ja,tier_2,standard_translation,-0.0214,0.035,20,0
1,mlp_out,ja,tier_2,standard_translation,0.0494,0.1143,20,0
2,residual,ja,tier_2,standard_translation,0.0008,0.7835,20,0
2,attn_out,ja,tier_2,standard_translation,-0.0614,0.0927,20,0
2,mlp_out,ja,tier_2,standard_translation,0.1807,0.2247,20,0
3,residual,ja,tier_2,standard_translation,0.0441,0.7619,20,0
3,attn_out,ja,tier_2,standard_translation,0.037,0.2022,20,0
3,mlp_out,ja,tier_2,standard_translation,-0.1082,0.1168,20,0
4,residual,ja,tier_2,standard_translation,0.038,0.5764,20,0
4,attn_out,ja,tier_2,standard_translation,0.0038,0.0657,20,0
4,mlp_out,ja,tier_2,standard_translation,0.0099,0.09,20,0
5,residual,ja,tier_2,standard_translation,0.068,0.4885,20,0
5,attn_out,ja,tier_2,standard_translation,0.0918,0.123,20,0
5,mlp_out,ja,tier_2,standard_translation,-0.0548,0.2869,20,0
6,residual,ja,tier_2,standard_translation,-0.0576,0.2724,20,0
6,attn_out,ja,tier_2,standard_translation,-0.1074,0.1207,20,0
6,mlp_out,ja,tier_2,standard_translation,-0.0784,0.0759,20,0
7,residual,ja,tier_2,standard_translation,-0.2151,0.3721,20,0
7,attn_out,ja,tier_2,standard_translation,-0.0447,0.095,20,0
7,mlp_out,ja,tier_2,standard_translation,-0.0003,0.2422,20,0
8,residual,ja,tier_2,standard_translation,-0.2616,0.5835,20,0
8,attn_out,ja,tier_2,standard_translation,0.0154,0.0707,20,0
8,mlp_out,ja,tier_2,standard_translation,0.0679,0.1227,20,0
9,residual,ja,tier_2,standard_translation,-0.2711,0.6141,20,0
9,attn_out,ja,tier_2,standard_translation,-0.0061,0.0472,20,0
9,mlp_out,ja,tier_2,standard_translation,0.1449,0.1413,20,0
10,residual,ja,tier_2,standard_translation,-0.2953,0.6658,20,0
10,attn_out,ja,tier_2,standard_translation,-0.0035,0.1617,20,0
10,mlp_out,ja,tier_2,standard_translation,-0.0663,0.243,20,0
11,residual,ja,tier_2,standard_translation,-0.3116,0.6299,20,0
11,attn_out,ja,tier_2,standard_translation,0.0069,0.0828,20,0
11,mlp_out,ja,tier_2,standard_translation,-0.0048,0.0949,20,0
12,residual,ja,tier_2,standard_translation,-0.3893,0.7263,20,0
12,attn_out,ja,tier_2,standard_translation,0.1066,0.2085,20,0
12,mlp_out,ja,tier_2,standard_translation,0.0313,0.1853,20,0
13,residual,ja,tier_2,standard_translation,-0.2833,0.5747,20,0
13,attn_out,ja,tier_2,standard_translation,-0.0193,0.0509,20,0
13,mlp_out,ja,tier_2,standard_translation,0.0512,0.1511,20,0
14,residual,ja,tier_2,standard_translation,-0.2177,0.5263,20,0
14,attn_out,ja,tier_2,standard_translation,0.0407,0.0859,20,0
14,mlp_out,ja,tier_2,standard_translation,0.0748,0.1207,20,0
15,residual,ja,tier_2,standard_translation,-0.2055,0.4256,20,0
15,attn_out,ja,tier_2,standard_translation,-0.005,0.0425,20,0
15,mlp_out,ja,tier_2,standard_translation,0.1491,0.1261,20,0
16,residual,ja,tier_2,standard_translation,-0.1888,0.3616,20,0
16,attn_out,ja,tier_2,standard_translation,0.032,0.1552,20,0
16,mlp_out,ja,tier_2,standard_translation,0.0808,0.1098,20,0
17,residual,ja,tier_2,standard_translation,-0.2291,0.5178,20,0
17,attn_out,ja,tier_2,standard_translation,-0.0066,0.0543,20,0
17,mlp_out,ja,tier_2,standard_translation,-0.0451,0.1235,20,0
18,residual,ja,tier_2,standard_translation,-0.0691,0.1281,20,0
18,attn_out,ja,tier_2,standard_translation,-0.012,0.0225,20,0
18,mlp_out,ja,tier_2,standard_translation,0.0149,0.0797,20,0
19,residual,ja,tier_2,standard_translation,-0.0358,0.2184,20,0
19,attn_out,ja,tier_2,standard_translation,-0.0357,0.0682,20,0
19,mlp_out,ja,tier_2,standard_translation,0.0139,0.0484,20,0
20,residual,ja,tier_2,standard_translation,-0.0951,0.164,20,0
20,attn_out,ja,tier_2,standard_translation,0.0038,0.0156,20,0
20,mlp_out,ja,tier_2,standard_translation,0.0065,0.0722,20,0
21,residual,ja,tier_2,standard_translation,-0.0166,0.2144,20,0
21,attn_out,ja,tier_2,standard_translation,0.0014,0.0123,20,0
21,mlp_out,ja,tier_2,standard_translation,0.0106,0.0726,20,0
22,residual,ja,tier_2,standard_translation,0.0098,0.0741,20,0
22,attn_out,ja,tier_2,standard_translation,-0.0022,0.0078,20,0
22,mlp_out,ja,tier_2,standard_translation,-0.0041,0.0381,20,0
23,residual,ja,tier_2,standard_translation,-0.0543,0.1174,20,0
23,attn_out,ja,tier_2,standard_translation,0.0014,0.0061,20,0
23,mlp_out,ja,tier_2,standard_translation,-0.0106,0.0173,20,0
24,residual,ja,tier_2,standard_translation,-0.0249,0.05,20,0
24,attn_out,ja,tier_2,standard_translation,0.0,0.0039,20,0
24,mlp_out,ja,tier_2,standard_translation,-0.0055,0.0279,20,0
25,residual,ja,tier_2,standard_translation,-0.0137,0.0456,20,0
25,attn_out,ja,tier_2,standard_translation,-0.0025,0.0054,20,0
25,mlp_out,ja,tier_2,standard_translation,-0.0075,0.0194,20,0
26,residual,ja,tier_2,standard_translation,-0.0179,0.0437,20,0
26,attn_out,ja,tier_2,standard_translation,0.0007,0.0063,20,0
26,mlp_out,ja,tier_2,standard_translation,0.0003,0.0043,20,0
27,residual,ja,tier_2,standard_translation,0.0,0.0,20,0
27,attn_out,ja,tier_2,standard_translation,0.0,0.0,20,0
27,mlp_out,ja,tier_2,standard_translation,0.0,0.0,20,0
0,residual,tr,tier_3,standard_translation,0.071,0.2602,20,0
0,attn_out,tr,tier_3,standard_translation,0.0669,0.2596,20,0
0,mlp_out,tr,tier_3,standard_translation,0.1213,0.2383,20,0
1,residual,tr,tier_3,standard_translation,0.0958,0.2277,20,0
1,attn_out,tr,tier_3,standard_translation,-0.0234,0.0328,20,0
1,mlp_out,tr,tier_3,standard_translation,-0.0396,0.1032,20,0
2,residual,tr,tier_3,standard_translation,0.0959,0.2287,20,0
2,attn_out,tr,tier_3,standard_translation,-0.0335,0.0459,20,0
2,mlp_out,tr,tier_3,standard_translation,-0.062,0.052,20,0
3,residual,tr,tier_3,standard_translation,0.0173,0.2001,20,0
3,attn_out,tr,tier_3,standard_translation,-0.0144,0.0605,20,0
3,mlp_out,tr,tier_3,standard_translation,-0.0518,0.0598,20,0
4,residual,tr,tier_3,standard_translation,0.0129,0.1922,20,0
4,attn_out,tr,tier_3,standard_translation,-0.0018,0.0494,20,0
4,mlp_out,tr,tier_3,standard_translation,-0.0333,0.0642,20,0
5,residual,tr,tier_3,standard_translation,-0.0142,0.1959,20,0
5,attn_out,tr,tier_3,standard_translation,0.0222,0.0243,20,0
5,mlp_out,tr,tier_3,standard_translation,-0.0412,0.094,20,0
6,residual,tr,tier_3,standard_translation,-0.0669,0.2669,20,0
6,attn_out,tr,tier_3,standard_translation,-0.0378,0.0761,20,0
6,mlp_out,tr,tier_3,standard_translation,-0.0974,0.1669,20,0
7,residual,tr,tier_3,standard_translation,-0.0318,0.3285,20,0
7,attn_out,tr,tier_3,standard_translation,-0.0154,0.1146,20,0
7,mlp_out,tr,tier_3,standard_translation,-0.0142,0.0518,20,0
8,residual,tr,tier_3,standard_translation,-0.0182,0.3072,20,0
8,attn_out,tr,tier_3,standard_translation,0.0213,0.0532,20,0
8,mlp_out,tr,tier_3,standard_translation,-0.0267,0.0875,20,0
9,residual,tr,tier_3,standard_translation,0.006,0.2668,20,0
9,attn_out,tr,tier_3,standard_translation,0.0197,0.0904,20,0
9,mlp_out,tr,tier_3,standard_translation,-0.0637,0.1467,20,0
10,residual,tr,tier_3,standard_translation,-0.029,0.2849,20,0
10,attn_out,tr,tier_3,standard_translation,-0.0273,0.0496,20,0
10,mlp_out,tr,tier_3,standard_translation,-0.0841,0.2055,20,0
11,residual,tr,tier_3,standard_translation,-0.1059,0.2782,20,0
11,attn_out,tr,tier_3,standard_translation,-0.0647,0.0436,20,0
11,mlp_out,tr,tier_3,standard_translation,-0.0716,0.0555,20,0
12,residual,tr,tier_3,standard_translation,-0.1778,0.2718,20,0
12,attn_out,tr,tier_3,standard_translation,-0.056,0.0738,20,0
12,mlp_out,tr,tier_3,standard_translation,-0.1087,0.0568,20,0
13,residual,tr,tier_3,standard_translation,-0.1981,0.2377,20,0
13,attn_out,tr,tier_3,standard_translation,-0.027,0.0869,20,0
13,mlp_out,tr,tier_3,standard_translation,-0.0796,0.0527,20,0
14,residual,tr,tier_3,standard_translation,-0.1966,0.23,20,0
14,attn_out,tr,tier_3,standard_translation,-0.0416,0.0652,20,0
14,mlp_out,tr,tier_3,standard_translation,-0.154,0.137,20,0
15,residual,tr,tier_3,standard_translation,-0.1965,0.2254,20,0
15,attn_out,tr,tier_3,standard_translation,0.0192,0.0542,20,0
15,mlp_out,tr,tier_3,standard_translation,-0.0766,0.0479,20,0
16,residual,tr,tier_3,standard_translation,-0.1874,0.2484,20,0
16,attn_out,tr,tier_3,standard_translation,0.037,0.0278,20,0
16,mlp_out,tr,tier_3,standard_translation,-0.0603,0.0841,20,0
17,residual,tr,tier_3,standard_translation,-0.1647,0.2532,20,0
17,attn_out,tr,tier_3,standard_translation,0.0031,0.0195,20,0
17,mlp_out,tr,tier_3,standard_translation,-0.086,0.1238,20,0
18,residual,tr,tier_3,standard_translation,0.0219,0.0699,20,0
18,attn_out,tr,tier_3,standard_translation,0.0247,0.0154,20,0
18,mlp_out,tr,tier_3,standard_translation,0.005,0.0316,20,0
19,residual,tr,tier_3,standard_translation,0.0269,0.0839,20,0
19,attn_out,tr,tier_3,standard_translation,-0.0008,0.0148,20,0
19,mlp_out,tr,tier_3,standard_translation,-0.0061,0.0101,20,0
20,residual,tr,tier_3,standard_translation,0.0465,0.0973,20,0
20,attn_out,tr,tier_3,standard_translation,0.0017,0.0066,20,0
20,mlp_out,tr,tier_3,standard_translation,-0.0086,0.0214,20,0
21,residual,tr,tier_3,standard_translation,0.0428,0.0851,20,0
21,attn_out,tr,tier_3,standard_translation,0.0046,0.0066,20,0
21,mlp_out,tr,tier_3,standard_translation,0.0099,0.011,20,0
22,residual,tr,tier_3,standard_translation,0.0292,0.0734,20,0
22,attn_out,tr,tier_3,standard_translation,-0.0028,0.0031,20,0
22,mlp_out,tr,tier_3,standard_translation,0.0003,0.0091,20,0
23,residual,tr,tier_3,standard_translation,0.0405,0.0839,20,0
23,attn_out,tr,tier_3,standard_translation,0.0,0.0071,20,0
23,mlp_out,tr,tier_3,standard_translation,0.0018,0.0055,20,0
24,residual,tr,tier_3,standard_translation,0.0305,0.0699,20,0
24,attn_out,tr,tier_3,standard_translation,-0.0012,0.0011,20,0
24,mlp_out,tr,tier_3,standard_translation,0.0104,0.0117,20,0
25,residual,tr,tier_3,standard_translation,0.035,0.0609,20,0
25,attn_out,tr,tier_3,standard_translation,0.004,0.0021,20,0
25,mlp_out,tr,tier_3,standard_translation,-0.0025,0.0074,20,0
26,residual,tr,tier_3,standard_translation,0.026,0.048,20,0
26,attn_out,tr,tier_3,standard_translation,0.0047,0.0024,20,0
26,mlp_out,tr,tier_3,standard_translation,-0.0063,0.0014,20,0
27,residual,tr,tier_3,standard_translation,0.0,0.0,20,0
27,attn_out,tr,tier_3,standard_translation,0.0,0.0,20,0
27,mlp_out,tr,tier_3,standard_translation,0.0,0.0,20,0
0,residual,id,tier_3,standard_translation,0.4195,0.4785,20,0
0,attn_out,id,tier_3,standard_translation,0.4334,0.5101,20,0
0,mlp_out,id,tier_3,standard_translation,0.3548,0.3171,20,0
1,residual,id,tier_3,standard_translation,0.4457,0.5229,20,0
1,attn_out,id,tier_3,standard_translation,-0.0464,0.0897,20,0
1,mlp_out,id,tier_3,standard_translation,0.0584,0.0612,20,0
2,residual,id,tier_3,standard_translation,0.3125,0.3772,20,0
2,attn_out,id,tier_3,standard_translation,0.0027,0.089,20,0
2,mlp_out,id,tier_3,standard_translation,-0.0181,0.1055,20,0
3,residual,id,tier_3,standard_translation,0.247,0.2416,20,0
3,attn_out,id,tier_3,standard_translation,0.0019,0.047,20,0
3,mlp_out,id,tier_3,standard_translation,0.0399,0.0436,20,0
4,residual,id,tier_3,standard_translation,0.2389,0.2477,20,0
4,attn_out,id,tier_3,standard_translation,0.0535,0.0884,20,0
4,mlp_out,id,tier_3,standard_translation,0.0407,0.0411,20,0
5,residual,id,tier_3,standard_translation,0.0395,0.1035,20,0
5,attn_out,id,tier_3,standard_translation,0.0857,0.1294,20,0
5,mlp_out,id,tier_3,standard_translation,0.1239,0.2109,20,0
6,residual,id,tier_3,standard_translation,-0.0154,0.1515,20,0
6,attn_out,id,tier_3,standard_translation,0.0248,0.0564,20,0
6,mlp_out,id,tier_3,standard_translation,-0.168,0.2379,20,0
7,residual,id,tier_3,standard_translation,0.0245,0.0922,20,0
7,attn_out,id,tier_3,standard_translation,0.1018,0.2067,20,0
7,mlp_out,id,tier_3,standard_translation,-0.0659,0.146,20,0
8,residual,id,tier_3,standard_translation,0.035,0.0831,20,0
8,attn_out,id,tier_3,standard_translation,0.0054,0.0331,20,0
8,mlp_out,id,tier_3,standard_translation,-0.0288,0.0371,20,0
9,residual,id,tier_3,standard_translation,0.0457,0.084,20,0
9,attn_out,id,tier_3,standard_translation,0.0855,0.0828,20,0
9,mlp_out,id,tier_3,standard_translation,0.0012,0.056,20,0
10,residual,id,tier_3,standard_translation,0.1057,0.0887,20,0
10,attn_out,id,tier_3,standard_translation,0.221,0.3429,20,0
10,mlp_out,id,tier_3,standard_translation,-0.0596,0.1544,20,0
11,residual,id,tier_3,standard_translation,0.0831,0.0863,20,0
11,attn_out,id,tier_3,standard_translation,-0.0786,0.1797,20,0
11,mlp_out,id,tier_3,standard_translation,0.0428,0.1949,20,0
12,residual,id,tier_3,standard_translation,-0.0022,0.1989,20,0
12,attn_out,id,tier_3,standard_translation,0.0481,0.0689,20,0
12,mlp_out,id,tier_3,standard_translation,-0.1545,0.367,20,0
13,residual,id,tier_3,standard_translation,0.3583,0.4783,20,0
13,attn_out,id,tier_3,standard_translation,0.0679,0.1884,20,0
13,mlp_out,id,tier_3,standard_translation,0.117,0.0608,20,0
14,residual,id,tier_3,standard_translation,0.3729,0.5337,20,0
14,attn_out,id,tier_3,standard_translation,0.032,0.0407,20,0
14,mlp_out,id,tier_3,standard_translation,0.1761,0.2552,20,0
15,residual,id,tier_3,standard_translation,0.4139,0.598,20,0
15,attn_out,id,tier_3,standard_translation,0.0416,0.0698,20,0
15,mlp_out,id,tier_3,standard_translation,0.0819,0.1274,20,0
16,residual,id,tier_3,standard_translation,0.5141,0.6848,20,0
16,attn_out,id,tier_3,standard_translation,0.0158,0.0394,20,0
16,mlp_out,id,tier_3,standard_translation,0.2376,0.3336,20,0
17,residual,id,tier_3,standard_translation,0.5464,0.7159,20,0
17,attn_out,id,tier_3,standard_translation,0.0076,0.0157,20,0
17,mlp_out,id,tier_3,standard_translation,0.207,0.1081,20,0
18,residual,id,tier_3,standard_translation,0.4729,0.6594,20,0
18,attn_out,id,tier_3,standard_translation,0.0551,0.0924,20,0
18,mlp_out,id,tier_3,standard_translation,0.018,0.0427,20,0
19,residual,id,tier_3,standard_translation,0.3797,0.5693,20,0
19,attn_out,id,tier_3,standard_translation,0.0188,0.0129,20,0
19,mlp_out,id,tier_3,standard_translation,0.0242,0.0532,20,0
20,residual,id,tier_3,standard_translation,0.292,0.4309,20,0
20,attn_out,id,tier_3,standard_translation,0.039,0.0394,20,0
20,mlp_out,id,tier_3,standard_translation,0.0003,0.0121,20,0
21,residual,id,tier_3,standard_translation,0.2161,0.3266,20,0
21,attn_out,id,tier_3,standard_translation,0.0153,0.0186,20,0
21,mlp_out,id,tier_3,standard_translation,0.0555,0.0866,20,0
22,residual,id,tier_3,standard_translation,0.1537,0.3154,20,0
22,attn_out,id,tier_3,standard_translation,-0.0015,0.0021,20,0
22,mlp_out,id,tier_3,standard_translation,-0.001,0.0299,20,0
23,residual,id,tier_3,standard_translation,0.1601,0.3377,20,0
23,attn_out,id,tier_3,standard_translation,0.0312,0.0528,20,0
23,mlp_out,id,tier_3,standard_translation,0.0314,0.0438,20,0
24,residual,id,tier_3,standard_translation,0.1436,0.3041,20,0
24,attn_out,id,tier_3,standard_translation,0.008,0.0104,20,0
24,mlp_out,id,tier_3,standard_translation,0.0363,0.0549,20,0
25,residual,id,tier_3,standard_translation,0.132,0.28,20,0
25,attn_out,id,tier_3,standard_translation,-0.0009,0.0032,20,0
25,mlp_out,id,tier_3,standard_translation,-0.0166,0.0338,20,0
26,residual,id,tier_3,standard_translation,0.1022,0.1971,20,0
26,attn_out,id,tier_3,standard_translation,0.0048,0.0098,20,0
26,mlp_out,id,tier_3,standard_translation,-0.0248,0.0386,20,0
27,residual,id,tier_3,standard_translation,0.0,0.0,20,0
27,attn_out,id,tier_3,standard_translation,0.0,0.0,20,0
27,mlp_out,id,tier_3,standard_translation,0.0,0.0,20,0
0,residual,hi,tier_3,standard_translation,-3.4311,6.0558,20,0
0,attn_out,hi,tier_3,standard_translation,-3.6077,6.4012,20,0
0,mlp_out,hi,tier_3,standard_translation,-2.8884,5.2368,20,0
1,residual,hi,tier_3,standard_translation,-2.3918,4.1027,20,0
1,attn_out,hi,tier_3,standard_translation,-0.7601,1.3943,20,0
1,mlp_out,hi,tier_3,standard_translation,1.2442,2.3848,20,0
2,residual,hi,tier_3,standard_translation,-4.5839,8.6375,20,0
2,attn_out,hi,tier_3,standard_translation,-0.5196,0.9488,20,0
2,mlp_out,hi,tier_3,standard_translation,2.5675,5.0486,20,0
3,residual,hi,tier_3,standard_translation,-9.256,17.9674,20,0
3,attn_out,hi,tier_3,standard_translation,1.399,2.8323,20,0
3,mlp_out,hi,tier_3,standard_translation,0.8381,1.6617,20,0
4,residual,hi,tier_3,standard_translation,-8.4714,16.4773,20,0
4,attn_out,hi,tier_3,standard_translation,2.1428,4.377,20,0
4,mlp_out,hi,tier_3,standard_translation,2.0755,4.1693,20,0
5,residual,hi,tier_3,standard_translation,-5.9387,11.5504,20,0
5,attn_out,hi,tier_3,standard_translation,0.5781,1.1421,20,0
5,mlp_out,hi,tier_3,standard_translation,-1.6824,3.5228,20,0
6,residual,hi,tier_3,standard_translation,-8.4623,16.7634,20,0
6,attn_out,hi,tier_3,standard_translation,-3.9626,7.9955,20,0
6,mlp_out,hi,tier_3,standard_translation,0.0173,0.0673,20,0
7,residual,hi,tier_3,standard_translation,-10.0817,20.0839,20,0
7,attn_out,hi,tier_3,standard_translation,2.1343,4.3583,20,0
7,mlp_out,hi,tier_3,standard_translation,-0.8767,2.1403,20,0
8,residual,hi,tier_3,standard_translation,-11.0195,22.1043,20,0
8,attn_out,hi,tier_3,standard_translation,-2.7693,5.6035,20,0
8,mlp_out,hi,tier_3,standard_translation,-1.0029,2.3274,20,0
9,residual,hi,tier_3,standard_translation,-11.1587,22.3977,20,0
9,attn_out,hi,tier_3,standard_translation,0.4444,0.8563,20,0
9,mlp_out,hi,tier_3,standard_translation,1.8044,3.4017,20,0
10,residual,hi,tier_3,standard_translation,-12.4121,24.8841,20,0
10,attn_out,hi,tier_3,standard_translation,0.5552,1.0149,20,0
10,mlp_out,hi,tier_3,standard_translation,7.1312,14.139,20,0
11,residual,hi,tier_3,standard_translation,-13.6192,27.2659,20,0
11,attn_out,hi,tier_3,standard_translation,-2.1683,4.3433,20,0
11,mlp_out,hi,tier_3,standard_translation,0.7305,1.0706,20,0
12,residual,hi,tier_3,standard_translation,-12.6339,25.2394,20,0
12,attn_out,hi,tier_3,standard_translation,-0.6235,1.3858,20,0
12,mlp_out,hi,tier_3,standard_translation,1.678,3.2021,20,0
13,residual,hi,tier_3,standard_translation,-2.2481,4.2424,20,0
13,attn_out,hi,tier_3,standard_translation,1.863,3.805,20,0
13,mlp_out,hi,tier_3,standard_translation,-0.4033,0.8348,20,0
14,residual,hi,tier_3,standard_translation,-2.4959,4.6979,20,0
14,attn_out,hi,tier_3,standard_translation,0.1398,0.2859,20,0
14,mlp_out,hi,tier_3,standard_translation,0.8712,1.7376,20,0
15,residual,hi,tier_3,standard_translation,-1.6518,3.0687,20,0
15,attn_out,hi,tier_3,standard_translation,0.1925,0.3476,20,0
15,mlp_out,hi,tier_3,standard_translation,-2.9746,5.9733,20,0
16,residual,hi,tier_3,standard_translation,-1.6372,2.9887,20,0
16,attn_out,hi,tier_3,standard_translation,0.4478,0.8898,20,0
16,mlp_out,hi,tier_3,standard_translation,-0.5053,1.0859,20,0
17,residual,hi,tier_3,standard_translation,-0.053,0.2652,20,0
17,attn_out,hi,tier_3,standard_translation,-0.2554,0.5046,20,0
17,mlp_out,hi,tier_3,standard_translation,-2.5588,5.154,20,0
18,residual,hi,tier_3,standard_translation,-2.2412,4.2929,20,0
18,attn_out,hi,tier_3,standard_translation,-0.5231,1.0472,20,0
18,mlp_out,hi,tier_3,standard_translation,-1.2744,2.4617,20,0
19,residual,hi,tier_3,standard_translation,-0.4503,0.7714,20,0
19,attn_out,hi,tier_3,standard_translation,0.0557,0.0769,20,0
19,mlp_out,hi,tier_3,standard_translation,-0.067,0.1511,20,0
20,residual,hi,tier_3,standard_translation,-0.3742,0.653,20,0
20,attn_out,hi,tier_3,standard_translation,-0.072,0.1449,20,0
20,mlp_out,hi,tier_3,standard_translation,0.0044,0.0188,20,0
21,residual,hi,tier_3,standard_translation,-0.3113,0.5799,20,0
21,attn_out,hi,tier_3,standard_translation,-0.132,0.261,20,0
21,mlp_out,hi,tier_3,standard_translation,-0.0484,0.1065,20,0
22,residual,hi,tier_3,standard_translation,-0.3021,0.5338,20,0
22,attn_out,hi,tier_3,standard_translation,0.1387,0.273,20,0
22,mlp_out,hi,tier_3,standard_translation,0.3093,0.5922,20,0
23,residual,hi,tier_3,standard_translation,-0.2459,0.4373,20,0
23,attn_out,hi,tier_3,standard_translation,0.0215,0.0432,20,0
23,mlp_out,hi,tier_3,standard_translation,0.1491,0.2817,20,0
24,residual,hi,tier_3,standard_translation,-0.1806,0.3045,20,0
24,attn_out,hi,tier_3,standard_translation,0.091,0.1829,20,0
24,mlp_out,hi,tier_3,standard_translation,0.2141,0.4194,20,0
25,residual,hi,tier_3,standard_translation,-0.3606,0.6782,20,0
25,attn_out,hi,tier_3,standard_translation,0.0267,0.0455,20,0
25,mlp_out,hi,tier_3,standard_translation,0.0179,0.0377,20,0
26,residual,hi,tier_3,standard_translation,-0.2203,0.4106,20,0
26,attn_out,hi,tier_3,standard_translation,-0.0613,0.126,20,0
26,mlp_out,hi,tier_3,standard_translation,-0.2151,0.4243,20,0
27,residual,hi,tier_3,standard_translation,0.0,0.0,20,0
27,attn_out,hi,tier_3,standard_translation,0.0,0.0,20,0
27,mlp_out,hi,tier_3,standard_translation,0.0,0.0,20,0
0,residual,sw,tier_3,standard_translation,0.2788,0.1512,20,0
0,attn_out,sw,tier_3,standard_translation,0.2814,0.1604,20,0
0,mlp_out,sw,tier_3,standard_translation,0.0759,0.0724,20,0
1,residual,sw,tier_3,standard_translation,0.2498,0.1112,20,0
1,attn_out,sw,tier_3,standard_translation,-0.0023,0.0121,20,0
1,mlp_out,sw,tier_3,standard_translation,-0.0003,0.0411,20,0
2,residual,sw,tier_3,standard_translation,0.2352,0.1051,20,0
2,attn_out,sw,tier_3,standard_translation,-0.0186,0.0229,20,0
2,mlp_out,sw,tier_3,standard_translation,0.0167,0.0675,20,0
3,residual,sw,tier_3,standard_translation,0.4254,0.3726,20,0
3,attn_out,sw,tier_3,standard_translation,0.0049,0.0269,20,0
3,mlp_out,sw,tier_3,standard_translation,-0.0053,0.0184,20,0
4,residual,sw,tier_3,standard_translation,0.4114,0.3269,20,0
4,attn_out,sw,tier_3,standard_translation,-0.0038,0.0159,20,0
4,mlp_out,sw,tier_3,standard_translation,0.0317,0.0283,20,0
5,residual,sw,tier_3,standard_translation,0.3913,0.314,20,0
5,attn_out,sw,tier_3,standard_translation,0.0168,0.022,20,0
5,mlp_out,sw,tier_3,standard_translation,0.0209,0.0398,20,0
6,residual,sw,tier_3,standard_translation,0.4236,0.3502,20,0
6,attn_out,sw,tier_3,standard_translation,-0.0063,0.0385,20,0
6,mlp_out,sw,tier_3,standard_translation,0.0166,0.0119,20,0
7,residual,sw,tier_3,standard_translation,0.4672,0.4265,20,0
7,attn_out,sw,tier_3,standard_translation,-0.0161,0.0246,20,0
7,mlp_out,sw,tier_3,standard_translation,-0.0052,0.0241,20,0
8,residual,sw,tier_3,standard_translation,0.4731,0.486,20,0
8,attn_out,sw,tier_3,standard_translation,-0.0102,0.0229,20,0
8,mlp_out,sw,tier_3,standard_translation,0.0049,0.0117,20,0
9,residual,sw,tier_3,standard_translation,0.4518,0.4618,20,0
9,attn_out,sw,tier_3,standard_translation,-0.0214,0.0131,20,0
9,mlp_out,sw,tier_3,standard_translation,0.0013,0.033,20,0
10,residual,sw,tier_3,standard_translation,0.4369,0.4805,20,0
10,attn_out,sw,tier_3,standard_translation,-0.0156,0.0256,20,0
10,mlp_out,sw,tier_3,standard_translation,0.0236,0.022,20,0
11,residual,sw,tier_3,standard_translation,0.4181,0.4646,20,0
11,attn_out,sw,tier_3,standard_translation,-0.0088,0.0162,20,0
11,mlp_out,sw,tier_3,standard_translation,0.0125,0.0341,20,0
12,residual,sw,tier_3,standard_translation,0.4263,0.4536,20,0
12,attn_out,sw,tier_3,standard_translation,0.0025,0.0117,20,0
12,mlp_out,sw,tier_3,standard_translation,0.018,0.0251,20,0
13,residual,sw,tier_3,standard_translation,0.3372,0.3684,20,0
13,attn_out,sw,tier_3,standard_translation,-0.002,0.0116,20,0
13,mlp_out,sw,tier_3,standard_translation,0.014,0.0209,20,0
14,residual,sw,tier_3,standard_translation,0.2795,0.2736,20,0
14,attn_out,sw,tier_3,standard_translation,0.003,0.0064,20,0
14,mlp_out,sw,tier_3,standard_translation,-0.0118,0.0337,20,0
15,residual,sw,tier_3,standard_translation,0.2486,0.2583,20,0
15,attn_out,sw,tier_3,standard_translation,-0.0041,0.0149,20,0
15,mlp_out,sw,tier_3,standard_translation,-0.004,0.0102,20,0
16,residual,sw,tier_3,standard_translation,0.2262,0.2216,20,0
16,attn_out,sw,tier_3,standard_translation,0.0082,0.0157,20,0
16,mlp_out,sw,tier_3,standard_translation,0.0071,0.014,20,0
17,residual,sw,tier_3,standard_translation,0.245,0.2554,20,0
17,attn_out,sw,tier_3,standard_translation,-0.0054,0.0094,20,0
17,mlp_out,sw,tier_3,standard_translation,0.0131,0.0126,20,0
18,residual,sw,tier_3,standard_translation,0.1032,0.083,20,0
18,attn_out,sw,tier_3,standard_translation,-0.0003,0.0038,20,0
18,mlp_out,sw,tier_3,standard_translation,0.0036,0.0081,20,0
19,residual,sw,tier_3,standard_translation,0.0471,0.0552,20,0
19,attn_out,sw,tier_3,standard_translation,-0.003,0.0045,20,0
19,mlp_out,sw,tier_3,standard_translation,0.0024,0.0041,20,0
20,residual,sw,tier_3,standard_translation,0.0433,0.0669,20,0
20,attn_out,sw,tier_3,standard_translation,-0.0011,0.0011,20,0
20,mlp_out,sw,tier_3,standard_translation,0.0014,0.0022,20,0
21,residual,sw,tier_3,standard_translation,0.0432,0.0794,20,0
21,attn_out,sw,tier_3,standard_translation,0.0002,0.0018,20,0
21,mlp_out,sw,tier_3,standard_translation,0.0018,0.0014,20,0
22,residual,sw,tier_3,standard_translation,0.0371,0.0712,20,0
22,attn_out,sw,tier_3,standard_translation,-0.0012,0.0011,20,0
22,mlp_out,sw,tier_3,standard_translation,-0.0008,0.0023,20,0
23,residual,sw,tier_3,standard_translation,0.0337,0.0713,20,0
23,attn_out,sw,tier_3,standard_translation,0.0033,0.0022,20,0
23,mlp_out,sw,tier_3,standard_translation,-0.0015,0.0027,20,0
24,residual,sw,tier_3,standard_translation,0.0286,0.0651,20,0
24,attn_out,sw,tier_3,standard_translation,-0.0005,0.0006,20,0
24,mlp_out,sw,tier_3,standard_translation,0.0009,0.0024,20,0
25,residual,sw,tier_3,standard_translation,0.0087,0.0212,20,0
25,attn_out,sw,tier_3,standard_translation,-0.0002,0.0007,20,0
25,mlp_out,sw,tier_3,standard_translation,-0.001,0.0009,20,0
26,residual,sw,tier_3,standard_translation,0.0097,0.0225,20,0
26,attn_out,sw,tier_3,standard_translation,0.0001,0.0008,20,0
26,mlp_out,sw,tier_3,standard_translation,-0.0008,0.0016,20,0
27,residual,sw,tier_3,standard_translation,0.0,0.0,20,0
27,attn_out,sw,tier_3,standard_translation,0.0,0.0,20,0
27,mlp_out,sw,tier_3,standard_translation,0.0,0.0,20,0
0,residual,yo,tier_4,standard_translation,-0.0858,0.2711,20,0
0,attn_out,yo,tier_4,standard_translation,-0.0921,0.2781,20,0
0,mlp_out,yo,tier_4,standard_translation,-0.0301,0.051,20,0
1,residual,yo,tier_4,standard_translation,-0.0025,0.2851,20,0
1,attn_out,yo,tier_4,standard_translation,0.0108,0.0255,20,0
1,mlp_out,yo,tier_4,standard_translation,0.0173,0.0341,20,0
2,residual,yo,tier_4,standard_translation,0.0031,0.3913,20,0
2,attn_out,yo,tier_4,standard_translation,-0.0074,0.0254,20,0
2,mlp_out,yo,tier_4,standard_translation,0.0325,0.0706,20,0
3,residual,yo,tier_4,standard_translation,-0.1147,0.6211,20,0
3,attn_out,yo,tier_4,standard_translation,0.008,0.0252,20,0
3,mlp_out,yo,tier_4,standard_translation,0.0241,0.0323,20,0
4,residual,yo,tier_4,standard_translation,-0.0681,0.5742,20,0
4,attn_out,yo,tier_4,standard_translation,0.0186,0.0189,20,0
4,mlp_out,yo,tier_4,standard_translation,-0.0043,0.0317,20,0
5,residual,yo,tier_4,standard_translation,-0.0603,0.519,20,0
5,attn_out,yo,tier_4,standard_translation,0.0178,0.0232,20,0
5,mlp_out,yo,tier_4,standard_translation,0.0012,0.0534,20,0
6,residual,yo,tier_4,standard_translation,-0.0923,0.5438,20,0
6,attn_out,yo,tier_4,standard_translation,-0.0006,0.0213,20,0
6,mlp_out,yo,tier_4,standard_translation,-0.0638,0.0714,20,0
7,residual,yo,tier_4,standard_translation,-0.0228,0.4912,20,0
7,attn_out,yo,tier_4,standard_translation,-0.007,0.0331,20,0
7,mlp_out,yo,tier_4,standard_translation,-0.0209,0.0268,20,0
8,residual,yo,tier_4,standard_translation,0.0139,0.4928,20,0
8,attn_out,yo,tier_4,standard_translation,0.0332,0.0341,20,0
8,mlp_out,yo,tier_4,standard_translation,-0.006,0.0134,20,0
9,residual,yo,tier_4,standard_translation,0.0157,0.4668,20,0
9,attn_out,yo,tier_4,standard_translation,0.0036,0.0109,20,0
9,mlp_out,yo,tier_4,standard_translation,-0.0351,0.0388,20,0
10,residual,yo,tier_4,standard_translation,0.0525,0.4569,20,0
10,attn_out,yo,tier_4,standard_translation,0.0013,0.0081,20,0
10,mlp_out,yo,tier_4,standard_translation,0.0232,0.0871,20,0
11,residual,yo,tier_4,standard_translation,0.0765,0.4178,20,0
11,attn_out,yo,tier_4,standard_translation,-0.0047,0.0133,20,0
11,mlp_out,yo,tier_4,standard_translation,0.0064,0.0172,20,0
12,residual,yo,tier_4,standard_translation,0.159,0.4083,20,0
12,attn_out,yo,tier_4,standard_translation,0.0034,0.0307,20,0
12,mlp_out,yo,tier_4,standard_translation,-0.0037,0.0382,20,0
13,residual,yo,tier_4,standard_translation,0.0692,0.0918,20,0
13,attn_out,yo,tier_4,standard_translation,0.0134,0.0347,20,0
13,mlp_out,yo,tier_4,standard_translation,0.0082,0.0322,20,0
14,residual,yo,tier_4,standard_translation,0.1044,0.0642,20,0
14,attn_out,yo,tier_4,standard_translation,0.0209,0.0218,20,0
14,mlp_out,yo,tier_4,standard_translation,-0.026,0.032,20,0
15,residual,yo,tier_4,standard_translation,0.1267,0.139,20,0
15,attn_out,yo,tier_4,standard_translation,0.0202,0.0225,20,0
15,mlp_out,yo,tier_4,standard_translation,-0.0014,0.013,20,0
16,residual,yo,tier_4,standard_translation,0.1129,0.1168,20,0
16,attn_out,yo,tier_4,standard_translation,-0.0166,0.0313,20,0
16,mlp_out,yo,tier_4,standard_translation,-0.0002,0.0152,20,0
17,residual,yo,tier_4,standard_translation,0.0918,0.1435,20,0
17,attn_out,yo,tier_4,standard_translation,-0.0118,0.0297,20,0
17,mlp_out,yo,tier_4,standard_translation,-0.0011,0.0299,20,0
18,residual,yo,tier_4,standard_translation,0.0004,0.0494,20,0
18,attn_out,yo,tier_4,standard_translation,-0.0067,0.0185,20,0
18,mlp_out,yo,tier_4,standard_translation,0.0156,0.0257,20,0
19,residual,yo,tier_4,standard_translation,-0.0161,0.0592,20,0
19,attn_out,yo,tier_4,standard_translation,0.0026,0.0051,20,0
19,mlp_out,yo,tier_4,standard_translation,-0.0061,0.0245,20,0
20,residual,yo,tier_4,standard_translation,-0.0083,0.0445,20,0
20,attn_out,yo,tier_4,standard_translation,-0.0039,0.0051,20,0
20,mlp_out,yo,tier_4,standard_translation,-0.0074,0.0124,20,0
21,residual,yo,tier_4,standard_translation,-0.0117,0.0221,20,0
21,attn_out,yo,tier_4,standard_translation,0.0007,0.0021,20,0
21,mlp_out,yo,tier_4,standard_translation,-0.0009,0.0024,20,0
22,residual,yo,tier_4,standard_translation,-0.0134,0.0227,20,0
22,attn_out,yo,tier_4,standard_translation,-0.0019,0.0025,20,0
22,mlp_out,yo,tier_4,standard_translation,-0.003,0.0149,20,0
23,residual,yo,tier_4,standard_translation,-0.0117,0.0223,20,0
23,attn_out,yo,tier_4,standard_translation,0.0002,0.0036,20,0
23,mlp_out,yo,tier_4,standard_translation,-0.0011,0.0043,20,0
24,residual,yo,tier_4,standard_translation,-0.0108,0.0227,20,0
24,attn_out,yo,tier_4,standard_translation,-0.002,0.0027,20,0
24,mlp_out,yo,tier_4,standard_translation,-0.0054,0.0115,20,0
25,residual,yo,tier_4,standard_translation,-0.0124,0.0213,20,0
25,attn_out,yo,tier_4,standard_translation,-0.0005,0.0024,20,0
25,mlp_out,yo,tier_4,standard_translation,-0.0008,0.0042,20,0
26,residual,yo,tier_4,standard_translation,-0.0083,0.0104,20,0
26,attn_out,yo,tier_4,standard_translation,0.0011,0.0021,20,0
26,mlp_out,yo,tier_4,standard_translation,0.0031,0.0054,20,0
27,residual,yo,tier_4,standard_translation,0.0,0.0,20,0
27,attn_out,yo,tier_4,standard_translation,0.0,0.0,20,0
27,mlp_out,yo,tier_4,standard_translation,0.0,0.0,20,0
0,residual,zu,tier_4,standard_translation,-0.1047,0.0857,20,0
0,attn_out,zu,tier_4,standard_translation,-0.1058,0.0865,20,0
0,mlp_out,zu,tier_4,standard_translation,-0.0147,0.0322,20,0
1,residual,zu,tier_4,standard_translation,-0.1165,0.1033,20,0
1,attn_out,zu,tier_4,standard_translation,-0.0008,0.0251,20,0
1,mlp_out,zu,tier_4,standard_translation,-0.0045,0.0204,20,0
2,residual,zu,tier_4,standard_translation,-0.1116,0.0877,20,0
2,attn_out,zu,tier_4,standard_translation,0.0182,0.0129,20,0
2,mlp_out,zu,tier_4,standard_translation,0.0258,0.0231,20,0
3,residual,zu,tier_4,standard_translation,-0.141,0.0405,20,0
3,attn_out,zu,tier_4,standard_translation,-0.0042,0.0064,20,0
3,mlp_out,zu,tier_4,standard_translation,-0.0045,0.0214,20,0
4,residual,zu,tier_4,standard_translation,-0.1516,0.0405,20,0
4,attn_out,zu,tier_4,standard_translation,-0.0039,0.0055,20,0
4,mlp_out,zu,tier_4,standard_translation,0.0046,0.0114,20,0
5,residual,zu,tier_4,standard_translation,-0.1439,0.0403,20,0
5,attn_out,zu,tier_4,standard_translation,-0.0008,0.0127,20,0
5,mlp_out,zu,tier_4,standard_translation,-0.0044,0.0252,20,0
6,residual,zu,tier_4,standard_translation,-0.1706,0.0604,20,0
6,attn_out,zu,tier_4,standard_translation,0.0052,0.0115,20,0
6,mlp_out,zu,tier_4,standard_translation,-0.008,0.0268,20,0
7,residual,zu,tier_4,standard_translation,-0.2056,0.0697,20,0
7,attn_out,zu,tier_4,standard_translation,-0.0148,0.0215,20,0
7,mlp_out,zu,tier_4,standard_translation,-0.0223,0.0296,20,0
8,residual,zu,tier_4,standard_translation,-0.2151,0.0589,20,0
8,attn_out,zu,tier_4,standard_translation,-0.0012,0.0105,20,0
8,mlp_out,zu,tier_4,standard_translation,-0.0149,0.0168,20,0
9,residual,zu,tier_4,standard_translation,-0.2115,0.0409,20,0
9,attn_out,zu,tier_4,standard_translation,-0.0063,0.018,20,0
9,mlp_out,zu,tier_4,standard_translation,-0.0033,0.0203,20,0
10,residual,zu,tier_4,standard_translation,-0.206,0.0404,20,0
10,attn_out,zu,tier_4,standard_translation,0.0034,0.0092,20,0
10,mlp_out,zu,tier_4,standard_translation,-0.0146,0.0128,20,0
11,residual,zu,tier_4,standard_translation,-0.1577,0.0405,20,0
11,attn_out,zu,tier_4,standard_translation,0.0119,0.0068,20,0
11,mlp_out,zu,tier_4,standard_translation,0.0033,0.0267,20,0
12,residual,zu,tier_4,standard_translation,-0.1585,0.0291,20,0
12,attn_out,zu,tier_4,standard_translation,0.0096,0.0066,20,0
12,mlp_out,zu,tier_4,standard_translation,-0.0152,0.0136,20,0
13,residual,zu,tier_4,standard_translation,-0.0553,0.0388,20,0
13,attn_out,zu,tier_4,standard_translation,0.0035,0.0042,20,0
13,mlp_out,zu,tier_4,standard_translation,-0.002,0.005,20,0
14,residual,zu,tier_4,standard_translation,-0.0528,0.0292,20,0
14,attn_out,zu,tier_4,standard_translation,-0.0016,0.0041,20,0
14,mlp_out,zu,tier_4,standard_translation,-0.0027,0.0129,20,0
15,residual,zu,tier_4,standard_translation,-0.0449,0.0239,20,0
15,attn_out,zu,tier_4,standard_translation,-0.0052,0.005,20,0
15,mlp_out,zu,tier_4,standard_translation,0.0041,0.0132,20,0
16,residual,zu,tier_4,standard_translation,-0.0453,0.022,20,0
16,attn_out,zu,tier_4,standard_translation,0.005,0.005,20,0
16,mlp_out,zu,tier_4,standard_translation,-0.0044,0.0117,20,0
17,residual,zu,tier_4,standard_translation,-0.0387,0.0214,20,0
17,attn_out,zu,tier_4,standard_translation,0.0063,0.01,20,0
17,mlp_out,zu,tier_4,standard_translation,-0.0099,0.0065,20,0
18,residual,zu,tier_4,standard_translation,-0.0206,0.0097,20,0
18,attn_out,zu,tier_4,standard_translation,0.0033,0.0039,20,0
18,mlp_out,zu,tier_4,standard_translation,-0.0025,0.0073,20,0
19,residual,zu,tier_4,standard_translation,0.0026,0.0134,20,0
19,attn_out,zu,tier_4,standard_translation,-0.0015,0.0053,20,0
19,mlp_out,zu,tier_4,standard_translation,-0.0008,0.0045,20,0
20,residual,zu,tier_4,standard_translation,0.0029,0.0134,20,0
20,attn_out,zu,tier_4,standard_translation,0.0004,0.0007,20,0
20,mlp_out,zu,tier_4,standard_translation,0.0036,0.0057,20,0
21,residual,zu,tier_4,standard_translation,0.005,0.0174,20,0
21,attn_out,zu,tier_4,standard_translation,0.0007,0.0022,20,0
21,mlp_out,zu,tier_4,standard_translation,0.0058,0.0102,20,0
22,residual,zu,tier_4,standard_translation,0.0026,0.0115,20,0
22,attn_out,zu,tier_4,standard_translation,0.0009,0.0016,20,0
22,mlp_out,zu,tier_4,standard_translation,0.0055,0.007,20,0
23,residual,zu,tier_4,standard_translation,0.0051,0.0114,20,0
23,attn_out,zu,tier_4,standard_translation,0.0006,0.0016,20,0
23,mlp_out,zu,tier_4,standard_translation,-0.0013,0.0031,20,0
24,residual,zu,tier_4,standard_translation,0.0048,0.0096,20,0
24,attn_out,zu,tier_4,standard_translation,0.001,0.0009,20,0
24,mlp_out,zu,tier_4,standard_translation,-0.0014,0.0039,20,0
25,residual,zu,tier_4,standard_translation,0.0036,0.0055,20,0
25,attn_out,zu,tier_4,standard_translation,0.0002,0.0006,20,0
25,mlp_out,zu,tier_4,standard_translation,0.0004,0.0011,20,0
26,residual,zu,tier_4,standard_translation,0.0007,0.0026,20,0
26,attn_out,zu,tier_4,standard_translation,0.0002,0.0002,20,0
26,mlp_out,zu,tier_4,standard_translation,0.0002,0.0004,20,0
27,residual,zu,tier_4,standard_translation,0.0,0.0,20,0
27,attn_out,zu,tier_4,standard_translation,0.0,0.0,20,0
27,mlp_out,zu,tier_4,standard_translation,0.0,0.0,20,0
0,residual,gd,tier_4,standard_translation,0.342,0.2514,20,0
0,attn_out,gd,tier_4,standard_translation,0.3424,0.2571,20,0
0,mlp_out,gd,tier_4,standard_translation,0.2292,0.3798,20,0
1,residual,gd,tier_4,standard_translation,0.3649,0.2662,20,0
1,attn_out,gd,tier_4,standard_translation,0.0286,0.0655,20,0
1,mlp_out,gd,tier_4,standard_translation,0.064,0.168,20,0
2,residual,gd,tier_4,standard_translation,0.4211,0.316,20,0
2,attn_out,gd,tier_4,standard_translation,0.0394,0.1226,20,0
2,mlp_out,gd,tier_4,standard_translation,0.089,0.2807,20,0
3,residual,gd,tier_4,standard_translation,0.7045,0.8163,20,0
3,attn_out,gd,tier_4,standard_translation,0.0536,0.1,20,0
3,mlp_out,gd,tier_4,standard_translation,0.0498,0.2047,20,0
4,residual,gd,tier_4,standard_translation,0.5833,0.5881,20,0
4,attn_out,gd,tier_4,standard_translation,-0.001,0.0153,20,0
4,mlp_out,gd,tier_4,standard_translation,0.0745,0.2029,20,0
5,residual,gd,tier_4,standard_translation,0.5432,0.5763,20,0
5,attn_out,gd,tier_4,standard_translation,0.0557,0.086,20,0
5,mlp_out,gd,tier_4,standard_translation,0.0462,0.1181,20,0
6,residual,gd,tier_4,standard_translation,0.5164,0.5156,20,0
6,attn_out,gd,tier_4,standard_translation,-0.0235,0.0174,20,0
6,mlp_out,gd,tier_4,standard_translation,0.0237,0.0616,20,0
7,residual,gd,tier_4,standard_translation,0.7343,1.0338,20,0
7,attn_out,gd,tier_4,standard_translation,0.0029,0.0324,20,0
7,mlp_out,gd,tier_4,standard_translation,0.1674,0.2668,20,0
8,residual,gd,tier_4,standard_translation,0.7424,1.0498,20,0
8,attn_out,gd,tier_4,standard_translation,-0.0357,0.0405,20,0
8,mlp_out,gd,tier_4,standard_translation,0.007,0.0527,20,0
9,residual,gd,tier_4,standard_translation,0.7517,1.1001,20,0
9,attn_out,gd,tier_4,standard_translation,0.0045,0.0218,20,0
9,mlp_out,gd,tier_4,standard_translation,0.0238,0.0413,20,0
10,residual,gd,tier_4,standard_translation,0.6825,0.9508,20,0
10,attn_out,gd,tier_4,standard_translation,0.0027,0.0348,20,0
10,mlp_out,gd,tier_4,standard_translation,0.0924,0.1121,20,0
11,residual,gd,tier_4,standard_translation,0.5595,0.7329,20,0
11,attn_out,gd,tier_4,standard_translation,-0.0308,0.0416,20,0
11,mlp_out,gd,tier_4,standard_translation,0.054,0.1211,20,0
12,residual,gd,tier_4,standard_translation,0.5062,0.6516,20,0
12,attn_out,gd,tier_4,standard_translation,-0.007,0.0193,20,0
12,mlp_out,gd,tier_4,standard_translation,0.0445,0.148,20,0
13,residual,gd,tier_4,standard_translation,-0.0086,0.182,20,0
13,attn_out,gd,tier_4,standard_translation,0.0008,0.0137,20,0
13,mlp_out,gd,tier_4,standard_translation,0.0465,0.0986,20,0
14,residual,gd,tier_4,standard_translation,-0.0574,0.2446,20,0
14,attn_out,gd,tier_4,standard_translation,-0.0021,0.0082,20,0
14,mlp_out,gd,tier_4,standard_translation,0.1225,0.2246,20,0
15,residual,gd,tier_4,standard_translation,-0.1358,0.3165,20,0
15,attn_out,gd,tier_4,standard_translation,0.0051,0.0316,20,0
15,mlp_out,gd,tier_4,standard_translation,0.0052,0.0429,20,0
16,residual,gd,tier_4,standard_translation,-0.1192,0.2721,20,0
16,attn_out,gd,tier_4,standard_translation,-0.0026,0.0192,20,0
16,mlp_out,gd,tier_4,standard_translation,0.0391,0.0515,20,0
17,residual,gd,tier_4,standard_translation,-0.1109,0.2549,20,0
17,attn_out,gd,tier_4,standard_translation,-0.0074,0.0122,20,0
17,mlp_out,gd,tier_4,standard_translation,0.0047,0.0161,20,0
18,residual,gd,tier_4,standard_translation,0.0021,0.0218,20,0
18,attn_out,gd,tier_4,standard_translation,0.0003,0.0125,20,0
18,mlp_out,gd,tier_4,standard_translation,-0.0147,0.0308,20,0
19,residual,gd,tier_4,standard_translation,-0.0032,0.0111,20,0
19,attn_out,gd,tier_4,standard_translation,0.0087,0.0061,20,0
19,mlp_out,gd,tier_4,standard_translation,-0.003,0.0136,20,0
20,residual,gd,tier_4,standard_translation,0.0028,0.029,20,0
20,attn_out,gd,tier_4,standard_translation,-0.0013,0.0021,20,0
20,mlp_out,gd,tier_4,standard_translation,0.0017,0.0016,20,0
21,residual,gd,tier_4,standard_translation,0.0083,0.0311,20,0
21,attn_out,gd,tier_4,standard_translation,-0.0047,0.0054,20,0
21,mlp_out,gd,tier_4,standard_translation,-0.0022,0.0027,20,0
22,residual,gd,tier_4,standard_translation,0.012,0.0316,20,0
22,attn_out,gd,tier_4,standard_translation,0.0024,0.0024,20,0
22,mlp_out,gd,tier_4,standard_translation,-0.0,0.0034,20,0
23,residual,gd,tier_4,standard_translation,0.0107,0.0319,20,0
23,attn_out,gd,tier_4,standard_translation,0.0017,0.0021,20,0
23,mlp_out,gd,tier_4,standard_translation,0.0011,0.0031,20,0
24,residual,gd,tier_4,standard_translation,0.0136,0.0375,20,0
24,attn_out,gd,tier_4,standard_translation,0.0004,0.0006,20,0
24,mlp_out,gd,tier_4,standard_translation,-0.0014,0.001,20,0
25,residual,gd,tier_4,standard_translation,0.0114,0.0292,20,0
25,attn_out,gd,tier_4,standard_translation,0.0,0.0009,20,0
25,mlp_out,gd,tier_4,standard_translation,-0.0011,0.0016,20,0
26,residual,gd,tier_4,standard_translation,0.0059,0.0177,20,0
26,attn_out,gd,tier_4,standard_translation,0.002,0.0023,20,0
26,mlp_out,gd,tier_4,standard_translation,0.0001,0.0006,20,0
27,residual,gd,tier_4,standard_translation,0.0,0.0,20,0
27,attn_out,gd,tier_4,standard_translation,0.0,0.0,20,0
27,mlp_out,gd,tier_4,standard_translation,0.0,0.0,20,0
0,residual,gn,tier_4,standard_translation,1.0199,1.2624,20,0
0,attn_out,gn,tier_4,standard_translation,1.0196,1.2416,20,0
0,mlp_out,gn,tier_4,standard_translation,0.2303,1.2524,20,0
1,residual,gn,tier_4,standard_translation,0.7517,1.4987,20,0
1,attn_out,gn,tier_4,standard_translation,-0.3845,0.7703,20,0
1,mlp_out,gn,tier_4,standard_translation,-0.0126,0.1456,20,0
2,residual,gn,tier_4,standard_translation,0.7368,1.5106,20,0
2,attn_out,gn,tier_4,standard_translation,-0.238,0.6644,20,0
2,mlp_out,gn,tier_4,standard_translation,-0.1964,0.4316,20,0
3,residual,gn,tier_4,standard_translation,0.4594,1.3697,20,0
3,attn_out,gn,tier_4,standard_translation,-0.264,0.4831,20,0
3,mlp_out,gn,tier_4,standard_translation,0.5835,1.1619,20,0
4,residual,gn,tier_4,standard_translation,0.4174,1.4041,20,0
4,attn_out,gn,tier_4,standard_translation,-0.2809,0.5887,20,0
4,mlp_out,gn,tier_4,standard_translation,-0.355,0.8008,20,0
5,residual,gn,tier_4,standard_translation,0.4294,1.4786,20,0
5,attn_out,gn,tier_4,standard_translation,-0.0598,0.1058,20,0
5,mlp_out,gn,tier_4,standard_translation,-0.4755,0.9691,20,0
6,residual,gn,tier_4,standard_translation,0.6718,1.6641,20,0
6,attn_out,gn,tier_4,standard_translation,-0.1181,0.1868,20,0
6,mlp_out,gn,tier_4,standard_translation,0.1876,0.1898,20,0
7,residual,gn,tier_4,standard_translation,1.434,2.4709,20,0
7,attn_out,gn,tier_4,standard_translation,0.0494,0.1019,20,0
7,mlp_out,gn,tier_4,standard_translation,-0.0558,0.13,20,0
8,residual,gn,tier_4,standard_translation,1.5203,2.7916,20,0
8,attn_out,gn,tier_4,standard_translation,0.0398,0.1446,20,0
8,mlp_out,gn,tier_4,standard_translation,0.0105,0.0458,20,0
9,residual,gn,tier_4,standard_translation,1.7702,3.1318,20,0
9,attn_out,gn,tier_4,standard_translation,-0.0454,0.0531,20,0
9,mlp_out,gn,tier_4,standard_translation,0.1224,0.1355,20,0
10,residual,gn,tier_4,standard_translation,1.9775,3.5343,20,0
10,attn_out,gn,tier_4,standard_translation,-0.2069,0.363,20,0
10,mlp_out,gn,tier_4,standard_translation,0.17,0.1734,20,0
11,residual,gn,tier_4,standard_translation,2.1771,3.8577,20,0
11,attn_out,gn,tier_4,standard_translation,-0.0546,0.1249,20,0
11,mlp_out,gn,tier_4,standard_translation,-0.1598,0.32,20,0
12,residual,gn,tier_4,standard_translation,2.1787,3.6829,20,0
12,attn_out,gn,tier_4,standard_translation,0.0902,0.217,20,0
12,mlp_out,gn,tier_4,standard_translation,0.2299,0.3135,20,0
13,residual,gn,tier_4,standard_translation,2.0618,3.0182,20,0
13,attn_out,gn,tier_4,standard_translation,0.0779,0.1542,20,0
13,mlp_out,gn,tier_4,standard_translation,0.013,0.0629,20,0
14,residual,gn,tier_4,standard_translation,2.0387,2.95,20,0
14,attn_out,gn,tier_4,standard_translation,0.0675,0.1334,20,0
14,mlp_out,gn,tier_4,standard_translation,0.2142,0.2996,20,0
15,residual,gn,tier_4,standard_translation,1.5093,2.2876,20,0
15,attn_out,gn,tier_4,standard_translation,0.029,0.0868,20,0
15,mlp_out,gn,tier_4,standard_translation,-0.0564,0.1109,20,0
16,residual,gn,tier_4,standard_translation,1.4546,2.2007,20,0
16,attn_out,gn,tier_4,standard_translation,0.1136,0.2373,20,0
16,mlp_out,gn,tier_4,standard_translation,0.0147,0.0947,20,0
17,residual,gn,tier_4,standard_translation,1.2432,1.9839,20,0
17,attn_out,gn,tier_4,standard_translation,0.0445,0.1015,20,0
17,mlp_out,gn,tier_4,standard_translation,0.0571,0.1679,20,0
18,residual,gn,tier_4,standard_translation,0.3029,0.4554,20,0
18,attn_out,gn,tier_4,standard_translation,-0.0072,0.0331,20,0
18,mlp_out,gn,tier_4,standard_translation,-0.0364,0.1136,20,0
19,residual,gn,tier_4,standard_translation,0.1141,0.1781,20,0
19,attn_out,gn,tier_4,standard_translation,0.0048,0.0253,20,0
19,mlp_out,gn,tier_4,standard_translation,-0.0075,0.0467,20,0
20,residual,gn,tier_4,standard_translation,0.1421,0.2571,20,0
20,attn_out,gn,tier_4,standard_translation,0.0058,0.0304,20,0
20,mlp_out,gn,tier_4,standard_translation,-0.0174,0.0538,20,0
21,residual,gn,tier_4,standard_translation,0.0592,0.1254,20,0
21,attn_out,gn,tier_4,standard_translation,0.0056,0.0089,20,0
21,mlp_out,gn,tier_4,standard_translation,-0.0118,0.0774,20,0
22,residual,gn,tier_4,standard_translation,0.0629,0.1193,20,0
22,attn_out,gn,tier_4,standard_translation,0.0038,0.0135,20,0
22,mlp_out,gn,tier_4,standard_translation,0.007,0.0071,20,0
23,residual,gn,tier_4,standard_translation,0.054,0.0778,20,0
23,attn_out,gn,tier_4,standard_translation,0.0003,0.0069,20,0
23,mlp_out,gn,tier_4,standard_translation,-0.0024,0.0083,20,0
24,residual,gn,tier_4,standard_translation,0.0337,0.0505,20,0
24,attn_out,gn,tier_4,standard_translation,0.0024,0.0064,20,0
24,mlp_out,gn,tier_4,standard_translation,-0.0003,0.0124,20,0
25,residual,gn,tier_4,standard_translation,0.0155,0.0316,20,0
25,attn_out,gn,tier_4,standard_translation,0.0013,0.004,20,0
25,mlp_out,gn,tier_4,standard_translation,-0.0033,0.0072,20,0
26,residual,gn,tier_4,standard_translation,0.0184,0.036,20,0
26,attn_out,gn,tier_4,standard_translation,-0.002,0.0051,20,0
26,mlp_out,gn,tier_4,standard_translation,0.0051,0.0095,20,0
27,residual,gn,tier_4,standard_translation,0.0,0.0,20,0
27,attn_out,gn,tier_4,standard_translation,0.0,0.0,20,0
27,mlp_out,gn,tier_4,standard_translation,0.0,0.0,20,0
0,residual,de,tier_1,transliteration,0.1057,0.109,20,0
0,attn_out,de,tier_1,transliteration,0.1098,0.1087,20,0
0,mlp_out,de,tier_1,transliteration,0.0879,0.1443,20,0
1,residual,de,tier_1,transliteration,0.103,0.125,20,0
1,attn_out,de,tier_1,transliteration,0.0017,0.0096,20,0
1,mlp_out,de,tier_1,transliteration,0.0309,0.0324,20,0
2,residual,de,tier_1,transliteration,0.0932,0.1326,20,0
2,attn_out,de,tier_1,transliteration,0.006,0.008,20,0
2,mlp_out,de,tier_1,transliteration,0.0667,0.1142,20,0
3,residual,de,tier_1,transliteration,0.0886,0.1283,20,0
3,attn_out,de,tier_1,transliteration,-0.0255,0.0339,20,0
3,mlp_out,de,tier_1,transliteration,0.0382,0.08,20,0
4,residual,de,tier_1,transliteration,0.0764,0.1027,20,0
4,attn_out,de,tier_1,transliteration,0.0102,0.0158,20,0
4,mlp_out,de,tier_1,transliteration,0.0388,0.0533,20,0
5,residual,de,tier_1,transliteration,0.0497,0.0787,20,0
5,attn_out,de,tier_1,transliteration,-0.02,0.0148,20,0
5,mlp_out,de,tier_1,transliteration,0.0705,0.0496,20,0
6,residual,de,tier_1,transliteration,-0.0218,0.0443,20,0
6,attn_out,de,tier_1,transliteration,0.0458,0.0289,20,0
6,mlp_out,de,tier_1,transliteration,0.0054,0.0625,20,0
7,residual,de,tier_1,transliteration,-0.0066,0.0466,20,0
7,attn_out,de,tier_1,transliteration,0.0407,0.0207,20,0
7,mlp_out,de,tier_1,transliteration,0.0174,0.0675,20,0
8,residual,de,tier_1,transliteration,-0.0281,0.0462,20,0
8,attn_out,de,tier_1,transliteration,0.0162,0.0198,20,0
8,mlp_out,de,tier_1,transliteration,-0.0008,0.0232,20,0
9,residual,de,tier_1,transliteration,-0.057,0.0713,20,0
9,attn_out,de,tier_1,transliteration,-0.0027,0.0249,20,0
9,mlp_out,de,tier_1,transliteration,-0.0426,0.0392,20,0
10,residual,de,tier_1,transliteration,-0.0559,0.0775,20,0
10,attn_out,de,tier_1,transliteration,0.0277,0.0163,20,0
10,mlp_out,de,tier_1,transliteration,-0.0461,0.0321,20,0
11,residual,de,tier_1,transliteration,-0.0888,0.1059,20,0
11,attn_out,de,tier_1,transliteration,0.0096,0.0285,20,0
11,mlp_out,de,tier_1,transliteration,-0.0001,0.0458,20,0
12,residual,de,tier_1,transliteration,-0.1139,0.1322,20,0
12,attn_out,de,tier_1,transliteration,0.0037,0.0192,20,0
12,mlp_out,de,tier_1,transliteration,-0.0362,0.0323,20,0
13,residual,de,tier_1,transliteration,-0.1103,0.1301,20,0
13,attn_out,de,tier_1,transliteration,0.0124,0.0235,20,0
13,mlp_out,de,tier_1,transliteration,-0.008,0.0439,20,0
14,residual,de,tier_1,transliteration,-0.1008,0.123,20,0
14,attn_out,de,tier_1,transliteration,-0.009,0.0164,20,0
14,mlp_out,de,tier_1,transliteration,-0.0488,0.0524,20,0
15,residual,de,tier_1,transliteration,-0.1037,0.123,20,0
15,attn_out,de,tier_1,transliteration,0.0009,0.0288,20,0
15,mlp_out,de,tier_1,transliteration,-0.0067,0.0227,20,0
16,residual,de,tier_1,transliteration,-0.0961,0.1072,20,0
16,attn_out,de,tier_1,transliteration,0.0055,0.0184,20,0
16,mlp_out,de,tier_1,transliteration,-0.0029,0.015,20,0
17,residual,de,tier_1,transliteration,-0.0873,0.103,20,0
17,attn_out,de,tier_1,transliteration,-0.0064,0.0192,20,0
17,mlp_out,de,tier_1,transliteration,-0.0516,0.0391,20,0
18,residual,de,tier_1,transliteration,-0.052,0.0437,20,0
18,attn_out,de,tier_1,transliteration,0.0115,0.0264,20,0
18,mlp_out,de,tier_1,transliteration,-0.018,0.0254,20,0
19,residual,de,tier_1,transliteration,-0.0165,0.0271,20,0
19,attn_out,de,tier_1,transliteration,-0.0049,0.011,20,0
19,mlp_out,de,tier_1,transliteration,0.0042,0.0338,20,0
20,residual,de,tier_1,transliteration,0.0105,0.0222,20,0
20,attn_out,de,tier_1,transliteration,-0.0023,0.0037,20,0
20,mlp_out,de,tier_1,transliteration,-0.007,0.0106,20,0
21,residual,de,tier_1,transliteration,0.0165,0.0178,20,0
21,attn_out,de,tier_1,transliteration,0.0049,0.0038,20,0
21,mlp_out,de,tier_1,transliteration,0.0039,0.005,20,0
22,residual,de,tier_1,transliteration,0.0231,0.023,20,0
22,attn_out,de,tier_1,transliteration,0.001,0.0012,20,0
22,mlp_out,de,tier_1,transliteration,0.007,0.0123,20,0
23,residual,de,tier_1,transliteration,0.0245,0.0253,20,0
23,attn_out,de,tier_1,transliteration,0.0027,0.0037,20,0
23,mlp_out,de,tier_1,transliteration,0.007,0.0099,20,0
24,residual,de,tier_1,transliteration,0.0209,0.0192,20,0
24,attn_out,de,tier_1,transliteration,0.001,0.0008,20,0
24,mlp_out,de,tier_1,transliteration,0.0074,0.0065,20,0
25,residual,de,tier_1,transliteration,0.0183,0.0171,20,0
25,attn_out,de,tier_1,transliteration,-0.0026,0.0011,20,0
25,mlp_out,de,tier_1,transliteration,0.0054,0.0042,20,0
26,residual,de,tier_1,transliteration,0.0122,0.0131,20,0
26,attn_out,de,tier_1,transliteration,0.0046,0.0035,20,0
26,mlp_out,de,tier_1,transliteration,-0.0006,0.0032,20,0
27,residual,de,tier_1,transliteration,0.0,0.0,20,0
27,attn_out,de,tier_1,transliteration,0.0,0.0,20,0
27,mlp_out,de,tier_1,transliteration,0.0,0.0,20,0
0,residual,fr,tier_1,transliteration,0.0736,0.0603,20,0
0,attn_out,fr,tier_1,transliteration,0.0745,0.057,20,0
0,mlp_out,fr,tier_1,transliteration,0.0325,0.0562,20,0
1,residual,fr,tier_1,transliteration,0.062,0.0668,20,0
1,attn_out,fr,tier_1,transliteration,0.0217,0.0332,20,0
1,mlp_out,fr,tier_1,transliteration,0.0083,0.0307,20,0
2,residual,fr,tier_1,transliteration,0.0767,0.0758,20,0
2,attn_out,fr,tier_1,transliteration,0.0208,0.0192,20,0
2,mlp_out,fr,tier_1,transliteration,0.0521,0.0448,20,0
3,residual,fr,tier_1,transliteration,0.0625,0.0744,20,0
3,attn_out,fr,tier_1,transliteration,0.005,0.0156,20,0
3,mlp_out,fr,tier_1,transliteration,0.0179,0.0376,20,0
4,residual,fr,tier_1,transliteration,0.0585,0.0783,20,0
4,attn_out,fr,tier_1,transliteration,0.0064,0.0243,20,0
4,mlp_out,fr,tier_1,transliteration,0.0028,0.0372,20,0
5,residual,fr,tier_1,transliteration,0.0332,0.0836,20,0
5,attn_out,fr,tier_1,transliteration,0.0031,0.0196,20,0
5,mlp_out,fr,tier_1,transliteration,0.0235,0.0268,20,0
6,residual,fr,tier_1,transliteration,0.0102,0.0844,20,0
6,attn_out,fr,tier_1,transliteration,0.0232,0.0223,20,0
6,mlp_out,fr,tier_1,transliteration,-0.015,0.0431,20,0
7,residual,fr,tier_1,transliteration,0.0222,0.0773,20,0
7,attn_out,fr,tier_1,transliteration,0.0109,0.0296,20,0
7,mlp_out,fr,tier_1,transliteration,-0.009,0.0308,20,0
8,residual,fr,tier_1,transliteration,0.036,0.0745,20,0
8,attn_out,fr,tier_1,transliteration,0.0094,0.0157,20,0
8,mlp_out,fr,tier_1,transliteration,-0.0166,0.0344,20,0
9,residual,fr,tier_1,transliteration,0.0329,0.0784,20,0
9,attn_out,fr,tier_1,transliteration,-0.0179,0.0199,20,0
9,mlp_out,fr,tier_1,transliteration,-0.0199,0.0139,20,0
10,residual,fr,tier_1,transliteration,0.0563,0.0882,20,0
10,attn_out,fr,tier_1,transliteration,0.0098,0.0084,20,0
10,mlp_out,fr,tier_1,transliteration,-0.0251,0.0283,20,0
11,residual,fr,tier_1,transliteration,0.0585,0.0833,20,0
11,attn_out,fr,tier_1,transliteration,0.003,0.0207,20,0
11,mlp_out,fr,tier_1,transliteration,-0.0144,0.037,20,0
12,residual,fr,tier_1,transliteration,0.0499,0.0759,20,0
12,attn_out,fr,tier_1,transliteration,-0.0043,0.0138,20,0
12,mlp_out,fr,tier_1,transliteration,-0.0189,0.0285,20,0
13,residual,fr,tier_1,transliteration,0.0441,0.0997,20,0
13,attn_out,fr,tier_1,transliteration,-0.0053,0.0201,20,0
13,mlp_out,fr,tier_1,transliteration,-0.0174,0.0335,20,0
14,residual,fr,tier_1,transliteration,0.0423,0.1146,20,0
14,attn_out,fr,tier_1,transliteration,-0.0022,0.0075,20,0
14,mlp_out,fr,tier_1,transliteration,-0.0116,0.0142,20,0
15,residual,fr,tier_1,transliteration,0.0423,0.1076,20,0
15,attn_out,fr,tier_1,transliteration,-0.0003,0.0045,20,0
15,mlp_out,fr,tier_1,transliteration,-0.0137,0.0257,20,0
16,residual,fr,tier_1,transliteration,0.0496,0.1039,20,0
16,attn_out,fr,tier_1,transliteration,0.0038,0.0059,20,0
16,mlp_out,fr,tier_1,transliteration,0.0106,0.0432,20,0
17,residual,fr,tier_1,transliteration,0.071,0.109,20,0
17,attn_out,fr,tier_1,transliteration,-0.0036,0.0054,20,0
17,mlp_out,fr,tier_1,transliteration,-0.012,0.025,20,0
18,residual,fr,tier_1,transliteration,0.0181,0.0512,20,0
18,attn_out,fr,tier_1,transliteration,-0.003,0.0121,20,0
18,mlp_out,fr,tier_1,transliteration,-0.0145,0.011,20,0
19,residual,fr,tier_1,transliteration,0.0129,0.0418,20,0
19,attn_out,fr,tier_1,transliteration,-0.0024,0.0066,20,0
19,mlp_out,fr,tier_1,transliteration,-0.0024,0.0132,20,0
20,residual,fr,tier_1,transliteration,0.0158,0.0274,20,0
20,attn_out,fr,tier_1,transliteration,0.0004,0.0029,20,0
20,mlp_out,fr,tier_1,transliteration,-0.0036,0.0085,20,0
21,residual,fr,tier_1,transliteration,0.0179,0.0234,20,0
21,attn_out,fr,tier_1,transliteration,-0.0015,0.0035,20,0
21,mlp_out,fr,tier_1,transliteration,-0.0048,0.0152,20,0
22,residual,fr,tier_1,transliteration,0.015,0.0146,20,0
22,attn_out,fr,tier_1,transliteration,0.0002,0.0019,20,0
22,mlp_out,fr,tier_1,transliteration,0.0009,0.0026,20,0
23,residual,fr,tier_1,transliteration,0.0091,0.0062,20,0
23,attn_out,fr,tier_1,transliteration,0.0016,0.0015,20,0
23,mlp_out,fr,tier_1,transliteration,0.0019,0.0019,20,0
24,residual,fr,tier_1,transliteration,0.0081,0.0052,20,0
24,attn_out,fr,tier_1,transliteration,0.0019,0.001,20,0
24,mlp_out,fr,tier_1,transliteration,0.0032,0.0012,20,0
25,residual,fr,tier_1,transliteration,0.0064,0.0034,20,0
25,attn_out,fr,tier_1,transliteration,-0.001,0.001,20,0
25,mlp_out,fr,tier_1,transliteration,0.0018,0.0021,20,0
26,residual,fr,tier_1,transliteration,0.0049,0.002,20,0
26,attn_out,fr,tier_1,transliteration,0.002,0.0013,20,0
26,mlp_out,fr,tier_1,transliteration,0.0021,0.0015,20,0
27,residual,fr,tier_1,transliteration,0.0,0.0,20,0
27,attn_out,fr,tier_1,transliteration,0.0,0.0,20,0
27,mlp_out,fr,tier_1,transliteration,0.0,0.0,20,0
0,residual,zh,tier_1,transliteration,-0.0538,0.1116,20,0
0,attn_out,zh,tier_1,transliteration,-0.0379,0.1053,20,0
0,mlp_out,zh,tier_1,transliteration,-0.0036,0.0931,20,0
1,residual,zh,tier_1,transliteration,-0.0758,0.1435,20,0
1,attn_out,zh,tier_1,transliteration,0.0208,0.0285,20,0
1,mlp_out,zh,tier_1,transliteration,0.0078,0.0384,20,0
2,residual,zh,tier_1,transliteration,-0.088,0.0938,20,0
2,attn_out,zh,tier_1,transliteration,0.0187,0.0538,20,0
2,mlp_out,zh,tier_1,transliteration,0.0084,0.143,20,0
3,residual,zh,tier_1,transliteration,-0.1236,0.087,20,0
3,attn_out,zh,tier_1,transliteration,-0.0078,0.0587,20,0
3,mlp_out,zh,tier_1,transliteration,-0.0176,0.021,20,0
4,residual,zh,tier_1,transliteration,-0.1157,0.1,20,0
4,attn_out,zh,tier_1,transliteration,-0.0231,0.0229,20,0
4,mlp_out,zh,tier_1,transliteration,0.0054,0.0479,20,0
5,residual,zh,tier_1,transliteration,-0.1101,0.0991,20,0
5,attn_out,zh,tier_1,transliteration,0.0029,0.0402,20,0
5,mlp_out,zh,tier_1,transliteration,-0.0657,0.1611,20,0
6,residual,zh,tier_1,transliteration,-0.1526,0.153,20,0
6,attn_out,zh,tier_1,transliteration,-0.0157,0.0391,20,0
6,mlp_out,zh,tier_1,transliteration,0.0076,0.0732,20,0
7,residual,zh,tier_1,transliteration,-0.2297,0.2751,20,0
7,attn_out,zh,tier_1,transliteration,0.0276,0.0235,20,0
7,mlp_out,zh,tier_1,transliteration,0.0306,0.0605,20,0
8,residual,zh,tier_1,transliteration,-0.255,0.3266,20,0
8,attn_out,zh,tier_1,transliteration,-0.013,0.0149,20,0
8,mlp_out,zh,tier_1,transliteration,-0.0367,0.0571,20,0
9,residual,zh,tier_1,transliteration,-0.2026,0.3026,20,0
9,attn_out,zh,tier_1,transliteration,-0.0146,0.0146,20,0
9,mlp_out,zh,tier_1,transliteration,0.0038,0.05,20,0
10,residual,zh,tier_1,transliteration,-0.1788,0.3144,20,0
10,attn_out,zh,tier_1,transliteration,-0.0056,0.0112,20,0
10,mlp_out,zh,tier_1,transliteration,-0.0307,0.0407,20,0
11,residual,zh,tier_1,transliteration,-0.2013,0.3246,20,0
11,attn_out,zh,tier_1,transliteration,-0.0074,0.023,20,0
11,mlp_out,zh,tier_1,transliteration,-0.0016,0.0663,20,0
12,residual,zh,tier_1,transliteration,-0.1764,0.2988,20,0
12,attn_out,zh,tier_1,transliteration,0.0008,0.0179,20,0
12,mlp_out,zh,tier_1,transliteration,-0.0055,0.0399,20,0
13,residual,zh,tier_1,transliteration,-0.1649,0.2306,20,0
13,attn_out,zh,tier_1,transliteration,0.0076,0.0237,20,0
13,mlp_out,zh,tier_1,transliteration,0.0071,0.0422,20,0
14,residual,zh,tier_1,transliteration,-0.1852,0.2677,20,0
14,attn_out,zh,tier_1,transliteration,0.0042,0.0105,20,0
14,mlp_out,zh,tier_1,transliteration,-0.031,0.0482,20,0
15,residual,zh,tier_1,transliteration,-0.197,0.2559,20,0
15,attn_out,zh,tier_1,transliteration,0.0157,0.0273,20,0
15,mlp_out,zh,tier_1,transliteration,-0.0097,0.0205,20,0
16,residual,zh,tier_1,transliteration,-0.1897,0.2533,20,0
16,attn_out,zh,tier_1,transliteration,0.0001,0.0064,20,0
16,mlp_out,zh,tier_1,transliteration,-0.0282,0.039,20,0
17,residual,zh,tier_1,transliteration,-0.1784,0.2471,20,0
17,attn_out,zh,tier_1,transliteration,0.007,0.0217,20,0
17,mlp_out,zh,tier_1,transliteration,0.0009,0.0435,20,0
18,residual,zh,tier_1,transliteration,-0.0986,0.1288,20,0
18,attn_out,zh,tier_1,transliteration,0.0196,0.0225,20,0
18,mlp_out,zh,tier_1,transliteration,0.0109,0.014,20,0
19,residual,zh,tier_1,transliteration,-0.0419,0.0968,20,0
19,attn_out,zh,tier_1,transliteration,-0.0066,0.0109,20,0
19,mlp_out,zh,tier_1,transliteration,0.0075,0.0226,20,0
20,residual,zh,tier_1,transliteration,-0.0551,0.1046,20,0
20,attn_out,zh,tier_1,transliteration,-0.0035,0.0031,20,0
20,mlp_out,zh,tier_1,transliteration,0.0041,0.0093,20,0
21,residual,zh,tier_1,transliteration,-0.026,0.0811,20,0
21,attn_out,zh,tier_1,transliteration,0.0007,0.0025,20,0
21,mlp_out,zh,tier_1,transliteration,-0.0007,0.0063,20,0
22,residual,zh,tier_1,transliteration,0.0334,0.0779,20,0
22,attn_out,zh,tier_1,transliteration,-0.0012,0.0036,20,0
22,mlp_out,zh,tier_1,transliteration,-0.0027,0.0066,20,0
23,residual,zh,tier_1,transliteration,0.0185,0.0561,20,0
23,attn_out,zh,tier_1,transliteration,0.0015,0.0024,20,0
23,mlp_out,zh,tier_1,transliteration,0.0025,0.0028,20,0
24,residual,zh,tier_1,transliteration,0.0207,0.0428,20,0
24,attn_out,zh,tier_1,transliteration,-0.0019,0.0026,20,0
24,mlp_out,zh,tier_1,transliteration,0.0017,0.0036,20,0
25,residual,zh,tier_1,transliteration,0.0211,0.0421,20,0
25,attn_out,zh,tier_1,transliteration,-0.0002,0.0017,20,0
25,mlp_out,zh,tier_1,transliteration,0.0007,0.0051,20,0
26,residual,zh,tier_1,transliteration,0.0015,0.0153,20,0
26,attn_out,zh,tier_1,transliteration,-0.0025,0.0023,20,0
26,mlp_out,zh,tier_1,transliteration,-0.0014,0.002,20,0
27,residual,zh,tier_1,transliteration,0.0,0.0,20,0
27,attn_out,zh,tier_1,transliteration,0.0,0.0,20,0
27,mlp_out,zh,tier_1,transliteration,0.0,0.0,20,0
0,residual,es,tier_1,transliteration,-1.9017,3.5887,20,0
0,attn_out,es,tier_1,transliteration,-1.8897,3.5488,20,0
0,mlp_out,es,tier_1,transliteration,-0.9713,2.3988,20,0
1,residual,es,tier_1,transliteration,-1.3044,2.2784,20,0
1,attn_out,es,tier_1,transliteration,-0.1847,0.319,20,0
1,mlp_out,es,tier_1,transliteration,-0.187,0.5426,20,0
2,residual,es,tier_1,transliteration,-1.3488,2.2612,20,0
2,attn_out,es,tier_1,transliteration,-0.0416,0.0989,20,0
2,mlp_out,es,tier_1,transliteration,-0.5773,1.3065,20,0
3,residual,es,tier_1,transliteration,-1.0004,1.6788,20,0
3,attn_out,es,tier_1,transliteration,0.3373,0.5886,20,0
3,mlp_out,es,tier_1,transliteration,-0.0767,0.4665,20,0
4,residual,es,tier_1,transliteration,-0.9863,1.6526,20,0
4,attn_out,es,tier_1,transliteration,0.1668,0.3371,20,0
4,mlp_out,es,tier_1,transliteration,-0.3291,0.5124,20,0
5,residual,es,tier_1,transliteration,-0.378,0.7183,20,0
5,attn_out,es,tier_1,transliteration,-0.0249,0.1373,20,0
5,mlp_out,es,tier_1,transliteration,-0.0907,0.4064,20,0
6,residual,es,tier_1,transliteration,0.9454,1.5402,20,0
6,attn_out,es,tier_1,transliteration,0.0604,0.1199,20,0
6,mlp_out,es,tier_1,transliteration,0.663,0.9458,20,0
7,residual,es,tier_1,transliteration,0.9576,1.5671,20,0
7,attn_out,es,tier_1,transliteration,0.3319,0.8516,20,0
7,mlp_out,es,tier_1,transliteration,-0.1226,0.4188,20,0
8,residual,es,tier_1,transliteration,0.8448,1.366,20,0
8,attn_out,es,tier_1,transliteration,0.3074,0.6363,20,0
8,mlp_out,es,tier_1,transliteration,0.0926,0.5715,20,0
9,residual,es,tier_1,transliteration,0.4876,0.856,20,0
9,attn_out,es,tier_1,transliteration,-0.146,0.1798,20,0
9,mlp_out,es,tier_1,transliteration,1.0947,1.7957,20,0
10,residual,es,tier_1,transliteration,0.3416,0.6907,20,0
10,attn_out,es,tier_1,transliteration,0.0776,0.5778,20,0
10,mlp_out,es,tier_1,transliteration,0.221,0.5586,20,0
11,residual,es,tier_1,transliteration,0.5998,0.9804,20,0
11,attn_out,es,tier_1,transliteration,-0.2126,0.478,20,0
11,mlp_out,es,tier_1,transliteration,0.2096,0.3381,20,0
12,residual,es,tier_1,transliteration,0.7676,1.2013,20,0
12,attn_out,es,tier_1,transliteration,0.4221,0.5141,20,0
12,mlp_out,es,tier_1,transliteration,0.8086,1.0864,20,0
13,residual,es,tier_1,transliteration,0.3434,0.5682,20,0
13,attn_out,es,tier_1,transliteration,0.0151,0.3789,20,0
13,mlp_out,es,tier_1,transliteration,0.2718,0.4375,20,0
14,residual,es,tier_1,transliteration,0.0736,0.3738,20,0
14,attn_out,es,tier_1,transliteration,-0.141,0.1463,20,0
14,mlp_out,es,tier_1,transliteration,0.3032,0.5468,20,0
15,residual,es,tier_1,transliteration,0.0926,0.6849,20,0
15,attn_out,es,tier_1,transliteration,-0.0887,0.1564,20,0
15,mlp_out,es,tier_1,transliteration,0.4218,0.6186,20,0
16,residual,es,tier_1,transliteration,0.0542,0.6349,20,0
16,attn_out,es,tier_1,transliteration,-0.0019,0.0504,20,0
16,mlp_out,es,tier_1,transliteration,0.0804,0.1582,20,0
17,residual,es,tier_1,transliteration,-0.2549,0.9154,20,0
17,attn_out,es,tier_1,transliteration,0.0964,0.2288,20,0
17,mlp_out,es,tier_1,transliteration,-0.506,1.1087,20,0
18,residual,es,tier_1,transliteration,0.5301,0.7698,20,0
18,attn_out,es,tier_1,transliteration,0.1568,0.1813,20,0
18,mlp_out,es,tier_1,transliteration,0.0311,0.0944,20,0
19,residual,es,tier_1,transliteration,0.2042,0.3013,20,0
19,attn_out,es,tier_1,transliteration,0.0894,0.1125,20,0
19,mlp_out,es,tier_1,transliteration,0.2374,0.3715,20,0
20,residual,es,tier_1,transliteration,0.0013,0.1183,20,0
20,attn_out,es,tier_1,transliteration,-0.0005,0.03,20,0
20,mlp_out,es,tier_1,transliteration,0.1632,0.2382,20,0
21,residual,es,tier_1,transliteration,-0.1755,0.2792,20,0
21,attn_out,es,tier_1,transliteration,-0.0136,0.0262,20,0
21,mlp_out,es,tier_1,transliteration,-0.0226,0.0328,20,0
22,residual,es,tier_1,transliteration,-0.2285,0.3849,20,0
22,attn_out,es,tier_1,transliteration,-0.008,0.0162,20,0
22,mlp_out,es,tier_1,transliteration,-0.0646,0.1001,20,0
23,residual,es,tier_1,transliteration,-0.2243,0.3576,20,0
23,attn_out,es,tier_1,transliteration,-0.0175,0.0278,20,0
23,mlp_out,es,tier_1,transliteration,-0.0292,0.0484,20,0
24,residual,es,tier_1,transliteration,-0.1866,0.295,20,0
24,attn_out,es,tier_1,transliteration,-0.0157,0.0245,20,0
24,mlp_out,es,tier_1,transliteration,-0.0531,0.0772,20,0
25,residual,es,tier_1,transliteration,-0.1007,0.1675,20,0
25,attn_out,es,tier_1,transliteration,0.0117,0.0401,20,0
25,mlp_out,es,tier_1,transliteration,-0.0063,0.0081,20,0
26,residual,es,tier_1,transliteration,-0.0782,0.1312,20,0
26,attn_out,es,tier_1,transliteration,-0.035,0.0529,20,0
26,mlp_out,es,tier_1,transliteration,-0.0127,0.027,20,0
27,residual,es,tier_1,transliteration,0.0,0.0,20,0
27,attn_out,es,tier_1,transliteration,0.0,0.0,20,0
27,mlp_out,es,tier_1,transliteration,0.0,0.0,20,0
0,residual,ar,tier_2,transliteration,0.0432,0.0491,20,0
0,attn_out,ar,tier_2,transliteration,0.0456,0.0545,20,0
0,mlp_out,ar,tier_2,transliteration,0.008,0.0205,20,0
1,residual,ar,tier_2,transliteration,0.042,0.0418,20,0
1,attn_out,ar,tier_2,transliteration,-0.0081,0.0216,20,0
1,mlp_out,ar,tier_2,transliteration,-0.0,0.0126,20,0
2,residual,ar,tier_2,transliteration,0.0547,0.0376,20,0
2,attn_out,ar,tier_2,transliteration,0.0045,0.0206,20,0
2,mlp_out,ar,tier_2,transliteration,0.0022,0.0222,20,0
3,residual,ar,tier_2,transliteration,0.0698,0.0498,20,0
3,attn_out,ar,tier_2,transliteration,-0.0095,0.0096,20,0
3,mlp_out,ar,tier_2,transliteration,-0.003,0.0138,20,0
4,residual,ar,tier_2,transliteration,0.057,0.0448,20,0
4,attn_out,ar,tier_2,transliteration,-0.0002,0.0037,20,0
4,mlp_out,ar,tier_2,transliteration,0.0114,0.0153,20,0
5,residual,ar,tier_2,transliteration,0.0644,0.0422,20,0
5,attn_out,ar,tier_2,transliteration,0.0009,0.0069,20,0
5,mlp_out,ar,tier_2,transliteration,0.0209,0.0192,20,0
6,residual,ar,tier_2,transliteration,0.0644,0.0409,20,0
6,attn_out,ar,tier_2,transliteration,0.0003,0.0134,20,0
6,mlp_out,ar,tier_2,transliteration,0.0057,0.0132,20,0
7,residual,ar,tier_2,transliteration,0.0666,0.0661,20,0
7,attn_out,ar,tier_2,transliteration,0.0054,0.0088,20,0
7,mlp_out,ar,tier_2,transliteration,0.0256,0.0131,20,0
8,residual,ar,tier_2,transliteration,0.0662,0.0609,20,0
8,attn_out,ar,tier_2,transliteration,0.0061,0.0079,20,0
8,mlp_out,ar,tier_2,transliteration,0.005,0.0066,20,0
9,residual,ar,tier_2,transliteration,0.0558,0.0544,20,0
9,attn_out,ar,tier_2,transliteration,0.0061,0.0058,20,0
9,mlp_out,ar,tier_2,transliteration,-0.0014,0.0097,20,0
10,residual,ar,tier_2,transliteration,0.0534,0.0425,20,0
10,attn_out,ar,tier_2,transliteration,-0.0023,0.0042,20,0
10,mlp_out,ar,tier_2,transliteration,0.0049,0.0144,20,0
11,residual,ar,tier_2,transliteration,0.0458,0.0449,20,0
11,attn_out,ar,tier_2,transliteration,-0.0032,0.009,20,0
11,mlp_out,ar,tier_2,transliteration,0.0052,0.0145,20,0
12,residual,ar,tier_2,transliteration,0.0453,0.0445,20,0
12,attn_out,ar,tier_2,transliteration,-0.006,0.0042,20,0
12,mlp_out,ar,tier_2,transliteration,-0.0024,0.0051,20,0
13,residual,ar,tier_2,transliteration,0.0382,0.0525,20,0
13,attn_out,ar,tier_2,transliteration,0.0019,0.0025,20,0
13,mlp_out,ar,tier_2,transliteration,0.007,0.0049,20,0
14,residual,ar,tier_2,transliteration,0.0347,0.0519,20,0
14,attn_out,ar,tier_2,transliteration,-0.0001,0.0025,20,0
14,mlp_out,ar,tier_2,transliteration,0.0091,0.0043,20,0
15,residual,ar,tier_2,transliteration,0.0169,0.0503,20,0
15,attn_out,ar,tier_2,transliteration,0.0002,0.003,20,0
15,mlp_out,ar,tier_2,transliteration,0.0071,0.0078,20,0
16,residual,ar,tier_2,transliteration,0.0165,0.0502,20,0
16,attn_out,ar,tier_2,transliteration,0.0005,0.0009,20,0
16,mlp_out,ar,tier_2,transliteration,0.0006,0.0048,20,0
17,residual,ar,tier_2,transliteration,0.0103,0.0367,20,0
17,attn_out,ar,tier_2,transliteration,0.0013,0.0018,20,0
17,mlp_out,ar,tier_2,transliteration,-0.0007,0.006,20,0
18,residual,ar,tier_2,transliteration,-0.0043,0.0052,20,0
18,attn_out,ar,tier_2,transliteration,-0.0009,0.0044,20,0
18,mlp_out,ar,tier_2,transliteration,-0.0066,0.0075,20,0
19,residual,ar,tier_2,transliteration,-0.002,0.0086,20,0
19,attn_out,ar,tier_2,transliteration,0.0002,0.0007,20,0
19,mlp_out,ar,tier_2,transliteration,-0.0029,0.0023,20,0
20,residual,ar,tier_2,transliteration,-0.0014,0.0078,20,0
20,attn_out,ar,tier_2,transliteration,-0.0007,0.0006,20,0
20,mlp_out,ar,tier_2,transliteration,0.0003,0.0007,20,0
21,residual,ar,tier_2,transliteration,0.0004,0.0076,20,0
21,attn_out,ar,tier_2,transliteration,-0.0003,0.0007,20,0
21,mlp_out,ar,tier_2,transliteration,0.0028,0.0091,20,0
22,residual,ar,tier_2,transliteration,0.0018,0.0045,20,0
22,attn_out,ar,tier_2,transliteration,0.0003,0.0003,20,0
22,mlp_out,ar,tier_2,transliteration,-0.0012,0.0015,20,0
23,residual,ar,tier_2,transliteration,0.0019,0.0036,20,0
23,attn_out,ar,tier_2,transliteration,0.0001,0.0003,20,0
23,mlp_out,ar,tier_2,transliteration,-0.0007,0.001,20,0
24,residual,ar,tier_2,transliteration,0.0012,0.0031,20,0
24,attn_out,ar,tier_2,transliteration,-0.0001,0.0002,20,0
24,mlp_out,ar,tier_2,transliteration,-0.0002,0.0005,20,0
25,residual,ar,tier_2,transliteration,0.0005,0.0024,20,0
25,attn_out,ar,tier_2,transliteration,-0.0001,0.0007,20,0
25,mlp_out,ar,tier_2,transliteration,-0.0001,0.0003,20,0
26,residual,ar,tier_2,transliteration,0.0011,0.001,20,0
26,attn_out,ar,tier_2,transliteration,0.0002,0.0001,20,0
26,mlp_out,ar,tier_2,transliteration,0.0003,0.0003,20,0
27,residual,ar,tier_2,transliteration,0.0,0.0,20,0
27,attn_out,ar,tier_2,transliteration,0.0,0.0,20,0
27,mlp_out,ar,tier_2,transliteration,0.0,0.0,20,0
0,residual,ru,tier_2,transliteration,0.304,0.1361,20,0
0,attn_out,ru,tier_2,transliteration,0.3095,0.1355,20,0
0,mlp_out,ru,tier_2,transliteration,0.1785,0.1108,20,0
1,residual,ru,tier_2,transliteration,0.2385,0.1612,20,0
1,attn_out,ru,tier_2,transliteration,-0.0044,0.0342,20,0
1,mlp_out,ru,tier_2,transliteration,0.0038,0.0343,20,0
2,residual,ru,tier_2,transliteration,0.1972,0.1483,20,0
2,attn_out,ru,tier_2,transliteration,0.0161,0.0215,20,0
2,mlp_out,ru,tier_2,transliteration,0.1703,0.1631,20,0
3,residual,ru,tier_2,transliteration,0.1881,0.11,20,0
3,attn_out,ru,tier_2,transliteration,-0.0192,0.0249,20,0
3,mlp_out,ru,tier_2,transliteration,0.0226,0.0447,20,0
4,residual,ru,tier_2,transliteration,0.1888,0.117,20,0
4,attn_out,ru,tier_2,transliteration,0.0283,0.0416,20,0
4,mlp_out,ru,tier_2,transliteration,-0.0119,0.0406,20,0
5,residual,ru,tier_2,transliteration,0.1405,0.1148,20,0
5,attn_out,ru,tier_2,transliteration,0.0368,0.0681,20,0
5,mlp_out,ru,tier_2,transliteration,-0.0558,0.1462,20,0
6,residual,ru,tier_2,transliteration,0.1248,0.1211,20,0
6,attn_out,ru,tier_2,transliteration,-0.0285,0.028,20,0
6,mlp_out,ru,tier_2,transliteration,-0.0266,0.0459,20,0
7,residual,ru,tier_2,transliteration,0.1122,0.1581,20,0
7,attn_out,ru,tier_2,transliteration,-0.006,0.0528,20,0
7,mlp_out,ru,tier_2,transliteration,-0.0252,0.0428,20,0
8,residual,ru,tier_2,transliteration,0.132,0.1395,20,0
8,attn_out,ru,tier_2,transliteration,-0.0465,0.1124,20,0
8,mlp_out,ru,tier_2,transliteration,-0.0214,0.062,20,0
9,residual,ru,tier_2,transliteration,0.1459,0.1535,20,0
9,attn_out,ru,tier_2,transliteration,-0.0789,0.0562,20,0
9,mlp_out,ru,tier_2,transliteration,-0.0735,0.1459,20,0
10,residual,ru,tier_2,transliteration,0.1783,0.1627,20,0
10,attn_out,ru,tier_2,transliteration,0.0458,0.0835,20,0
10,mlp_out,ru,tier_2,transliteration,-0.0965,0.0849,20,0
11,residual,ru,tier_2,transliteration,0.2139,0.1901,20,0
11,attn_out,ru,tier_2,transliteration,0.0566,0.0845,20,0
11,mlp_out,ru,tier_2,transliteration,-0.099,0.0646,20,0
12,residual,ru,tier_2,transliteration,0.1864,0.196,20,0
12,attn_out,ru,tier_2,transliteration,0.0365,0.094,20,0
12,mlp_out,ru,tier_2,transliteration,-0.0217,0.1289,20,0
13,residual,ru,tier_2,transliteration,0.2027,0.2339,20,0
13,attn_out,ru,tier_2,transliteration,0.0375,0.0871,20,0
13,mlp_out,ru,tier_2,transliteration,0.0027,0.1047,20,0
14,residual,ru,tier_2,transliteration,0.1791,0.2463,20,0
14,attn_out,ru,tier_2,transliteration,0.0845,0.0817,20,0
14,mlp_out,ru,tier_2,transliteration,0.0275,0.102,20,0
15,residual,ru,tier_2,transliteration,0.1564,0.21,20,0
15,attn_out,ru,tier_2,transliteration,0.0556,0.084,20,0
15,mlp_out,ru,tier_2,transliteration,0.0315,0.0619,20,0
16,residual,ru,tier_2,transliteration,0.1596,0.1962,20,0
16,attn_out,ru,tier_2,transliteration,0.0118,0.038,20,0
16,mlp_out,ru,tier_2,transliteration,-0.01,0.0486,20,0
17,residual,ru,tier_2,transliteration,0.1983,0.2329,20,0
17,attn_out,ru,tier_2,transliteration,0.0335,0.0292,20,0
17,mlp_out,ru,tier_2,transliteration,0.066,0.0679,20,0
18,residual,ru,tier_2,transliteration,0.0801,0.0998,20,0
18,attn_out,ru,tier_2,transliteration,-0.0181,0.0259,20,0
18,mlp_out,ru,tier_2,transliteration,0.0488,0.0394,20,0
19,residual,ru,tier_2,transliteration,0.0504,0.0401,20,0
19,attn_out,ru,tier_2,transliteration,0.009,0.0113,20,0
19,mlp_out,ru,tier_2,transliteration,-0.0188,0.0233,20,0
20,residual,ru,tier_2,transliteration,0.0182,0.029,20,0
20,attn_out,ru,tier_2,transliteration,0.0074,0.0047,20,0
20,mlp_out,ru,tier_2,transliteration,-0.0078,0.0118,20,0
21,residual,ru,tier_2,transliteration,0.0555,0.0175,20,0
21,attn_out,ru,tier_2,transliteration,0.0097,0.0016,20,0
21,mlp_out,ru,tier_2,transliteration,0.016,0.0078,20,0
22,residual,ru,tier_2,transliteration,0.0432,0.0175,20,0
22,attn_out,ru,tier_2,transliteration,0.0018,0.0014,20,0
22,mlp_out,ru,tier_2,transliteration,0.0077,0.003,20,0
23,residual,ru,tier_2,transliteration,0.0374,0.0132,20,0
23,attn_out,ru,tier_2,transliteration,0.0021,0.0023,20,0
23,mlp_out,ru,tier_2,transliteration,0.0048,0.0034,20,0
24,residual,ru,tier_2,transliteration,0.0286,0.0161,20,0
24,attn_out,ru,tier_2,transliteration,-0.0036,0.0046,20,0
24,mlp_out,ru,tier_2,transliteration,0.0037,0.0027,20,0
25,residual,ru,tier_2,transliteration,0.0208,0.0043,20,0
25,attn_out,ru,tier_2,transliteration,-0.0023,0.0018,20,0
25,mlp_out,ru,tier_2,transliteration,0.0022,0.0022,20,0
26,residual,ru,tier_2,transliteration,0.0106,0.0027,20,0
26,attn_out,ru,tier_2,transliteration,0.0054,0.0013,20,0
26,mlp_out,ru,tier_2,transliteration,0.0023,0.0041,20,0
27,residual,ru,tier_2,transliteration,0.0,0.0,20,0
27,attn_out,ru,tier_2,transliteration,0.0,0.0,20,0
27,mlp_out,ru,tier_2,transliteration,0.0,0.0,20,0
0,residual,ko,tier_2,transliteration,0.0865,0.0588,20,0
0,attn_out,ko,tier_2,transliteration,0.0967,0.07,20,0
0,mlp_out,ko,tier_2,transliteration,0.0011,0.0289,20,0
1,residual,ko,tier_2,transliteration,0.0481,0.0347,20,0
1,attn_out,ko,tier_2,transliteration,-0.0022,0.0074,20,0
1,mlp_out,ko,tier_2,transliteration,0.002,0.0137,20,0
2,residual,ko,tier_2,transliteration,0.0586,0.0387,20,0
2,attn_out,ko,tier_2,transliteration,0.0063,0.0016,20,0
2,mlp_out,ko,tier_2,transliteration,0.0181,0.0353,20,0
3,residual,ko,tier_2,transliteration,0.0668,0.0365,20,0
3,attn_out,ko,tier_2,transliteration,-0.006,0.0079,20,0
3,mlp_out,ko,tier_2,transliteration,0.0015,0.0109,20,0
4,residual,ko,tier_2,transliteration,0.0679,0.0357,20,0
4,attn_out,ko,tier_2,transliteration,-0.0024,0.0082,20,0
4,mlp_out,ko,tier_2,transliteration,0.0013,0.0079,20,0
5,residual,ko,tier_2,transliteration,0.0618,0.0395,20,0
5,attn_out,ko,tier_2,transliteration,0.0032,0.0082,20,0
5,mlp_out,ko,tier_2,transliteration,0.0301,0.0239,20,0
6,residual,ko,tier_2,transliteration,0.045,0.0405,20,0
6,attn_out,ko,tier_2,transliteration,0.0157,0.0139,20,0
6,mlp_out,ko,tier_2,transliteration,0.0169,0.0208,20,0
7,residual,ko,tier_2,transliteration,0.052,0.0422,20,0
7,attn_out,ko,tier_2,transliteration,0.0039,0.0173,20,0
7,mlp_out,ko,tier_2,transliteration,-0.0102,0.0295,20,0
8,residual,ko,tier_2,transliteration,0.052,0.0503,20,0
8,attn_out,ko,tier_2,transliteration,-0.0083,0.0204,20,0
8,mlp_out,ko,tier_2,transliteration,-0.0052,0.0186,20,0
9,residual,ko,tier_2,transliteration,0.0599,0.0651,20,0
9,attn_out,ko,tier_2,transliteration,0.0061,0.0125,20,0
9,mlp_out,ko,tier_2,transliteration,-0.0059,0.0247,20,0
10,residual,ko,tier_2,transliteration,0.0522,0.0454,20,0
10,attn_out,ko,tier_2,transliteration,0.008,0.0135,20,0
10,mlp_out,ko,tier_2,transliteration,0.0169,0.012,20,0
11,residual,ko,tier_2,transliteration,0.0559,0.0473,20,0
11,attn_out,ko,tier_2,transliteration,0.0045,0.0102,20,0
11,mlp_out,ko,tier_2,transliteration,0.0076,0.0151,20,0
12,residual,ko,tier_2,transliteration,0.0576,0.0588,20,0
12,attn_out,ko,tier_2,transliteration,0.0345,0.0096,20,0
12,mlp_out,ko,tier_2,transliteration,-0.0089,0.006,20,0
13,residual,ko,tier_2,transliteration,0.0277,0.033,20,0
13,attn_out,ko,tier_2,transliteration,-0.0045,0.0148,20,0
13,mlp_out,ko,tier_2,transliteration,-0.013,0.0099,20,0
14,residual,ko,tier_2,transliteration,0.0333,0.0338,20,0
14,attn_out,ko,tier_2,transliteration,-0.0032,0.0074,20,0
14,mlp_out,ko,tier_2,transliteration,0.0109,0.0202,20,0
15,residual,ko,tier_2,transliteration,0.031,0.0828,20,0
15,attn_out,ko,tier_2,transliteration,-0.0025,0.015,20,0
15,mlp_out,ko,tier_2,transliteration,-0.0105,0.0142,20,0
16,residual,ko,tier_2,transliteration,0.0484,0.0937,20,0
16,attn_out,ko,tier_2,transliteration,-0.0015,0.0037,20,0
16,mlp_out,ko,tier_2,transliteration,0.005,0.0132,20,0
17,residual,ko,tier_2,transliteration,0.0499,0.0957,20,0
17,attn_out,ko,tier_2,transliteration,-0.0069,0.0063,20,0
17,mlp_out,ko,tier_2,transliteration,0.0093,0.0179,20,0
18,residual,ko,tier_2,transliteration,0.0029,0.0266,20,0
18,attn_out,ko,tier_2,transliteration,0.0062,0.0062,20,0
18,mlp_out,ko,tier_2,transliteration,0.0224,0.0177,20,0
19,residual,ko,tier_2,transliteration,0.0108,0.033,20,0
19,attn_out,ko,tier_2,transliteration,-0.0042,0.0055,20,0
19,mlp_out,ko,tier_2,transliteration,-0.0199,0.0096,20,0
20,residual,ko,tier_2,transliteration,0.0186,0.03,20,0
20,attn_out,ko,tier_2,transliteration,-0.0073,0.002,20,0
20,mlp_out,ko,tier_2,transliteration,-0.005,0.0043,20,0
21,residual,ko,tier_2,transliteration,0.0183,0.0299,20,0
21,attn_out,ko,tier_2,transliteration,0.0056,0.0036,20,0
21,mlp_out,ko,tier_2,transliteration,0.0006,0.0041,20,0
22,residual,ko,tier_2,transliteration,0.0218,0.0177,20,0
22,attn_out,ko,tier_2,transliteration,0.0034,0.001,20,0
22,mlp_out,ko,tier_2,transliteration,0.0085,0.0034,20,0
23,residual,ko,tier_2,transliteration,0.0175,0.0085,20,0
23,attn_out,ko,tier_2,transliteration,0.0022,0.0048,20,0
23,mlp_out,ko,tier_2,transliteration,0.005,0.0046,20,0
24,residual,ko,tier_2,transliteration,0.0175,0.0037,20,0
24,attn_out,ko,tier_2,transliteration,-0.0016,0.0008,20,0
24,mlp_out,ko,tier_2,transliteration,0.0066,0.006,20,0
25,residual,ko,tier_2,transliteration,0.0089,0.0021,20,0
25,attn_out,ko,tier_2,transliteration,-0.0024,0.0016,20,0
25,mlp_out,ko,tier_2,transliteration,0.0023,0.0074,20,0
26,residual,ko,tier_2,transliteration,0.0046,0.0048,20,0
26,attn_out,ko,tier_2,transliteration,-0.0002,0.0006,20,0
26,mlp_out,ko,tier_2,transliteration,-0.0009,0.003,20,0
27,residual,ko,tier_2,transliteration,0.0,0.0,20,0
27,attn_out,ko,tier_2,transliteration,0.0,0.0,20,0
27,mlp_out,ko,tier_2,transliteration,0.0,0.0,20,0
0,residual,ja,tier_2,transliteration,-0.0495,0.0288,20,0
0,attn_out,ja,tier_2,transliteration,-0.0459,0.0312,20,0
0,mlp_out,ja,tier_2,transliteration,-0.0494,0.0248,20,0
1,residual,ja,tier_2,transliteration,-0.0469,0.079,20,0
1,attn_out,ja,tier_2,transliteration,-0.01,0.0175,20,0
1,mlp_out,ja,tier_2,transliteration,-0.0167,0.018,20,0
2,residual,ja,tier_2,transliteration,-0.0709,0.0599,20,0
2,attn_out,ja,tier_2,transliteration,-0.0197,0.0189,20,0
2,mlp_out,ja,tier_2,transliteration,-0.05,0.0165,20,0
3,residual,ja,tier_2,transliteration,-0.0616,0.0602,20,0
3,attn_out,ja,tier_2,transliteration,0.0031,0.0125,20,0
3,mlp_out,ja,tier_2,transliteration,-0.02,0.0231,20,0
4,residual,ja,tier_2,transliteration,-0.0544,0.0615,20,0
4,attn_out,ja,tier_2,transliteration,-0.0082,0.0117,20,0
4,mlp_out,ja,tier_2,transliteration,-0.0341,0.0321,20,0
5,residual,ja,tier_2,transliteration,-0.05,0.0636,20,0
5,attn_out,ja,tier_2,transliteration,-0.0036,0.0099,20,0
5,mlp_out,ja,tier_2,transliteration,-0.0457,0.0277,20,0
6,residual,ja,tier_2,transliteration,-0.0572,0.0484,20,0
6,attn_out,ja,tier_2,transliteration,0.0004,0.0157,20,0
6,mlp_out,ja,tier_2,transliteration,-0.0321,0.0332,20,0
7,residual,ja,tier_2,transliteration,-0.0534,0.0513,20,0
7,attn_out,ja,tier_2,transliteration,-0.031,0.0213,20,0
7,mlp_out,ja,tier_2,transliteration,-0.0563,0.0203,20,0
8,residual,ja,tier_2,transliteration,-0.0643,0.0506,20,0
8,attn_out,ja,tier_2,transliteration,0.0056,0.0163,20,0
8,mlp_out,ja,tier_2,transliteration,-0.0434,0.0416,20,0
9,residual,ja,tier_2,transliteration,-0.043,0.0703,20,0
9,attn_out,ja,tier_2,transliteration,-0.0215,0.0095,20,0
9,mlp_out,ja,tier_2,transliteration,-0.0434,0.026,20,0
10,residual,ja,tier_2,transliteration,-0.0263,0.0746,20,0
10,attn_out,ja,tier_2,transliteration,-0.0217,0.0135,20,0
10,mlp_out,ja,tier_2,transliteration,-0.0467,0.0274,20,0
11,residual,ja,tier_2,transliteration,-0.0414,0.0506,20,0
11,attn_out,ja,tier_2,transliteration,0.0037,0.0102,20,0
11,mlp_out,ja,tier_2,transliteration,-0.0125,0.0223,20,0
12,residual,ja,tier_2,transliteration,-0.033,0.0563,20,0
12,attn_out,ja,tier_2,transliteration,-0.0113,0.0272,20,0
12,mlp_out,ja,tier_2,transliteration,-0.013,0.0169,20,0
13,residual,ja,tier_2,transliteration,-0.0124,0.0782,20,0
13,attn_out,ja,tier_2,transliteration,0.0003,0.0143,20,0
13,mlp_out,ja,tier_2,transliteration,-0.0193,0.0056,20,0
14,residual,ja,tier_2,transliteration,-0.0096,0.0804,20,0
14,attn_out,ja,tier_2,transliteration,0.0037,0.006,20,0
14,mlp_out,ja,tier_2,transliteration,-0.0127,0.0167,20,0
15,residual,ja,tier_2,transliteration,0.004,0.0939,20,0
15,attn_out,ja,tier_2,transliteration,-0.0082,0.0259,20,0
15,mlp_out,ja,tier_2,transliteration,-0.0069,0.0176,20,0
16,residual,ja,tier_2,transliteration,0.0167,0.0971,20,0
16,attn_out,ja,tier_2,transliteration,0.0023,0.0095,20,0
16,mlp_out,ja,tier_2,transliteration,-0.0038,0.0097,20,0
17,residual,ja,tier_2,transliteration,0.0201,0.0937,20,0
17,attn_out,ja,tier_2,transliteration,-0.0072,0.0156,20,0
17,mlp_out,ja,tier_2,transliteration,-0.0196,0.0088,20,0
18,residual,ja,tier_2,transliteration,0.0181,0.0645,20,0
18,attn_out,ja,tier_2,transliteration,0.0,0.01,20,0
18,mlp_out,ja,tier_2,transliteration,0.0018,0.0038,20,0
19,residual,ja,tier_2,transliteration,0.0359,0.0682,20,0
19,attn_out,ja,tier_2,transliteration,0.0045,0.002,20,0
19,mlp_out,ja,tier_2,transliteration,0.007,0.0095,20,0
20,residual,ja,tier_2,transliteration,0.0308,0.0519,20,0
20,attn_out,ja,tier_2,transliteration,-0.0008,0.0024,20,0
20,mlp_out,ja,tier_2,transliteration,-0.0012,0.0046,20,0
21,residual,ja,tier_2,transliteration,0.0469,0.0549,20,0
21,attn_out,ja,tier_2,transliteration,0.0014,0.0009,20,0
21,mlp_out,ja,tier_2,transliteration,0.0022,0.002,20,0
22,residual,ja,tier_2,transliteration,0.0395,0.0418,20,0
22,attn_out,ja,tier_2,transliteration,0.0018,0.0028,20,0
22,mlp_out,ja,tier_2,transliteration,-0.0006,0.0023,20,0
23,residual,ja,tier_2,transliteration,0.0251,0.0262,20,0
23,attn_out,ja,tier_2,transliteration,0.0005,0.0009,20,0
23,mlp_out,ja,tier_2,transliteration,-0.0,0.002,20,0
24,residual,ja,tier_2,transliteration,0.0196,0.0223,20,0
24,attn_out,ja,tier_2,transliteration,-0.0016,0.0004,20,0
24,mlp_out,ja,tier_2,transliteration,0.0008,0.0019,20,0
25,residual,ja,tier_2,transliteration,0.0113,0.0084,20,0
25,attn_out,ja,tier_2,transliteration,-0.0002,0.0004,20,0
25,mlp_out,ja,tier_2,transliteration,0.0046,0.0042,20,0
26,residual,ja,tier_2,transliteration,0.0031,0.0048,20,0
26,attn_out,ja,tier_2,transliteration,0.0008,0.001,20,0
26,mlp_out,ja,tier_2,transliteration,0.0006,0.0013,20,0
27,residual,ja,tier_2,transliteration,0.0,0.0,20,0
27,attn_out,ja,tier_2,transliteration,0.0,0.0,20,0
27,mlp_out,ja,tier_2,transliteration,0.0,0.0,20,0
0,residual,tr,tier_3,transliteration,-0.337,0.5936,20,0
0,attn_out,tr,tier_3,transliteration,-0.3171,0.6057,20,0
0,mlp_out,tr,tier_3,transliteration,-0.235,0.2846,20,0
1,residual,tr,tier_3,transliteration,-0.3481,0.6012,20,0
1,attn_out,tr,tier_3,transliteration,-0.0112,0.0432,20,0
1,mlp_out,tr,tier_3,transliteration,0.0594,0.1797,20,0
2,residual,tr,tier_3,transliteration,-0.3891,0.5241,20,0
2,attn_out,tr,tier_3,transliteration,0.0167,0.0419,20,0
2,mlp_out,tr,tier_3,transliteration,-0.0162,0.2503,20,0
3,residual,tr,tier_3,transliteration,-0.3845,0.4427,20,0
3,attn_out,tr,tier_3,transliteration,-0.0213,0.0818,20,0
3,mlp_out,tr,tier_3,transliteration,-0.005,0.1487,20,0
4,residual,tr,tier_3,transliteration,-0.4084,0.4165,20,0
4,attn_out,tr,tier_3,transliteration,0.0296,0.1524,20,0
4,mlp_out,tr,tier_3,transliteration,-0.015,0.1278,20,0
5,residual,tr,tier_3,transliteration,-0.3715,0.4151,20,0
5,attn_out,tr,tier_3,transliteration,0.0024,0.0347,20,0
5,mlp_out,tr,tier_3,transliteration,-0.0376,0.1489,20,0
6,residual,tr,tier_3,transliteration,-0.2254,0.3296,20,0
6,attn_out,tr,tier_3,transliteration,-0.0447,0.1132,20,0
6,mlp_out,tr,tier_3,transliteration,0.0658,0.1683,20,0
7,residual,tr,tier_3,transliteration,-0.2621,0.3652,20,0
7,attn_out,tr,tier_3,transliteration,0.1269,0.1373,20,0
7,mlp_out,tr,tier_3,transliteration,-0.0839,0.222,20,0
8,residual,tr,tier_3,transliteration,-0.1837,0.4157,20,0
8,attn_out,tr,tier_3,transliteration,0.0266,0.0299,20,0
8,mlp_out,tr,tier_3,transliteration,0.1653,0.1688,20,0
9,residual,tr,tier_3,transliteration,-0.2452,0.485,20,0
9,attn_out,tr,tier_3,transliteration,0.0474,0.0723,20,0
9,mlp_out,tr,tier_3,transliteration,0.1662,0.0727,20,0
10,residual,tr,tier_3,transliteration,-0.3575,0.6989,20,0
10,attn_out,tr,tier_3,transliteration,-0.0216,0.0411,20,0
10,mlp_out,tr,tier_3,transliteration,-0.0147,0.0873,20,0
11,residual,tr,tier_3,transliteration,-0.3055,0.6333,20,0
11,attn_out,tr,tier_3,transliteration,0.049,0.1134,20,0
11,mlp_out,tr,tier_3,transliteration,0.0677,0.0526,20,0
12,residual,tr,tier_3,transliteration,-0.3255,0.6103,20,0
12,attn_out,tr,tier_3,transliteration,0.0167,0.0739,20,0
12,mlp_out,tr,tier_3,transliteration,0.004,0.1463,20,0
13,residual,tr,tier_3,transliteration,-0.2691,0.5268,20,0
13,attn_out,tr,tier_3,transliteration,0.0123,0.1287,20,0
13,mlp_out,tr,tier_3,transliteration,0.0863,0.0841,20,0
14,residual,tr,tier_3,transliteration,-0.3667,0.664,20,0
14,attn_out,tr,tier_3,transliteration,-0.069,0.0528,20,0
14,mlp_out,tr,tier_3,transliteration,0.0078,0.2675,20,0
15,residual,tr,tier_3,transliteration,-0.4217,0.882,20,0
15,attn_out,tr,tier_3,transliteration,-0.0365,0.0385,20,0
15,mlp_out,tr,tier_3,transliteration,0.0837,0.1555,20,0
16,residual,tr,tier_3,transliteration,-0.4293,0.8698,20,0
16,attn_out,tr,tier_3,transliteration,-0.0149,0.0284,20,0
16,mlp_out,tr,tier_3,transliteration,0.0213,0.0651,20,0
17,residual,tr,tier_3,transliteration,-0.4188,0.8862,20,0
17,attn_out,tr,tier_3,transliteration,-0.0064,0.0246,20,0
17,mlp_out,tr,tier_3,transliteration,-0.0125,0.2216,20,0
18,residual,tr,tier_3,transliteration,-0.1574,0.3627,20,0
18,attn_out,tr,tier_3,transliteration,0.0316,0.0457,20,0
18,mlp_out,tr,tier_3,transliteration,0.0218,0.0375,20,0
19,residual,tr,tier_3,transliteration,-0.1739,0.2936,20,0
19,attn_out,tr,tier_3,transliteration,-0.0134,0.0176,20,0
19,mlp_out,tr,tier_3,transliteration,-0.0136,0.0423,20,0
20,residual,tr,tier_3,transliteration,-0.0587,0.092,20,0
20,attn_out,tr,tier_3,transliteration,-0.0117,0.0053,20,0
20,mlp_out,tr,tier_3,transliteration,-0.02,0.0312,20,0
21,residual,tr,tier_3,transliteration,-0.058,0.0514,20,0
21,attn_out,tr,tier_3,transliteration,-0.0244,0.0119,20,0
21,mlp_out,tr,tier_3,transliteration,-0.0119,0.0287,20,0
22,residual,tr,tier_3,transliteration,-0.058,0.0669,20,0
22,attn_out,tr,tier_3,transliteration,-0.0046,0.0093,20,0
22,mlp_out,tr,tier_3,transliteration,-0.0046,0.0227,20,0
23,residual,tr,tier_3,transliteration,-0.0564,0.0807,20,0
23,attn_out,tr,tier_3,transliteration,-0.0045,0.0097,20,0
23,mlp_out,tr,tier_3,transliteration,0.0073,0.0258,20,0
24,residual,tr,tier_3,transliteration,-0.0328,0.069,20,0
24,attn_out,tr,tier_3,transliteration,-0.0105,0.0128,20,0
24,mlp_out,tr,tier_3,transliteration,-0.0068,0.0375,20,0
25,residual,tr,tier_3,transliteration,-0.0236,0.0396,20,0
25,attn_out,tr,tier_3,transliteration,0.0071,0.0034,20,0
25,mlp_out,tr,tier_3,transliteration,-0.0155,0.0233,20,0
26,residual,tr,tier_3,transliteration,-0.0194,0.042,20,0
26,attn_out,tr,tier_3,transliteration,-0.0179,0.0136,20,0
26,mlp_out,tr,tier_3,transliteration,-0.0028,0.0094,20,0
27,residual,tr,tier_3,transliteration,0.0,0.0,20,0
27,attn_out,tr,tier_3,transliteration,0.0,0.0,20,0
27,mlp_out,tr,tier_3,transliteration,0.0,0.0,20,0
0,residual,id,tier_3,transliteration,2.4294,2.8076,20,0
0,attn_out,id,tier_3,transliteration,2.3815,2.734,20,0
0,mlp_out,id,tier_3,transliteration,1.9629,2.5008,20,0
1,residual,id,tier_3,transliteration,1.1373,1.0741,20,0
1,attn_out,id,tier_3,transliteration,0.0196,0.0917,20,0
1,mlp_out,id,tier_3,transliteration,0.6386,0.8128,20,0
2,residual,id,tier_3,transliteration,1.0606,1.2914,20,0
2,attn_out,id,tier_3,transliteration,0.0138,0.1414,20,0
2,mlp_out,id,tier_3,transliteration,0.6055,0.6875,20,0
3,residual,id,tier_3,transliteration,0.7752,1.1256,20,0
3,attn_out,id,tier_3,transliteration,-0.0167,0.1203,20,0
3,mlp_out,id,tier_3,transliteration,0.7317,0.928,20,0
4,residual,id,tier_3,transliteration,0.7315,1.1231,20,0
4,attn_out,id,tier_3,transliteration,0.0931,0.0732,20,0
4,mlp_out,id,tier_3,transliteration,0.6711,1.1678,20,0
5,residual,id,tier_3,transliteration,0.5565,1.0737,20,0
5,attn_out,id,tier_3,transliteration,0.2356,0.2686,20,0
5,mlp_out,id,tier_3,transliteration,0.2482,0.3368,20,0
6,residual,id,tier_3,transliteration,-0.0895,0.8062,20,0
6,attn_out,id,tier_3,transliteration,0.4757,0.4751,20,0
6,mlp_out,id,tier_3,transliteration,-0.1572,0.3572,20,0
7,residual,id,tier_3,transliteration,-0.0114,0.9282,20,0
7,attn_out,id,tier_3,transliteration,0.3676,0.5734,20,0
7,mlp_out,id,tier_3,transliteration,0.2794,0.4209,20,0
8,residual,id,tier_3,transliteration,0.0039,0.9219,20,0
8,attn_out,id,tier_3,transliteration,0.1091,0.1418,20,0
8,mlp_out,id,tier_3,transliteration,0.2993,0.6451,20,0
9,residual,id,tier_3,transliteration,0.2247,1.0624,20,0
9,attn_out,id,tier_3,transliteration,-0.1192,0.0861,20,0
9,mlp_out,id,tier_3,transliteration,-0.2549,0.5674,20,0
10,residual,id,tier_3,transliteration,0.0819,0.815,20,0
10,attn_out,id,tier_3,transliteration,-0.1856,0.2838,20,0
10,mlp_out,id,tier_3,transliteration,0.2665,0.3187,20,0
11,residual,id,tier_3,transliteration,0.1656,0.7939,20,0
11,attn_out,id,tier_3,transliteration,0.3298,0.4955,20,0
11,mlp_out,id,tier_3,transliteration,0.0592,0.7608,20,0
12,residual,id,tier_3,transliteration,-0.0149,0.7483,20,0
12,attn_out,id,tier_3,transliteration,-0.1388,0.3161,20,0
12,mlp_out,id,tier_3,transliteration,-0.2502,0.505,20,0
13,residual,id,tier_3,transliteration,-0.4438,0.5598,20,0
13,attn_out,id,tier_3,transliteration,-0.1001,0.1483,20,0
13,mlp_out,id,tier_3,transliteration,-0.3256,0.4055,20,0
14,residual,id,tier_3,transliteration,-0.1515,0.3886,20,0
14,attn_out,id,tier_3,transliteration,0.0317,0.2025,20,0
14,mlp_out,id,tier_3,transliteration,-0.1248,0.2166,20,0
15,residual,id,tier_3,transliteration,0.2191,0.5354,20,0
15,attn_out,id,tier_3,transliteration,0.1027,0.1459,20,0
15,mlp_out,id,tier_3,transliteration,-0.2383,0.3288,20,0
16,residual,id,tier_3,transliteration,0.3461,0.6211,20,0
16,attn_out,id,tier_3,transliteration,0.181,0.267,20,0
16,mlp_out,id,tier_3,transliteration,0.2742,0.272,20,0
17,residual,id,tier_3,transliteration,0.6515,0.9125,20,0
17,attn_out,id,tier_3,transliteration,-0.0856,0.0825,20,0
17,mlp_out,id,tier_3,transliteration,0.4644,0.3828,20,0
18,residual,id,tier_3,transliteration,-0.061,0.6062,20,0
18,attn_out,id,tier_3,transliteration,0.0951,0.1028,20,0
18,mlp_out,id,tier_3,transliteration,-0.0052,0.1167,20,0
19,residual,id,tier_3,transliteration,-0.0103,0.3338,20,0
19,attn_out,id,tier_3,transliteration,0.0236,0.1195,20,0
19,mlp_out,id,tier_3,transliteration,0.0404,0.0566,20,0
20,residual,id,tier_3,transliteration,0.1159,0.2789,20,0
20,attn_out,id,tier_3,transliteration,0.0006,0.0206,20,0
20,mlp_out,id,tier_3,transliteration,-0.0654,0.113,20,0
21,residual,id,tier_3,transliteration,0.2597,0.3587,20,0
21,attn_out,id,tier_3,transliteration,-0.0122,0.0436,20,0
21,mlp_out,id,tier_3,transliteration,0.0139,0.0058,20,0
22,residual,id,tier_3,transliteration,0.3153,0.3881,20,0
22,attn_out,id,tier_3,transliteration,0.0155,0.013,20,0
22,mlp_out,id,tier_3,transliteration,0.0627,0.069,20,0
23,residual,id,tier_3,transliteration,0.2253,0.2225,20,0
23,attn_out,id,tier_3,transliteration,0.0112,0.0099,20,0
23,mlp_out,id,tier_3,transliteration,0.0563,0.0517,20,0
24,residual,id,tier_3,transliteration,0.1633,0.1619,20,0
24,attn_out,id,tier_3,transliteration,0.027,0.0225,20,0
24,mlp_out,id,tier_3,transliteration,0.0552,0.0524,20,0
25,residual,id,tier_3,transliteration,0.1124,0.1062,20,0
25,attn_out,id,tier_3,transliteration,-0.0147,0.0277,20,0
25,mlp_out,id,tier_3,transliteration,0.0265,0.0313,20,0
26,residual,id,tier_3,transliteration,0.0921,0.0809,20,0
26,attn_out,id,tier_3,transliteration,0.0473,0.04,20,0
26,mlp_out,id,tier_3,transliteration,-0.0047,0.0284,20,0
27,residual,id,tier_3,transliteration,0.0,0.0,20,0
27,attn_out,id,tier_3,transliteration,0.0,0.0,20,0
27,mlp_out,id,tier_3,transliteration,0.0,0.0,20,0
0,residual,hi,tier_3,transliteration,0.0765,0.0674,20,0
0,attn_out,hi,tier_3,transliteration,0.0879,0.0924,20,0
0,mlp_out,hi,tier_3,transliteration,0.0192,0.0321,20,0
1,residual,hi,tier_3,transliteration,0.0395,0.0253,20,0
1,attn_out,hi,tier_3,transliteration,-0.0088,0.015,20,0
1,mlp_out,hi,tier_3,transliteration,0.0154,0.0204,20,0
2,residual,hi,tier_3,transliteration,0.0369,0.032,20,0
2,attn_out,hi,tier_3,transliteration,-0.0065,0.0117,20,0
2,mlp_out,hi,tier_3,transliteration,0.0145,0.0307,20,0
3,residual,hi,tier_3,transliteration,0.0514,0.0332,20,0
3,attn_out,hi,tier_3,transliteration,-0.0088,0.0108,20,0
3,mlp_out,hi,tier_3,transliteration,0.0112,0.018,20,0
4,residual,hi,tier_3,transliteration,0.0467,0.0271,20,0
4,attn_out,hi,tier_3,transliteration,0.0034,0.0143,20,0
4,mlp_out,hi,tier_3,transliteration,0.0125,0.0261,20,0
5,residual,hi,tier_3,transliteration,0.0355,0.0279,20,0
5,attn_out,hi,tier_3,transliteration,0.0061,0.0069,20,0
5,mlp_out,hi,tier_3,transliteration,0.0259,0.0326,20,0
6,residual,hi,tier_3,transliteration,0.0027,0.0094,20,0
6,attn_out,hi,tier_3,transliteration,0.008,0.013,20,0
6,mlp_out,hi,tier_3,transliteration,0.0211,0.0337,20,0
7,residual,hi,tier_3,transliteration,0.0487,0.0877,20,0
7,attn_out,hi,tier_3,transliteration,0.0206,0.0249,20,0
7,mlp_out,hi,tier_3,transliteration,-0.0103,0.0278,20,0
8,residual,hi,tier_3,transliteration,0.0706,0.1068,20,0
8,attn_out,hi,tier_3,transliteration,-0.0002,0.0173,20,0
8,mlp_out,hi,tier_3,transliteration,0.0001,0.0102,20,0
9,residual,hi,tier_3,transliteration,0.0904,0.1327,20,0
9,attn_out,hi,tier_3,transliteration,0.0165,0.0185,20,0
9,mlp_out,hi,tier_3,transliteration,-0.0004,0.016,20,0
10,residual,hi,tier_3,transliteration,0.0755,0.1223,20,0
10,attn_out,hi,tier_3,transliteration,-0.0145,0.0149,20,0
10,mlp_out,hi,tier_3,transliteration,0.0118,0.0154,20,0
11,residual,hi,tier_3,transliteration,0.0586,0.1086,20,0
11,attn_out,hi,tier_3,transliteration,0.0024,0.0201,20,0
11,mlp_out,hi,tier_3,transliteration,-0.013,0.0206,20,0
12,residual,hi,tier_3,transliteration,0.0505,0.1038,20,0
12,attn_out,hi,tier_3,transliteration,-0.0101,0.0163,20,0
12,mlp_out,hi,tier_3,transliteration,-0.0186,0.021,20,0
13,residual,hi,tier_3,transliteration,0.0695,0.0734,20,0
13,attn_out,hi,tier_3,transliteration,-0.0266,0.022,20,0
13,mlp_out,hi,tier_3,transliteration,-0.0041,0.0335,20,0
14,residual,hi,tier_3,transliteration,0.0709,0.0783,20,0
14,attn_out,hi,tier_3,transliteration,0.0004,0.0102,20,0
14,mlp_out,hi,tier_3,transliteration,-0.014,0.0169,20,0
15,residual,hi,tier_3,transliteration,0.0825,0.065,20,0
15,attn_out,hi,tier_3,transliteration,-0.0141,0.0178,20,0
15,mlp_out,hi,tier_3,transliteration,-0.0087,0.0242,20,0
16,residual,hi,tier_3,transliteration,0.0963,0.0705,20,0
16,attn_out,hi,tier_3,transliteration,-0.003,0.0179,20,0
16,mlp_out,hi,tier_3,transliteration,-0.0146,0.0225,20,0
17,residual,hi,tier_3,transliteration,0.1042,0.0762,20,0
17,attn_out,hi,tier_3,transliteration,0.0028,0.0136,20,0
17,mlp_out,hi,tier_3,transliteration,0.0026,0.0098,20,0
18,residual,hi,tier_3,transliteration,0.0713,0.0846,20,0
18,attn_out,hi,tier_3,transliteration,-0.0076,0.0144,20,0
18,mlp_out,hi,tier_3,transliteration,0.0039,0.0067,20,0
19,residual,hi,tier_3,transliteration,0.0532,0.0945,20,0
19,attn_out,hi,tier_3,transliteration,0.0039,0.0026,20,0
19,mlp_out,hi,tier_3,transliteration,0.0029,0.0084,20,0
20,residual,hi,tier_3,transliteration,0.0546,0.1,20,0
20,attn_out,hi,tier_3,transliteration,-0.0006,0.0022,20,0
20,mlp_out,hi,tier_3,transliteration,0.0005,0.0046,20,0
21,residual,hi,tier_3,transliteration,0.0577,0.0842,20,0
21,attn_out,hi,tier_3,transliteration,0.004,0.0012,20,0
21,mlp_out,hi,tier_3,transliteration,0.0019,0.0037,20,0
22,residual,hi,tier_3,transliteration,0.0689,0.0904,20,0
22,attn_out,hi,tier_3,transliteration,0.0008,0.0024,20,0
22,mlp_out,hi,tier_3,transliteration,0.0058,0.0039,20,0
23,residual,hi,tier_3,transliteration,0.054,0.0734,20,0
23,attn_out,hi,tier_3,transliteration,0.0011,0.0017,20,0
23,mlp_out,hi,tier_3,transliteration,0.0011,0.0029,20,0
24,residual,hi,tier_3,transliteration,0.0323,0.0421,20,0
24,attn_out,hi,tier_3,transliteration,0.0009,0.0007,20,0
24,mlp_out,hi,tier_3,transliteration,0.0012,0.0016,20,0
25,residual,hi,tier_3,transliteration,0.0155,0.01,20,0
25,attn_out,hi,tier_3,transliteration,-0.0022,0.0008,20,0
25,mlp_out,hi,tier_3,transliteration,0.0036,0.0014,20,0
26,residual,hi,tier_3,transliteration,0.009,0.0058,20,0
26,attn_out,hi,tier_3,transliteration,0.003,0.0012,20,0
26,mlp_out,hi,tier_3,transliteration,0.0017,0.0016,20,0
27,residual,hi,tier_3,transliteration,0.0,0.0,20,0
27,attn_out,hi,tier_3,transliteration,0.0,0.0,20,0
27,mlp_out,hi,tier_3,transliteration,0.0,0.0,20,0
0,residual,sw,tier_3,transliteration,-0.1261,0.1267,20,0
0,attn_out,sw,tier_3,transliteration,-0.1374,0.126,20,0
0,mlp_out,sw,tier_3,transliteration,-0.1256,0.0866,20,0
1,residual,sw,tier_3,transliteration,-0.1294,0.0929,20,0
1,attn_out,sw,tier_3,transliteration,-0.1189,0.0728,20,0
1,mlp_out,sw,tier_3,transliteration,-0.0619,0.0472,20,0
2,residual,sw,tier_3,transliteration,0.0997,0.0937,20,0
2,attn_out,sw,tier_3,transliteration,-0.0222,0.0846,20,0
2,mlp_out,sw,tier_3,transliteration,-0.0943,0.1082,20,0
3,residual,sw,tier_3,transliteration,0.0654,0.1312,20,0
3,attn_out,sw,tier_3,transliteration,-0.0044,0.0715,20,0
3,mlp_out,sw,tier_3,transliteration,-0.0145,0.1371,20,0
4,residual,sw,tier_3,transliteration,0.0296,0.1066,20,0
4,attn_out,sw,tier_3,transliteration,-0.008,0.0284,20,0
4,mlp_out,sw,tier_3,transliteration,-0.0727,0.1136,20,0
5,residual,sw,tier_3,transliteration,0.1167,0.216,20,0
5,attn_out,sw,tier_3,transliteration,0.0289,0.054,20,0
5,mlp_out,sw,tier_3,transliteration,-0.1115,0.1416,20,0
6,residual,sw,tier_3,transliteration,0.1624,0.3928,20,0
6,attn_out,sw,tier_3,transliteration,0.0002,0.0567,20,0
6,mlp_out,sw,tier_3,transliteration,-0.1306,0.1012,20,0
7,residual,sw,tier_3,transliteration,0.2774,0.316,20,0
7,attn_out,sw,tier_3,transliteration,-0.005,0.0316,20,0
7,mlp_out,sw,tier_3,transliteration,0.0185,0.1278,20,0
8,residual,sw,tier_3,transliteration,0.3498,0.3245,20,0
8,attn_out,sw,tier_3,transliteration,0.0345,0.0545,20,0
8,mlp_out,sw,tier_3,transliteration,-0.0875,0.0917,20,0
9,residual,sw,tier_3,transliteration,0.3025,0.5133,20,0
9,attn_out,sw,tier_3,transliteration,0.0243,0.0693,20,0
9,mlp_out,sw,tier_3,transliteration,-0.0947,0.1554,20,0
10,residual,sw,tier_3,transliteration,0.302,0.5679,20,0
10,attn_out,sw,tier_3,transliteration,0.0369,0.039,20,0
10,mlp_out,sw,tier_3,transliteration,-0.0743,0.0869,20,0
11,residual,sw,tier_3,transliteration,0.3404,0.4589,20,0
11,attn_out,sw,tier_3,transliteration,0.0338,0.0577,20,0
11,mlp_out,sw,tier_3,transliteration,-0.058,0.1216,20,0
12,residual,sw,tier_3,transliteration,0.3989,0.3716,20,0
12,attn_out,sw,tier_3,transliteration,0.0436,0.0954,20,0
12,mlp_out,sw,tier_3,transliteration,-0.0353,0.1269,20,0
13,residual,sw,tier_3,transliteration,0.3527,0.3541,20,0
13,attn_out,sw,tier_3,transliteration,0.0093,0.0583,20,0
13,mlp_out,sw,tier_3,transliteration,0.0059,0.0704,20,0
14,residual,sw,tier_3,transliteration,0.3215,0.3608,20,0
14,attn_out,sw,tier_3,transliteration,0.0366,0.0296,20,0
14,mlp_out,sw,tier_3,transliteration,0.0415,0.0686,20,0
15,residual,sw,tier_3,transliteration,0.1252,0.2228,20,0
15,attn_out,sw,tier_3,transliteration,0.0393,0.0558,20,0
15,mlp_out,sw,tier_3,transliteration,-0.0047,0.0743,20,0
16,residual,sw,tier_3,transliteration,0.2588,0.2883,20,0
16,attn_out,sw,tier_3,transliteration,0.0015,0.0348,20,0
16,mlp_out,sw,tier_3,transliteration,0.0775,0.1511,20,0
17,residual,sw,tier_3,transliteration,0.2369,0.2161,20,0
17,attn_out,sw,tier_3,transliteration,-0.0152,0.0494,20,0
17,mlp_out,sw,tier_3,transliteration,0.08,0.1166,20,0
18,residual,sw,tier_3,transliteration,-0.0403,0.0867,20,0
18,attn_out,sw,tier_3,transliteration,0.0062,0.0146,20,0
18,mlp_out,sw,tier_3,transliteration,0.0242,0.064,20,0
19,residual,sw,tier_3,transliteration,-0.0268,0.0816,20,0
19,attn_out,sw,tier_3,transliteration,0.0027,0.0266,20,0
19,mlp_out,sw,tier_3,transliteration,-0.0073,0.0252,20,0
20,residual,sw,tier_3,transliteration,-0.0657,0.0919,20,0
20,attn_out,sw,tier_3,transliteration,-0.0013,0.0068,20,0
20,mlp_out,sw,tier_3,transliteration,0.0067,0.0105,20,0
21,residual,sw,tier_3,transliteration,-0.0424,0.0549,20,0
21,attn_out,sw,tier_3,transliteration,0.0053,0.006,20,0
21,mlp_out,sw,tier_3,transliteration,-0.003,0.0348,20,0
22,residual,sw,tier_3,transliteration,0.005,0.0149,20,0
22,attn_out,sw,tier_3,transliteration,0.0035,0.0097,20,0
22,mlp_out,sw,tier_3,transliteration,-0.0032,0.018,20,0
23,residual,sw,tier_3,transliteration,0.0126,0.0286,20,0
23,attn_out,sw,tier_3,transliteration,-0.0029,0.006,20,0
23,mlp_out,sw,tier_3,transliteration,0.0035,0.009,20,0
24,residual,sw,tier_3,transliteration,0.0131,0.0234,20,0
24,attn_out,sw,tier_3,transliteration,0.0002,0.0027,20,0
24,mlp_out,sw,tier_3,transliteration,0.0002,0.0026,20,0
25,residual,sw,tier_3,transliteration,0.0043,0.0117,20,0
25,attn_out,sw,tier_3,transliteration,-0.0003,0.0036,20,0
25,mlp_out,sw,tier_3,transliteration,-0.0013,0.0025,20,0
26,residual,sw,tier_3,transliteration,-0.002,0.0041,20,0
26,attn_out,sw,tier_3,transliteration,0.0002,0.0014,20,0
26,mlp_out,sw,tier_3,transliteration,-0.0018,0.0025,20,0
27,residual,sw,tier_3,transliteration,0.0,0.0,20,0
27,attn_out,sw,tier_3,transliteration,0.0,0.0,20,0
27,mlp_out,sw,tier_3,transliteration,0.0,0.0,20,0
0,residual,yo,tier_4,transliteration,-0.5568,1.2542,20,0
0,attn_out,yo,tier_4,transliteration,-0.5713,1.2123,20,0
0,mlp_out,yo,tier_4,transliteration,-0.4765,0.9678,20,0
1,residual,yo,tier_4,transliteration,-0.3721,1.1657,20,0
1,attn_out,yo,tier_4,transliteration,-0.0387,0.1534,20,0
1,mlp_out,yo,tier_4,transliteration,-0.1964,0.233,20,0
2,residual,yo,tier_4,transliteration,-0.0645,1.4571,20,0
2,attn_out,yo,tier_4,transliteration,-0.1374,0.1728,20,0
2,mlp_out,yo,tier_4,transliteration,0.3288,0.648,20,0
3,residual,yo,tier_4,transliteration,0.0607,1.4647,20,0
3,attn_out,yo,tier_4,transliteration,-0.1275,0.1737,20,0
3,mlp_out,yo,tier_4,transliteration,-0.1416,0.2625,20,0
4,residual,yo,tier_4,transliteration,0.1454,1.6242,20,0
4,attn_out,yo,tier_4,transliteration,-0.0573,0.0907,20,0
4,mlp_out,yo,tier_4,transliteration,-0.0958,0.1333,20,0
5,residual,yo,tier_4,transliteration,0.0126,1.3088,20,0
5,attn_out,yo,tier_4,transliteration,0.0897,0.2194,20,0
5,mlp_out,yo,tier_4,transliteration,0.2064,0.2625,20,0
6,residual,yo,tier_4,transliteration,-0.0821,1.2208,20,0
6,attn_out,yo,tier_4,transliteration,0.0752,0.2899,20,0
6,mlp_out,yo,tier_4,transliteration,0.118,0.6098,20,0
7,residual,yo,tier_4,transliteration,-0.4836,0.8996,20,0
7,attn_out,yo,tier_4,transliteration,-0.1082,0.1642,20,0
7,mlp_out,yo,tier_4,transliteration,0.0055,0.7472,20,0
8,residual,yo,tier_4,transliteration,-0.5416,0.7669,20,0
8,attn_out,yo,tier_4,transliteration,0.0066,0.0957,20,0
8,mlp_out,yo,tier_4,transliteration,-0.001,0.1149,20,0
9,residual,yo,tier_4,transliteration,-0.8314,1.0225,20,0
9,attn_out,yo,tier_4,transliteration,-0.1366,0.1737,20,0
9,mlp_out,yo,tier_4,transliteration,-0.3858,0.5446,20,0
10,residual,yo,tier_4,transliteration,-0.5239,0.6278,20,0
10,attn_out,yo,tier_4,transliteration,-0.0872,0.1772,20,0
10,mlp_out,yo,tier_4,transliteration,-0.2843,0.3717,20,0
11,residual,yo,tier_4,transliteration,-0.4781,0.5717,20,0
11,attn_out,yo,tier_4,transliteration,0.016,0.178,20,0
11,mlp_out,yo,tier_4,transliteration,-0.0358,0.0674,20,0
12,residual,yo,tier_4,transliteration,-0.4922,0.5517,20,0
12,attn_out,yo,tier_4,transliteration,-0.0215,0.0571,20,0
12,mlp_out,yo,tier_4,transliteration,-0.1656,0.352,20,0
13,residual,yo,tier_4,transliteration,-0.4801,0.5569,20,0
13,attn_out,yo,tier_4,transliteration,-0.0166,0.1178,20,0
13,mlp_out,yo,tier_4,transliteration,0.0528,0.1485,20,0
14,residual,yo,tier_4,transliteration,-0.3379,0.3655,20,0
14,attn_out,yo,tier_4,transliteration,0.0326,0.0393,20,0
14,mlp_out,yo,tier_4,transliteration,-0.0132,0.0991,20,0
15,residual,yo,tier_4,transliteration,-0.3019,0.3187,20,0
15,attn_out,yo,tier_4,transliteration,0.058,0.0824,20,0
15,mlp_out,yo,tier_4,transliteration,0.0277,0.0762,20,0
16,residual,yo,tier_4,transliteration,-0.2182,0.2689,20,0
16,attn_out,yo,tier_4,transliteration,0.0275,0.0875,20,0
16,mlp_out,yo,tier_4,transliteration,-0.046,0.0582,20,0
17,residual,yo,tier_4,transliteration,-0.268,0.2869,20,0
17,attn_out,yo,tier_4,transliteration,0.0322,0.1314,20,0
17,mlp_out,yo,tier_4,transliteration,-0.1983,0.3406,20,0
18,residual,yo,tier_4,transliteration,-0.3247,0.3707,20,0
18,attn_out,yo,tier_4,transliteration,-0.0679,0.1192,20,0
18,mlp_out,yo,tier_4,transliteration,-0.2284,0.3296,20,0
19,residual,yo,tier_4,transliteration,-0.1352,0.258,20,0
19,attn_out,yo,tier_4,transliteration,-0.0337,0.0605,20,0
19,mlp_out,yo,tier_4,transliteration,0.0005,0.0375,20,0
20,residual,yo,tier_4,transliteration,0.0092,0.0481,20,0
20,attn_out,yo,tier_4,transliteration,-0.0236,0.0381,20,0
20,mlp_out,yo,tier_4,transliteration,-0.0787,0.0954,20,0
21,residual,yo,tier_4,transliteration,0.0533,0.0821,20,0
21,attn_out,yo,tier_4,transliteration,0.0119,0.0317,20,0
21,mlp_out,yo,tier_4,transliteration,-0.0385,0.0723,20,0
22,residual,yo,tier_4,transliteration,0.0391,0.0926,20,0
22,attn_out,yo,tier_4,transliteration,-0.0218,0.0263,20,0
22,mlp_out,yo,tier_4,transliteration,0.0041,0.0559,20,0
23,residual,yo,tier_4,transliteration,0.0531,0.0778,20,0
23,attn_out,yo,tier_4,transliteration,-0.0011,0.0174,20,0
23,mlp_out,yo,tier_4,transliteration,-0.0184,0.0249,20,0
24,residual,yo,tier_4,transliteration,0.045,0.0669,20,0
24,attn_out,yo,tier_4,transliteration,-0.011,0.0124,20,0
24,mlp_out,yo,tier_4,transliteration,0.0518,0.0861,20,0
25,residual,yo,tier_4,transliteration,0.0229,0.0331,20,0
25,attn_out,yo,tier_4,transliteration,-0.0052,0.0068,20,0
25,mlp_out,yo,tier_4,transliteration,0.0066,0.0205,20,0
26,residual,yo,tier_4,transliteration,0.0153,0.021,20,0
26,attn_out,yo,tier_4,transliteration,-0.0021,0.0028,20,0
26,mlp_out,yo,tier_4,transliteration,0.0035,0.0065,20,0
27,residual,yo,tier_4,transliteration,0.0,0.0,20,0
27,attn_out,yo,tier_4,transliteration,0.0,0.0,20,0
27,mlp_out,yo,tier_4,transliteration,0.0,0.0,20,0
0,residual,zu,tier_4,transliteration,-4.9381,9.4449,20,0
0,attn_out,zu,tier_4,transliteration,-4.6295,8.8585,20,0
0,mlp_out,zu,tier_4,transliteration,-3.4308,6.513,20,0
1,residual,zu,tier_4,transliteration,-3.0856,5.998,20,0
1,attn_out,zu,tier_4,transliteration,-3.5739,7.2216,20,0
1,mlp_out,zu,tier_4,transliteration,1.719,3.5826,20,0
2,residual,zu,tier_4,transliteration,-1.495,2.7282,20,0
2,attn_out,zu,tier_4,transliteration,-0.0841,0.3692,20,0
2,mlp_out,zu,tier_4,transliteration,-1.0723,1.7772,20,0
3,residual,zu,tier_4,transliteration,0.7202,1.6107,20,0
3,attn_out,zu,tier_4,transliteration,-0.0249,0.1312,20,0
3,mlp_out,zu,tier_4,transliteration,3.0364,5.6788,20,0
4,residual,zu,tier_4,transliteration,-1.3959,2.4832,20,0
4,attn_out,zu,tier_4,transliteration,-0.4231,0.8754,20,0
4,mlp_out,zu,tier_4,transliteration,1.0566,2.3949,20,0
5,residual,zu,tier_4,transliteration,-1.7815,3.3431,20,0
5,attn_out,zu,tier_4,transliteration,-0.7993,1.5612,20,0
5,mlp_out,zu,tier_4,transliteration,1.3862,2.8298,20,0
6,residual,zu,tier_4,transliteration,-2.8876,5.983,20,0
6,attn_out,zu,tier_4,transliteration,-0.2895,0.6776,20,0
6,mlp_out,zu,tier_4,transliteration,-0.4719,1.0563,20,0
7,residual,zu,tier_4,transliteration,-3.3997,6.5445,20,0
7,attn_out,zu,tier_4,transliteration,-1.319,2.7876,20,0
7,mlp_out,zu,tier_4,transliteration,-1.1481,2.6263,20,0
8,residual,zu,tier_4,transliteration,-1.9408,3.7825,20,0
8,attn_out,zu,tier_4,transliteration,-0.2559,0.5785,20,0
8,mlp_out,zu,tier_4,transliteration,0.8382,1.4117,20,0
9,residual,zu,tier_4,transliteration,-1.2364,2.3304,20,0
9,attn_out,zu,tier_4,transliteration,-0.2071,0.4817,20,0
9,mlp_out,zu,tier_4,transliteration,0.8094,1.6935,20,0
10,residual,zu,tier_4,transliteration,-1.957,3.9162,20,0
10,attn_out,zu,tier_4,transliteration,-0.9111,1.9028,20,0
10,mlp_out,zu,tier_4,transliteration,3.2828,6.5395,20,0
11,residual,zu,tier_4,transliteration,0.3321,0.9331,20,0
11,attn_out,zu,tier_4,transliteration,-0.2261,0.6171,20,0
11,mlp_out,zu,tier_4,transliteration,2.2934,4.5139,20,0
12,residual,zu,tier_4,transliteration,-0.8064,1.5801,20,0
12,attn_out,zu,tier_4,transliteration,0.712,1.3735,20,0
12,mlp_out,zu,tier_4,transliteration,0.5219,1.0223,20,0
13,residual,zu,tier_4,transliteration,-2.8634,5.1902,20,0
13,attn_out,zu,tier_4,transliteration,-0.9233,1.7022,20,0
13,mlp_out,zu,tier_4,transliteration,0.4461,1.029,20,0
14,residual,zu,tier_4,transliteration,-3.9112,7.2281,20,0
14,attn_out,zu,tier_4,transliteration,-0.0546,0.0878,20,0
14,mlp_out,zu,tier_4,transliteration,-1.8233,3.5646,20,0
15,residual,zu,tier_4,transliteration,2.7194,5.9744,20,0
15,attn_out,zu,tier_4,transliteration,-0.6558,1.3679,20,0
15,mlp_out,zu,tier_4,transliteration,0.8896,1.7234,20,0
16,residual,zu,tier_4,transliteration,3.0483,6.7063,20,0
16,attn_out,zu,tier_4,transliteration,0.0325,0.1265,20,0
16,mlp_out,zu,tier_4,transliteration,1.6367,3.2153,20,0
17,residual,zu,tier_4,transliteration,3.2884,7.1545,20,0
17,attn_out,zu,tier_4,transliteration,-0.2087,0.4763,20,0
17,mlp_out,zu,tier_4,transliteration,-0.5601,0.9746,20,0
18,residual,zu,tier_4,transliteration,-2.5279,4.7486,20,0
18,attn_out,zu,tier_4,transliteration,0.1915,0.3327,20,0
18,mlp_out,zu,tier_4,transliteration,-0.7032,1.477,20,0
19,residual,zu,tier_4,transliteration,-1.522,2.8581,20,0
19,attn_out,zu,tier_4,transliteration,-0.0774,0.1426,20,0
19,mlp_out,zu,tier_4,transliteration,0.3418,0.7361,20,0
20,residual,zu,tier_4,transliteration,-1.1752,2.132,20,0
20,attn_out,zu,tier_4,transliteration,0.108,0.2258,20,0
20,mlp_out,zu,tier_4,transliteration,-0.4597,0.9197,20,0
21,residual,zu,tier_4,transliteration,-0.8403,1.47,20,0
21,attn_out,zu,tier_4,transliteration,0.2165,0.447,20,0
21,mlp_out,zu,tier_4,transliteration,-0.0106,0.4096,20,0
22,residual,zu,tier_4,transliteration,-0.3519,0.6614,20,0
22,attn_out,zu,tier_4,transliteration,-0.0423,0.0645,20,0
22,mlp_out,zu,tier_4,transliteration,0.0698,0.1051,20,0
23,residual,zu,tier_4,transliteration,-0.2775,0.5636,20,0
23,attn_out,zu,tier_4,transliteration,-0.0975,0.1924,20,0
23,mlp_out,zu,tier_4,transliteration,0.0363,0.0757,20,0
24,residual,zu,tier_4,transliteration,-0.2052,0.4038,20,0
24,attn_out,zu,tier_4,transliteration,0.0723,0.1455,20,0
24,mlp_out,zu,tier_4,transliteration,0.0921,0.1769,20,0
25,residual,zu,tier_4,transliteration,-0.0408,0.082,20,0
25,attn_out,zu,tier_4,transliteration,0.0259,0.0532,20,0
25,mlp_out,zu,tier_4,transliteration,0.0172,0.0395,20,0
26,residual,zu,tier_4,transliteration,-0.0279,0.0671,20,0
26,attn_out,zu,tier_4,transliteration,0.0245,0.0465,20,0
26,mlp_out,zu,tier_4,transliteration,0.0461,0.0904,20,0
27,residual,zu,tier_4,transliteration,0.0,0.0,20,0
27,attn_out,zu,tier_4,transliteration,0.0,0.0,20,0
27,mlp_out,zu,tier_4,transliteration,0.0,0.0,20,0
0,residual,gd,tier_4,transliteration,-0.0316,0.0506,20,0
0,attn_out,gd,tier_4,transliteration,-0.0278,0.0422,20,0
0,mlp_out,gd,tier_4,transliteration,-0.0381,0.0522,20,0
1,residual,gd,tier_4,transliteration,-0.0112,0.0391,20,0
1,attn_out,gd,tier_4,transliteration,-0.0071,0.0061,20,0
1,mlp_out,gd,tier_4,transliteration,-0.0087,0.0139,20,0
2,residual,gd,tier_4,transliteration,-0.0027,0.0168,20,0
2,attn_out,gd,tier_4,transliteration,-0.0029,0.0082,20,0
2,mlp_out,gd,tier_4,transliteration,-0.005,0.0074,20,0
3,residual,gd,tier_4,transliteration,0.0063,0.0269,20,0
3,attn_out,gd,tier_4,transliteration,-0.0083,0.009,20,0
3,mlp_out,gd,tier_4,transliteration,-0.0037,0.0066,20,0
4,residual,gd,tier_4,transliteration,0.0113,0.0278,20,0
4,attn_out,gd,tier_4,transliteration,-0.0031,0.0051,20,0
4,mlp_out,gd,tier_4,transliteration,-0.008,0.0062,20,0
5,residual,gd,tier_4,transliteration,0.0046,0.0323,20,0
5,attn_out,gd,tier_4,transliteration,-0.0052,0.0059,20,0
5,mlp_out,gd,tier_4,transliteration,-0.003,0.0261,20,0
6,residual,gd,tier_4,transliteration,0.0108,0.0569,20,0
6,attn_out,gd,tier_4,transliteration,-0.0079,0.015,20,0
6,mlp_out,gd,tier_4,transliteration,0.0132,0.0231,20,0
7,residual,gd,tier_4,transliteration,-0.0157,0.0485,20,0
7,attn_out,gd,tier_4,transliteration,-0.0002,0.0054,20,0
7,mlp_out,gd,tier_4,transliteration,-0.0064,0.0167,20,0
8,residual,gd,tier_4,transliteration,-0.027,0.0834,20,0
8,attn_out,gd,tier_4,transliteration,-0.0033,0.0064,20,0
8,mlp_out,gd,tier_4,transliteration,-0.0026,0.011,20,0
9,residual,gd,tier_4,transliteration,-0.0799,0.1273,20,0
9,attn_out,gd,tier_4,transliteration,0.0052,0.0072,20,0
9,mlp_out,gd,tier_4,transliteration,-0.0005,0.0173,20,0
10,residual,gd,tier_4,transliteration,-0.0641,0.1001,20,0
10,attn_out,gd,tier_4,transliteration,-0.0032,0.0059,20,0
10,mlp_out,gd,tier_4,transliteration,-0.0045,0.008,20,0
11,residual,gd,tier_4,transliteration,-0.0689,0.0957,20,0
11,attn_out,gd,tier_4,transliteration,0.0079,0.0128,20,0
11,mlp_out,gd,tier_4,transliteration,-0.0058,0.0077,20,0
12,residual,gd,tier_4,transliteration,-0.0452,0.0933,20,0
12,attn_out,gd,tier_4,transliteration,0.0016,0.0067,20,0
12,mlp_out,gd,tier_4,transliteration,-0.0042,0.0081,20,0
13,residual,gd,tier_4,transliteration,-0.0465,0.056,20,0
13,attn_out,gd,tier_4,transliteration,0.007,0.007,20,0
13,mlp_out,gd,tier_4,transliteration,0.0101,0.0258,20,0
14,residual,gd,tier_4,transliteration,-0.04,0.0408,20,0
14,attn_out,gd,tier_4,transliteration,0.0008,0.0056,20,0
14,mlp_out,gd,tier_4,transliteration,0.0043,0.0086,20,0
15,residual,gd,tier_4,transliteration,-0.038,0.0274,20,0
15,attn_out,gd,tier_4,transliteration,0.0059,0.0118,20,0
15,mlp_out,gd,tier_4,transliteration,0.0018,0.011,20,0
16,residual,gd,tier_4,transliteration,-0.0302,0.0268,20,0
16,attn_out,gd,tier_4,transliteration,0.0045,0.0059,20,0
16,mlp_out,gd,tier_4,transliteration,0.0003,0.0049,20,0
17,residual,gd,tier_4,transliteration,-0.0199,0.028,20,0
17,attn_out,gd,tier_4,transliteration,0.0033,0.0052,20,0
17,mlp_out,gd,tier_4,transliteration,-0.0009,0.0087,20,0
18,residual,gd,tier_4,transliteration,-0.0162,0.0168,20,0
18,attn_out,gd,tier_4,transliteration,-0.0011,0.0035,20,0
18,mlp_out,gd,tier_4,transliteration,-0.0066,0.0076,20,0
19,residual,gd,tier_4,transliteration,-0.0088,0.0133,20,0
19,attn_out,gd,tier_4,transliteration,-0.0004,0.0021,20,0
19,mlp_out,gd,tier_4,transliteration,0.0028,0.003,20,0
20,residual,gd,tier_4,transliteration,-0.0049,0.007,20,0
20,attn_out,gd,tier_4,transliteration,0.0002,0.0013,20,0
20,mlp_out,gd,tier_4,transliteration,-0.0002,0.0025,20,0
21,residual,gd,tier_4,transliteration,-0.0025,0.0056,20,0
21,attn_out,gd,tier_4,transliteration,0.0005,0.0011,20,0
21,mlp_out,gd,tier_4,transliteration,-0.0009,0.0016,20,0
22,residual,gd,tier_4,transliteration,0.0037,0.0032,20,0
22,attn_out,gd,tier_4,transliteration,-0.0011,0.0011,20,0
22,mlp_out,gd,tier_4,transliteration,-0.0043,0.0072,20,0
23,residual,gd,tier_4,transliteration,0.0004,0.0011,20,0
23,attn_out,gd,tier_4,transliteration,0.0004,0.0011,20,0
23,mlp_out,gd,tier_4,transliteration,-0.0001,0.0007,20,0
24,residual,gd,tier_4,transliteration,0.0015,0.0016,20,0
24,attn_out,gd,tier_4,transliteration,0.0009,0.0018,20,0
24,mlp_out,gd,tier_4,transliteration,-0.0001,0.0005,20,0
25,residual,gd,tier_4,transliteration,0.0006,0.0008,20,0
25,attn_out,gd,tier_4,transliteration,-0.0004,0.0006,20,0
25,mlp_out,gd,tier_4,transliteration,-0.0002,0.0007,20,0
26,residual,gd,tier_4,transliteration,0.0006,0.001,20,0
26,attn_out,gd,tier_4,transliteration,-0.0001,0.0004,20,0
26,mlp_out,gd,tier_4,transliteration,-0.0,0.0003,20,0
27,residual,gd,tier_4,transliteration,0.0,0.0,20,0
27,attn_out,gd,tier_4,transliteration,0.0,0.0,20,0
27,mlp_out,gd,tier_4,transliteration,0.0,0.0,20,0
0,residual,gn,tier_4,transliteration,-0.0012,0.0198,20,0
0,attn_out,gn,tier_4,transliteration,0.002,0.0242,20,0
0,mlp_out,gn,tier_4,transliteration,-0.0069,0.0237,20,0
1,residual,gn,tier_4,transliteration,-0.0081,0.0154,20,0
1,attn_out,gn,tier_4,transliteration,0.0057,0.0176,20,0
1,mlp_out,gn,tier_4,transliteration,-0.0011,0.0275,20,0
2,residual,gn,tier_4,transliteration,-0.0094,0.0317,20,0
2,attn_out,gn,tier_4,transliteration,0.0013,0.008,20,0
2,mlp_out,gn,tier_4,transliteration,-0.0038,0.0196,20,0
3,residual,gn,tier_4,transliteration,0.0001,0.0329,20,0
3,attn_out,gn,tier_4,transliteration,0.0062,0.0136,20,0
3,mlp_out,gn,tier_4,transliteration,0.0054,0.0177,20,0
4,residual,gn,tier_4,transliteration,-0.0007,0.0207,20,0
4,attn_out,gn,tier_4,transliteration,-0.0054,0.0054,20,0
4,mlp_out,gn,tier_4,transliteration,-0.005,0.0192,20,0
5,residual,gn,tier_4,transliteration,0.0108,0.0248,20,0
5,attn_out,gn,tier_4,transliteration,0.0013,0.0065,20,0
5,mlp_out,gn,tier_4,transliteration,0.004,0.0068,20,0
6,residual,gn,tier_4,transliteration,0.0209,0.0294,20,0
6,attn_out,gn,tier_4,transliteration,-0.0047,0.0076,20,0
6,mlp_out,gn,tier_4,transliteration,0.0041,0.0187,20,0
7,residual,gn,tier_4,transliteration,0.0155,0.0464,20,0
7,attn_out,gn,tier_4,transliteration,0.0049,0.0092,20,0
7,mlp_out,gn,tier_4,transliteration,-0.0106,0.0159,20,0
8,residual,gn,tier_4,transliteration,0.0368,0.086,20,0
8,attn_out,gn,tier_4,transliteration,0.0057,0.0158,20,0
8,mlp_out,gn,tier_4,transliteration,-0.0007,0.0163,20,0
9,residual,gn,tier_4,transliteration,0.019,0.064,20,0
9,attn_out,gn,tier_4,transliteration,-0.005,0.0194,20,0
9,mlp_out,gn,tier_4,transliteration,-0.0143,0.0281,20,0
10,residual,gn,tier_4,transliteration,0.0319,0.0835,20,0
10,attn_out,gn,tier_4,transliteration,-0.0019,0.0048,20,0
10,mlp_out,gn,tier_4,transliteration,-0.0137,0.0165,20,0
11,residual,gn,tier_4,transliteration,0.0349,0.0886,20,0
11,attn_out,gn,tier_4,transliteration,-0.0026,0.0071,20,0
11,mlp_out,gn,tier_4,transliteration,-0.0033,0.0104,20,0
12,residual,gn,tier_4,transliteration,0.0231,0.0756,20,0
12,attn_out,gn,tier_4,transliteration,-0.0084,0.0131,20,0
12,mlp_out,gn,tier_4,transliteration,-0.0006,0.012,20,0
13,residual,gn,tier_4,transliteration,0.0084,0.0665,20,0
13,attn_out,gn,tier_4,transliteration,-0.0017,0.0058,20,0
13,mlp_out,gn,tier_4,transliteration,-0.0121,0.0112,20,0
14,residual,gn,tier_4,transliteration,0.0038,0.0639,20,0
14,attn_out,gn,tier_4,transliteration,0.0009,0.0055,20,0
14,mlp_out,gn,tier_4,transliteration,0.0026,0.0202,20,0
15,residual,gn,tier_4,transliteration,0.004,0.055,20,0
15,attn_out,gn,tier_4,transliteration,0.0015,0.0047,20,0
15,mlp_out,gn,tier_4,transliteration,-0.0045,0.0133,20,0
16,residual,gn,tier_4,transliteration,0.0219,0.0727,20,0
16,attn_out,gn,tier_4,transliteration,0.005,0.0059,20,0
16,mlp_out,gn,tier_4,transliteration,0.0007,0.013,20,0
17,residual,gn,tier_4,transliteration,0.0242,0.0634,20,0
17,attn_out,gn,tier_4,transliteration,-0.0084,0.0099,20,0
17,mlp_out,gn,tier_4,transliteration,-0.0108,0.0253,20,0
18,residual,gn,tier_4,transliteration,-0.0065,0.0269,20,0
18,attn_out,gn,tier_4,transliteration,0.0018,0.0027,20,0
18,mlp_out,gn,tier_4,transliteration,-0.0092,0.0064,20,0
19,residual,gn,tier_4,transliteration,0.0003,0.0212,20,0
19,attn_out,gn,tier_4,transliteration,-0.0022,0.0039,20,0
19,mlp_out,gn,tier_4,transliteration,-0.0011,0.0071,20,0
20,residual,gn,tier_4,transliteration,-0.0031,0.0136,20,0
20,attn_out,gn,tier_4,transliteration,0.0002,0.0006,20,0
20,mlp_out,gn,tier_4,transliteration,-0.0016,0.0015,20,0
21,residual,gn,tier_4,transliteration,0.0017,0.0132,20,0
21,attn_out,gn,tier_4,transliteration,0.0036,0.0051,20,0
21,mlp_out,gn,tier_4,transliteration,-0.0028,0.0061,20,0
22,residual,gn,tier_4,transliteration,0.0045,0.0062,20,0
22,attn_out,gn,tier_4,transliteration,0.0005,0.0015,20,0
22,mlp_out,gn,tier_4,transliteration,-0.0014,0.0007,20,0
23,residual,gn,tier_4,transliteration,0.0023,0.0046,20,0
23,attn_out,gn,tier_4,transliteration,-0.0005,0.0006,20,0
23,mlp_out,gn,tier_4,transliteration,-0.0001,0.0006,20,0
24,residual,gn,tier_4,transliteration,0.0022,0.0039,20,0
24,attn_out,gn,tier_4,transliteration,-0.0002,0.0003,20,0
24,mlp_out,gn,tier_4,transliteration,0.0003,0.0005,20,0
25,residual,gn,tier_4,transliteration,0.0015,0.0021,20,0
25,attn_out,gn,tier_4,transliteration,0.0002,0.0004,20,0
25,mlp_out,gn,tier_4,transliteration,0.0005,0.0003,20,0
26,residual,gn,tier_4,transliteration,0.0011,0.0015,20,0
26,attn_out,gn,tier_4,transliteration,0.0001,0.0001,20,0
26,mlp_out,gn,tier_4,transliteration,0.0003,0.0003,20,0
27,residual,gn,tier_4,transliteration,0.0,0.0,20,0
27,attn_out,gn,tier_4,transliteration,0.0,0.0,20,0
27,mlp_out,gn,tier_4,transliteration,0.0,0.0,20,0
0,residual,de,tier_1,code_switching,0.3522,0.3361,20,0
0,attn_out,de,tier_1,code_switching,0.34,0.3303,20,0
0,mlp_out,de,tier_1,code_switching,0.3529,0.2927,20,0
1,residual,de,tier_1,code_switching,0.4435,0.4085,20,0
1,attn_out,de,tier_1,code_switching,-0.0356,0.0675,20,0
1,mlp_out,de,tier_1,code_switching,0.0416,0.0688,20,0
2,residual,de,tier_1,code_switching,0.4798,0.4038,20,0
2,attn_out,de,tier_1,code_switching,0.0627,0.1055,20,0
2,mlp_out,de,tier_1,code_switching,0.0618,0.0491,20,0
3,residual,de,tier_1,code_switching,0.4691,0.4184,20,0
3,attn_out,de,tier_1,code_switching,0.0826,0.1024,20,0
3,mlp_out,de,tier_1,code_switching,0.13,0.1324,20,0
4,residual,de,tier_1,code_switching,0.4601,0.3945,20,0
4,attn_out,de,tier_1,code_switching,-0.0092,0.0435,20,0
4,mlp_out,de,tier_1,code_switching,0.1158,0.1631,20,0
5,residual,de,tier_1,code_switching,0.4243,0.3696,20,0
5,attn_out,de,tier_1,code_switching,0.0336,0.0549,20,0
5,mlp_out,de,tier_1,code_switching,0.0974,0.1939,20,0
6,residual,de,tier_1,code_switching,0.472,0.3612,20,0
6,attn_out,de,tier_1,code_switching,0.2247,0.2575,20,0
6,mlp_out,de,tier_1,code_switching,0.3184,0.2809,20,0
7,residual,de,tier_1,code_switching,0.5361,0.3311,20,0
7,attn_out,de,tier_1,code_switching,0.0124,0.1994,20,0
7,mlp_out,de,tier_1,code_switching,0.16,0.1241,20,0
8,residual,de,tier_1,code_switching,0.557,0.3439,20,0
8,attn_out,de,tier_1,code_switching,0.0136,0.0964,20,0
8,mlp_out,de,tier_1,code_switching,0.0398,0.2492,20,0
9,residual,de,tier_1,code_switching,0.548,0.3404,20,0
9,attn_out,de,tier_1,code_switching,0.0066,0.1068,20,0
9,mlp_out,de,tier_1,code_switching,-0.0128,0.057,20,0
10,residual,de,tier_1,code_switching,0.5752,0.3383,20,0
10,attn_out,de,tier_1,code_switching,0.0053,0.0333,20,0
10,mlp_out,de,tier_1,code_switching,0.0654,0.0734,20,0
11,residual,de,tier_1,code_switching,0.5748,0.3433,20,0
11,attn_out,de,tier_1,code_switching,0.0282,0.0561,20,0
11,mlp_out,de,tier_1,code_switching,0.0615,0.2112,20,0
12,residual,de,tier_1,code_switching,0.5193,0.3231,20,0
12,attn_out,de,tier_1,code_switching,-0.011,0.0095,20,0
12,mlp_out,de,tier_1,code_switching,0.0584,0.1322,20,0
13,residual,de,tier_1,code_switching,0.3875,0.2836,20,0
13,attn_out,de,tier_1,code_switching,0.0148,0.0435,20,0
13,mlp_out,de,tier_1,code_switching,0.0522,0.1109,20,0
14,residual,de,tier_1,code_switching,0.338,0.2791,20,0
14,attn_out,de,tier_1,code_switching,0.0074,0.0085,20,0
14,mlp_out,de,tier_1,code_switching,0.0903,0.1409,20,0
15,residual,de,tier_1,code_switching,0.2737,0.2701,20,0
15,attn_out,de,tier_1,code_switching,-0.002,0.0191,20,0
15,mlp_out,de,tier_1,code_switching,0.0394,0.0905,20,0
16,residual,de,tier_1,code_switching,0.2613,0.2612,20,0
16,attn_out,de,tier_1,code_switching,0.0061,0.0082,20,0
16,mlp_out,de,tier_1,code_switching,0.0081,0.0555,20,0
17,residual,de,tier_1,code_switching,0.2499,0.2727,20,0
17,attn_out,de,tier_1,code_switching,0.0161,0.0254,20,0
17,mlp_out,de,tier_1,code_switching,0.0566,0.085,20,0
18,residual,de,tier_1,code_switching,0.1185,0.1696,20,0
18,attn_out,de,tier_1,code_switching,-0.0185,0.028,20,0
18,mlp_out,de,tier_1,code_switching,0.0516,0.0604,20,0
19,residual,de,tier_1,code_switching,0.0625,0.1175,20,0
19,attn_out,de,tier_1,code_switching,0.0217,0.0329,20,0
19,mlp_out,de,tier_1,code_switching,0.0147,0.0284,20,0
20,residual,de,tier_1,code_switching,0.0008,0.0536,20,0
20,attn_out,de,tier_1,code_switching,0.0065,0.0076,20,0
20,mlp_out,de,tier_1,code_switching,-0.0235,0.0246,20,0
21,residual,de,tier_1,code_switching,0.0133,0.0322,20,0
21,attn_out,de,tier_1,code_switching,0.0139,0.033,20,0
21,mlp_out,de,tier_1,code_switching,0.0114,0.0238,20,0
22,residual,de,tier_1,code_switching,-0.0107,0.0353,20,0
22,attn_out,de,tier_1,code_switching,0.0041,0.0096,20,0
22,mlp_out,de,tier_1,code_switching,0.0289,0.0217,20,0
23,residual,de,tier_1,code_switching,-0.0261,0.05,20,0
23,attn_out,de,tier_1,code_switching,-0.0029,0.0073,20,0
23,mlp_out,de,tier_1,code_switching,-0.002,0.0217,20,0
24,residual,de,tier_1,code_switching,-0.0204,0.0591,20,0
24,attn_out,de,tier_1,code_switching,0.0035,0.0059,20,0
24,mlp_out,de,tier_1,code_switching,0.0041,0.003,20,0
25,residual,de,tier_1,code_switching,-0.0282,0.055,20,0
25,attn_out,de,tier_1,code_switching,0.0017,0.0009,20,0
25,mlp_out,de,tier_1,code_switching,0.009,0.0162,20,0
26,residual,de,tier_1,code_switching,-0.0325,0.0485,20,0
26,attn_out,de,tier_1,code_switching,-0.0002,0.0041,20,0
26,mlp_out,de,tier_1,code_switching,0.0044,0.0128,20,0
27,residual,de,tier_1,code_switching,0.0,0.0,20,0
27,attn_out,de,tier_1,code_switching,0.0,0.0,20,0
27,mlp_out,de,tier_1,code_switching,0.0,0.0,20,0
0,residual,fr,tier_1,code_switching,1.9035,2.7723,20,0
0,attn_out,fr,tier_1,code_switching,2.0616,3.0801,20,0
0,mlp_out,fr,tier_1,code_switching,0.4656,1.2318,20,0
1,residual,fr,tier_1,code_switching,1.4708,1.9542,20,0
1,attn_out,fr,tier_1,code_switching,-1.347,2.1813,20,0
1,mlp_out,fr,tier_1,code_switching,-0.2231,0.4317,20,0
2,residual,fr,tier_1,code_switching,0.9013,1.37,20,0
2,attn_out,fr,tier_1,code_switching,-0.4144,0.6991,20,0
2,mlp_out,fr,tier_1,code_switching,0.1733,0.6317,20,0
3,residual,fr,tier_1,code_switching,1.1073,1.4578,20,0
3,attn_out,fr,tier_1,code_switching,-0.9248,1.3231,20,0
3,mlp_out,fr,tier_1,code_switching,-1.2706,2.5118,20,0
4,residual,fr,tier_1,code_switching,1.3675,1.6973,20,0
4,attn_out,fr,tier_1,code_switching,-1.0642,2.0907,20,0
4,mlp_out,fr,tier_1,code_switching,-1.1701,2.4807,20,0
5,residual,fr,tier_1,code_switching,0.93,1.3941,20,0
5,attn_out,fr,tier_1,code_switching,0.8153,1.5635,20,0
5,mlp_out,fr,tier_1,code_switching,-1.2051,2.3912,20,0
6,residual,fr,tier_1,code_switching,0.0267,2.2344,20,0
6,attn_out,fr,tier_1,code_switching,-1.8561,3.4088,20,0
6,mlp_out,fr,tier_1,code_switching,-1.8411,5.2231,20,0
7,residual,fr,tier_1,code_switching,0.867,1.3105,20,0
7,attn_out,fr,tier_1,code_switching,-0.1628,0.5106,20,0
7,mlp_out,fr,tier_1,code_switching,-0.1168,0.821,20,0
8,residual,fr,tier_1,code_switching,0.9046,1.3154,20,0
8,attn_out,fr,tier_1,code_switching,-0.234,0.7456,20,0
8,mlp_out,fr,tier_1,code_switching,-1.0355,2.2648,20,0
9,residual,fr,tier_1,code_switching,0.1114,2.0278,20,0
9,attn_out,fr,tier_1,code_switching,0.1604,0.362,20,0
9,mlp_out,fr,tier_1,code_switching,-0.54,0.6755,20,0
10,residual,fr,tier_1,code_switching,-0.2018,2.3443,20,0
10,attn_out,fr,tier_1,code_switching,0.3968,0.6887,20,0
10,mlp_out,fr,tier_1,code_switching,-0.1715,0.353,20,0
11,residual,fr,tier_1,code_switching,0.1896,1.3788,20,0
11,attn_out,fr,tier_1,code_switching,0.4358,0.8455,20,0
11,mlp_out,fr,tier_1,code_switching,-0.8069,1.2718,20,0
12,residual,fr,tier_1,code_switching,0.264,1.1608,20,0
12,attn_out,fr,tier_1,code_switching,0.4415,0.7544,20,0
12,mlp_out,fr,tier_1,code_switching,-0.8141,1.2784,20,0
13,residual,fr,tier_1,code_switching,1.2179,1.747,20,0
13,attn_out,fr,tier_1,code_switching,0.2477,0.4409,20,0
13,mlp_out,fr,tier_1,code_switching,-0.8932,1.869,20,0
14,residual,fr,tier_1,code_switching,1.9022,3.164,20,0
14,attn_out,fr,tier_1,code_switching,-0.0396,0.0814,20,0
14,mlp_out,fr,tier_1,code_switching,-0.4084,0.566,20,0
15,residual,fr,tier_1,code_switching,2.446,4.5264,20,0
15,attn_out,fr,tier_1,code_switching,0.3148,0.5513,20,0
15,mlp_out,fr,tier_1,code_switching,-0.331,0.8481,20,0
16,residual,fr,tier_1,code_switching,2.7488,5.2294,20,0
16,attn_out,fr,tier_1,code_switching,0.2037,0.4049,20,0
16,mlp_out,fr,tier_1,code_switching,-0.9935,1.7717,20,0
17,residual,fr,tier_1,code_switching,2.7333,5.177,20,0
17,attn_out,fr,tier_1,code_switching,0.1811,0.3555,20,0
17,mlp_out,fr,tier_1,code_switching,-0.7171,1.335,20,0
18,residual,fr,tier_1,code_switching,2.0624,3.8657,20,0
18,attn_out,fr,tier_1,code_switching,0.0922,0.1662,20,0
18,mlp_out,fr,tier_1,code_switching,0.3809,0.6171,20,0
19,residual,fr,tier_1,code_switching,1.5841,3.0142,20,0
19,attn_out,fr,tier_1,code_switching,0.2125,0.3824,20,0
19,mlp_out,fr,tier_1,code_switching,0.3583,0.6051,20,0
20,residual,fr,tier_1,code_switching,1.5084,2.9305,20,0
20,attn_out,fr,tier_1,code_switching,0.0418,0.0698,20,0
20,mlp_out,fr,tier_1,code_switching,0.723,1.4406,20,0
21,residual,fr,tier_1,code_switching,1.5888,3.1467,20,0
21,attn_out,fr,tier_1,code_switching,-0.2577,0.4684,20,0
21,mlp_out,fr,tier_1,code_switching,0.0029,0.0488,20,0
22,residual,fr,tier_1,code_switching,0.1259,0.1941,20,0
22,attn_out,fr,tier_1,code_switching,-0.0132,0.0155,20,0
22,mlp_out,fr,tier_1,code_switching,-0.507,1.0705,20,0
23,residual,fr,tier_1,code_switching,0.175,0.2618,20,0
23,attn_out,fr,tier_1,code_switching,-0.1443,0.2787,20,0
23,mlp_out,fr,tier_1,code_switching,0.0343,0.0761,20,0
24,residual,fr,tier_1,code_switching,-0.1821,0.4466,20,0
24,attn_out,fr,tier_1,code_switching,-0.0745,0.1459,20,0
24,mlp_out,fr,tier_1,code_switching,-0.1248,0.2985,20,0
25,residual,fr,tier_1,code_switching,-0.1646,0.4043,20,0
25,attn_out,fr,tier_1,code_switching,-0.0066,0.0055,20,0
25,mlp_out,fr,tier_1,code_switching,-0.1424,0.3475,20,0
26,residual,fr,tier_1,code_switching,0.0416,0.1504,20,0
26,attn_out,fr,tier_1,code_switching,-0.0333,0.0525,20,0
26,mlp_out,fr,tier_1,code_switching,-0.0113,0.0177,20,0
27,residual,fr,tier_1,code_switching,0.0,0.0,20,0
27,attn_out,fr,tier_1,code_switching,0.0,0.0,20,0
27,mlp_out,fr,tier_1,code_switching,0.0,0.0,20,0
0,residual,zh,tier_1,code_switching,0.0954,0.1299,20,0
0,attn_out,zh,tier_1,code_switching,0.0948,0.1273,20,0
0,mlp_out,zh,tier_1,code_switching,0.0864,0.1217,20,0
1,residual,zh,tier_1,code_switching,0.104,0.1022,20,0
1,attn_out,zh,tier_1,code_switching,-0.0495,0.0666,20,0
1,mlp_out,zh,tier_1,code_switching,0.0065,0.0423,20,0
2,residual,zh,tier_1,code_switching,0.0789,0.057,20,0
2,attn_out,zh,tier_1,code_switching,-0.0011,0.0231,20,0
2,mlp_out,zh,tier_1,code_switching,0.0301,0.0398,20,0
3,residual,zh,tier_1,code_switching,0.1103,0.1177,20,0
3,attn_out,zh,tier_1,code_switching,-0.0134,0.042,20,0
3,mlp_out,zh,tier_1,code_switching,-0.0142,0.0293,20,0
4,residual,zh,tier_1,code_switching,0.1038,0.1279,20,0
4,attn_out,zh,tier_1,code_switching,-0.0185,0.0133,20,0
4,mlp_out,zh,tier_1,code_switching,-0.0258,0.0319,20,0
5,residual,zh,tier_1,code_switching,0.1088,0.1314,20,0
5,attn_out,zh,tier_1,code_switching,-0.0042,0.0124,20,0
5,mlp_out,zh,tier_1,code_switching,-0.0143,0.0713,20,0
6,residual,zh,tier_1,code_switching,0.1242,0.1668,20,0
6,attn_out,zh,tier_1,code_switching,-0.0052,0.0301,20,0
6,mlp_out,zh,tier_1,code_switching,0.0659,0.0927,20,0
7,residual,zh,tier_1,code_switching,0.1308,0.1757,20,0
7,attn_out,zh,tier_1,code_switching,-0.0307,0.0196,20,0
7,mlp_out,zh,tier_1,code_switching,-0.0168,0.0225,20,0
8,residual,zh,tier_1,code_switching,0.1407,0.1712,20,0
8,attn_out,zh,tier_1,code_switching,-0.005,0.0161,20,0
8,mlp_out,zh,tier_1,code_switching,0.0719,0.0493,20,0
9,residual,zh,tier_1,code_switching,0.1438,0.1792,20,0
9,attn_out,zh,tier_1,code_switching,-0.0134,0.0138,20,0
9,mlp_out,zh,tier_1,code_switching,0.024,0.0623,20,0
10,residual,zh,tier_1,code_switching,0.1426,0.1757,20,0
10,attn_out,zh,tier_1,code_switching,-0.0036,0.0185,20,0
10,mlp_out,zh,tier_1,code_switching,0.0362,0.0343,20,0
11,residual,zh,tier_1,code_switching,0.1401,0.1504,20,0
11,attn_out,zh,tier_1,code_switching,-0.0202,0.0168,20,0
11,mlp_out,zh,tier_1,code_switching,0.0169,0.0176,20,0
12,residual,zh,tier_1,code_switching,0.124,0.1447,20,0
12,attn_out,zh,tier_1,code_switching,-0.0104,0.0189,20,0
12,mlp_out,zh,tier_1,code_switching,0.0011,0.0198,20,0
13,residual,zh,tier_1,code_switching,0.0699,0.1026,20,0
13,attn_out,zh,tier_1,code_switching,0.0039,0.0131,20,0
13,mlp_out,zh,tier_1,code_switching,-0.005,0.0228,20,0
14,residual,zh,tier_1,code_switching,0.054,0.0909,20,0
14,attn_out,zh,tier_1,code_switching,-0.0038,0.0101,20,0
14,mlp_out,zh,tier_1,code_switching,0.0047,0.0103,20,0
15,residual,zh,tier_1,code_switching,0.0467,0.0722,20,0
15,attn_out,zh,tier_1,code_switching,0.0019,0.0154,20,0
15,mlp_out,zh,tier_1,code_switching,0.0151,0.014,20,0
16,residual,zh,tier_1,code_switching,0.0439,0.0603,20,0
16,attn_out,zh,tier_1,code_switching,-0.0082,0.0116,20,0
16,mlp_out,zh,tier_1,code_switching,-0.0051,0.0192,20,0
17,residual,zh,tier_1,code_switching,0.0527,0.0526,20,0
17,attn_out,zh,tier_1,code_switching,0.0064,0.0056,20,0
17,mlp_out,zh,tier_1,code_switching,0.0142,0.0184,20,0
18,residual,zh,tier_1,code_switching,0.0421,0.0314,20,0
18,attn_out,zh,tier_1,code_switching,0.0014,0.0086,20,0
18,mlp_out,zh,tier_1,code_switching,0.0125,0.0122,20,0
19,residual,zh,tier_1,code_switching,0.0253,0.02,20,0
19,attn_out,zh,tier_1,code_switching,0.0007,0.0022,20,0
19,mlp_out,zh,tier_1,code_switching,0.0058,0.0073,20,0
20,residual,zh,tier_1,code_switching,0.0282,0.0225,20,0
20,attn_out,zh,tier_1,code_switching,0.0054,0.003,20,0
20,mlp_out,zh,tier_1,code_switching,-0.0042,0.0057,20,0
21,residual,zh,tier_1,code_switching,0.0195,0.0165,20,0
21,attn_out,zh,tier_1,code_switching,0.0062,0.0032,20,0
21,mlp_out,zh,tier_1,code_switching,0.0025,0.0049,20,0
22,residual,zh,tier_1,code_switching,0.0139,0.0141,20,0
22,attn_out,zh,tier_1,code_switching,0.0004,0.0016,20,0
22,mlp_out,zh,tier_1,code_switching,-0.0003,0.0048,20,0
23,residual,zh,tier_1,code_switching,0.0143,0.0158,20,0
23,attn_out,zh,tier_1,code_switching,0.0011,0.0012,20,0
23,mlp_out,zh,tier_1,code_switching,0.0035,0.0074,20,0
24,residual,zh,tier_1,code_switching,0.0172,0.0159,20,0
24,attn_out,zh,tier_1,code_switching,0.0014,0.0023,20,0
24,mlp_out,zh,tier_1,code_switching,0.0031,0.0021,20,0
25,residual,zh,tier_1,code_switching,0.015,0.0157,20,0
25,attn_out,zh,tier_1,code_switching,0.0016,0.0025,20,0
25,mlp_out,zh,tier_1,code_switching,0.0051,0.0058,20,0
26,residual,zh,tier_1,code_switching,0.0061,0.0076,20,0
26,attn_out,zh,tier_1,code_switching,0.0007,0.0019,20,0
26,mlp_out,zh,tier_1,code_switching,0.0032,0.0031,20,0
27,residual,zh,tier_1,code_switching,0.0,0.0,20,0
27,attn_out,zh,tier_1,code_switching,0.0,0.0,20,0
27,mlp_out,zh,tier_1,code_switching,0.0,0.0,20,0
0,residual,es,tier_1,code_switching,0.2179,0.5043,20,0
0,attn_out,es,tier_1,code_switching,0.2315,0.5087,20,0
0,mlp_out,es,tier_1,code_switching,0.2848,0.5787,20,0
1,residual,es,tier_1,code_switching,0.2765,0.6562,20,0
1,attn_out,es,tier_1,code_switching,-0.0627,0.5076,20,0
1,mlp_out,es,tier_1,code_switching,-0.0514,0.3322,20,0
2,residual,es,tier_1,code_switching,0.3133,0.6052,20,0
2,attn_out,es,tier_1,code_switching,-0.0005,0.2554,20,0
2,mlp_out,es,tier_1,code_switching,0.0027,0.3742,20,0
3,residual,es,tier_1,code_switching,0.3229,0.4977,20,0
3,attn_out,es,tier_1,code_switching,0.0379,0.1614,20,0
3,mlp_out,es,tier_1,code_switching,-0.0016,0.1325,20,0
4,residual,es,tier_1,code_switching,0.3371,0.4763,20,0
4,attn_out,es,tier_1,code_switching,-0.0116,0.1633,20,0
4,mlp_out,es,tier_1,code_switching,-0.2755,0.3592,20,0
5,residual,es,tier_1,code_switching,0.323,0.4198,20,0
5,attn_out,es,tier_1,code_switching,0.029,0.0579,20,0
5,mlp_out,es,tier_1,code_switching,-0.2067,0.2919,20,0
6,residual,es,tier_1,code_switching,0.3881,0.4805,20,0
6,attn_out,es,tier_1,code_switching,0.1428,0.2141,20,0
6,mlp_out,es,tier_1,code_switching,0.4244,0.4328,20,0
7,residual,es,tier_1,code_switching,0.3733,0.4904,20,0
7,attn_out,es,tier_1,code_switching,-0.0098,0.1723,20,0
7,mlp_out,es,tier_1,code_switching,0.2207,0.4461,20,0
8,residual,es,tier_1,code_switching,0.4184,0.6188,20,0
8,attn_out,es,tier_1,code_switching,0.0299,0.1113,20,0
8,mlp_out,es,tier_1,code_switching,0.0576,0.2549,20,0
9,residual,es,tier_1,code_switching,0.4216,0.6914,20,0
9,attn_out,es,tier_1,code_switching,-0.0192,0.0614,20,0
9,mlp_out,es,tier_1,code_switching,0.2701,0.5423,20,0
10,residual,es,tier_1,code_switching,0.4343,0.6936,20,0
10,attn_out,es,tier_1,code_switching,0.0011,0.0356,20,0
10,mlp_out,es,tier_1,code_switching,0.1133,0.3815,20,0
11,residual,es,tier_1,code_switching,0.3849,0.5873,20,0
11,attn_out,es,tier_1,code_switching,0.0618,0.1147,20,0
11,mlp_out,es,tier_1,code_switching,0.1535,0.3556,20,0
12,residual,es,tier_1,code_switching,0.3627,0.6313,20,0
12,attn_out,es,tier_1,code_switching,0.0159,0.0421,20,0
12,mlp_out,es,tier_1,code_switching,0.0691,0.1509,20,0
13,residual,es,tier_1,code_switching,0.3593,0.6692,20,0
13,attn_out,es,tier_1,code_switching,0.1018,0.1456,20,0
13,mlp_out,es,tier_1,code_switching,-0.0183,0.1115,20,0
14,residual,es,tier_1,code_switching,0.3629,0.7385,20,0
14,attn_out,es,tier_1,code_switching,-0.0058,0.0416,20,0
14,mlp_out,es,tier_1,code_switching,0.0117,0.0411,20,0
15,residual,es,tier_1,code_switching,0.3158,0.61,20,0
15,attn_out,es,tier_1,code_switching,0.0458,0.0602,20,0
15,mlp_out,es,tier_1,code_switching,0.106,0.2093,20,0
16,residual,es,tier_1,code_switching,0.265,0.5318,20,0
16,attn_out,es,tier_1,code_switching,-0.0158,0.0133,20,0
16,mlp_out,es,tier_1,code_switching,-0.0454,0.0522,20,0
17,residual,es,tier_1,code_switching,0.2583,0.5237,20,0
17,attn_out,es,tier_1,code_switching,0.0369,0.0739,20,0
17,mlp_out,es,tier_1,code_switching,0.0363,0.059,20,0
18,residual,es,tier_1,code_switching,0.1405,0.2727,20,0
18,attn_out,es,tier_1,code_switching,-0.0609,0.109,20,0
18,mlp_out,es,tier_1,code_switching,-0.0225,0.0842,20,0
19,residual,es,tier_1,code_switching,0.0738,0.149,20,0
19,attn_out,es,tier_1,code_switching,-0.0093,0.026,20,0
19,mlp_out,es,tier_1,code_switching,-0.0238,0.0357,20,0
20,residual,es,tier_1,code_switching,0.0166,0.0631,20,0
20,attn_out,es,tier_1,code_switching,0.0051,0.014,20,0
20,mlp_out,es,tier_1,code_switching,-0.0221,0.0196,20,0
21,residual,es,tier_1,code_switching,0.0078,0.1138,20,0
21,attn_out,es,tier_1,code_switching,-0.0092,0.053,20,0
21,mlp_out,es,tier_1,code_switching,-0.0026,0.0119,20,0
22,residual,es,tier_1,code_switching,0.009,0.084,20,0
22,attn_out,es,tier_1,code_switching,0.005,0.0183,20,0
22,mlp_out,es,tier_1,code_switching,-0.0089,0.0133,20,0
23,residual,es,tier_1,code_switching,-0.0147,0.0888,20,0
23,attn_out,es,tier_1,code_switching,0.0083,0.008,20,0
23,mlp_out,es,tier_1,code_switching,0.0609,0.1295,20,0
24,residual,es,tier_1,code_switching,0.0285,0.0335,20,0
24,attn_out,es,tier_1,code_switching,-0.002,0.0071,20,0
24,mlp_out,es,tier_1,code_switching,-0.0045,0.0107,20,0
25,residual,es,tier_1,code_switching,0.0229,0.0604,20,0
25,attn_out,es,tier_1,code_switching,0.0018,0.0035,20,0
25,mlp_out,es,tier_1,code_switching,-0.0047,0.0073,20,0
26,residual,es,tier_1,code_switching,-0.0179,0.0317,20,0
26,attn_out,es,tier_1,code_switching,0.0026,0.0037,20,0
26,mlp_out,es,tier_1,code_switching,0.0074,0.0086,20,0
27,residual,es,tier_1,code_switching,0.0,0.0,20,0
27,attn_out,es,tier_1,code_switching,0.0,0.0,20,0
27,mlp_out,es,tier_1,code_switching,0.0,0.0,20,0
0,residual,ar,tier_2,code_switching,0.3192,0.5372,20,0
0,attn_out,ar,tier_2,code_switching,0.3231,0.5386,20,0
0,mlp_out,ar,tier_2,code_switching,0.2739,0.5016,20,0
1,residual,ar,tier_2,code_switching,0.337,0.5989,20,0
1,attn_out,ar,tier_2,code_switching,0.0367,0.0602,20,0
1,mlp_out,ar,tier_2,code_switching,-0.0356,0.0966,20,0
2,residual,ar,tier_2,code_switching,0.2868,0.5549,20,0
2,attn_out,ar,tier_2,code_switching,0.0066,0.0514,20,0
2,mlp_out,ar,tier_2,code_switching,0.198,0.3146,20,0
3,residual,ar,tier_2,code_switching,0.3611,0.564,20,0
3,attn_out,ar,tier_2,code_switching,0.0401,0.0285,20,0
3,mlp_out,ar,tier_2,code_switching,0.045,0.0564,20,0
4,residual,ar,tier_2,code_switching,0.3308,0.5435,20,0
4,attn_out,ar,tier_2,code_switching,-0.0138,0.0377,20,0
4,mlp_out,ar,tier_2,code_switching,-0.0217,0.0908,20,0
5,residual,ar,tier_2,code_switching,0.3305,0.5445,20,0
5,attn_out,ar,tier_2,code_switching,-0.0036,0.0197,20,0
5,mlp_out,ar,tier_2,code_switching,0.0124,0.0361,20,0
6,residual,ar,tier_2,code_switching,0.3318,0.538,20,0
6,attn_out,ar,tier_2,code_switching,0.0077,0.0516,20,0
6,mlp_out,ar,tier_2,code_switching,0.1094,0.1414,20,0
7,residual,ar,tier_2,code_switching,0.2959,0.4771,20,0
7,attn_out,ar,tier_2,code_switching,-0.0484,0.0929,20,0
7,mlp_out,ar,tier_2,code_switching,0.0386,0.0874,20,0
8,residual,ar,tier_2,code_switching,0.2695,0.4382,20,0
8,attn_out,ar,tier_2,code_switching,-0.0257,0.0714,20,0
8,mlp_out,ar,tier_2,code_switching,0.0214,0.019,20,0
9,residual,ar,tier_2,code_switching,0.2168,0.3394,20,0
9,attn_out,ar,tier_2,code_switching,-0.0245,0.0256,20,0
9,mlp_out,ar,tier_2,code_switching,-0.0128,0.0362,20,0
10,residual,ar,tier_2,code_switching,0.2137,0.3207,20,0
10,attn_out,ar,tier_2,code_switching,-0.0259,0.0137,20,0
10,mlp_out,ar,tier_2,code_switching,-0.0368,0.077,20,0
11,residual,ar,tier_2,code_switching,0.1875,0.2383,20,0
11,attn_out,ar,tier_2,code_switching,-0.005,0.0166,20,0
11,mlp_out,ar,tier_2,code_switching,-0.0427,0.0613,20,0
12,residual,ar,tier_2,code_switching,0.1683,0.2316,20,0
12,attn_out,ar,tier_2,code_switching,-0.003,0.0312,20,0
12,mlp_out,ar,tier_2,code_switching,-0.0379,0.0274,20,0
13,residual,ar,tier_2,code_switching,0.1369,0.2322,20,0
13,attn_out,ar,tier_2,code_switching,-0.0021,0.0434,20,0
13,mlp_out,ar,tier_2,code_switching,-0.0062,0.0474,20,0
14,residual,ar,tier_2,code_switching,0.1347,0.2443,20,0
14,attn_out,ar,tier_2,code_switching,-0.0001,0.0063,20,0
14,mlp_out,ar,tier_2,code_switching,0.0049,0.0174,20,0
15,residual,ar,tier_2,code_switching,0.1184,0.2349,20,0
15,attn_out,ar,tier_2,code_switching,0.006,0.0123,20,0
15,mlp_out,ar,tier_2,code_switching,0.0136,0.039,20,0
16,residual,ar,tier_2,code_switching,0.1089,0.2444,20,0
16,attn_out,ar,tier_2,code_switching,-0.0188,0.0355,20,0
16,mlp_out,ar,tier_2,code_switching,-0.0112,0.0203,20,0
17,residual,ar,tier_2,code_switching,0.1259,0.2741,20,0
17,attn_out,ar,tier_2,code_switching,-0.0008,0.0171,20,0
17,mlp_out,ar,tier_2,code_switching,0.0079,0.0221,20,0
18,residual,ar,tier_2,code_switching,0.0957,0.1944,20,0
18,attn_out,ar,tier_2,code_switching,-0.0037,0.022,20,0
18,mlp_out,ar,tier_2,code_switching,0.0064,0.0362,20,0
19,residual,ar,tier_2,code_switching,0.0754,0.1505,20,0
19,attn_out,ar,tier_2,code_switching,-0.0126,0.0125,20,0
19,mlp_out,ar,tier_2,code_switching,0.0095,0.0246,20,0
20,residual,ar,tier_2,code_switching,0.0668,0.1302,20,0
20,attn_out,ar,tier_2,code_switching,0.0,0.0072,20,0
20,mlp_out,ar,tier_2,code_switching,0.0009,0.0163,20,0
21,residual,ar,tier_2,code_switching,0.0606,0.0911,20,0
21,attn_out,ar,tier_2,code_switching,-0.0,0.0079,20,0
21,mlp_out,ar,tier_2,code_switching,0.0145,0.022,20,0
22,residual,ar,tier_2,code_switching,0.0161,0.035,20,0
22,attn_out,ar,tier_2,code_switching,-0.0006,0.0012,20,0
22,mlp_out,ar,tier_2,code_switching,0.0041,0.0186,20,0
23,residual,ar,tier_2,code_switching,0.0118,0.0297,20,0
23,attn_out,ar,tier_2,code_switching,-0.0061,0.0077,20,0
23,mlp_out,ar,tier_2,code_switching,0.0032,0.0122,20,0
24,residual,ar,tier_2,code_switching,0.0086,0.0244,20,0
24,attn_out,ar,tier_2,code_switching,-0.0027,0.0023,20,0
24,mlp_out,ar,tier_2,code_switching,0.008,0.0099,20,0
25,residual,ar,tier_2,code_switching,0.0042,0.018,20,0
25,attn_out,ar,tier_2,code_switching,-0.0007,0.0024,20,0
25,mlp_out,ar,tier_2,code_switching,-0.0106,0.0184,20,0
26,residual,ar,tier_2,code_switching,-0.0053,0.0058,20,0
26,attn_out,ar,tier_2,code_switching,-0.0019,0.0029,20,0
26,mlp_out,ar,tier_2,code_switching,-0.0023,0.0016,20,0
27,residual,ar,tier_2,code_switching,0.0,0.0,20,0
27,attn_out,ar,tier_2,code_switching,0.0,0.0,20,0
27,mlp_out,ar,tier_2,code_switching,0.0,0.0,20,0
0,residual,ru,tier_2,code_switching,0.2093,0.2559,20,0
0,attn_out,ru,tier_2,code_switching,0.2058,0.2661,20,0
0,mlp_out,ru,tier_2,code_switching,0.0862,0.2523,20,0
1,residual,ru,tier_2,code_switching,0.201,0.2522,20,0
1,attn_out,ru,tier_2,code_switching,0.0282,0.1364,20,0
1,mlp_out,ru,tier_2,code_switching,0.0507,0.0541,20,0
2,residual,ru,tier_2,code_switching,0.1831,0.2416,20,0
2,attn_out,ru,tier_2,code_switching,0.0234,0.0437,20,0
2,mlp_out,ru,tier_2,code_switching,-0.0178,0.0605,20,0
3,residual,ru,tier_2,code_switching,0.1819,0.3119,20,0
3,attn_out,ru,tier_2,code_switching,0.0068,0.0784,20,0
3,mlp_out,ru,tier_2,code_switching,-0.0247,0.0931,20,0
4,residual,ru,tier_2,code_switching,0.1837,0.3058,20,0
4,attn_out,ru,tier_2,code_switching,-0.0083,0.0364,20,0
4,mlp_out,ru,tier_2,code_switching,-0.0179,0.0714,20,0
5,residual,ru,tier_2,code_switching,0.1843,0.3076,20,0
5,attn_out,ru,tier_2,code_switching,-0.0264,0.0274,20,0
5,mlp_out,ru,tier_2,code_switching,-0.0622,0.0713,20,0
6,residual,ru,tier_2,code_switching,0.2415,0.33,20,0
6,attn_out,ru,tier_2,code_switching,0.0676,0.0586,20,0
6,mlp_out,ru,tier_2,code_switching,0.1678,0.187,20,0
7,residual,ru,tier_2,code_switching,0.2381,0.347,20,0
7,attn_out,ru,tier_2,code_switching,0.0312,0.0772,20,0
7,mlp_out,ru,tier_2,code_switching,0.1083,0.1666,20,0
8,residual,ru,tier_2,code_switching,0.2376,0.3581,20,0
8,attn_out,ru,tier_2,code_switching,0.0231,0.0359,20,0
8,mlp_out,ru,tier_2,code_switching,0.0548,0.1047,20,0
9,residual,ru,tier_2,code_switching,0.2248,0.3237,20,0
9,attn_out,ru,tier_2,code_switching,0.0148,0.0532,20,0
9,mlp_out,ru,tier_2,code_switching,-0.0022,0.0628,20,0
10,residual,ru,tier_2,code_switching,0.2028,0.2833,20,0
10,attn_out,ru,tier_2,code_switching,-0.006,0.0175,20,0
10,mlp_out,ru,tier_2,code_switching,-0.0365,0.0667,20,0
11,residual,ru,tier_2,code_switching,0.1544,0.2407,20,0
11,attn_out,ru,tier_2,code_switching,-0.0165,0.0341,20,0
11,mlp_out,ru,tier_2,code_switching,-0.0,0.0322,20,0
12,residual,ru,tier_2,code_switching,0.1138,0.2425,20,0
12,attn_out,ru,tier_2,code_switching,-0.0053,0.0234,20,0
12,mlp_out,ru,tier_2,code_switching,-0.0008,0.04,20,0
13,residual,ru,tier_2,code_switching,0.0682,0.1868,20,0
13,attn_out,ru,tier_2,code_switching,0.0,0.0057,20,0
13,mlp_out,ru,tier_2,code_switching,-0.002,0.0236,20,0
14,residual,ru,tier_2,code_switching,0.0515,0.1854,20,0
14,attn_out,ru,tier_2,code_switching,-0.0079,0.0075,20,0
14,mlp_out,ru,tier_2,code_switching,0.0097,0.0442,20,0
15,residual,ru,tier_2,code_switching,0.0015,0.131,20,0
15,attn_out,ru,tier_2,code_switching,-0.0003,0.0364,20,0
15,mlp_out,ru,tier_2,code_switching,-0.013,0.0196,20,0
16,residual,ru,tier_2,code_switching,-0.0264,0.1121,20,0
16,attn_out,ru,tier_2,code_switching,-0.0103,0.0224,20,0
16,mlp_out,ru,tier_2,code_switching,-0.0018,0.0053,20,0
17,residual,ru,tier_2,code_switching,-0.0246,0.1064,20,0
17,attn_out,ru,tier_2,code_switching,-0.0072,0.0137,20,0
17,mlp_out,ru,tier_2,code_switching,-0.0092,0.0272,20,0
18,residual,ru,tier_2,code_switching,0.0065,0.0957,20,0
18,attn_out,ru,tier_2,code_switching,-0.0016,0.0073,20,0
18,mlp_out,ru,tier_2,code_switching,-0.0024,0.036,20,0
19,residual,ru,tier_2,code_switching,0.0167,0.0823,20,0
19,attn_out,ru,tier_2,code_switching,0.0022,0.0138,20,0
19,mlp_out,ru,tier_2,code_switching,-0.0023,0.0144,20,0
20,residual,ru,tier_2,code_switching,0.0362,0.1192,20,0
20,attn_out,ru,tier_2,code_switching,0.0033,0.0059,20,0
20,mlp_out,ru,tier_2,code_switching,-0.0138,0.0169,20,0
21,residual,ru,tier_2,code_switching,0.0403,0.0641,20,0
21,attn_out,ru,tier_2,code_switching,0.0059,0.0168,20,0
21,mlp_out,ru,tier_2,code_switching,0.0096,0.0055,20,0
22,residual,ru,tier_2,code_switching,0.0034,0.0379,20,0
22,attn_out,ru,tier_2,code_switching,0.0031,0.0035,20,0
22,mlp_out,ru,tier_2,code_switching,0.01,0.0051,20,0
23,residual,ru,tier_2,code_switching,-0.0047,0.0349,20,0
23,attn_out,ru,tier_2,code_switching,0.0013,0.0032,20,0
23,mlp_out,ru,tier_2,code_switching,0.0035,0.0049,20,0
24,residual,ru,tier_2,code_switching,-0.0021,0.0282,20,0
24,attn_out,ru,tier_2,code_switching,0.0015,0.0026,20,0
24,mlp_out,ru,tier_2,code_switching,0.0002,0.0004,20,0
25,residual,ru,tier_2,code_switching,-0.0024,0.0224,20,0
25,attn_out,ru,tier_2,code_switching,0.0027,0.0013,20,0
25,mlp_out,ru,tier_2,code_switching,0.0027,0.0055,20,0
26,residual,ru,tier_2,code_switching,-0.0028,0.0042,20,0
26,attn_out,ru,tier_2,code_switching,0.0005,0.0007,20,0
26,mlp_out,ru,tier_2,code_switching,0.001,0.0023,20,0
27,residual,ru,tier_2,code_switching,0.0,0.0,20,0
27,attn_out,ru,tier_2,code_switching,0.0,0.0,20,0
27,mlp_out,ru,tier_2,code_switching,0.0,0.0,20,0
0,residual,ko,tier_2,code_switching,0.1154,0.108,20,0
0,attn_out,ko,tier_2,code_switching,0.1204,0.11,20,0
0,mlp_out,ko,tier_2,code_switching,0.0882,0.097,20,0
1,residual,ko,tier_2,code_switching,0.1158,0.1159,20,0
1,attn_out,ko,tier_2,code_switching,0.0176,0.0295,20,0
1,mlp_out,ko,tier_2,code_switching,-0.0148,0.0518,20,0
2,residual,ko,tier_2,code_switching,0.1016,0.1013,20,0
2,attn_out,ko,tier_2,code_switching,-0.011,0.0332,20,0
2,mlp_out,ko,tier_2,code_switching,-0.0515,0.1042,20,0
3,residual,ko,tier_2,code_switching,0.0742,0.1138,20,0
3,attn_out,ko,tier_2,code_switching,-0.0019,0.0223,20,0
3,mlp_out,ko,tier_2,code_switching,0.0014,0.0112,20,0
4,residual,ko,tier_2,code_switching,0.0737,0.1086,20,0
4,attn_out,ko,tier_2,code_switching,-0.0368,0.0824,20,0
4,mlp_out,ko,tier_2,code_switching,-0.0269,0.0968,20,0
5,residual,ko,tier_2,code_switching,0.0687,0.1172,20,0
5,attn_out,ko,tier_2,code_switching,-0.0139,0.0215,20,0
5,mlp_out,ko,tier_2,code_switching,-0.0475,0.1066,20,0
6,residual,ko,tier_2,code_switching,0.1278,0.1194,20,0
6,attn_out,ko,tier_2,code_switching,0.0153,0.0337,20,0
6,mlp_out,ko,tier_2,code_switching,0.0918,0.0628,20,0
7,residual,ko,tier_2,code_switching,0.1226,0.1276,20,0
7,attn_out,ko,tier_2,code_switching,-0.0087,0.0482,20,0
7,mlp_out,ko,tier_2,code_switching,0.026,0.0198,20,0
8,residual,ko,tier_2,code_switching,0.128,0.1235,20,0
8,attn_out,ko,tier_2,code_switching,0.0002,0.0073,20,0
8,mlp_out,ko,tier_2,code_switching,0.005,0.0459,20,0
9,residual,ko,tier_2,code_switching,0.1163,0.133,20,0
9,attn_out,ko,tier_2,code_switching,-0.0191,0.0317,20,0
9,mlp_out,ko,tier_2,code_switching,0.0041,0.0465,20,0
10,residual,ko,tier_2,code_switching,0.1431,0.1491,20,0
10,attn_out,ko,tier_2,code_switching,0.0022,0.0138,20,0
10,mlp_out,ko,tier_2,code_switching,-0.0307,0.0347,20,0
11,residual,ko,tier_2,code_switching,0.1375,0.1274,20,0
11,attn_out,ko,tier_2,code_switching,0.0027,0.0154,20,0
11,mlp_out,ko,tier_2,code_switching,0.0082,0.0148,20,0
12,residual,ko,tier_2,code_switching,0.1215,0.1365,20,0
12,attn_out,ko,tier_2,code_switching,-0.0071,0.0065,20,0
12,mlp_out,ko,tier_2,code_switching,-0.0055,0.0186,20,0
13,residual,ko,tier_2,code_switching,0.0998,0.0973,20,0
13,attn_out,ko,tier_2,code_switching,0.0056,0.0062,20,0
13,mlp_out,ko,tier_2,code_switching,0.0099,0.0133,20,0
14,residual,ko,tier_2,code_switching,0.0902,0.0958,20,0
14,attn_out,ko,tier_2,code_switching,0.002,0.0053,20,0
14,mlp_out,ko,tier_2,code_switching,0.0156,0.0165,20,0
15,residual,ko,tier_2,code_switching,0.0674,0.0827,20,0
15,attn_out,ko,tier_2,code_switching,-0.0018,0.0067,20,0
15,mlp_out,ko,tier_2,code_switching,-0.0003,0.0148,20,0
16,residual,ko,tier_2,code_switching,0.0582,0.0745,20,0
16,attn_out,ko,tier_2,code_switching,0.0035,0.003,20,0
16,mlp_out,ko,tier_2,code_switching,-0.0082,0.0069,20,0
17,residual,ko,tier_2,code_switching,0.0581,0.0659,20,0
17,attn_out,ko,tier_2,code_switching,-0.0025,0.0064,20,0
17,mlp_out,ko,tier_2,code_switching,-0.0019,0.0049,20,0
18,residual,ko,tier_2,code_switching,0.0376,0.0323,20,0
18,attn_out,ko,tier_2,code_switching,0.0105,0.0113,20,0
18,mlp_out,ko,tier_2,code_switching,-0.0004,0.0141,20,0
19,residual,ko,tier_2,code_switching,0.0106,0.0204,20,0
19,attn_out,ko,tier_2,code_switching,0.0008,0.0049,20,0
19,mlp_out,ko,tier_2,code_switching,0.005,0.0044,20,0
20,residual,ko,tier_2,code_switching,0.0076,0.0246,20,0
20,attn_out,ko,tier_2,code_switching,0.0017,0.0017,20,0
20,mlp_out,ko,tier_2,code_switching,-0.0036,0.0154,20,0
21,residual,ko,tier_2,code_switching,0.0154,0.0112,20,0
21,attn_out,ko,tier_2,code_switching,0.0031,0.0056,20,0
21,mlp_out,ko,tier_2,code_switching,0.0048,0.0098,20,0
22,residual,ko,tier_2,code_switching,0.0028,0.0169,20,0
22,attn_out,ko,tier_2,code_switching,0.0009,0.0012,20,0
22,mlp_out,ko,tier_2,code_switching,0.0017,0.0031,20,0
23,residual,ko,tier_2,code_switching,-0.0003,0.0196,20,0
23,attn_out,ko,tier_2,code_switching,0.0024,0.004,20,0
23,mlp_out,ko,tier_2,code_switching,-0.0032,0.0061,20,0
24,residual,ko,tier_2,code_switching,-0.0036,0.0279,20,0
24,attn_out,ko,tier_2,code_switching,0.0008,0.001,20,0
24,mlp_out,ko,tier_2,code_switching,-0.0014,0.0036,20,0
25,residual,ko,tier_2,code_switching,-0.0078,0.0283,20,0
25,attn_out,ko,tier_2,code_switching,-0.0,0.0014,20,0
25,mlp_out,ko,tier_2,code_switching,0.002,0.0037,20,0
26,residual,ko,tier_2,code_switching,-0.0076,0.0188,20,0
26,attn_out,ko,tier_2,code_switching,0.0011,0.0006,20,0
26,mlp_out,ko,tier_2,code_switching,0.0021,0.0016,20,0
27,residual,ko,tier_2,code_switching,0.0,0.0,20,0
27,attn_out,ko,tier_2,code_switching,0.0,0.0,20,0
27,mlp_out,ko,tier_2,code_switching,0.0,0.0,20,0
0,residual,ja,tier_2,code_switching,-0.078,0.3158,20,0
0,attn_out,ja,tier_2,code_switching,-0.0836,0.3314,20,0
0,mlp_out,ja,tier_2,code_switching,-0.0978,0.4327,20,0
1,residual,ja,tier_2,code_switching,0.0468,0.3595,20,0
1,attn_out,ja,tier_2,code_switching,-0.0112,0.0788,20,0
1,mlp_out,ja,tier_2,code_switching,0.0495,0.0836,20,0
2,residual,ja,tier_2,code_switching,-0.0374,0.3167,20,0
2,attn_out,ja,tier_2,code_switching,-0.1177,0.1781,20,0
2,mlp_out,ja,tier_2,code_switching,0.025,0.1058,20,0
3,residual,ja,tier_2,code_switching,0.0474,0.4547,20,0
3,attn_out,ja,tier_2,code_switching,-0.0161,0.0563,20,0
3,mlp_out,ja,tier_2,code_switching,-0.0056,0.025,20,0
4,residual,ja,tier_2,code_switching,0.0435,0.4557,20,0
4,attn_out,ja,tier_2,code_switching,-0.0253,0.0283,20,0
4,mlp_out,ja,tier_2,code_switching,-0.0169,0.066,20,0
5,residual,ja,tier_2,code_switching,0.0961,0.4754,20,0
5,attn_out,ja,tier_2,code_switching,-0.0033,0.0293,20,0
5,mlp_out,ja,tier_2,code_switching,-0.0776,0.155,20,0
6,residual,ja,tier_2,code_switching,0.1201,0.4934,20,0
6,attn_out,ja,tier_2,code_switching,-0.0489,0.0308,20,0
6,mlp_out,ja,tier_2,code_switching,0.0877,0.2132,20,0
7,residual,ja,tier_2,code_switching,0.0965,0.4091,20,0
7,attn_out,ja,tier_2,code_switching,-0.0545,0.0487,20,0
7,mlp_out,ja,tier_2,code_switching,-0.0266,0.0338,20,0
8,residual,ja,tier_2,code_switching,0.0542,0.3308,20,0
8,attn_out,ja,tier_2,code_switching,-0.03,0.0357,20,0
8,mlp_out,ja,tier_2,code_switching,-0.009,0.0752,20,0
9,residual,ja,tier_2,code_switching,-0.0176,0.2417,20,0
9,attn_out,ja,tier_2,code_switching,-0.0432,0.0387,20,0
9,mlp_out,ja,tier_2,code_switching,0.0639,0.1066,20,0
10,residual,ja,tier_2,code_switching,-0.0065,0.1974,20,0
10,attn_out,ja,tier_2,code_switching,-0.0392,0.0476,20,0
10,mlp_out,ja,tier_2,code_switching,-0.0464,0.1278,20,0
11,residual,ja,tier_2,code_switching,0.0114,0.2035,20,0
11,attn_out,ja,tier_2,code_switching,-0.0178,0.0222,20,0
11,mlp_out,ja,tier_2,code_switching,-0.0698,0.1132,20,0
12,residual,ja,tier_2,code_switching,-0.0039,0.1681,20,0
12,attn_out,ja,tier_2,code_switching,-0.0128,0.0125,20,0
12,mlp_out,ja,tier_2,code_switching,-0.0178,0.0127,20,0
13,residual,ja,tier_2,code_switching,-0.0258,0.1412,20,0
13,attn_out,ja,tier_2,code_switching,0.0187,0.0286,20,0
13,mlp_out,ja,tier_2,code_switching,-0.0013,0.022,20,0
14,residual,ja,tier_2,code_switching,-0.0195,0.1537,20,0
14,attn_out,ja,tier_2,code_switching,0.0074,0.019,20,0
14,mlp_out,ja,tier_2,code_switching,0.0219,0.0183,20,0
15,residual,ja,tier_2,code_switching,-0.0637,0.1579,20,0
15,attn_out,ja,tier_2,code_switching,-0.0069,0.0247,20,0
15,mlp_out,ja,tier_2,code_switching,-0.0001,0.0392,20,0
16,residual,ja,tier_2,code_switching,-0.0841,0.1657,20,0
16,attn_out,ja,tier_2,code_switching,-0.0032,0.0106,20,0
16,mlp_out,ja,tier_2,code_switching,-0.0262,0.0247,20,0
17,residual,ja,tier_2,code_switching,-0.0694,0.1577,20,0
17,attn_out,ja,tier_2,code_switching,0.0069,0.0065,20,0
17,mlp_out,ja,tier_2,code_switching,-0.0361,0.0654,20,0
18,residual,ja,tier_2,code_switching,0.044,0.06,20,0
18,attn_out,ja,tier_2,code_switching,0.006,0.0127,20,0
18,mlp_out,ja,tier_2,code_switching,-0.0083,0.0094,20,0
19,residual,ja,tier_2,code_switching,0.0523,0.0508,20,0
19,attn_out,ja,tier_2,code_switching,0.0061,0.0092,20,0
19,mlp_out,ja,tier_2,code_switching,-0.0009,0.0065,20,0
20,residual,ja,tier_2,code_switching,0.0607,0.0552,20,0
20,attn_out,ja,tier_2,code_switching,0.0084,0.0075,20,0
20,mlp_out,ja,tier_2,code_switching,-0.0026,0.0095,20,0
21,residual,ja,tier_2,code_switching,0.0521,0.0527,20,0
21,attn_out,ja,tier_2,code_switching,0.0022,0.0047,20,0
21,mlp_out,ja,tier_2,code_switching,0.0057,0.0075,20,0
22,residual,ja,tier_2,code_switching,0.0376,0.0403,20,0
22,attn_out,ja,tier_2,code_switching,0.0004,0.0016,20,0
22,mlp_out,ja,tier_2,code_switching,0.0124,0.0122,20,0
23,residual,ja,tier_2,code_switching,0.0398,0.0381,20,0
23,attn_out,ja,tier_2,code_switching,-0.0015,0.0038,20,0
23,mlp_out,ja,tier_2,code_switching,0.0055,0.0053,20,0
24,residual,ja,tier_2,code_switching,0.0261,0.0238,20,0
24,attn_out,ja,tier_2,code_switching,0.0036,0.0046,20,0
24,mlp_out,ja,tier_2,code_switching,0.0002,0.0021,20,0
25,residual,ja,tier_2,code_switching,0.0229,0.0245,20,0
25,attn_out,ja,tier_2,code_switching,-0.0001,0.0015,20,0
25,mlp_out,ja,tier_2,code_switching,0.0047,0.0086,20,0
26,residual,ja,tier_2,code_switching,0.0023,0.0092,20,0
26,attn_out,ja,tier_2,code_switching,-0.0006,0.0013,20,0
26,mlp_out,ja,tier_2,code_switching,0.0024,0.0025,20,0
27,residual,ja,tier_2,code_switching,0.0,0.0,20,0
27,attn_out,ja,tier_2,code_switching,0.0,0.0,20,0
27,mlp_out,ja,tier_2,code_switching,0.0,0.0,20,0
0,residual,tr,tier_3,code_switching,-0.32,0.617,20,0
0,attn_out,tr,tier_3,code_switching,-0.3569,0.6715,20,0
0,mlp_out,tr,tier_3,code_switching,0.2343,0.2759,20,0
1,residual,tr,tier_3,code_switching,0.3033,0.5932,20,0
1,attn_out,tr,tier_3,code_switching,0.0392,0.1114,20,0
1,mlp_out,tr,tier_3,code_switching,0.0502,0.1147,20,0
2,residual,tr,tier_3,code_switching,0.4659,0.7177,20,0
2,attn_out,tr,tier_3,code_switching,0.023,0.3312,20,0
2,mlp_out,tr,tier_3,code_switching,0.2106,0.194,20,0
3,residual,tr,tier_3,code_switching,0.5841,0.5951,20,0
3,attn_out,tr,tier_3,code_switching,0.0208,0.1152,20,0
3,mlp_out,tr,tier_3,code_switching,0.1176,0.2251,20,0
4,residual,tr,tier_3,code_switching,0.719,0.9047,20,0
4,attn_out,tr,tier_3,code_switching,0.0519,0.1591,20,0
4,mlp_out,tr,tier_3,code_switching,-0.0174,0.1402,20,0
5,residual,tr,tier_3,code_switching,0.7418,0.9192,20,0
5,attn_out,tr,tier_3,code_switching,0.0605,0.1453,20,0
5,mlp_out,tr,tier_3,code_switching,-0.1691,0.443,20,0
6,residual,tr,tier_3,code_switching,0.6143,1.078,20,0
6,attn_out,tr,tier_3,code_switching,0.3774,0.7086,20,0
6,mlp_out,tr,tier_3,code_switching,0.1755,0.0976,20,0
7,residual,tr,tier_3,code_switching,0.5213,0.8587,20,0
7,attn_out,tr,tier_3,code_switching,-0.0667,0.1339,20,0
7,mlp_out,tr,tier_3,code_switching,0.0602,0.1736,20,0
8,residual,tr,tier_3,code_switching,0.5141,0.9846,20,0
8,attn_out,tr,tier_3,code_switching,0.107,0.0819,20,0
8,mlp_out,tr,tier_3,code_switching,-0.0519,0.0528,20,0
9,residual,tr,tier_3,code_switching,0.3754,0.7641,20,0
9,attn_out,tr,tier_3,code_switching,-0.0409,0.1053,20,0
9,mlp_out,tr,tier_3,code_switching,0.2487,0.5545,20,0
10,residual,tr,tier_3,code_switching,0.2944,0.7024,20,0
10,attn_out,tr,tier_3,code_switching,0.1034,0.2237,20,0
10,mlp_out,tr,tier_3,code_switching,0.1418,0.208,20,0
11,residual,tr,tier_3,code_switching,0.2752,0.796,20,0
11,attn_out,tr,tier_3,code_switching,0.0716,0.1451,20,0
11,mlp_out,tr,tier_3,code_switching,0.0369,0.2607,20,0
12,residual,tr,tier_3,code_switching,0.2801,0.7769,20,0
12,attn_out,tr,tier_3,code_switching,-0.0675,0.1134,20,0
12,mlp_out,tr,tier_3,code_switching,-0.0613,0.0535,20,0
13,residual,tr,tier_3,code_switching,0.1922,0.7143,20,0
13,attn_out,tr,tier_3,code_switching,0.1401,0.2748,20,0
13,mlp_out,tr,tier_3,code_switching,0.0155,0.0755,20,0
14,residual,tr,tier_3,code_switching,0.2084,0.7401,20,0
14,attn_out,tr,tier_3,code_switching,0.0086,0.019,20,0
14,mlp_out,tr,tier_3,code_switching,0.0946,0.1901,20,0
15,residual,tr,tier_3,code_switching,0.0347,0.4061,20,0
15,attn_out,tr,tier_3,code_switching,0.0583,0.0685,20,0
15,mlp_out,tr,tier_3,code_switching,0.0419,0.1544,20,0
16,residual,tr,tier_3,code_switching,-0.1106,0.256,20,0
16,attn_out,tr,tier_3,code_switching,-0.0489,0.1204,20,0
16,mlp_out,tr,tier_3,code_switching,-0.0892,0.1039,20,0
17,residual,tr,tier_3,code_switching,-0.1159,0.2573,20,0
17,attn_out,tr,tier_3,code_switching,0.0613,0.1024,20,0
17,mlp_out,tr,tier_3,code_switching,-0.008,0.057,20,0
18,residual,tr,tier_3,code_switching,0.0176,0.193,20,0
18,attn_out,tr,tier_3,code_switching,-0.0607,0.1423,20,0
18,mlp_out,tr,tier_3,code_switching,-0.0383,0.0897,20,0
19,residual,tr,tier_3,code_switching,0.0147,0.1121,20,0
19,attn_out,tr,tier_3,code_switching,-0.0152,0.0483,20,0
19,mlp_out,tr,tier_3,code_switching,-0.0171,0.0239,20,0
20,residual,tr,tier_3,code_switching,-0.0721,0.164,20,0
20,attn_out,tr,tier_3,code_switching,-0.0063,0.0203,20,0
20,mlp_out,tr,tier_3,code_switching,-0.0445,0.1191,20,0
21,residual,tr,tier_3,code_switching,-0.0938,0.1522,20,0
21,attn_out,tr,tier_3,code_switching,-0.0337,0.0734,20,0
21,mlp_out,tr,tier_3,code_switching,-0.0154,0.0291,20,0
22,residual,tr,tier_3,code_switching,-0.087,0.1682,20,0
22,attn_out,tr,tier_3,code_switching,-0.0076,0.0125,20,0
22,mlp_out,tr,tier_3,code_switching,-0.0045,0.0385,20,0
23,residual,tr,tier_3,code_switching,-0.0672,0.1432,20,0
23,attn_out,tr,tier_3,code_switching,0.0119,0.0212,20,0
23,mlp_out,tr,tier_3,code_switching,0.0729,0.1691,20,0
24,residual,tr,tier_3,code_switching,0.0185,0.0345,20,0
24,attn_out,tr,tier_3,code_switching,-0.0045,0.0154,20,0
24,mlp_out,tr,tier_3,code_switching,0.0091,0.0176,20,0
25,residual,tr,tier_3,code_switching,0.0325,0.0749,20,0
25,attn_out,tr,tier_3,code_switching,-0.001,0.002,20,0
25,mlp_out,tr,tier_3,code_switching,-0.0109,0.0095,20,0
26,residual,tr,tier_3,code_switching,0.0004,0.0333,20,0
26,attn_out,tr,tier_3,code_switching,0.005,0.0043,20,0
26,mlp_out,tr,tier_3,code_switching,0.0019,0.0076,20,0
27,residual,tr,tier_3,code_switching,0.0,0.0,20,0
27,attn_out,tr,tier_3,code_switching,0.0,0.0,20,0
27,mlp_out,tr,tier_3,code_switching,0.0,0.0,20,0
0,residual,id,tier_3,code_switching,-0.3494,1.077,20,0
0,attn_out,id,tier_3,code_switching,-0.2529,0.926,20,0
0,mlp_out,id,tier_3,code_switching,-1.205,2.6026,20,0
1,residual,id,tier_3,code_switching,-0.6044,1.4886,20,0
1,attn_out,id,tier_3,code_switching,-0.0981,0.428,20,0
1,mlp_out,id,tier_3,code_switching,-1.4835,2.8931,20,0
2,residual,id,tier_3,code_switching,-0.9466,2.0517,20,0
2,attn_out,id,tier_3,code_switching,0.1283,0.2871,20,0
2,mlp_out,id,tier_3,code_switching,-0.9152,1.859,20,0
3,residual,id,tier_3,code_switching,-0.8471,1.9933,20,0
3,attn_out,id,tier_3,code_switching,0.5519,0.9178,20,0
3,mlp_out,id,tier_3,code_switching,-0.3959,0.4227,20,0
4,residual,id,tier_3,code_switching,-1.1069,2.3918,20,0
4,attn_out,id,tier_3,code_switching,-0.1534,0.3009,20,0
4,mlp_out,id,tier_3,code_switching,0.071,0.4652,20,0
5,residual,id,tier_3,code_switching,-1.333,2.9041,20,0
5,attn_out,id,tier_3,code_switching,-0.3842,0.8632,20,0
5,mlp_out,id,tier_3,code_switching,0.0492,0.1014,20,0
6,residual,id,tier_3,code_switching,-1.0502,2.2403,20,0
6,attn_out,id,tier_3,code_switching,0.2119,0.2867,20,0
6,mlp_out,id,tier_3,code_switching,-0.7381,1.3237,20,0
7,residual,id,tier_3,code_switching,-1.0165,2.2233,20,0
7,attn_out,id,tier_3,code_switching,-0.3211,0.7174,20,0
7,mlp_out,id,tier_3,code_switching,-0.1297,0.2953,20,0
8,residual,id,tier_3,code_switching,-1.4017,3.0251,20,0
8,attn_out,id,tier_3,code_switching,0.1351,0.164,20,0
8,mlp_out,id,tier_3,code_switching,-0.1862,0.4438,20,0
9,residual,id,tier_3,code_switching,-1.1359,2.5782,20,0
9,attn_out,id,tier_3,code_switching,-0.4834,1.0384,20,0
9,mlp_out,id,tier_3,code_switching,0.9102,1.7488,20,0
10,residual,id,tier_3,code_switching,-0.4194,1.2332,20,0
10,attn_out,id,tier_3,code_switching,-0.4419,0.8973,20,0
10,mlp_out,id,tier_3,code_switching,0.2858,0.7312,20,0
11,residual,id,tier_3,code_switching,-0.0547,0.5272,20,0
11,attn_out,id,tier_3,code_switching,0.0297,0.1574,20,0
11,mlp_out,id,tier_3,code_switching,0.6925,1.3927,20,0
12,residual,id,tier_3,code_switching,0.1423,0.2328,20,0
12,attn_out,id,tier_3,code_switching,0.4144,0.7846,20,0
12,mlp_out,id,tier_3,code_switching,0.2114,0.4604,20,0
13,residual,id,tier_3,code_switching,1.3235,2.489,20,0
13,attn_out,id,tier_3,code_switching,-0.027,0.0478,20,0
13,mlp_out,id,tier_3,code_switching,0.3507,0.5714,20,0
14,residual,id,tier_3,code_switching,1.3594,2.6212,20,0
14,attn_out,id,tier_3,code_switching,0.1305,0.2591,20,0
14,mlp_out,id,tier_3,code_switching,0.3193,0.7191,20,0
15,residual,id,tier_3,code_switching,2.302,4.5231,20,0
15,attn_out,id,tier_3,code_switching,-0.1022,0.1681,20,0
15,mlp_out,id,tier_3,code_switching,0.3148,0.6397,20,0
16,residual,id,tier_3,code_switching,2.2059,4.3728,20,0
16,attn_out,id,tier_3,code_switching,0.0405,0.1112,20,0
16,mlp_out,id,tier_3,code_switching,0.1451,0.3543,20,0
17,residual,id,tier_3,code_switching,2.0036,3.9,20,0
17,attn_out,id,tier_3,code_switching,0.0688,0.1499,20,0
17,mlp_out,id,tier_3,code_switching,-0.0973,0.1381,20,0
18,residual,id,tier_3,code_switching,0.1517,0.1915,20,0
18,attn_out,id,tier_3,code_switching,-0.1589,0.3443,20,0
18,mlp_out,id,tier_3,code_switching,0.255,0.5069,20,0
19,residual,id,tier_3,code_switching,0.2315,0.3968,20,0
19,attn_out,id,tier_3,code_switching,-0.0672,0.1478,20,0
19,mlp_out,id,tier_3,code_switching,-0.0221,0.0348,20,0
20,residual,id,tier_3,code_switching,0.32,0.583,20,0
20,attn_out,id,tier_3,code_switching,-0.1898,0.3834,20,0
20,mlp_out,id,tier_3,code_switching,-0.3464,0.6415,20,0
21,residual,id,tier_3,code_switching,0.0982,0.251,20,0
21,attn_out,id,tier_3,code_switching,0.0314,0.0642,20,0
21,mlp_out,id,tier_3,code_switching,0.2097,0.4075,20,0
22,residual,id,tier_3,code_switching,0.1833,0.3825,20,0
22,attn_out,id,tier_3,code_switching,-0.0267,0.0631,20,0
22,mlp_out,id,tier_3,code_switching,0.1229,0.2295,20,0
23,residual,id,tier_3,code_switching,-0.5784,1.1391,20,0
23,attn_out,id,tier_3,code_switching,0.0272,0.0492,20,0
23,mlp_out,id,tier_3,code_switching,-0.215,0.4414,20,0
24,residual,id,tier_3,code_switching,-0.0275,0.0529,20,0
24,attn_out,id,tier_3,code_switching,0.0,0.0045,20,0
24,mlp_out,id,tier_3,code_switching,-0.0303,0.0479,20,0
25,residual,id,tier_3,code_switching,-0.0349,0.0602,20,0
25,attn_out,id,tier_3,code_switching,0.0028,0.0016,20,0
25,mlp_out,id,tier_3,code_switching,-0.0046,0.016,20,0
26,residual,id,tier_3,code_switching,0.0082,0.0409,20,0
26,attn_out,id,tier_3,code_switching,-0.0004,0.0005,20,0
26,mlp_out,id,tier_3,code_switching,-0.0064,0.0155,20,0
27,residual,id,tier_3,code_switching,0.0,0.0,20,0
27,attn_out,id,tier_3,code_switching,0.0,0.0,20,0
27,mlp_out,id,tier_3,code_switching,0.0,0.0,20,0
0,residual,hi,tier_3,code_switching,-0.0251,0.0723,20,0
0,attn_out,hi,tier_3,code_switching,-0.0261,0.0684,20,0
0,mlp_out,hi,tier_3,code_switching,-0.0157,0.1605,20,0
1,residual,hi,tier_3,code_switching,-0.0193,0.1054,20,0
1,attn_out,hi,tier_3,code_switching,0.1179,0.1125,20,0
1,mlp_out,hi,tier_3,code_switching,0.104,0.0975,20,0
2,residual,hi,tier_3,code_switching,-0.0341,0.1608,20,0
2,attn_out,hi,tier_3,code_switching,0.0353,0.0991,20,0
2,mlp_out,hi,tier_3,code_switching,0.0505,0.0677,20,0
3,residual,hi,tier_3,code_switching,-0.0107,0.2045,20,0
3,attn_out,hi,tier_3,code_switching,0.0626,0.0647,20,0
3,mlp_out,hi,tier_3,code_switching,-0.0026,0.0876,20,0
4,residual,hi,tier_3,code_switching,-0.0332,0.2188,20,0
4,attn_out,hi,tier_3,code_switching,0.0281,0.0299,20,0
4,mlp_out,hi,tier_3,code_switching,0.0079,0.0946,20,0
5,residual,hi,tier_3,code_switching,-0.0143,0.2322,20,0
5,attn_out,hi,tier_3,code_switching,0.0245,0.0231,20,0
5,mlp_out,hi,tier_3,code_switching,0.0437,0.0879,20,0
6,residual,hi,tier_3,code_switching,-0.0662,0.3045,20,0
6,attn_out,hi,tier_3,code_switching,-0.0388,0.0669,20,0
6,mlp_out,hi,tier_3,code_switching,0.0641,0.0827,20,0
7,residual,hi,tier_3,code_switching,-0.0918,0.272,20,0
7,attn_out,hi,tier_3,code_switching,0.048,0.068,20,0
7,mlp_out,hi,tier_3,code_switching,0.002,0.1358,20,0
8,residual,hi,tier_3,code_switching,-0.1197,0.2805,20,0
8,attn_out,hi,tier_3,code_switching,-0.0255,0.0441,20,0
8,mlp_out,hi,tier_3,code_switching,-0.0573,0.1015,20,0
9,residual,hi,tier_3,code_switching,-0.1557,0.2841,20,0
9,attn_out,hi,tier_3,code_switching,-0.0424,0.0445,20,0
9,mlp_out,hi,tier_3,code_switching,0.027,0.0265,20,0
10,residual,hi,tier_3,code_switching,-0.1629,0.2401,20,0
10,attn_out,hi,tier_3,code_switching,-0.0211,0.0306,20,0
10,mlp_out,hi,tier_3,code_switching,0.0477,0.0826,20,0
11,residual,hi,tier_3,code_switching,-0.1685,0.2291,20,0
11,attn_out,hi,tier_3,code_switching,-0.0133,0.0278,20,0
11,mlp_out,hi,tier_3,code_switching,-0.0567,0.0725,20,0
12,residual,hi,tier_3,code_switching,-0.1329,0.2013,20,0
12,attn_out,hi,tier_3,code_switching,0.0123,0.0335,20,0
12,mlp_out,hi,tier_3,code_switching,-0.0161,0.0642,20,0
13,residual,hi,tier_3,code_switching,-0.1209,0.1549,20,0
13,attn_out,hi,tier_3,code_switching,0.0036,0.0188,20,0
13,mlp_out,hi,tier_3,code_switching,0.0329,0.0461,20,0
14,residual,hi,tier_3,code_switching,-0.0981,0.1372,20,0
14,attn_out,hi,tier_3,code_switching,0.0111,0.0059,20,0
14,mlp_out,hi,tier_3,code_switching,-0.0032,0.0363,20,0
15,residual,hi,tier_3,code_switching,-0.0919,0.1221,20,0
15,attn_out,hi,tier_3,code_switching,0.0066,0.0186,20,0
15,mlp_out,hi,tier_3,code_switching,0.0019,0.0212,20,0
16,residual,hi,tier_3,code_switching,-0.0726,0.1134,20,0
16,attn_out,hi,tier_3,code_switching,-0.0174,0.0222,20,0
16,mlp_out,hi,tier_3,code_switching,-0.0139,0.0215,20,0
17,residual,hi,tier_3,code_switching,-0.0723,0.1178,20,0
17,attn_out,hi,tier_3,code_switching,0.0048,0.0127,20,0
17,mlp_out,hi,tier_3,code_switching,-0.0072,0.0316,20,0
18,residual,hi,tier_3,code_switching,-0.0063,0.092,20,0
18,attn_out,hi,tier_3,code_switching,-0.0054,0.008,20,0
18,mlp_out,hi,tier_3,code_switching,-0.0072,0.0266,20,0
19,residual,hi,tier_3,code_switching,-0.0039,0.0523,20,0
19,attn_out,hi,tier_3,code_switching,-0.0006,0.0016,20,0
19,mlp_out,hi,tier_3,code_switching,0.0041,0.0197,20,0
20,residual,hi,tier_3,code_switching,-0.0029,0.0483,20,0
20,attn_out,hi,tier_3,code_switching,0.0024,0.0025,20,0
20,mlp_out,hi,tier_3,code_switching,0.0028,0.0072,20,0
21,residual,hi,tier_3,code_switching,-0.0089,0.0381,20,0
21,attn_out,hi,tier_3,code_switching,-0.0026,0.005,20,0
21,mlp_out,hi,tier_3,code_switching,0.0002,0.0045,20,0
22,residual,hi,tier_3,code_switching,0.0074,0.0218,20,0
22,attn_out,hi,tier_3,code_switching,0.0004,0.0028,20,0
22,mlp_out,hi,tier_3,code_switching,0.008,0.011,20,0
23,residual,hi,tier_3,code_switching,0.0131,0.0248,20,0
23,attn_out,hi,tier_3,code_switching,0.0023,0.0048,20,0
23,mlp_out,hi,tier_3,code_switching,0.0038,0.0116,20,0
24,residual,hi,tier_3,code_switching,0.0151,0.0372,20,0
24,attn_out,hi,tier_3,code_switching,0.0012,0.0016,20,0
24,mlp_out,hi,tier_3,code_switching,0.0044,0.0084,20,0
25,residual,hi,tier_3,code_switching,0.0147,0.0375,20,0
25,attn_out,hi,tier_3,code_switching,-0.0004,0.0028,20,0
25,mlp_out,hi,tier_3,code_switching,-0.0008,0.0036,20,0
26,residual,hi,tier_3,code_switching,0.0018,0.0133,20,0
26,attn_out,hi,tier_3,code_switching,-0.0001,0.0023,20,0
26,mlp_out,hi,tier_3,code_switching,0.0025,0.0036,20,0
27,residual,hi,tier_3,code_switching,0.0,0.0,20,0
27,attn_out,hi,tier_3,code_switching,0.0,0.0,20,0
27,mlp_out,hi,tier_3,code_switching,0.0,0.0,20,0
0,residual,sw,tier_3,code_switching,-0.1409,0.4974,20,0
0,attn_out,sw,tier_3,code_switching,-0.1476,0.492,20,0
0,mlp_out,sw,tier_3,code_switching,0.0579,0.3931,20,0
1,residual,sw,tier_3,code_switching,-0.1445,0.6318,20,0
1,attn_out,sw,tier_3,code_switching,-0.1037,0.0949,20,0
1,mlp_out,sw,tier_3,code_switching,-0.1098,0.1646,20,0
2,residual,sw,tier_3,code_switching,-0.1677,0.7232,20,0
2,attn_out,sw,tier_3,code_switching,-0.1117,0.111,20,0
2,mlp_out,sw,tier_3,code_switching,-0.0085,0.0479,20,0
3,residual,sw,tier_3,code_switching,-0.0353,0.5509,20,0
3,attn_out,sw,tier_3,code_switching,-0.0861,0.0835,20,0
3,mlp_out,sw,tier_3,code_switching,-0.1055,0.1045,20,0
4,residual,sw,tier_3,code_switching,-0.0274,0.5717,20,0
4,attn_out,sw,tier_3,code_switching,-0.0025,0.0313,20,0
4,mlp_out,sw,tier_3,code_switching,-0.0521,0.0296,20,0
5,residual,sw,tier_3,code_switching,-0.0572,0.6394,20,0
5,attn_out,sw,tier_3,code_switching,-0.0414,0.0661,20,0
5,mlp_out,sw,tier_3,code_switching,-0.1347,0.1394,20,0
6,residual,sw,tier_3,code_switching,-0.113,0.7986,20,0
6,attn_out,sw,tier_3,code_switching,-0.0253,0.1043,20,0
6,mlp_out,sw,tier_3,code_switching,-0.0744,0.1253,20,0
7,residual,sw,tier_3,code_switching,-0.1556,0.8498,20,0
7,attn_out,sw,tier_3,code_switching,0.0083,0.0222,20,0
7,mlp_out,sw,tier_3,code_switching,-0.0811,0.1519,20,0
8,residual,sw,tier_3,code_switching,-0.1081,0.7458,20,0
8,attn_out,sw,tier_3,code_switching,0.0038,0.012,20,0
8,mlp_out,sw,tier_3,code_switching,-0.0276,0.0814,20,0
9,residual,sw,tier_3,code_switching,-0.0668,0.6554,20,0
9,attn_out,sw,tier_3,code_switching,0.0107,0.0934,20,0
9,mlp_out,sw,tier_3,code_switching,-0.1063,0.1561,20,0
10,residual,sw,tier_3,code_switching,-0.0278,0.4939,20,0
10,attn_out,sw,tier_3,code_switching,-0.0201,0.0418,20,0
10,mlp_out,sw,tier_3,code_switching,0.0098,0.1472,20,0
11,residual,sw,tier_3,code_switching,-0.1527,0.5987,20,0
11,attn_out,sw,tier_3,code_switching,-0.0218,0.0228,20,0
11,mlp_out,sw,tier_3,code_switching,-0.0159,0.0861,20,0
12,residual,sw,tier_3,code_switching,-0.22,0.5733,20,0
12,attn_out,sw,tier_3,code_switching,-0.0139,0.0596,20,0
12,mlp_out,sw,tier_3,code_switching,-0.0582,0.0928,20,0
13,residual,sw,tier_3,code_switching,-0.1599,0.3622,20,0
13,attn_out,sw,tier_3,code_switching,-0.017,0.0252,20,0
13,mlp_out,sw,tier_3,code_switching,0.0219,0.0351,20,0
14,residual,sw,tier_3,code_switching,-0.1295,0.2829,20,0
14,attn_out,sw,tier_3,code_switching,-0.0159,0.0159,20,0
14,mlp_out,sw,tier_3,code_switching,-0.0183,0.0732,20,0
15,residual,sw,tier_3,code_switching,-0.2624,0.3782,20,0
15,attn_out,sw,tier_3,code_switching,0.0061,0.0346,20,0
15,mlp_out,sw,tier_3,code_switching,-0.0045,0.0416,20,0
16,residual,sw,tier_3,code_switching,-0.2618,0.3537,20,0
16,attn_out,sw,tier_3,code_switching,-0.0029,0.025,20,0
16,mlp_out,sw,tier_3,code_switching,-0.0324,0.041,20,0
17,residual,sw,tier_3,code_switching,-0.2801,0.3526,20,0
17,attn_out,sw,tier_3,code_switching,0.0044,0.0113,20,0
17,mlp_out,sw,tier_3,code_switching,-0.0344,0.0582,20,0
18,residual,sw,tier_3,code_switching,-0.0801,0.1084,20,0
18,attn_out,sw,tier_3,code_switching,0.0006,0.0141,20,0
18,mlp_out,sw,tier_3,code_switching,0.0023,0.0322,20,0
19,residual,sw,tier_3,code_switching,-0.0683,0.0973,20,0
19,attn_out,sw,tier_3,code_switching,0.032,0.0326,20,0
19,mlp_out,sw,tier_3,code_switching,0.005,0.0263,20,0
20,residual,sw,tier_3,code_switching,-0.0779,0.0955,20,0
20,attn_out,sw,tier_3,code_switching,0.014,0.0215,20,0
20,mlp_out,sw,tier_3,code_switching,0.0066,0.0216,20,0
21,residual,sw,tier_3,code_switching,-0.0883,0.0817,20,0
21,attn_out,sw,tier_3,code_switching,-0.012,0.0359,20,0
21,mlp_out,sw,tier_3,code_switching,-0.0023,0.0137,20,0
22,residual,sw,tier_3,code_switching,-0.0499,0.0792,20,0
22,attn_out,sw,tier_3,code_switching,0.0064,0.0103,20,0
22,mlp_out,sw,tier_3,code_switching,0.0225,0.0364,20,0
23,residual,sw,tier_3,code_switching,-0.0404,0.0829,20,0
23,attn_out,sw,tier_3,code_switching,0.0153,0.0415,20,0
23,mlp_out,sw,tier_3,code_switching,-0.0016,0.0155,20,0
24,residual,sw,tier_3,code_switching,-0.0125,0.049,20,0
24,attn_out,sw,tier_3,code_switching,0.0028,0.003,20,0
24,mlp_out,sw,tier_3,code_switching,-0.0,0.0139,20,0
25,residual,sw,tier_3,code_switching,-0.0109,0.048,20,0
25,attn_out,sw,tier_3,code_switching,-0.0005,0.0027,20,0
25,mlp_out,sw,tier_3,code_switching,0.0059,0.0119,20,0
26,residual,sw,tier_3,code_switching,-0.0057,0.0222,20,0
26,attn_out,sw,tier_3,code_switching,0.0001,0.0021,20,0
26,mlp_out,sw,tier_3,code_switching,-0.0003,0.0029,20,0
27,residual,sw,tier_3,code_switching,0.0,0.0,20,0
27,attn_out,sw,tier_3,code_switching,0.0,0.0,20,0
27,mlp_out,sw,tier_3,code_switching,0.0,0.0,20,0
0,residual,yo,tier_4,code_switching,0.0255,0.2193,20,0
0,attn_out,yo,tier_4,code_switching,0.0224,0.2151,20,0
0,mlp_out,yo,tier_4,code_switching,-0.0776,0.1624,20,0
1,residual,yo,tier_4,code_switching,0.0549,0.2144,20,0
1,attn_out,yo,tier_4,code_switching,-0.0235,0.0733,20,0
1,mlp_out,yo,tier_4,code_switching,-0.0094,0.0499,20,0
2,residual,yo,tier_4,code_switching,0.0392,0.2191,20,0
2,attn_out,yo,tier_4,code_switching,-0.0038,0.0599,20,0
2,mlp_out,yo,tier_4,code_switching,0.028,0.0827,20,0
3,residual,yo,tier_4,code_switching,0.0267,0.2662,20,0
3,attn_out,yo,tier_4,code_switching,-0.0137,0.0511,20,0
3,mlp_out,yo,tier_4,code_switching,-0.0489,0.0838,20,0
4,residual,yo,tier_4,code_switching,-0.0063,0.3117,20,0
4,attn_out,yo,tier_4,code_switching,-0.0054,0.0448,20,0
4,mlp_out,yo,tier_4,code_switching,0.0051,0.0458,20,0
5,residual,yo,tier_4,code_switching,0.0004,0.3626,20,0
5,attn_out,yo,tier_4,code_switching,0.0038,0.0667,20,0
5,mlp_out,yo,tier_4,code_switching,-0.0137,0.0526,20,0
6,residual,yo,tier_4,code_switching,-0.0519,0.4289,20,0
6,attn_out,yo,tier_4,code_switching,0.0016,0.0926,20,0
6,mlp_out,yo,tier_4,code_switching,0.0213,0.1026,20,0
7,residual,yo,tier_4,code_switching,-0.0282,0.4703,20,0
7,attn_out,yo,tier_4,code_switching,0.0079,0.0309,20,0
7,mlp_out,yo,tier_4,code_switching,0.0101,0.0765,20,0
8,residual,yo,tier_4,code_switching,-0.1073,0.3835,20,0
8,attn_out,yo,tier_4,code_switching,0.0149,0.0486,20,0
8,mlp_out,yo,tier_4,code_switching,-0.0211,0.0407,20,0
9,residual,yo,tier_4,code_switching,-0.0514,0.3177,20,0
9,attn_out,yo,tier_4,code_switching,-0.0072,0.0222,20,0
9,mlp_out,yo,tier_4,code_switching,0.0105,0.0454,20,0
10,residual,yo,tier_4,code_switching,-0.0639,0.2069,20,0
10,attn_out,yo,tier_4,code_switching,0.0312,0.0448,20,0
10,mlp_out,yo,tier_4,code_switching,-0.0112,0.035,20,0
11,residual,yo,tier_4,code_switching,-0.0839,0.1713,20,0
11,attn_out,yo,tier_4,code_switching,0.0198,0.0191,20,0
11,mlp_out,yo,tier_4,code_switching,0.0121,0.0465,20,0
12,residual,yo,tier_4,code_switching,-0.1604,0.2069,20,0
12,attn_out,yo,tier_4,code_switching,0.0177,0.0088,20,0
12,mlp_out,yo,tier_4,code_switching,-0.0061,0.0469,20,0
13,residual,yo,tier_4,code_switching,-0.1271,0.1976,20,0
13,attn_out,yo,tier_4,code_switching,0.0122,0.0199,20,0
13,mlp_out,yo,tier_4,code_switching,0.0157,0.024,20,0
14,residual,yo,tier_4,code_switching,-0.112,0.2058,20,0
14,attn_out,yo,tier_4,code_switching,-0.0054,0.0139,20,0
14,mlp_out,yo,tier_4,code_switching,0.0422,0.0592,20,0
15,residual,yo,tier_4,code_switching,-0.136,0.1867,20,0
15,attn_out,yo,tier_4,code_switching,-0.0173,0.0132,20,0
15,mlp_out,yo,tier_4,code_switching,0.0153,0.0149,20,0
16,residual,yo,tier_4,code_switching,-0.1249,0.1875,20,0
16,attn_out,yo,tier_4,code_switching,-0.0166,0.0238,20,0
16,mlp_out,yo,tier_4,code_switching,-0.0018,0.0628,20,0
17,residual,yo,tier_4,code_switching,-0.0988,0.2092,20,0
17,attn_out,yo,tier_4,code_switching,0.004,0.0161,20,0
17,mlp_out,yo,tier_4,code_switching,-0.0254,0.0528,20,0
18,residual,yo,tier_4,code_switching,-0.0246,0.0819,20,0
18,attn_out,yo,tier_4,code_switching,-0.0025,0.0084,20,0
18,mlp_out,yo,tier_4,code_switching,0.0064,0.0068,20,0
19,residual,yo,tier_4,code_switching,-0.0318,0.0819,20,0
19,attn_out,yo,tier_4,code_switching,-0.0166,0.0202,20,0
19,mlp_out,yo,tier_4,code_switching,-0.0016,0.0232,20,0
20,residual,yo,tier_4,code_switching,-0.0307,0.0819,20,0
20,attn_out,yo,tier_4,code_switching,-0.0013,0.0036,20,0
20,mlp_out,yo,tier_4,code_switching,-0.0098,0.0167,20,0
21,residual,yo,tier_4,code_switching,-0.0243,0.0514,20,0
21,attn_out,yo,tier_4,code_switching,-0.0003,0.0028,20,0
21,mlp_out,yo,tier_4,code_switching,-0.0098,0.0232,20,0
22,residual,yo,tier_4,code_switching,-0.0155,0.032,20,0
22,attn_out,yo,tier_4,code_switching,-0.007,0.0043,20,0
22,mlp_out,yo,tier_4,code_switching,0.0081,0.0059,20,0
23,residual,yo,tier_4,code_switching,-0.0046,0.0241,20,0
23,attn_out,yo,tier_4,code_switching,-0.0025,0.0052,20,0
23,mlp_out,yo,tier_4,code_switching,-0.0019,0.0049,20,0
24,residual,yo,tier_4,code_switching,0.0127,0.0085,20,0
24,attn_out,yo,tier_4,code_switching,0.0028,0.0013,20,0
24,mlp_out,yo,tier_4,code_switching,0.001,0.005,20,0
25,residual,yo,tier_4,code_switching,0.008,0.0094,20,0
25,attn_out,yo,tier_4,code_switching,0.0002,0.0012,20,0
25,mlp_out,yo,tier_4,code_switching,0.0024,0.0037,20,0
26,residual,yo,tier_4,code_switching,0.0006,0.0093,20,0
26,attn_out,yo,tier_4,code_switching,0.0012,0.0019,20,0
26,mlp_out,yo,tier_4,code_switching,0.0029,0.0023,20,0
27,residual,yo,tier_4,code_switching,0.0,0.0,20,0
27,attn_out,yo,tier_4,code_switching,0.0,0.0,20,0
27,mlp_out,yo,tier_4,code_switching,0.0,0.0,20,0
0,residual,zu,tier_4,code_switching,-0.0018,0.1039,20,0
0,attn_out,zu,tier_4,code_switching,-0.0019,0.1061,20,0
0,mlp_out,zu,tier_4,code_switching,0.0321,0.0465,20,0
1,residual,zu,tier_4,code_switching,0.0329,0.0618,20,0
1,attn_out,zu,tier_4,code_switching,-0.0405,0.0662,20,0
1,mlp_out,zu,tier_4,code_switching,-0.0226,0.0397,20,0
2,residual,zu,tier_4,code_switching,0.0781,0.0773,20,0
2,attn_out,zu,tier_4,code_switching,-0.0109,0.0245,20,0
2,mlp_out,zu,tier_4,code_switching,0.042,0.0714,20,0
3,residual,zu,tier_4,code_switching,0.0566,0.1762,20,0
3,attn_out,zu,tier_4,code_switching,-0.0444,0.0647,20,0
3,mlp_out,zu,tier_4,code_switching,-0.0097,0.0699,20,0
4,residual,zu,tier_4,code_switching,0.0334,0.1642,20,0
4,attn_out,zu,tier_4,code_switching,-0.0129,0.0181,20,0
4,mlp_out,zu,tier_4,code_switching,-0.0292,0.0552,20,0
5,residual,zu,tier_4,code_switching,0.0375,0.1774,20,0
5,attn_out,zu,tier_4,code_switching,0.0016,0.0215,20,0
5,mlp_out,zu,tier_4,code_switching,-0.0065,0.1062,20,0
6,residual,zu,tier_4,code_switching,0.0107,0.2006,20,0
6,attn_out,zu,tier_4,code_switching,-0.0209,0.0235,20,0
6,mlp_out,zu,tier_4,code_switching,-0.0119,0.0566,20,0
7,residual,zu,tier_4,code_switching,-0.0251,0.1868,20,0
7,attn_out,zu,tier_4,code_switching,0.0204,0.0361,20,0
7,mlp_out,zu,tier_4,code_switching,-0.0298,0.067,20,0
8,residual,zu,tier_4,code_switching,-0.0583,0.1773,20,0
8,attn_out,zu,tier_4,code_switching,-0.0247,0.0237,20,0
8,mlp_out,zu,tier_4,code_switching,-0.0144,0.1015,20,0
9,residual,zu,tier_4,code_switching,-0.0401,0.1747,20,0
9,attn_out,zu,tier_4,code_switching,0.0048,0.0508,20,0
9,mlp_out,zu,tier_4,code_switching,-0.0373,0.0675,20,0
10,residual,zu,tier_4,code_switching,-0.0492,0.1641,20,0
10,attn_out,zu,tier_4,code_switching,-0.0052,0.0127,20,0
10,mlp_out,zu,tier_4,code_switching,-0.0068,0.009,20,0
11,residual,zu,tier_4,code_switching,-0.0364,0.134,20,0
11,attn_out,zu,tier_4,code_switching,0.0006,0.009,20,0
11,mlp_out,zu,tier_4,code_switching,-0.0095,0.0271,20,0
12,residual,zu,tier_4,code_switching,-0.0878,0.1339,20,0
12,attn_out,zu,tier_4,code_switching,0.0045,0.0069,20,0
12,mlp_out,zu,tier_4,code_switching,-0.0072,0.0279,20,0
13,residual,zu,tier_4,code_switching,-0.0895,0.111,20,0
13,attn_out,zu,tier_4,code_switching,-0.0017,0.024,20,0
13,mlp_out,zu,tier_4,code_switching,0.0106,0.0232,20,0
14,residual,zu,tier_4,code_switching,-0.083,0.1067,20,0
14,attn_out,zu,tier_4,code_switching,-0.0015,0.0052,20,0
14,mlp_out,zu,tier_4,code_switching,0.02,0.0321,20,0
15,residual,zu,tier_4,code_switching,-0.0523,0.1078,20,0
15,attn_out,zu,tier_4,code_switching,-0.011,0.0174,20,0
15,mlp_out,zu,tier_4,code_switching,0.0213,0.0383,20,0
16,residual,zu,tier_4,code_switching,-0.0389,0.0995,20,0
16,attn_out,zu,tier_4,code_switching,-0.01,0.0097,20,0
16,mlp_out,zu,tier_4,code_switching,-0.0017,0.0151,20,0
17,residual,zu,tier_4,code_switching,-0.0257,0.105,20,0
17,attn_out,zu,tier_4,code_switching,-0.0047,0.0059,20,0
17,mlp_out,zu,tier_4,code_switching,-0.0125,0.0266,20,0
18,residual,zu,tier_4,code_switching,0.0047,0.0786,20,0
18,attn_out,zu,tier_4,code_switching,0.0034,0.0062,20,0
18,mlp_out,zu,tier_4,code_switching,0.0027,0.0104,20,0
19,residual,zu,tier_4,code_switching,0.016,0.0436,20,0
19,attn_out,zu,tier_4,code_switching,0.001,0.0023,20,0
19,mlp_out,zu,tier_4,code_switching,0.0034,0.0133,20,0
20,residual,zu,tier_4,code_switching,0.0187,0.0389,20,0
20,attn_out,zu,tier_4,code_switching,-0.0008,0.0035,20,0
20,mlp_out,zu,tier_4,code_switching,-0.0008,0.0062,20,0
21,residual,zu,tier_4,code_switching,0.0149,0.0276,20,0
21,attn_out,zu,tier_4,code_switching,0.0047,0.0078,20,0
21,mlp_out,zu,tier_4,code_switching,0.0053,0.0172,20,0
22,residual,zu,tier_4,code_switching,0.0122,0.0164,20,0
22,attn_out,zu,tier_4,code_switching,-0.0015,0.0027,20,0
22,mlp_out,zu,tier_4,code_switching,-0.014,0.0143,20,0
23,residual,zu,tier_4,code_switching,0.0064,0.0112,20,0
23,attn_out,zu,tier_4,code_switching,0.0042,0.0064,20,0
23,mlp_out,zu,tier_4,code_switching,-0.0006,0.0019,20,0
24,residual,zu,tier_4,code_switching,0.0042,0.0153,20,0
24,attn_out,zu,tier_4,code_switching,0.0004,0.0009,20,0
24,mlp_out,zu,tier_4,code_switching,-0.0023,0.0037,20,0
25,residual,zu,tier_4,code_switching,0.0015,0.0133,20,0
25,attn_out,zu,tier_4,code_switching,-0.0002,0.0009,20,0
25,mlp_out,zu,tier_4,code_switching,0.0013,0.0007,20,0
26,residual,zu,tier_4,code_switching,-0.0006,0.0083,20,0
26,attn_out,zu,tier_4,code_switching,0.0007,0.0011,20,0
26,mlp_out,zu,tier_4,code_switching,-0.0003,0.001,20,0
27,residual,zu,tier_4,code_switching,0.0,0.0,20,0
27,attn_out,zu,tier_4,code_switching,0.0,0.0,20,0
27,mlp_out,zu,tier_4,code_switching,0.0,0.0,20,0
0,residual,gd,tier_4,code_switching,-0.1219,0.1199,20,0
0,attn_out,gd,tier_4,code_switching,-0.1144,0.1173,20,0
0,mlp_out,gd,tier_4,code_switching,-0.0657,0.0661,20,0
1,residual,gd,tier_4,code_switching,-0.075,0.0906,20,0
1,attn_out,gd,tier_4,code_switching,-0.0546,0.0939,20,0
1,mlp_out,gd,tier_4,code_switching,-0.0627,0.1095,20,0
2,residual,gd,tier_4,code_switching,-0.0469,0.0717,20,0
2,attn_out,gd,tier_4,code_switching,-0.0711,0.0407,20,0
2,mlp_out,gd,tier_4,code_switching,-0.0528,0.041,20,0
3,residual,gd,tier_4,code_switching,0.0214,0.1562,20,0
3,attn_out,gd,tier_4,code_switching,-0.0456,0.025,20,0
3,mlp_out,gd,tier_4,code_switching,-0.1351,0.2074,20,0
4,residual,gd,tier_4,code_switching,0.0489,0.1719,20,0
4,attn_out,gd,tier_4,code_switching,-0.0264,0.0598,20,0
4,mlp_out,gd,tier_4,code_switching,-0.1376,0.1964,20,0
5,residual,gd,tier_4,code_switching,0.0708,0.1909,20,0
5,attn_out,gd,tier_4,code_switching,0.0027,0.0286,20,0
5,mlp_out,gd,tier_4,code_switching,-0.0803,0.1582,20,0
6,residual,gd,tier_4,code_switching,0.0936,0.2204,20,0
6,attn_out,gd,tier_4,code_switching,0.0224,0.0255,20,0
6,mlp_out,gd,tier_4,code_switching,-0.0629,0.2499,20,0
7,residual,gd,tier_4,code_switching,0.0974,0.2639,20,0
7,attn_out,gd,tier_4,code_switching,0.0179,0.041,20,0
7,mlp_out,gd,tier_4,code_switching,-0.1344,0.4271,20,0
8,residual,gd,tier_4,code_switching,0.144,0.3235,20,0
8,attn_out,gd,tier_4,code_switching,-0.0083,0.0353,20,0
8,mlp_out,gd,tier_4,code_switching,-0.1951,0.2775,20,0
9,residual,gd,tier_4,code_switching,0.1995,0.3926,20,0
9,attn_out,gd,tier_4,code_switching,-0.0252,0.0188,20,0
9,mlp_out,gd,tier_4,code_switching,-0.1968,0.3478,20,0
10,residual,gd,tier_4,code_switching,0.1567,0.3094,20,0
10,attn_out,gd,tier_4,code_switching,0.0457,0.0698,20,0
10,mlp_out,gd,tier_4,code_switching,-0.0922,0.1027,20,0
11,residual,gd,tier_4,code_switching,0.0888,0.2119,20,0
11,attn_out,gd,tier_4,code_switching,0.02,0.021,20,0
11,mlp_out,gd,tier_4,code_switching,0.0052,0.0521,20,0
12,residual,gd,tier_4,code_switching,0.0349,0.143,20,0
12,attn_out,gd,tier_4,code_switching,0.0057,0.0403,20,0
12,mlp_out,gd,tier_4,code_switching,-0.1485,0.273,20,0
13,residual,gd,tier_4,code_switching,-0.1193,0.1614,20,0
13,attn_out,gd,tier_4,code_switching,-0.0063,0.0212,20,0
13,mlp_out,gd,tier_4,code_switching,0.0011,0.0636,20,0
14,residual,gd,tier_4,code_switching,-0.1412,0.1796,20,0
14,attn_out,gd,tier_4,code_switching,0.0025,0.015,20,0
14,mlp_out,gd,tier_4,code_switching,0.0033,0.0916,20,0
15,residual,gd,tier_4,code_switching,-0.1542,0.2634,20,0
15,attn_out,gd,tier_4,code_switching,0.0252,0.0225,20,0
15,mlp_out,gd,tier_4,code_switching,-0.0061,0.0604,20,0
16,residual,gd,tier_4,code_switching,-0.1526,0.2561,20,0
16,attn_out,gd,tier_4,code_switching,0.0046,0.0165,20,0
16,mlp_out,gd,tier_4,code_switching,-0.0342,0.0659,20,0
17,residual,gd,tier_4,code_switching,-0.1565,0.2655,20,0
17,attn_out,gd,tier_4,code_switching,0.0072,0.0156,20,0
17,mlp_out,gd,tier_4,code_switching,-0.0154,0.0772,20,0
18,residual,gd,tier_4,code_switching,-0.0601,0.101,20,0
18,attn_out,gd,tier_4,code_switching,0.0255,0.0222,20,0
18,mlp_out,gd,tier_4,code_switching,-0.0055,0.0347,20,0
19,residual,gd,tier_4,code_switching,-0.0608,0.0898,20,0
19,attn_out,gd,tier_4,code_switching,0.003,0.0148,20,0
19,mlp_out,gd,tier_4,code_switching,-0.0054,0.0187,20,0
20,residual,gd,tier_4,code_switching,-0.0506,0.0888,20,0
20,attn_out,gd,tier_4,code_switching,0.0029,0.0054,20,0
20,mlp_out,gd,tier_4,code_switching,-0.0153,0.0174,20,0
21,residual,gd,tier_4,code_switching,-0.059,0.0768,20,0
21,attn_out,gd,tier_4,code_switching,-0.0046,0.0033,20,0
21,mlp_out,gd,tier_4,code_switching,0.0001,0.0046,20,0
22,residual,gd,tier_4,code_switching,-0.0111,0.0138,20,0
22,attn_out,gd,tier_4,code_switching,-0.0013,0.0032,20,0
22,mlp_out,gd,tier_4,code_switching,0.0012,0.0061,20,0
23,residual,gd,tier_4,code_switching,-0.0025,0.0151,20,0
23,attn_out,gd,tier_4,code_switching,-0.0006,0.0044,20,0
23,mlp_out,gd,tier_4,code_switching,0.0074,0.0238,20,0
24,residual,gd,tier_4,code_switching,0.0006,0.0154,20,0
24,attn_out,gd,tier_4,code_switching,0.0013,0.003,20,0
24,mlp_out,gd,tier_4,code_switching,0.0031,0.0053,20,0
25,residual,gd,tier_4,code_switching,-0.0001,0.0134,20,0
25,attn_out,gd,tier_4,code_switching,-0.0007,0.0009,20,0
25,mlp_out,gd,tier_4,code_switching,0.002,0.003,20,0
26,residual,gd,tier_4,code_switching,-0.0006,0.0105,20,0
26,attn_out,gd,tier_4,code_switching,-0.0005,0.0015,20,0
26,mlp_out,gd,tier_4,code_switching,0.001,0.0039,20,0
27,residual,gd,tier_4,code_switching,0.0,0.0,20,0
27,attn_out,gd,tier_4,code_switching,0.0,0.0,20,0
27,mlp_out,gd,tier_4,code_switching,0.0,0.0,20,0
0,residual,gn,tier_4,code_switching,-0.1225,0.1923,20,0
0,attn_out,gn,tier_4,code_switching,-0.1317,0.1999,20,0
0,mlp_out,gn,tier_4,code_switching,-0.1378,0.1457,20,0
1,residual,gn,tier_4,code_switching,-0.0702,0.1215,20,0
1,attn_out,gn,tier_4,code_switching,-0.0956,0.098,20,0
1,mlp_out,gn,tier_4,code_switching,-0.0241,0.0576,20,0
2,residual,gn,tier_4,code_switching,-0.0043,0.1198,20,0
2,attn_out,gn,tier_4,code_switching,-0.0254,0.1129,20,0
2,mlp_out,gn,tier_4,code_switching,0.0318,0.073,20,0
3,residual,gn,tier_4,code_switching,0.0481,0.1757,20,0
3,attn_out,gn,tier_4,code_switching,0.0104,0.027,20,0
3,mlp_out,gn,tier_4,code_switching,-0.015,0.0693,20,0
4,residual,gn,tier_4,code_switching,0.0204,0.1552,20,0
4,attn_out,gn,tier_4,code_switching,-0.0358,0.0209,20,0
4,mlp_out,gn,tier_4,code_switching,-0.0289,0.0562,20,0
5,residual,gn,tier_4,code_switching,0.0688,0.1514,20,0
5,attn_out,gn,tier_4,code_switching,0.0082,0.0827,20,0
5,mlp_out,gn,tier_4,code_switching,-0.0003,0.0942,20,0
6,residual,gn,tier_4,code_switching,0.087,0.2192,20,0
6,attn_out,gn,tier_4,code_switching,-0.0174,0.0893,20,0
6,mlp_out,gn,tier_4,code_switching,0.0913,0.1263,20,0
7,residual,gn,tier_4,code_switching,0.1087,0.2585,20,0
7,attn_out,gn,tier_4,code_switching,0.0367,0.0538,20,0
7,mlp_out,gn,tier_4,code_switching,0.0746,0.0649,20,0
8,residual,gn,tier_4,code_switching,0.1092,0.2492,20,0
8,attn_out,gn,tier_4,code_switching,0.0354,0.0348,20,0
8,mlp_out,gn,tier_4,code_switching,0.0273,0.0718,20,0
9,residual,gn,tier_4,code_switching,0.1005,0.2227,20,0
9,attn_out,gn,tier_4,code_switching,-0.0203,0.0269,20,0
9,mlp_out,gn,tier_4,code_switching,0.0375,0.0992,20,0
10,residual,gn,tier_4,code_switching,0.1215,0.2382,20,0
10,attn_out,gn,tier_4,code_switching,-0.0331,0.0448,20,0
10,mlp_out,gn,tier_4,code_switching,-0.0043,0.0488,20,0
11,residual,gn,tier_4,code_switching,0.1126,0.212,20,0
11,attn_out,gn,tier_4,code_switching,0.0302,0.0658,20,0
11,mlp_out,gn,tier_4,code_switching,0.0714,0.1564,20,0
12,residual,gn,tier_4,code_switching,0.063,0.1827,20,0
12,attn_out,gn,tier_4,code_switching,0.0218,0.0259,20,0
12,mlp_out,gn,tier_4,code_switching,-0.0205,0.0235,20,0
13,residual,gn,tier_4,code_switching,0.0491,0.1606,20,0
13,attn_out,gn,tier_4,code_switching,0.0068,0.029,20,0
13,mlp_out,gn,tier_4,code_switching,0.0377,0.0309,20,0
14,residual,gn,tier_4,code_switching,0.0491,0.1423,20,0
14,attn_out,gn,tier_4,code_switching,-0.0214,0.0117,20,0
14,mlp_out,gn,tier_4,code_switching,0.0347,0.042,20,0
15,residual,gn,tier_4,code_switching,0.0313,0.081,20,0
15,attn_out,gn,tier_4,code_switching,-0.0072,0.0284,20,0
15,mlp_out,gn,tier_4,code_switching,0.0024,0.0422,20,0
16,residual,gn,tier_4,code_switching,0.0406,0.0972,20,0
16,attn_out,gn,tier_4,code_switching,-0.0027,0.0099,20,0
16,mlp_out,gn,tier_4,code_switching,-0.003,0.0551,20,0
17,residual,gn,tier_4,code_switching,0.0499,0.0904,20,0
17,attn_out,gn,tier_4,code_switching,0.008,0.0218,20,0
17,mlp_out,gn,tier_4,code_switching,0.0031,0.027,20,0
18,residual,gn,tier_4,code_switching,0.0328,0.0554,20,0
18,attn_out,gn,tier_4,code_switching,-0.0079,0.0168,20,0
18,mlp_out,gn,tier_4,code_switching,0.0229,0.0263,20,0
19,residual,gn,tier_4,code_switching,0.0182,0.0401,20,0
19,attn_out,gn,tier_4,code_switching,0.0026,0.0072,20,0
19,mlp_out,gn,tier_4,code_switching,-0.0075,0.026,20,0
20,residual,gn,tier_4,code_switching,0.0136,0.0449,20,0
20,attn_out,gn,tier_4,code_switching,0.0034,0.0063,20,0
20,mlp_out,gn,tier_4,code_switching,0.0013,0.0172,20,0
21,residual,gn,tier_4,code_switching,0.0002,0.0281,20,0
21,attn_out,gn,tier_4,code_switching,-0.0036,0.0163,20,0
21,mlp_out,gn,tier_4,code_switching,0.0259,0.0145,20,0
22,residual,gn,tier_4,code_switching,0.0009,0.0235,20,0
22,attn_out,gn,tier_4,code_switching,0.0032,0.0009,20,0
22,mlp_out,gn,tier_4,code_switching,0.0301,0.0369,20,0
23,residual,gn,tier_4,code_switching,0.0008,0.0119,20,0
23,attn_out,gn,tier_4,code_switching,0.0003,0.006,20,0
23,mlp_out,gn,tier_4,code_switching,-0.0047,0.0165,20,0
24,residual,gn,tier_4,code_switching,0.006,0.0149,20,0
24,attn_out,gn,tier_4,code_switching,0.0018,0.0023,20,0
24,mlp_out,gn,tier_4,code_switching,0.0064,0.0134,20,0
25,residual,gn,tier_4,code_switching,-0.0009,0.0201,20,0
25,attn_out,gn,tier_4,code_switching,-0.0005,0.0015,20,0
25,mlp_out,gn,tier_4,code_switching,0.0014,0.0082,20,0
26,residual,gn,tier_4,code_switching,-0.0021,0.018,20,0
26,attn_out,gn,tier_4,code_switching,-0.0007,0.0012,20,0
26,mlp_out,gn,tier_4,code_switching,0.002,0.0049,20,0
27,residual,gn,tier_4,code_switching,0.0,0.0,20,0
27,attn_out,gn,tier_4,code_switching,0.0,0.0,20,0
27,mlp_out,gn,tier_4,code_switching,0.0,0.0,20,0
