layer,component,language,tier,perturbation,mean_delta,std_delta,n_pairs_used,n_pairs_skipped
0,residual,de,tier_1,standard_translation,-1.5593,0.0362,20,0
0,attn_out,de,tier_1,standard_translation,-1.5325,0.0588,20,0
0,mlp_out,de,tier_1,standard_translation,-1.021,0.5717,20,0
1,residual,de,tier_1,standard_translation,-1.5652,0.3794,20,0
1,attn_out,de,tier_1,standard_translation,-0.0472,0.2501,20,0
1,mlp_out,de,tier_1,standard_translation,-0.0331,0.1888,20,0
2,residual,de,tier_1,standard_translation,-1.4012,0.3555,20,0
2,attn_out,de,tier_1,standard_translation,-0.036,0.3545,20,0
2,mlp_out,de,tier_1,standard_translation,-0.1247,0.3972,20,0
3,residual,de,tier_1,standard_translation,-1.2679,0.4711,20,0
3,attn_out,de,tier_1,standard_translation,-0.0084,0.1541,20,0
3,mlp_out,de,tier_1,standard_translation,-0.3983,0.8286,20,0
4,residual,de,tier_1,standard_translation,-1.1653,0.5802,20,0
4,attn_out,de,tier_1,standard_translation,0.1717,0.3218,20,0
4,mlp_out,de,tier_1,standard_translation,-0.0722,0.1709,20,0
5,residual,de,tier_1,standard_translation,-0.9017,0.5346,20,0
5,attn_out,de,tier_1,standard_translation,0.0243,0.3617,20,0
5,mlp_out,de,tier_1,standard_translation,-0.0346,0.3951,20,0
6,residual,de,tier_1,standard_translation,-0.7228,0.3035,20,0
6,attn_out,de,tier_1,standard_translation,-0.1356,0.7405,20,0
6,mlp_out,de,tier_1,standard_translation,-0.3555,0.7551,20,0
7,residual,de,tier_1,standard_translation,-0.7258,0.3138,20,0
7,attn_out,de,tier_1,standard_translation,0.0773,0.4586,20,0
7,mlp_out,de,tier_1,standard_translation,-0.6496,0.5404,20,0
8,residual,de,tier_1,standard_translation,-0.8469,0.2972,20,0
8,attn_out,de,tier_1,standard_translation,-0.0775,0.2775,20,0
8,mlp_out,de,tier_1,standard_translation,-0.4589,0.7109,20,0
9,residual,de,tier_1,standard_translation,-0.8189,0.3391,20,0
9,attn_out,de,tier_1,standard_translation,-0.2722,0.3997,20,0
9,mlp_out,de,tier_1,standard_translation,-0.4001,0.7144,20,0
10,residual,de,tier_1,standard_translation,-0.8523,0.4129,20,0
10,attn_out,de,tier_1,standard_translation,0.0595,0.4502,20,0
10,mlp_out,de,tier_1,standard_translation,0.2692,0.3068,20,0
11,residual,de,tier_1,standard_translation,-0.8802,0.5397,20,0
11,attn_out,de,tier_1,standard_translation,0.1394,0.6666,20,0
11,mlp_out,de,tier_1,standard_translation,-0.1993,0.5959,20,0
12,residual,de,tier_1,standard_translation,-0.8969,0.6199,20,0
12,attn_out,de,tier_1,standard_translation,-0.1999,0.6718,20,0
12,mlp_out,de,tier_1,standard_translation,-0.443,0.5623,20,0
13,residual,de,tier_1,standard_translation,-0.7483,0.3359,20,0
13,attn_out,de,tier_1,standard_translation,-0.1493,0.2864,20,0
13,mlp_out,de,tier_1,standard_translation,-0.1634,0.4128,20,0
14,residual,de,tier_1,standard_translation,-0.7828,0.1866,20,0
14,attn_out,de,tier_1,standard_translation,-0.0951,0.2251,20,0
14,mlp_out,de,tier_1,standard_translation,-0.7596,0.433,20,0
15,residual,de,tier_1,standard_translation,-0.7891,0.2162,20,0
15,attn_out,de,tier_1,standard_translation,-0.2581,0.1239,20,0
15,mlp_out,de,tier_1,standard_translation,-0.4851,0.2457,20,0
16,residual,de,tier_1,standard_translation,-0.6875,0.2431,20,0
16,attn_out,de,tier_1,standard_translation,-0.0377,0.1369,20,0
16,mlp_out,de,tier_1,standard_translation,-0.1853,0.3849,20,0
17,residual,de,tier_1,standard_translation,-0.7098,0.401,20,0
17,attn_out,de,tier_1,standard_translation,-0.1777,0.0961,20,0
17,mlp_out,de,tier_1,standard_translation,-0.565,0.6042,20,0
18,residual,de,tier_1,standard_translation,-0.2077,0.2066,20,0
18,attn_out,de,tier_1,standard_translation,-0.0016,0.0743,20,0
18,mlp_out,de,tier_1,standard_translation,-0.0785,0.1355,20,0
19,residual,de,tier_1,standard_translation,-0.1882,0.2754,20,0
19,attn_out,de,tier_1,standard_translation,0.0321,0.0681,20,0
19,mlp_out,de,tier_1,standard_translation,-0.0105,0.0588,20,0
20,residual,de,tier_1,standard_translation,-0.1454,0.1589,20,0
20,attn_out,de,tier_1,standard_translation,-0.0395,0.0344,20,0
20,mlp_out,de,tier_1,standard_translation,0.125,0.0337,20,0
21,residual,de,tier_1,standard_translation,-0.0013,0.1239,20,0
21,attn_out,de,tier_1,standard_translation,0.0186,0.0319,20,0
21,mlp_out,de,tier_1,standard_translation,-0.0571,0.0407,20,0
22,residual,de,tier_1,standard_translation,-0.0078,0.1203,20,0
22,attn_out,de,tier_1,standard_translation,0.0109,0.0098,20,0
22,mlp_out,de,tier_1,standard_translation,0.0059,0.0224,20,0
23,residual,de,tier_1,standard_translation,0.007,0.1482,20,0
23,attn_out,de,tier_1,standard_translation,-0.0024,0.0137,20,0
23,mlp_out,de,tier_1,standard_translation,0.0069,0.022,20,0
24,residual,de,tier_1,standard_translation,-0.026,0.1525,20,0
24,attn_out,de,tier_1,standard_translation,-0.0036,0.008,20,0
24,mlp_out,de,tier_1,standard_translation,-0.0317,0.0293,20,0
25,residual,de,tier_1,standard_translation,-0.0497,0.0874,20,0
25,attn_out,de,tier_1,standard_translation,0.0053,0.0174,20,0
25,mlp_out,de,tier_1,standard_translation,0.0339,0.0237,20,0
26,residual,de,tier_1,standard_translation,-0.0548,0.0853,20,0
26,attn_out,de,tier_1,standard_translation,-0.021,0.0097,20,0
26,mlp_out,de,tier_1,standard_translation,0.0491,0.0094,20,0
27,residual,de,tier_1,standard_translation,0.0,0.0,20,0
27,attn_out,de,tier_1,standard_translation,0.0,0.0,20,0
27,mlp_out,de,tier_1,standard_translation,0.0,0.0,20,0
0,residual,fr,tier_1,standard_translation,-0.0127,0.4523,20,0
0,attn_out,fr,tier_1,standard_translation,-0.0239,0.4628,20,0
0,mlp_out,fr,tier_1,standard_translation,-0.2443,0.5476,20,0
1,residual,fr,tier_1,standard_translation,0.1407,0.4237,20,0
1,attn_out,fr,tier_1,standard_translation,-0.0862,0.2649,20,0
1,mlp_out,fr,tier_1,standard_translation,0.0275,0.0944,20,0
2,residual,fr,tier_1,standard_translation,0.2833,0.5638,20,0
2,attn_out,fr,tier_1,standard_translation,-0.0988,0.0909,20,0
2,mlp_out,fr,tier_1,standard_translation,0.0248,0.1404,20,0
3,residual,fr,tier_1,standard_translation,0.1936,0.697,20,0
3,attn_out,fr,tier_1,standard_translation,0.0849,0.2476,20,0
3,mlp_out,fr,tier_1,standard_translation,0.0638,0.2979,20,0
4,residual,fr,tier_1,standard_translation,0.205,0.7061,20,0
4,attn_out,fr,tier_1,standard_translation,0.09,0.1552,20,0
4,mlp_out,fr,tier_1,standard_translation,0.0419,0.214,20,0
5,residual,fr,tier_1,standard_translation,0.1191,0.5837,20,0
5,attn_out,fr,tier_1,standard_translation,-0.0775,0.1247,20,0
5,mlp_out,fr,tier_1,standard_translation,-0.02,0.2616,20,0
6,residual,fr,tier_1,standard_translation,-0.4089,0.4578,20,0
6,attn_out,fr,tier_1,standard_translation,0.0148,0.0987,20,0
6,mlp_out,fr,tier_1,standard_translation,0.0147,0.1286,20,0
7,residual,fr,tier_1,standard_translation,-0.4239,0.3988,20,0
7,attn_out,fr,tier_1,standard_translation,0.0389,0.2567,20,0
7,mlp_out,fr,tier_1,standard_translation,-0.1537,0.4893,20,0
8,residual,fr,tier_1,standard_translation,-0.3136,0.395,20,0
8,attn_out,fr,tier_1,standard_translation,-0.036,0.1081,20,0
8,mlp_out,fr,tier_1,standard_translation,-0.1951,0.2299,20,0
9,residual,fr,tier_1,standard_translation,-0.396,0.4007,20,0
9,attn_out,fr,tier_1,standard_translation,-0.0145,0.1267,20,0
9,mlp_out,fr,tier_1,standard_translation,0.0545,0.261,20,0
10,residual,fr,tier_1,standard_translation,-0.405,0.3574,20,0
10,attn_out,fr,tier_1,standard_translation,-0.0045,0.1044,20,0
10,mlp_out,fr,tier_1,standard_translation,0.0802,0.1855,20,0
11,residual,fr,tier_1,standard_translation,-0.3657,0.3338,20,0
11,attn_out,fr,tier_1,standard_translation,-0.0376,0.1826,20,0
11,mlp_out,fr,tier_1,standard_translation,0.1783,0.2067,20,0
12,residual,fr,tier_1,standard_translation,-0.4241,0.2806,20,0
12,attn_out,fr,tier_1,standard_translation,0.0949,0.1257,20,0
12,mlp_out,fr,tier_1,standard_translation,0.1942,0.2194,20,0
13,residual,fr,tier_1,standard_translation,-0.3998,0.2964,20,0
13,attn_out,fr,tier_1,standard_translation,0.1663,0.1043,20,0
13,mlp_out,fr,tier_1,standard_translation,0.402,0.3414,20,0
14,residual,fr,tier_1,standard_translation,-0.4414,0.2845,20,0
14,attn_out,fr,tier_1,standard_translation,-0.1445,0.1056,20,0
14,mlp_out,fr,tier_1,standard_translation,0.0998,0.1538,20,0
15,residual,fr,tier_1,standard_translation,-0.4387,0.2373,20,0
15,attn_out,fr,tier_1,standard_translation,-0.1092,0.0744,20,0
15,mlp_out,fr,tier_1,standard_translation,0.1802,0.2314,20,0
16,residual,fr,tier_1,standard_translation,-0.3878,0.2604,20,0
16,attn_out,fr,tier_1,standard_translation,-0.1204,0.1335,20,0
16,mlp_out,fr,tier_1,standard_translation,0.1581,0.2864,20,0
17,residual,fr,tier_1,standard_translation,-0.5721,0.2247,20,0
17,attn_out,fr,tier_1,standard_translation,-0.0479,0.1236,20,0
17,mlp_out,fr,tier_1,standard_translation,0.2292,0.2213,20,0
18,residual,fr,tier_1,standard_translation,-0.1132,0.1412,20,0
18,attn_out,fr,tier_1,standard_translation,0.0701,0.0694,20,0
18,mlp_out,fr,tier_1,standard_translation,0.0587,0.1005,20,0
19,residual,fr,tier_1,standard_translation,-0.1358,0.1426,20,0
19,attn_out,fr,tier_1,standard_translation,0.047,0.0578,20,0
19,mlp_out,fr,tier_1,standard_translation,0.0184,0.0986,20,0
20,residual,fr,tier_1,standard_translation,-0.1146,0.1036,20,0
20,attn_out,fr,tier_1,standard_translation,-0.0361,0.0368,20,0
20,mlp_out,fr,tier_1,standard_translation,-0.0159,0.0821,20,0
21,residual,fr,tier_1,standard_translation,-0.1258,0.0751,20,0
21,attn_out,fr,tier_1,standard_translation,-0.0026,0.0321,20,0
21,mlp_out,fr,tier_1,standard_translation,-0.0269,0.0536,20,0
22,residual,fr,tier_1,standard_translation,-0.0082,0.0893,20,0
22,attn_out,fr,tier_1,standard_translation,0.009,0.0173,20,0
22,mlp_out,fr,tier_1,standard_translation,0.0071,0.0291,20,0
23,residual,fr,tier_1,standard_translation,0.0119,0.081,20,0
23,attn_out,fr,tier_1,standard_translation,-0.0122,0.0235,20,0
23,mlp_out,fr,tier_1,standard_translation,-0.0129,0.0361,20,0
24,residual,fr,tier_1,standard_translation,0.0143,0.0672,20,0
24,attn_out,fr,tier_1,standard_translation,-0.0065,0.001,20,0
24,mlp_out,fr,tier_1,standard_translation,-0.0211,0.0178,20,0
25,residual,fr,tier_1,standard_translation,-0.0363,0.0435,20,0
25,attn_out,fr,tier_1,standard_translation,0.0102,0.0134,20,0
25,mlp_out,fr,tier_1,standard_translation,-0.0091,0.0225,20,0
26,residual,fr,tier_1,standard_translation,-0.0423,0.0268,20,0
26,attn_out,fr,tier_1,standard_translation,-0.0152,0.0077,20,0
26,mlp_out,fr,tier_1,standard_translation,0.0132,0.0196,20,0
27,residual,fr,tier_1,standard_translation,0.0,0.0,20,0
27,attn_out,fr,tier_1,standard_translation,0.0,0.0,20,0
27,mlp_out,fr,tier_1,standard_translation,0.0,0.0,20,0
0,residual,zh,tier_1,standard_translation,-0.764,0.5947,20,0
0,attn_out,zh,tier_1,standard_translation,-0.7486,0.5965,20,0
0,mlp_out,zh,tier_1,standard_translation,-0.5987,0.3045,20,0
1,residual,zh,tier_1,standard_translation,-0.6452,0.6294,20,0
1,attn_out,zh,tier_1,standard_translation,0.016,0.0938,20,0
1,mlp_out,zh,tier_1,standard_translation,0.0553,0.1385,20,0
2,residual,zh,tier_1,standard_translation,-0.4504,0.42,20,0
2,attn_out,zh,tier_1,standard_translation,0.0005,0.1113,20,0
2,mlp_out,zh,tier_1,standard_translation,-0.0708,0.0672,20,0
3,residual,zh,tier_1,standard_translation,-0.3758,0.3396,20,0
3,attn_out,zh,tier_1,standard_translation,-0.0011,0.0906,20,0
3,mlp_out,zh,tier_1,standard_translation,-0.0901,0.0727,20,0
4,residual,zh,tier_1,standard_translation,-0.3144,0.29,20,0
4,attn_out,zh,tier_1,standard_translation,0.0221,0.0448,20,0
4,mlp_out,zh,tier_1,standard_translation,0.0871,0.1682,20,0
5,residual,zh,tier_1,standard_translation,-0.2324,0.3265,20,0
5,attn_out,zh,tier_1,standard_translation,-0.0166,0.0805,20,0
5,mlp_out,zh,tier_1,standard_translation,0.1437,0.3196,20,0
6,residual,zh,tier_1,standard_translation,-0.2032,0.3199,20,0
6,attn_out,zh,tier_1,standard_translation,-0.027,0.1379,20,0
6,mlp_out,zh,tier_1,standard_translation,0.0892,0.2371,20,0
7,residual,zh,tier_1,standard_translation,-0.0423,0.3062,20,0
7,attn_out,zh,tier_1,standard_translation,0.0232,0.1175,20,0
7,mlp_out,zh,tier_1,standard_translation,0.1582,0.3384,20,0
8,residual,zh,tier_1,standard_translation,-0.0208,0.2691,20,0
8,attn_out,zh,tier_1,standard_translation,0.0585,0.1205,20,0
8,mlp_out,zh,tier_1,standard_translation,-0.1173,0.102,20,0
9,residual,zh,tier_1,standard_translation,0.0198,0.2145,20,0
9,attn_out,zh,tier_1,standard_translation,-0.0229,0.0799,20,0
9,mlp_out,zh,tier_1,standard_translation,-0.1228,0.1668,20,0
10,residual,zh,tier_1,standard_translation,0.0437,0.2096,20,0
10,attn_out,zh,tier_1,standard_translation,0.0378,0.1058,20,0
10,mlp_out,zh,tier_1,standard_translation,-0.0738,0.1166,20,0
11,residual,zh,tier_1,standard_translation,0.1282,0.2096,20,0
11,attn_out,zh,tier_1,standard_translation,0.0322,0.1029,20,0
11,mlp_out,zh,tier_1,standard_translation,0.0094,0.2178,20,0
12,residual,zh,tier_1,standard_translation,0.0657,0.2444,20,0
12,attn_out,zh,tier_1,standard_translation,-0.1223,0.2465,20,0
12,mlp_out,zh,tier_1,standard_translation,-0.0125,0.1156,20,0
13,residual,zh,tier_1,standard_translation,0.1045,0.1778,20,0
13,attn_out,zh,tier_1,standard_translation,-0.0318,0.0421,20,0
13,mlp_out,zh,tier_1,standard_translation,0.1033,0.096,20,0
14,residual,zh,tier_1,standard_translation,0.1656,0.1282,20,0
14,attn_out,zh,tier_1,standard_translation,-0.0414,0.0461,20,0
14,mlp_out,zh,tier_1,standard_translation,0.009,0.0906,20,0
15,residual,zh,tier_1,standard_translation,0.1732,0.1704,20,0
15,attn_out,zh,tier_1,standard_translation,-0.0365,0.0531,20,0
15,mlp_out,zh,tier_1,standard_translation,0.0926,0.1314,20,0
16,residual,zh,tier_1,standard_translation,0.1781,0.2075,20,0
16,attn_out,zh,tier_1,standard_translation,-0.0202,0.0135,20,0
16,mlp_out,zh,tier_1,standard_translation,-0.0409,0.0989,20,0
17,residual,zh,tier_1,standard_translation,0.2549,0.2282,20,0
17,attn_out,zh,tier_1,standard_translation,0.0025,0.0508,20,0
17,mlp_out,zh,tier_1,standard_translation,-0.0371,0.1685,20,0
18,residual,zh,tier_1,standard_translation,-0.039,0.1965,20,0
18,attn_out,zh,tier_1,standard_translation,0.0116,0.035,20,0
18,mlp_out,zh,tier_1,standard_translation,0.033,0.0582,20,0
19,residual,zh,tier_1,standard_translation,-0.1314,0.1487,20,0
19,attn_out,zh,tier_1,standard_translation,0.009,0.039,20,0
19,mlp_out,zh,tier_1,standard_translation,0.0554,0.0914,20,0
20,residual,zh,tier_1,standard_translation,-0.1278,0.0961,20,0
20,attn_out,zh,tier_1,standard_translation,-0.0235,0.0478,20,0
20,mlp_out,zh,tier_1,standard_translation,0.0368,0.0476,20,0
21,residual,zh,tier_1,standard_translation,-0.15,0.1155,20,0
21,attn_out,zh,tier_1,standard_translation,-0.0014,0.0334,20,0
21,mlp_out,zh,tier_1,standard_translation,-0.0042,0.0809,20,0
22,residual,zh,tier_1,standard_translation,-0.0519,0.0509,20,0
22,attn_out,zh,tier_1,standard_translation,0.0171,0.0273,20,0
22,mlp_out,zh,tier_1,standard_translation,-0.0072,0.048,20,0
23,residual,zh,tier_1,standard_translation,-0.0378,0.0588,20,0
23,attn_out,zh,tier_1,standard_translation,-0.0039,0.008,20,0
23,mlp_out,zh,tier_1,standard_translation,-0.0232,0.0358,20,0
24,residual,zh,tier_1,standard_translation,-0.0165,0.0674,20,0
24,attn_out,zh,tier_1,standard_translation,-0.0043,0.0083,20,0
24,mlp_out,zh,tier_1,standard_translation,-0.0102,0.007,20,0
25,residual,zh,tier_1,standard_translation,-0.008,0.0473,20,0
25,attn_out,zh,tier_1,standard_translation,-0.0197,0.0156,20,0
25,mlp_out,zh,tier_1,standard_translation,0.0052,0.0433,20,0
26,residual,zh,tier_1,standard_translation,-0.0243,0.062,20,0
26,attn_out,zh,tier_1,standard_translation,0.0002,0.0048,20,0
26,mlp_out,zh,tier_1,standard_translation,0.0042,0.0063,20,0
27,residual,zh,tier_1,standard_translation,0.0,0.0,20,0
27,attn_out,zh,tier_1,standard_translation,0.0,0.0,20,0
27,mlp_out,zh,tier_1,standard_translation,0.0,0.0,20,0
0,residual,es,tier_1,standard_translation,-0.6564,0.8746,20,0
0,attn_out,es,tier_1,standard_translation,-0.7057,0.8794,20,0
0,mlp_out,es,tier_1,standard_translation,-0.551,0.9309,20,0
1,residual,es,tier_1,standard_translation,-0.4945,0.6141,20,0
1,attn_out,es,tier_1,standard_translation,-0.0029,0.0882,20,0
1,mlp_out,es,tier_1,standard_translation,0.0583,0.1114,20,0
2,residual,es,tier_1,standard_translation,-0.259,0.3896,20,0
2,attn_out,es,tier_1,standard_translation,-0.0122,0.1326,20,0
2,mlp_out,es,tier_1,standard_translation,0.1091,0.0921,20,0
3,residual,es,tier_1,standard_translation,-0.3833,0.3052,20,0
3,attn_out,es,tier_1,standard_translation,0.1129,0.2143,20,0
3,mlp_out,es,tier_1,standard_translation,0.1052,0.2346,20,0
4,residual,es,tier_1,standard_translation,-0.4526,0.2803,20,0
4,attn_out,es,tier_1,standard_translation,0.045,0.0988,20,0
4,mlp_out,es,tier_1,standard_translation,-0.1822,0.2569,20,0
5,residual,es,tier_1,standard_translation,-0.1795,0.4617,20,0
5,attn_out,es,tier_1,standard_translation,-0.2628,0.1894,20,0
5,mlp_out,es,tier_1,standard_translation,-0.3614,0.348,20,0
6,residual,es,tier_1,standard_translation,0.0763,0.7668,20,0
6,attn_out,es,tier_1,standard_translation,0.08,0.0936,20,0
6,mlp_out,es,tier_1,standard_translation,0.3203,0.4549,20,0
7,residual,es,tier_1,standard_translation,0.0628,0.8023,20,0
7,attn_out,es,tier_1,standard_translation,-0.1784,0.1584,20,0
7,mlp_out,es,tier_1,standard_translation,-0.0893,0.3736,20,0
8,residual,es,tier_1,standard_translation,0.1928,0.8766,20,0
8,attn_out,es,tier_1,standard_translation,-0.0696,0.1512,20,0
8,mlp_out,es,tier_1,standard_translation,0.0794,0.275,20,0
9,residual,es,tier_1,standard_translation,0.1827,0.9168,20,0
9,attn_out,es,tier_1,standard_translation,0.0361,0.1645,20,0
9,mlp_out,es,tier_1,standard_translation,0.0523,0.4953,20,0
10,residual,es,tier_1,standard_translation,0.2441,0.8974,20,0
10,attn_out,es,tier_1,standard_translation,0.2054,0.3724,20,0
10,mlp_out,es,tier_1,standard_translation,0.4615,0.5022,20,0
11,residual,es,tier_1,standard_translation,0.3198,0.8234,20,0
11,attn_out,es,tier_1,standard_translation,0.09,0.3363,20,0
11,mlp_out,es,tier_1,standard_translation,0.451,0.2258,20,0
12,residual,es,tier_1,standard_translation,0.336,0.8852,20,0
12,attn_out,es,tier_1,standard_translation,0.0859,0.2179,20,0
12,mlp_out,es,tier_1,standard_translation,0.6223,0.4566,20,0
13,residual,es,tier_1,standard_translation,0.0607,0.6264,20,0
13,attn_out,es,tier_1,standard_translation,0.042,0.3244,20,0
13,mlp_out,es,tier_1,standard_translation,0.453,0.2742,20,0
14,residual,es,tier_1,standard_translation,0.1086,0.4357,20,0
14,attn_out,es,tier_1,standard_translation,0.0358,0.1025,20,0
14,mlp_out,es,tier_1,standard_translation,0.3029,0.4188,20,0
15,residual,es,tier_1,standard_translation,-0.0391,0.3918,20,0
15,attn_out,es,tier_1,standard_translation,0.0172,0.1878,20,0
15,mlp_out,es,tier_1,standard_translation,0.2458,0.2897,20,0
16,residual,es,tier_1,standard_translation,-0.086,0.3627,20,0
16,attn_out,es,tier_1,standard_translation,-0.1303,0.0825,20,0
16,mlp_out,es,tier_1,standard_translation,0.3174,0.364,20,0
17,residual,es,tier_1,standard_translation,-0.5999,0.3189,20,0
17,attn_out,es,tier_1,standard_translation,-0.0072,0.0879,20,0
17,mlp_out,es,tier_1,standard_translation,0.7789,0.6357,20,0
18,residual,es,tier_1,standard_translation,-0.5053,0.3493,20,0
18,attn_out,es,tier_1,standard_translation,-0.0406,0.1079,20,0
18,mlp_out,es,tier_1,standard_translation,-0.0811,0.174,20,0
19,residual,es,tier_1,standard_translation,-0.4031,0.4261,20,0
19,attn_out,es,tier_1,standard_translation,-0.0223,0.028,20,0
19,mlp_out,es,tier_1,standard_translation,-0.0351,0.1554,20,0
20,residual,es,tier_1,standard_translation,-0.2004,0.3023,20,0
20,attn_out,es,tier_1,standard_translation,-0.0759,0.0401,20,0
20,mlp_out,es,tier_1,standard_translation,-0.0349,0.1514,20,0
21,residual,es,tier_1,standard_translation,-0.1551,0.2463,20,0
21,attn_out,es,tier_1,standard_translation,0.0386,0.041,20,0
21,mlp_out,es,tier_1,standard_translation,-0.0112,0.0683,20,0
22,residual,es,tier_1,standard_translation,-0.0639,0.1293,20,0
22,attn_out,es,tier_1,standard_translation,0.0029,0.0207,20,0
22,mlp_out,es,tier_1,standard_translation,-0.03,0.0647,20,0
23,residual,es,tier_1,standard_translation,-0.0698,0.0979,20,0
23,attn_out,es,tier_1,standard_translation,-0.0406,0.0223,20,0
23,mlp_out,es,tier_1,standard_translation,-0.0679,0.0413,20,0
24,residual,es,tier_1,standard_translation,0.02,0.0688,20,0
24,attn_out,es,tier_1,standard_translation,-0.0252,0.0167,20,0
24,mlp_out,es,tier_1,standard_translation,-0.0267,0.0428,20,0
25,residual,es,tier_1,standard_translation,-0.0272,0.0297,20,0
25,attn_out,es,tier_1,standard_translation,0.0013,0.0193,20,0
25,mlp_out,es,tier_1,standard_translation,0.0292,0.0253,20,0
26,residual,es,tier_1,standard_translation,-0.0493,0.047,20,0
26,attn_out,es,tier_1,standard_translation,-0.0208,0.0066,20,0
26,mlp_out,es,tier_1,standard_translation,0.041,0.011,20,0
27,residual,es,tier_1,standard_translation,0.0,0.0,20,0
27,attn_out,es,tier_1,standard_translation,0.0,0.0,20,0
27,mlp_out,es,tier_1,standard_translation,0.0,0.0,20,0
0,residual,ar,tier_2,standard_translation,-0.3209,0.6181,20,0
0,attn_out,ar,tier_2,standard_translation,-0.3581,0.6164,20,0
0,mlp_out,ar,tier_2,standard_translation,-0.4536,0.431,20,0
1,residual,ar,tier_2,standard_translation,0.0299,0.536,20,0
1,attn_out,ar,tier_2,standard_translation,-0.0887,0.0798,20,0
1,mlp_out,ar,tier_2,standard_translation,0.0528,0.1754,20,0
2,residual,ar,tier_2,standard_translation,0.1166,0.552,20,0
2,attn_out,ar,tier_2,standard_translation,0.1514,0.2884,20,0
2,mlp_out,ar,tier_2,standard_translation,0.1545,0.4423,20,0
3,residual,ar,tier_2,standard_translation,0.0998,0.6763,20,0
3,attn_out,ar,tier_2,standard_translation,0.0248,0.1135,20,0
3,mlp_out,ar,tier_2,standard_translation,-0.0079,0.177,20,0
4,residual,ar,tier_2,standard_translation,0.1758,0.823,20,0
4,attn_out,ar,tier_2,standard_translation,0.067,0.1373,20,0
4,mlp_out,ar,tier_2,standard_translation,0.0516,0.2268,20,0
5,residual,ar,tier_2,standard_translation,0.2523,0.8529,20,0
5,attn_out,ar,tier_2,standard_translation,-0.0057,0.1882,20,0
5,mlp_out,ar,tier_2,standard_translation,0.0744,0.2674,20,0
6,residual,ar,tier_2,standard_translation,-0.0843,0.2877,20,0
6,attn_out,ar,tier_2,standard_translation,-0.0112,0.1985,20,0
6,mlp_out,ar,tier_2,standard_translation,0.2669,0.3673,20,0
7,residual,ar,tier_2,standard_translation,0.0929,0.5584,20,0
7,attn_out,ar,tier_2,standard_translation,0.4246,0.674,20,0
7,mlp_out,ar,tier_2,standard_translation,0.1295,0.3976,20,0
8,residual,ar,tier_2,standard_translation,0.0977,0.4606,20,0
8,attn_out,ar,tier_2,standard_translation,-0.0887,0.1818,20,0
8,mlp_out,ar,tier_2,standard_translation,0.0348,0.2701,20,0
9,residual,ar,tier_2,standard_translation,-0.0434,0.3342,20,0
9,attn_out,ar,tier_2,standard_translation,0.0524,0.112,20,0
9,mlp_out,ar,tier_2,standard_translation,-0.0653,0.203,20,0
10,residual,ar,tier_2,standard_translation,0.1181,0.5788,20,0
10,attn_out,ar,tier_2,standard_translation,-0.018,0.0803,20,0
10,mlp_out,ar,tier_2,standard_translation,-0.1137,0.0564,20,0
11,residual,ar,tier_2,standard_translation,0.1439,0.5546,20,0
11,attn_out,ar,tier_2,standard_translation,-0.0432,0.0582,20,0
11,mlp_out,ar,tier_2,standard_translation,-0.1147,0.2023,20,0
12,residual,ar,tier_2,standard_translation,0.0735,0.4055,20,0
12,attn_out,ar,tier_2,standard_translation,-0.0613,0.0674,20,0
12,mlp_out,ar,tier_2,standard_translation,0.035,0.0938,20,0
13,residual,ar,tier_2,standard_translation,-0.0147,0.2736,20,0
13,attn_out,ar,tier_2,standard_translation,0.0822,0.1199,20,0
13,mlp_out,ar,tier_2,standard_translation,-0.0638,0.0388,20,0
14,residual,ar,tier_2,standard_translation,0.0074,0.2624,20,0
14,attn_out,ar,tier_2,standard_translation,-0.0298,0.0349,20,0
14,mlp_out,ar,tier_2,standard_translation,-0.0184,0.0404,20,0
15,residual,ar,tier_2,standard_translation,-0.053,0.2259,20,0
15,attn_out,ar,tier_2,standard_translation,0.0329,0.0656,20,0
15,mlp_out,ar,tier_2,standard_translation,0.0502,0.0622,20,0
16,residual,ar,tier_2,standard_translation,-0.0859,0.2538,20,0
16,attn_out,ar,tier_2,standard_translation,0.0055,0.0432,20,0
16,mlp_out,ar,tier_2,standard_translation,-0.1073,0.0892,20,0
17,residual,ar,tier_2,standard_translation,-0.026,0.3255,20,0
17,attn_out,ar,tier_2,standard_translation,0.0112,0.028,20,0
17,mlp_out,ar,tier_2,standard_translation,-0.0151,0.0767,20,0
18,residual,ar,tier_2,standard_translation,-0.1135,0.1289,20,0
18,attn_out,ar,tier_2,standard_translation,-0.0245,0.0581,20,0
18,mlp_out,ar,tier_2,standard_translation,0.038,0.0711,20,0
19,residual,ar,tier_2,standard_translation,-0.1494,0.1204,20,0
19,attn_out,ar,tier_2,standard_translation,-0.0236,0.0642,20,0
19,mlp_out,ar,tier_2,standard_translation,0.0327,0.0382,20,0
20,residual,ar,tier_2,standard_translation,-0.1307,0.1269,20,0
20,attn_out,ar,tier_2,standard_translation,0.0002,0.0178,20,0
20,mlp_out,ar,tier_2,standard_translation,0.0255,0.029,20,0
21,residual,ar,tier_2,standard_translation,-0.1894,0.1607,20,0
21,attn_out,ar,tier_2,standard_translation,-0.0183,0.0127,20,0
21,mlp_out,ar,tier_2,standard_translation,0.0197,0.0307,20,0
22,residual,ar,tier_2,standard_translation,-0.0942,0.1831,20,0
22,attn_out,ar,tier_2,standard_translation,-0.0006,0.0084,20,0
22,mlp_out,ar,tier_2,standard_translation,0.0338,0.0571,20,0
23,residual,ar,tier_2,standard_translation,-0.0988,0.1729,20,0
23,attn_out,ar,tier_2,standard_translation,0.0116,0.0393,20,0
23,mlp_out,ar,tier_2,standard_translation,-0.0245,0.0076,20,0
24,residual,ar,tier_2,standard_translation,-0.0261,0.119,20,0
24,attn_out,ar,tier_2,standard_translation,-0.0032,0.0083,20,0
24,mlp_out,ar,tier_2,standard_translation,-0.0142,0.0357,20,0
25,residual,ar,tier_2,standard_translation,-0.0017,0.0836,20,0
25,attn_out,ar,tier_2,standard_translation,-0.0016,0.008,20,0
25,mlp_out,ar,tier_2,standard_translation,-0.0058,0.0121,20,0
26,residual,ar,tier_2,standard_translation,-0.0097,0.0595,20,0
26,attn_out,ar,tier_2,standard_translation,-0.0036,0.0036,20,0
26,mlp_out,ar,tier_2,standard_translation,0.0028,0.0205,20,0
27,residual,ar,tier_2,standard_translation,0.0,0.0,20,0
27,attn_out,ar,tier_2,standard_translation,0.0,0.0,20,0
27,mlp_out,ar,tier_2,standard_translation,0.0,0.0,20,0
0,residual,ru,tier_2,standard_translation,-1.0297,0.5173,20,0
0,attn_out,ru,tier_2,standard_translation,-1.0221,0.5141,20,0
0,mlp_out,ru,tier_2,standard_translation,-0.968,0.6045,20,0
1,residual,ru,tier_2,standard_translation,-0.743,0.4256,20,0
1,attn_out,ru,tier_2,standard_translation,0.0461,0.1412,20,0
1,mlp_out,ru,tier_2,standard_translation,-0.0413,0.089,20,0
2,residual,ru,tier_2,standard_translation,-0.6646,0.4059,20,0
2,attn_out,ru,tier_2,standard_translation,0.0125,0.1423,20,0
2,mlp_out,ru,tier_2,standard_translation,-0.0815,0.2838,20,0
3,residual,ru,tier_2,standard_translation,-0.6386,0.3168,20,0
3,attn_out,ru,tier_2,standard_translation,0.0469,0.1384,20,0
3,mlp_out,ru,tier_2,standard_translation,-0.0372,0.1835,20,0
4,residual,ru,tier_2,standard_translation,-0.6649,0.3464,20,0
4,attn_out,ru,tier_2,standard_translation,0.0262,0.2118,20,0
4,mlp_out,ru,tier_2,standard_translation,-0.0014,0.1219,20,0
5,residual,ru,tier_2,standard_translation,-0.4395,0.3275,20,0
5,attn_out,ru,tier_2,standard_translation,-0.0392,0.0733,20,0
5,mlp_out,ru,tier_2,standard_translation,-0.1245,0.2331,20,0
6,residual,ru,tier_2,standard_translation,-0.7427,0.5486,20,0
6,attn_out,ru,tier_2,standard_translation,0.1045,0.0877,20,0
6,mlp_out,ru,tier_2,standard_translation,-0.3091,0.1785,20,0
7,residual,ru,tier_2,standard_translation,-0.7973,0.6268,20,0
7,attn_out,ru,tier_2,standard_translation,-0.1832,0.2354,20,0
7,mlp_out,ru,tier_2,standard_translation,-0.3372,0.1924,20,0
8,residual,ru,tier_2,standard_translation,-0.9446,0.6509,20,0
8,attn_out,ru,tier_2,standard_translation,0.0375,0.1032,20,0
8,mlp_out,ru,tier_2,standard_translation,-0.1367,0.3333,20,0
9,residual,ru,tier_2,standard_translation,-0.9173,0.7446,20,0
9,attn_out,ru,tier_2,standard_translation,0.1419,0.1198,20,0
9,mlp_out,ru,tier_2,standard_translation,-0.3601,0.3961,20,0
10,residual,ru,tier_2,standard_translation,-1.03,0.8652,20,0
10,attn_out,ru,tier_2,standard_translation,0.0667,0.2419,20,0
10,mlp_out,ru,tier_2,standard_translation,-0.0849,0.1922,20,0
11,residual,ru,tier_2,standard_translation,-1.227,0.8674,20,0
11,attn_out,ru,tier_2,standard_translation,-0.0501,0.1378,20,0
11,mlp_out,ru,tier_2,standard_translation,-0.0489,0.3634,20,0
12,residual,ru,tier_2,standard_translation,-1.4015,0.8751,20,0
12,attn_out,ru,tier_2,standard_translation,-0.2321,0.2849,20,0
12,mlp_out,ru,tier_2,standard_translation,-0.292,0.1443,20,0
13,residual,ru,tier_2,standard_translation,-1.1415,0.8223,20,0
13,attn_out,ru,tier_2,standard_translation,-0.2253,0.2392,20,0
13,mlp_out,ru,tier_2,standard_translation,-0.0746,0.2061,20,0
14,residual,ru,tier_2,standard_translation,-1.044,0.6834,20,0
14,attn_out,ru,tier_2,standard_translation,-0.1389,0.1463,20,0
14,mlp_out,ru,tier_2,standard_translation,-0.2842,0.2722,20,0
15,residual,ru,tier_2,standard_translation,-1.147,0.6457,20,0
15,attn_out,ru,tier_2,standard_translation,-0.1771,0.1442,20,0
15,mlp_out,ru,tier_2,standard_translation,-0.4358,0.2254,20,0
16,residual,ru,tier_2,standard_translation,-1.2372,0.6315,20,0
16,attn_out,ru,tier_2,standard_translation,-0.0394,0.162,20,0
16,mlp_out,ru,tier_2,standard_translation,-0.3307,0.1646,20,0
17,residual,ru,tier_2,standard_translation,-1.273,0.615,20,0
17,attn_out,ru,tier_2,standard_translation,-0.2151,0.0819,20,0
17,mlp_out,ru,tier_2,standard_translation,-0.1758,0.2983,20,0
18,residual,ru,tier_2,standard_translation,-0.5699,0.187,20,0
18,attn_out,ru,tier_2,standard_translation,0.0147,0.0771,20,0
18,mlp_out,ru,tier_2,standard_translation,-0.0465,0.1724,20,0
19,residual,ru,tier_2,standard_translation,-0.5454,0.175,20,0
19,attn_out,ru,tier_2,standard_translation,0.037,0.0565,20,0
19,mlp_out,ru,tier_2,standard_translation,-0.08,0.1122,20,0
20,residual,ru,tier_2,standard_translation,-0.3699,0.1508,20,0
20,attn_out,ru,tier_2,standard_translation,-0.038,0.0384,20,0
20,mlp_out,ru,tier_2,standard_translation,-0.0059,0.1465,20,0
21,residual,ru,tier_2,standard_translation,-0.2546,0.1663,20,0
21,attn_out,ru,tier_2,standard_translation,-0.0239,0.0335,20,0
21,mlp_out,ru,tier_2,standard_translation,-0.0439,0.0564,20,0
22,residual,ru,tier_2,standard_translation,-0.2017,0.2039,20,0
22,attn_out,ru,tier_2,standard_translation,0.0071,0.0178,20,0
22,mlp_out,ru,tier_2,standard_translation,0.0239,0.0406,20,0
23,residual,ru,tier_2,standard_translation,-0.2223,0.2018,20,0
23,attn_out,ru,tier_2,standard_translation,-0.0415,0.0321,20,0
23,mlp_out,ru,tier_2,standard_translation,-0.0243,0.019,20,0
24,residual,ru,tier_2,standard_translation,-0.1967,0.1678,20,0
24,attn_out,ru,tier_2,standard_translation,-0.0071,0.0086,20,0
24,mlp_out,ru,tier_2,standard_translation,-0.0502,0.0288,20,0
25,residual,ru,tier_2,standard_translation,-0.1512,0.0552,20,0
25,attn_out,ru,tier_2,standard_translation,0.0147,0.0111,20,0
25,mlp_out,ru,tier_2,standard_translation,-0.0036,0.0256,20,0
26,residual,ru,tier_2,standard_translation,-0.1104,0.0967,20,0
26,attn_out,ru,tier_2,standard_translation,-0.0157,0.0055,20,0
26,mlp_out,ru,tier_2,standard_translation,-0.02,0.0078,20,0
27,residual,ru,tier_2,standard_translation,0.0,0.0,20,0
27,attn_out,ru,tier_2,standard_translation,0.0,0.0,20,0
27,mlp_out,ru,tier_2,standard_translation,0.0,0.0,20,0
0,residual,ko,tier_2,standard_translation,-1.1922,0.4527,20,0
0,attn_out,ko,tier_2,standard_translation,-1.1563,0.4514,20,0
0,mlp_out,ko,tier_2,standard_translation,-0.3036,0.3022,20,0
1,residual,ko,tier_2,standard_translation,-1.0007,0.5359,20,0
1,attn_out,ko,tier_2,standard_translation,0.1623,0.1134,20,0
1,mlp_out,ko,tier_2,standard_translation,0.0856,0.0962,20,0
2,residual,ko,tier_2,standard_translation,-0.8714,0.4793,20,0
2,attn_out,ko,tier_2,standard_translation,0.1245,0.118,20,0
2,mlp_out,ko,tier_2,standard_translation,0.1313,0.1114,20,0
3,residual,ko,tier_2,standard_translation,-0.5258,0.4663,20,0
3,attn_out,ko,tier_2,standard_translation,0.2112,0.1202,20,0
3,mlp_out,ko,tier_2,standard_translation,0.2396,0.1534,20,0
4,residual,ko,tier_2,standard_translation,-0.4354,0.4709,20,0
4,attn_out,ko,tier_2,standard_translation,0.0429,0.192,20,0
4,mlp_out,ko,tier_2,standard_translation,0.1733,0.3433,20,0
5,residual,ko,tier_2,standard_translation,-0.3747,0.5263,20,0
5,attn_out,ko,tier_2,standard_translation,-0.1289,0.1407,20,0
5,mlp_out,ko,tier_2,standard_translation,0.0473,0.3122,20,0
6,residual,ko,tier_2,standard_translation,-0.1729,0.6004,20,0
6,attn_out,ko,tier_2,standard_translation,0.2171,0.3087,20,0
6,mlp_out,ko,tier_2,standard_translation,0.0887,0.3547,20,0
7,residual,ko,tier_2,standard_translation,0.0224,0.669,20,0
7,attn_out,ko,tier_2,standard_translation,0.0767,0.0864,20,0
7,mlp_out,ko,tier_2,standard_translation,-0.0486,0.4308,20,0
8,residual,ko,tier_2,standard_translation,0.0054,0.7193,20,0
8,attn_out,ko,tier_2,standard_translation,-0.202,0.199,20,0
8,mlp_out,ko,tier_2,standard_translation,-0.1345,0.2442,20,0
9,residual,ko,tier_2,standard_translation,0.0173,0.6933,20,0
9,attn_out,ko,tier_2,standard_translation,0.0091,0.1241,20,0
9,mlp_out,ko,tier_2,standard_translation,0.0081,0.48,20,0
10,residual,ko,tier_2,standard_translation,-0.0719,0.768,20,0
10,attn_out,ko,tier_2,standard_translation,-0.0316,0.1079,20,0
10,mlp_out,ko,tier_2,standard_translation,0.1225,0.3795,20,0
11,residual,ko,tier_2,standard_translation,-0.0805,0.7939,20,0
11,attn_out,ko,tier_2,standard_translation,0.0938,0.1168,20,0
11,mlp_out,ko,tier_2,standard_translation,-0.0543,0.3897,20,0
12,residual,ko,tier_2,standard_translation,-0.0716,0.8515,20,0
12,attn_out,ko,tier_2,standard_translation,-0.1187,0.2089,20,0
12,mlp_out,ko,tier_2,standard_translation,0.0376,0.2003,20,0
13,residual,ko,tier_2,standard_translation,-0.138,0.3638,20,0
13,attn_out,ko,tier_2,standard_translation,-0.003,0.1605,20,0
13,mlp_out,ko,tier_2,standard_translation,0.0732,0.3114,20,0
14,residual,ko,tier_2,standard_translation,-0.1721,0.3184,20,0
14,attn_out,ko,tier_2,standard_translation,-0.1267,0.1072,20,0
14,mlp_out,ko,tier_2,standard_translation,-0.0476,0.2142,20,0
15,residual,ko,tier_2,standard_translation,-0.2479,0.1737,20,0
15,attn_out,ko,tier_2,standard_translation,-0.1053,0.1151,20,0
15,mlp_out,ko,tier_2,standard_translation,-0.0464,0.2243,20,0
16,residual,ko,tier_2,standard_translation,-0.3769,0.1216,20,0
16,attn_out,ko,tier_2,standard_translation,-0.1333,0.0996,20,0
16,mlp_out,ko,tier_2,standard_translation,-0.1717,0.2055,20,0
17,residual,ko,tier_2,standard_translation,-0.3805,0.0712,20,0
17,attn_out,ko,tier_2,standard_translation,-0.1206,0.0727,20,0
17,mlp_out,ko,tier_2,standard_translation,-0.212,0.1935,20,0
18,residual,ko,tier_2,standard_translation,-0.3694,0.0911,20,0
18,attn_out,ko,tier_2,standard_translation,-0.0409,0.0937,20,0
18,mlp_out,ko,tier_2,standard_translation,-0.1639,0.1463,20,0
19,residual,ko,tier_2,standard_translation,-0.3211,0.1034,20,0
19,attn_out,ko,tier_2,standard_translation,0.1066,0.0423,20,0
19,mlp_out,ko,tier_2,standard_translation,-0.0289,0.0416,20,0
20,residual,ko,tier_2,standard_translation,-0.2535,0.1158,20,0
20,attn_out,ko,tier_2,standard_translation,0.0218,0.0368,20,0
20,mlp_out,ko,tier_2,standard_translation,0.0455,0.0568,20,0
21,residual,ko,tier_2,standard_translation,-0.2926,0.1216,20,0
21,attn_out,ko,tier_2,standard_translation,-0.0198,0.0151,20,0
21,mlp_out,ko,tier_2,standard_translation,-0.0206,0.029,20,0
22,residual,ko,tier_2,standard_translation,-0.1116,0.1216,20,0
22,attn_out,ko,tier_2,standard_translation,-0.0154,0.0162,20,0
22,mlp_out,ko,tier_2,standard_translation,-0.0007,0.037,20,0
23,residual,ko,tier_2,standard_translation,-0.0851,0.1389,20,0
23,attn_out,ko,tier_2,standard_translation,0.0054,0.0135,20,0
23,mlp_out,ko,tier_2,standard_translation,0.0047,0.0118,20,0
24,residual,ko,tier_2,standard_translation,-0.1029,0.1689,20,0
24,attn_out,ko,tier_2,standard_translation,0.0023,0.0056,20,0
24,mlp_out,ko,tier_2,standard_translation,0.0004,0.0188,20,0
25,residual,ko,tier_2,standard_translation,-0.0698,0.1166,20,0
25,attn_out,ko,tier_2,standard_translation,0.0151,0.0046,20,0
25,mlp_out,ko,tier_2,standard_translation,-0.0299,0.0172,20,0
26,residual,ko,tier_2,standard_translation,-0.0222,0.0584,20,0
26,attn_out,ko,tier_2,standard_translation,-0.007,0.015,20,0
26,mlp_out,ko,tier_2,standard_translation,0.0006,0.0182,20,0
27,residual,ko,tier_2,standard_translation,0.0,0.0,20,0
27,attn_out,ko,tier_2,standard_translation,0.0,0.0,20,0
27,mlp_out,ko,tier_2,standard_translation,0.0,0.0,20,0
0,residual,ja,tier_2,standard_translation,-0.9552,0.4082,20,0
0,attn_out,ja,tier_2,standard_translation,-0.9566,0.4078,20,0
0,mlp_out,ja,tier_2,standard_translation,-0.7872,0.7527,20,0
1,residual,ja,tier_2,standard_translation,-0.9044,0.3471,20,0
1,attn_out,ja,tier_2,standard_translation,-0.0182,0.0688,20,0
1,mlp_out,ja,tier_2,standard_translation,0.0926,0.1275,20,0
2,residual,ja,tier_2,standard_translation,-0.8737,0.369,20,0
2,attn_out,ja,tier_2,standard_translation,-0.1125,0.1706,20,0
2,mlp_out,ja,tier_2,standard_translation,-0.0731,0.1826,20,0
3,residual,ja,tier_2,standard_translation,-0.694,0.2957,20,0
3,attn_out,ja,tier_2,standard_translation,-0.1342,0.2046,20,0
3,mlp_out,ja,tier_2,standard_translation,-0.14,0.2304,20,0
4,residual,ja,tier_2,standard_translation,-0.4999,0.2861,20,0
4,attn_out,ja,tier_2,standard_translation,-0.0048,0.0644,20,0
4,mlp_out,ja,tier_2,standard_translation,-0.0942,0.1511,20,0
5,residual,ja,tier_2,standard_translation,-0.311,0.2513,20,0
5,attn_out,ja,tier_2,standard_translation,-0.0155,0.1222,20,0
5,mlp_out,ja,tier_2,standard_translation,0.1011,0.1678,20,0
6,residual,ja,tier_2,standard_translation,-0.0334,0.3534,20,0
6,attn_out,ja,tier_2,standard_translation,-0.0255,0.172,20,0
6,mlp_out,ja,tier_2,standard_translation,-0.0305,0.1077,20,0
7,residual,ja,tier_2,standard_translation,0.1578,0.3521,20,0
7,attn_out,ja,tier_2,standard_translation,-0.0269,0.1783,20,0
7,mlp_out,ja,tier_2,standard_translation,0.2185,0.0931,20,0
8,residual,ja,tier_2,standard_translation,0.2777,0.4357,20,0
8,attn_out,ja,tier_2,standard_translation,0.0178,0.0808,20,0
8,mlp_out,ja,tier_2,standard_translation,0.041,0.1789,20,0
9,residual,ja,tier_2,standard_translation,0.2529,0.467,20,0
9,attn_out,ja,tier_2,standard_translation,0.0149,0.048,20,0
9,mlp_out,ja,tier_2,standard_translation,0.222,0.2417,20,0
10,residual,ja,tier_2,standard_translation,0.2072,0.5586,20,0
10,attn_out,ja,tier_2,standard_translation,-0.047,0.2827,20,0
10,mlp_out,ja,tier_2,standard_translation,0.1669,0.1336,20,0
11,residual,ja,tier_2,standard_translation,0.229,0.4491,20,0
11,attn_out,ja,tier_2,standard_translation,0.0072,0.1329,20,0
11,mlp_out,ja,tier_2,standard_translation,0.0636,0.053,20,0
12,residual,ja,tier_2,standard_translation,0.1848,0.4841,20,0
12,attn_out,ja,tier_2,standard_translation,-0.045,0.1996,20,0
12,mlp_out,ja,tier_2,standard_translation,0.1914,0.0729,20,0
13,residual,ja,tier_2,standard_translation,0.136,0.3104,20,0
13,attn_out,ja,tier_2,standard_translation,-0.0781,0.0618,20,0
13,mlp_out,ja,tier_2,standard_translation,0.0965,0.1497,20,0
14,residual,ja,tier_2,standard_translation,0.1121,0.3095,20,0
14,attn_out,ja,tier_2,standard_translation,0.0502,0.1021,20,0
14,mlp_out,ja,tier_2,standard_translation,0.1435,0.1157,20,0
15,residual,ja,tier_2,standard_translation,0.0477,0.2639,20,0
15,attn_out,ja,tier_2,standard_translation,-0.04,0.0571,20,0
15,mlp_out,ja,tier_2,standard_translation,0.0117,0.1548,20,0
16,residual,ja,tier_2,standard_translation,0.0117,0.2376,20,0
16,attn_out,ja,tier_2,standard_translation,-0.0753,0.1044,20,0
16,mlp_out,ja,tier_2,standard_translation,-0.0483,0.1254,20,0
17,residual,ja,tier_2,standard_translation,0.0952,0.2865,20,0
17,attn_out,ja,tier_2,standard_translation,-0.062,0.0232,20,0
17,mlp_out,ja,tier_2,standard_translation,-0.0687,0.2137,20,0
18,residual,ja,tier_2,standard_translation,-0.1285,0.1663,20,0
18,attn_out,ja,tier_2,standard_translation,0.002,0.0296,20,0
18,mlp_out,ja,tier_2,standard_translation,0.0594,0.0739,20,0
19,residual,ja,tier_2,standard_translation,-0.2103,0.1622,20,0
19,attn_out,ja,tier_2,standard_translation,0.023,0.0489,20,0
19,mlp_out,ja,tier_2,standard_translation,-0.0355,0.0433,20,0
20,residual,ja,tier_2,standard_translation,-0.1547,0.2187,20,0
20,attn_out,ja,tier_2,standard_translation,0.0146,0.0139,20,0
20,mlp_out,ja,tier_2,standard_translation,0.0625,0.0415,20,0
21,residual,ja,tier_2,standard_translation,-0.1892,0.1679,20,0
21,attn_out,ja,tier_2,standard_translation,0.0047,0.0123,20,0
21,mlp_out,ja,tier_2,standard_translation,-0.0551,0.0241,20,0
22,residual,ja,tier_2,standard_translation,-0.0345,0.1495,20,0
22,attn_out,ja,tier_2,standard_translation,-0.0063,0.0062,20,0
22,mlp_out,ja,tier_2,standard_translation,0.0312,0.0073,20,0
23,residual,ja,tier_2,standard_translation,-0.0196,0.1426,20,0
23,attn_out,ja,tier_2,standard_translation,-0.0,0.0105,20,0
23,mlp_out,ja,tier_2,standard_translation,-0.0176,0.0229,20,0
24,residual,ja,tier_2,standard_translation,-0.031,0.1193,20,0
24,attn_out,ja,tier_2,standard_translation,0.0025,0.0055,20,0
24,mlp_out,ja,tier_2,standard_translation,0.0158,0.0243,20,0
25,residual,ja,tier_2,standard_translation,-0.0591,0.0829,20,0
25,attn_out,ja,tier_2,standard_translation,-0.0066,0.0047,20,0
25,mlp_out,ja,tier_2,standard_translation,-0.0231,0.0106,20,0
26,residual,ja,tier_2,standard_translation,-0.0544,0.0762,20,0
26,attn_out,ja,tier_2,standard_translation,-0.0038,0.0038,20,0
26,mlp_out,ja,tier_2,standard_translation,-0.0026,0.0072,20,0
27,residual,ja,tier_2,standard_translation,0.0,0.0,20,0
27,attn_out,ja,tier_2,standard_translation,0.0,0.0,20,0
27,mlp_out,ja,tier_2,standard_translation,0.0,0.0,20,0
0,residual,tr,tier_3,standard_translation,-0.38,1.1621,20,0
0,attn_out,tr,tier_3,standard_translation,-0.3566,1.1481,20,0
0,mlp_out,tr,tier_3,standard_translation,-0.7366,1.1069,20,0
1,residual,tr,tier_3,standard_translation,-0.504,0.9995,20,0
1,attn_out,tr,tier_3,standard_translation,0.1163,0.1431,20,0
1,mlp_out,tr,tier_3,standard_translation,0.1791,0.4492,20,0
2,residual,tr,tier_3,standard_translation,-0.4822,0.9809,20,0
2,attn_out,tr,tier_3,standard_translation,0.1524,0.186,20,0
2,mlp_out,tr,tier_3,standard_translation,0.3084,0.2512,20,0
3,residual,tr,tier_3,standard_translation,-0.1122,0.9872,20,0
3,attn_out,tr,tier_3,standard_translation,0.0347,0.2548,20,0
3,mlp_out,tr,tier_3,standard_translation,0.2199,0.2253,20,0
4,residual,tr,tier_3,standard_translation,-0.1335,0.9972,20,0
4,attn_out,tr,tier_3,standard_translation,-0.0509,0.2452,20,0
4,mlp_out,tr,tier_3,standard_translation,0.1207,0.2835,20,0
5,residual,tr,tier_3,standard_translation,0.0455,1.0442,20,0
5,attn_out,tr,tier_3,standard_translation,-0.1031,0.1354,20,0
5,mlp_out,tr,tier_3,standard_translation,0.138,0.4622,20,0
6,residual,tr,tier_3,standard_translation,0.3113,1.322,20,0
6,attn_out,tr,tier_3,standard_translation,0.1518,0.3178,20,0
6,mlp_out,tr,tier_3,standard_translation,0.4748,0.7065,20,0
7,residual,tr,tier_3,standard_translation,0.1479,1.5677,20,0
7,attn_out,tr,tier_3,standard_translation,-0.0358,0.5579,20,0
7,mlp_out,tr,tier_3,standard_translation,0.0605,0.2484,20,0
8,residual,tr,tier_3,standard_translation,0.0264,1.5524,20,0
8,attn_out,tr,tier_3,standard_translation,-0.1829,0.3389,20,0
8,mlp_out,tr,tier_3,standard_translation,0.0551,0.4047,20,0
9,residual,tr,tier_3,standard_translation,-0.09,1.3794,20,0
9,attn_out,tr,tier_3,standard_translation,-0.1953,0.5531,20,0
9,mlp_out,tr,tier_3,standard_translation,0.4556,0.8873,20,0
10,residual,tr,tier_3,standard_translation,0.0607,1.4558,20,0
10,attn_out,tr,tier_3,standard_translation,0.1487,0.2481,20,0
10,mlp_out,tr,tier_3,standard_translation,0.3317,0.9456,20,0
11,residual,tr,tier_3,standard_translation,0.5245,1.3713,20,0
11,attn_out,tr,tier_3,standard_translation,0.4086,0.3136,20,0
11,mlp_out,tr,tier_3,standard_translation,0.3875,0.2872,20,0
12,residual,tr,tier_3,standard_translation,0.9636,1.2909,20,0
12,attn_out,tr,tier_3,standard_translation,0.3635,0.414,20,0
12,mlp_out,tr,tier_3,standard_translation,0.6265,0.3202,20,0
13,residual,tr,tier_3,standard_translation,1.0896,1.1619,20,0
13,attn_out,tr,tier_3,standard_translation,0.1531,0.4293,20,0
13,mlp_out,tr,tier_3,standard_translation,0.4042,0.3143,20,0
14,residual,tr,tier_3,standard_translation,1.0542,1.1041,20,0
14,attn_out,tr,tier_3,standard_translation,0.2527,0.2859,20,0
14,mlp_out,tr,tier_3,standard_translation,0.8726,0.7494,20,0
15,residual,tr,tier_3,standard_translation,1.0458,1.0627,20,0
15,attn_out,tr,tier_3,standard_translation,-0.0515,0.2424,20,0
15,mlp_out,tr,tier_3,standard_translation,0.4087,0.2561,20,0
16,residual,tr,tier_3,standard_translation,1.0163,1.1721,20,0
16,attn_out,tr,tier_3,standard_translation,-0.2371,0.2245,20,0
16,mlp_out,tr,tier_3,standard_translation,0.4061,0.5353,20,0
17,residual,tr,tier_3,standard_translation,0.8733,1.2133,20,0
17,attn_out,tr,tier_3,standard_translation,0.0002,0.1015,20,0
17,mlp_out,tr,tier_3,standard_translation,0.5319,0.7711,20,0
18,residual,tr,tier_3,standard_translation,-0.0654,0.3065,20,0
18,attn_out,tr,tier_3,standard_translation,-0.1241,0.0574,20,0
18,mlp_out,tr,tier_3,standard_translation,-0.0246,0.1396,20,0
19,residual,tr,tier_3,standard_translation,-0.0758,0.3896,20,0
19,attn_out,tr,tier_3,standard_translation,-0.0067,0.0705,20,0
19,mlp_out,tr,tier_3,standard_translation,0.0241,0.0563,20,0
20,residual,tr,tier_3,standard_translation,-0.1701,0.4211,20,0
20,attn_out,tr,tier_3,standard_translation,-0.0044,0.0397,20,0
20,mlp_out,tr,tier_3,standard_translation,0.0412,0.0956,20,0
21,residual,tr,tier_3,standard_translation,-0.1664,0.3584,20,0
21,attn_out,tr,tier_3,standard_translation,-0.0232,0.0268,20,0
21,mlp_out,tr,tier_3,standard_translation,-0.0532,0.0577,20,0
22,residual,tr,tier_3,standard_translation,-0.0911,0.3207,20,0
22,attn_out,tr,tier_3,standard_translation,0.012,0.0166,20,0
22,mlp_out,tr,tier_3,standard_translation,0.0025,0.0462,20,0
23,residual,tr,tier_3,standard_translation,-0.1466,0.3524,20,0
23,attn_out,tr,tier_3,standard_translation,0.0014,0.035,20,0
23,mlp_out,tr,tier_3,standard_translation,-0.0068,0.0312,20,0
24,residual,tr,tier_3,standard_translation,-0.1006,0.3057,20,0
24,attn_out,tr,tier_3,standard_translation,0.0073,0.0063,20,0
24,mlp_out,tr,tier_3,standard_translation,-0.0455,0.0466,20,0
25,residual,tr,tier_3,standard_translation,-0.1452,0.233,20,0
25,attn_out,tr,tier_3,standard_translation,-0.0206,0.0105,20,0
25,mlp_out,tr,tier_3,standard_translation,0.017,0.0418,20,0
26,residual,tr,tier_3,standard_translation,-0.104,0.1849,20,0
26,attn_out,tr,tier_3,standard_translation,-0.0258,0.0148,20,0
26,mlp_out,tr,tier_3,standard_translation,0.0338,0.0019,20,0
27,residual,tr,tier_3,standard_translation,0.0,0.0,20,0
27,attn_out,tr,tier_3,standard_translation,0.0,0.0,20,0
27,mlp_out,tr,tier_3,standard_translation,0.0,0.0,20,0
0,residual,id,tier_3,standard_translation,-0.9006,0.2351,20,0
0,attn_out,id,tier_3,standard_translation,-0.9057,0.2354,20,0
0,mlp_out,id,tier_3,standard_translation,-0.8977,0.3227,20,0
1,residual,id,tier_3,standard_translation,-0.8813,0.4395,20,0
1,attn_out,id,tier_3,standard_translation,0.028,0.1311,20,0
1,mlp_out,id,tier_3,standard_translation,-0.1705,0.2365,20,0
2,residual,id,tier_3,standard_translation,-0.6136,0.3219,20,0
2,attn_out,id,tier_3,standard_translation,-0.1397,0.1686,20,0
2,mlp_out,id,tier_3,standard_translation,-0.0657,0.3115,20,0
3,residual,id,tier_3,standard_translation,-0.6088,0.4305,20,0
3,attn_out,id,tier_3,standard_translation,-0.0239,0.1501,20,0
3,mlp_out,id,tier_3,standard_translation,-0.2242,0.1277,20,0
4,residual,id,tier_3,standard_translation,-0.5657,0.4331,20,0
4,attn_out,id,tier_3,standard_translation,-0.0673,0.1322,20,0
4,mlp_out,id,tier_3,standard_translation,-0.1701,0.1857,20,0
5,residual,id,tier_3,standard_translation,-0.2314,0.3556,20,0
5,attn_out,id,tier_3,standard_translation,-0.13,0.1193,20,0
5,mlp_out,id,tier_3,standard_translation,-0.1544,0.2253,20,0
6,residual,id,tier_3,standard_translation,-0.1586,0.2296,20,0
6,attn_out,id,tier_3,standard_translation,-0.0655,0.2005,20,0
6,mlp_out,id,tier_3,standard_translation,0.269,0.1974,20,0
7,residual,id,tier_3,standard_translation,-0.2154,0.1926,20,0
7,attn_out,id,tier_3,standard_translation,-0.0735,0.2076,20,0
7,mlp_out,id,tier_3,standard_translation,0.0174,0.284,20,0
8,residual,id,tier_3,standard_translation,-0.2199,0.2281,20,0
8,attn_out,id,tier_3,standard_translation,-0.0304,0.142,20,0
8,mlp_out,id,tier_3,standard_translation,0.0639,0.0454,20,0
9,residual,id,tier_3,standard_translation,-0.224,0.2769,20,0
9,attn_out,id,tier_3,standard_translation,-0.2024,0.1448,20,0
9,mlp_out,id,tier_3,standard_translation,-0.0185,0.1912,20,0
10,residual,id,tier_3,standard_translation,-0.3705,0.338,20,0
10,attn_out,id,tier_3,standard_translation,-0.2833,0.2395,20,0
10,mlp_out,id,tier_3,standard_translation,0.0417,0.2596,20,0
11,residual,id,tier_3,standard_translation,-0.3472,0.3464,20,0
11,attn_out,id,tier_3,standard_translation,0.0326,0.2065,20,0
11,mlp_out,id,tier_3,standard_translation,-0.2796,0.659,20,0
12,residual,id,tier_3,standard_translation,-0.223,0.4424,20,0
12,attn_out,id,tier_3,standard_translation,-0.2335,0.2744,20,0
12,mlp_out,id,tier_3,standard_translation,0.0631,0.3612,20,0
13,residual,id,tier_3,standard_translation,-0.6222,0.2732,20,0
13,attn_out,id,tier_3,standard_translation,0.0343,0.2353,20,0
13,mlp_out,id,tier_3,standard_translation,-0.4339,0.242,20,0
14,residual,id,tier_3,standard_translation,-0.5967,0.3727,20,0
14,attn_out,id,tier_3,standard_translation,-0.0555,0.03,20,0
14,mlp_out,id,tier_3,standard_translation,-0.278,0.1102,20,0
15,residual,id,tier_3,standard_translation,-0.6359,0.4536,20,0
15,attn_out,id,tier_3,standard_translation,-0.0506,0.0637,20,0
15,mlp_out,id,tier_3,standard_translation,-0.1304,0.3206,20,0
16,residual,id,tier_3,standard_translation,-0.9045,0.5087,20,0
16,attn_out,id,tier_3,standard_translation,-0.0639,0.1377,20,0
16,mlp_out,id,tier_3,standard_translation,-0.4252,0.229,20,0
17,residual,id,tier_3,standard_translation,-0.992,0.6074,20,0
17,attn_out,id,tier_3,standard_translation,-0.022,0.054,20,0
17,mlp_out,id,tier_3,standard_translation,-0.6783,0.2857,20,0
18,residual,id,tier_3,standard_translation,-0.8143,0.3912,20,0
18,attn_out,id,tier_3,standard_translation,-0.0681,0.0556,20,0
18,mlp_out,id,tier_3,standard_translation,-0.0491,0.1894,20,0
19,residual,id,tier_3,standard_translation,-0.5645,0.3354,20,0
19,attn_out,id,tier_3,standard_translation,-0.0726,0.0608,20,0
19,mlp_out,id,tier_3,standard_translation,-0.0188,0.1422,20,0
20,residual,id,tier_3,standard_translation,-0.4587,0.2969,20,0
20,attn_out,id,tier_3,standard_translation,-0.1001,0.0541,20,0
20,mlp_out,id,tier_3,standard_translation,-0.0077,0.0662,20,0
21,residual,id,tier_3,standard_translation,-0.3317,0.2476,20,0
21,attn_out,id,tier_3,standard_translation,-0.0315,0.0173,20,0
21,mlp_out,id,tier_3,standard_translation,-0.0875,0.0872,20,0
22,residual,id,tier_3,standard_translation,-0.1008,0.2476,20,0
22,attn_out,id,tier_3,standard_translation,0.0081,0.012,20,0
22,mlp_out,id,tier_3,standard_translation,0.0432,0.0893,20,0
23,residual,id,tier_3,standard_translation,-0.0835,0.2732,20,0
23,attn_out,id,tier_3,standard_translation,-0.0377,0.0485,20,0
23,mlp_out,id,tier_3,standard_translation,-0.053,0.0275,20,0
24,residual,id,tier_3,standard_translation,-0.0701,0.2527,20,0
24,attn_out,id,tier_3,standard_translation,-0.0142,0.0123,20,0
24,mlp_out,id,tier_3,standard_translation,-0.0559,0.0276,20,0
25,residual,id,tier_3,standard_translation,-0.0675,0.2419,20,0
25,attn_out,id,tier_3,standard_translation,-0.0019,0.0108,20,0
25,mlp_out,id,tier_3,standard_translation,0.0192,0.0808,20,0
26,residual,id,tier_3,standard_translation,-0.0835,0.1341,20,0
26,attn_out,id,tier_3,standard_translation,-0.0054,0.0163,20,0
26,mlp_out,id,tier_3,standard_translation,0.0377,0.0572,20,0
27,residual,id,tier_3,standard_translation,0.0,0.0,20,0
27,attn_out,id,tier_3,standard_translation,0.0,0.0,20,0
27,mlp_out,id,tier_3,standard_translation,0.0,0.0,20,0
0,residual,hi,tier_3,standard_translation,-1.0512,0.9644,20,0
0,attn_out,hi,tier_3,standard_translation,-1.0758,0.9658,20,0
0,mlp_out,hi,tier_3,standard_translation,-0.7206,0.6508,20,0
1,residual,hi,tier_3,standard_translation,-0.8972,0.9107,20,0
1,attn_out,hi,tier_3,standard_translation,-0.1617,0.2981,20,0
1,mlp_out,hi,tier_3,standard_translation,0.088,0.324,20,0
2,residual,hi,tier_3,standard_translation,-0.7963,0.8159,20,0
2,attn_out,hi,tier_3,standard_translation,-0.1418,0.1264,20,0
2,mlp_out,hi,tier_3,standard_translation,0.1935,0.179,20,0
3,residual,hi,tier_3,standard_translation,-0.7095,1.6129,20,0
3,attn_out,hi,tier_3,standard_translation,-0.0539,0.3055,20,0
3,mlp_out,hi,tier_3,standard_translation,0.0317,0.1111,20,0
4,residual,hi,tier_3,standard_translation,-0.4746,1.8694,20,0
4,attn_out,hi,tier_3,standard_translation,-0.0213,0.2885,20,0
4,mlp_out,hi,tier_3,standard_translation,0.0743,0.3411,20,0
5,residual,hi,tier_3,standard_translation,-0.1737,1.8536,20,0
5,attn_out,hi,tier_3,standard_translation,0.0657,0.1854,20,0
5,mlp_out,hi,tier_3,standard_translation,0.1919,0.3004,20,0
6,residual,hi,tier_3,standard_translation,-0.28,1.5773,20,0
6,attn_out,hi,tier_3,standard_translation,0.0217,0.4349,20,0
6,mlp_out,hi,tier_3,standard_translation,0.071,0.2238,20,0
7,residual,hi,tier_3,standard_translation,-0.4243,1.6585,20,0
7,attn_out,hi,tier_3,standard_translation,-0.0726,0.2712,20,0
7,mlp_out,hi,tier_3,standard_translation,0.4399,0.7709,20,0
8,residual,hi,tier_3,standard_translation,-0.2762,1.8838,20,0
8,attn_out,hi,tier_3,standard_translation,-0.0311,0.4726,20,0
8,mlp_out,hi,tier_3,standard_translation,0.4801,0.8828,20,0
9,residual,hi,tier_3,standard_translation,-0.3296,1.7989,20,0
9,attn_out,hi,tier_3,standard_translation,0.0045,0.5103,20,0
9,mlp_out,hi,tier_3,standard_translation,0.4487,0.2954,20,0
10,residual,hi,tier_3,standard_translation,-0.3501,1.5492,20,0
10,attn_out,hi,tier_3,standard_translation,0.164,0.1972,20,0
10,mlp_out,hi,tier_3,standard_translation,0.6671,0.8235,20,0
11,residual,hi,tier_3,standard_translation,-0.5697,1.465,20,0
11,attn_out,hi,tier_3,standard_translation,-0.0386,0.2277,20,0
11,mlp_out,hi,tier_3,standard_translation,0.6305,0.4484,20,0
12,residual,hi,tier_3,standard_translation,-0.5734,1.2628,20,0
12,attn_out,hi,tier_3,standard_translation,0.2127,0.2536,20,0
12,mlp_out,hi,tier_3,standard_translation,0.2762,0.2918,20,0
13,residual,hi,tier_3,standard_translation,-0.4839,0.5429,20,0
13,attn_out,hi,tier_3,standard_translation,-0.0162,0.2972,20,0
13,mlp_out,hi,tier_3,standard_translation,0.1168,0.4283,20,0
14,residual,hi,tier_3,standard_translation,-0.5732,0.5709,20,0
14,attn_out,hi,tier_3,standard_translation,0.0696,0.2043,20,0
14,mlp_out,hi,tier_3,standard_translation,0.0297,0.112,20,0
15,residual,hi,tier_3,standard_translation,-0.502,0.528,20,0
15,attn_out,hi,tier_3,standard_translation,0.0985,0.141,20,0
15,mlp_out,hi,tier_3,standard_translation,-0.0491,0.2642,20,0
16,residual,hi,tier_3,standard_translation,-0.5945,0.6217,20,0
16,attn_out,hi,tier_3,standard_translation,-0.002,0.0954,20,0
16,mlp_out,hi,tier_3,standard_translation,0.1322,0.2921,20,0
17,residual,hi,tier_3,standard_translation,-0.6384,0.7493,20,0
17,attn_out,hi,tier_3,standard_translation,-0.013,0.0682,20,0
17,mlp_out,hi,tier_3,standard_translation,-0.061,0.3467,20,0
18,residual,hi,tier_3,standard_translation,-0.4486,0.3963,20,0
18,attn_out,hi,tier_3,standard_translation,-0.0359,0.0647,20,0
18,mlp_out,hi,tier_3,standard_translation,-0.1535,0.0625,20,0
19,residual,hi,tier_3,standard_translation,-0.3159,0.3979,20,0
19,attn_out,hi,tier_3,standard_translation,0.0657,0.0566,20,0
19,mlp_out,hi,tier_3,standard_translation,0.0356,0.0518,20,0
20,residual,hi,tier_3,standard_translation,-0.2859,0.4393,20,0
20,attn_out,hi,tier_3,standard_translation,0.0043,0.031,20,0
20,mlp_out,hi,tier_3,standard_translation,0.0445,0.0641,20,0
21,residual,hi,tier_3,standard_translation,-0.251,0.5561,20,0
21,attn_out,hi,tier_3,standard_translation,-0.0048,0.022,20,0
21,mlp_out,hi,tier_3,standard_translation,0.0138,0.0227,20,0
22,residual,hi,tier_3,standard_translation,-0.3032,0.578,20,0
22,attn_out,hi,tier_3,standard_translation,0.0097,0.0111,20,0
22,mlp_out,hi,tier_3,standard_translation,0.0509,0.0073,20,0
23,residual,hi,tier_3,standard_translation,-0.2825,0.5803,20,0
23,attn_out,hi,tier_3,standard_translation,-0.0011,0.0112,20,0
23,mlp_out,hi,tier_3,standard_translation,0.035,0.0208,20,0
24,residual,hi,tier_3,standard_translation,-0.221,0.3965,20,0
24,attn_out,hi,tier_3,standard_translation,0.0043,0.0095,20,0
24,mlp_out,hi,tier_3,standard_translation,0.0157,0.0185,20,0
25,residual,hi,tier_3,standard_translation,-0.1151,0.1259,20,0
25,attn_out,hi,tier_3,standard_translation,0.0124,0.0111,20,0
25,mlp_out,hi,tier_3,standard_translation,-0.001,0.0071,20,0
26,residual,hi,tier_3,standard_translation,-0.079,0.0938,20,0
26,attn_out,hi,tier_3,standard_translation,0.0045,0.0137,20,0
26,mlp_out,hi,tier_3,standard_translation,-0.0213,0.0187,20,0
27,residual,hi,tier_3,standard_translation,0.0,0.0,20,0
27,attn_out,hi,tier_3,standard_translation,0.0,0.0,20,0
27,mlp_out,hi,tier_3,standard_translation,0.0,0.0,20,0
0,residual,sw,tier_3,standard_translation,-2.1451,1.0357,20,0
0,attn_out,sw,tier_3,standard_translation,-2.1347,1.019,20,0
0,mlp_out,sw,tier_3,standard_translation,-0.5387,0.4913,20,0
1,residual,sw,tier_3,standard_translation,-2.0136,1.0407,20,0
1,attn_out,sw,tier_3,standard_translation,-0.0022,0.1415,20,0
1,mlp_out,sw,tier_3,standard_translation,-0.0591,0.3228,20,0
2,residual,sw,tier_3,standard_translation,-1.8826,1.0165,20,0
2,attn_out,sw,tier_3,standard_translation,0.1136,0.1179,20,0
2,mlp_out,sw,tier_3,standard_translation,-0.3838,0.8713,20,0
3,residual,sw,tier_3,standard_translation,-2.7486,1.1624,20,0
3,attn_out,sw,tier_3,standard_translation,-0.0263,0.1551,20,0
3,mlp_out,sw,tier_3,standard_translation,0.0065,0.162,20,0
4,residual,sw,tier_3,standard_translation,-2.7317,1.0679,20,0
4,attn_out,sw,tier_3,standard_translation,0.0391,0.1406,20,0
4,mlp_out,sw,tier_3,standard_translation,-0.2133,0.1642,20,0
5,residual,sw,tier_3,standard_translation,-2.5661,0.9394,20,0
5,attn_out,sw,tier_3,standard_translation,-0.1157,0.1188,20,0
5,mlp_out,sw,tier_3,standard_translation,-0.1197,0.2611,20,0
6,residual,sw,tier_3,standard_translation,-2.6787,0.8552,20,0
6,attn_out,sw,tier_3,standard_translation,-0.0228,0.2421,20,0
6,mlp_out,sw,tier_3,standard_translation,-0.1102,0.0752,20,0
7,residual,sw,tier_3,standard_translation,-2.8876,1.0471,20,0
7,attn_out,sw,tier_3,standard_translation,0.0694,0.1189,20,0
7,mlp_out,sw,tier_3,standard_translation,-0.0368,0.16,20,0
8,residual,sw,tier_3,standard_translation,-2.8484,1.3767,20,0
8,attn_out,sw,tier_3,standard_translation,0.064,0.1693,20,0
8,mlp_out,sw,tier_3,standard_translation,-0.0665,0.1099,20,0
9,residual,sw,tier_3,standard_translation,-2.7676,1.3589,20,0
9,attn_out,sw,tier_3,standard_translation,0.1441,0.0841,20,0
9,mlp_out,sw,tier_3,standard_translation,0.0266,0.2558,20,0
10,residual,sw,tier_3,standard_translation,-2.6002,1.4506,20,0
10,attn_out,sw,tier_3,standard_translation,0.0948,0.1519,20,0
10,mlp_out,sw,tier_3,standard_translation,-0.2233,0.2636,20,0
11,residual,sw,tier_3,standard_translation,-2.4713,1.4208,20,0
11,attn_out,sw,tier_3,standard_translation,0.0769,0.1271,20,0
11,mlp_out,sw,tier_3,standard_translation,-0.0181,0.1718,20,0
12,residual,sw,tier_3,standard_translation,-2.5831,1.3443,20,0
12,attn_out,sw,tier_3,standard_translation,0.0035,0.11,20,0
12,mlp_out,sw,tier_3,standard_translation,-0.1069,0.1308,20,0
13,residual,sw,tier_3,standard_translation,-2.0025,1.1178,20,0
13,attn_out,sw,tier_3,standard_translation,0.0453,0.0624,20,0
13,mlp_out,sw,tier_3,standard_translation,-0.0929,0.1364,20,0
14,residual,sw,tier_3,standard_translation,-1.708,0.8157,20,0
14,attn_out,sw,tier_3,standard_translation,-0.0211,0.0493,20,0
14,mlp_out,sw,tier_3,standard_translation,0.0853,0.2402,20,0
15,residual,sw,tier_3,standard_translation,-1.4629,0.7279,20,0
15,attn_out,sw,tier_3,standard_translation,0.0142,0.0961,20,0
15,mlp_out,sw,tier_3,standard_translation,0.0278,0.0637,20,0
16,residual,sw,tier_3,standard_translation,-1.3789,0.6468,20,0
16,attn_out,sw,tier_3,standard_translation,-0.0373,0.1187,20,0
16,mlp_out,sw,tier_3,standard_translation,-0.0465,0.1096,20,0
17,residual,sw,tier_3,standard_translation,-1.4144,0.6905,20,0
17,attn_out,sw,tier_3,standard_translation,0.0442,0.0772,20,0
17,mlp_out,sw,tier_3,standard_translation,-0.071,0.0586,20,0
18,residual,sw,tier_3,standard_translation,-0.6502,0.1627,20,0
18,attn_out,sw,tier_3,standard_translation,0.0108,0.0363,20,0
18,mlp_out,sw,tier_3,standard_translation,-0.0299,0.0913,20,0
19,residual,sw,tier_3,standard_translation,-0.2414,0.1732,20,0
19,attn_out,sw,tier_3,standard_translation,0.0156,0.0189,20,0
19,mlp_out,sw,tier_3,standard_translation,-0.0164,0.0368,20,0
20,residual,sw,tier_3,standard_translation,-0.1981,0.2303,20,0
20,attn_out,sw,tier_3,standard_translation,0.0082,0.0113,20,0
20,mlp_out,sw,tier_3,standard_translation,-0.0088,0.0139,20,0
21,residual,sw,tier_3,standard_translation,-0.1704,0.279,20,0
21,attn_out,sw,tier_3,standard_translation,0.0016,0.0181,20,0
21,mlp_out,sw,tier_3,standard_translation,-0.0175,0.0149,20,0
22,residual,sw,tier_3,standard_translation,-0.142,0.2533,20,0
22,attn_out,sw,tier_3,standard_translation,0.0087,0.0073,20,0
22,mlp_out,sw,tier_3,standard_translation,0.0029,0.0121,20,0
23,residual,sw,tier_3,standard_translation,-0.1192,0.2596,20,0
23,attn_out,sw,tier_3,standard_translation,-0.0276,0.0215,20,0
23,mlp_out,sw,tier_3,standard_translation,0.005,0.0192,20,0
24,residual,sw,tier_3,standard_translation,-0.0913,0.2419,20,0
24,attn_out,sw,tier_3,standard_translation,0.0026,0.0034,20,0
24,mlp_out,sw,tier_3,standard_translation,-0.0022,0.0105,20,0
25,residual,sw,tier_3,standard_translation,-0.0237,0.0805,20,0
25,attn_out,sw,tier_3,standard_translation,0.0011,0.0053,20,0
25,mlp_out,sw,tier_3,standard_translation,0.0062,0.0084,20,0
26,residual,sw,tier_3,standard_translation,-0.0276,0.0848,20,0
26,attn_out,sw,tier_3,standard_translation,0.0002,0.0043,20,0
26,mlp_out,sw,tier_3,standard_translation,0.0052,0.011,20,0
27,residual,sw,tier_3,standard_translation,0.0,0.0,20,0
27,attn_out,sw,tier_3,standard_translation,0.0,0.0,20,0
27,mlp_out,sw,tier_3,standard_translation,0.0,0.0,20,0
0,residual,yo,tier_4,standard_translation,-0.6008,0.3124,20,0
0,attn_out,yo,tier_4,standard_translation,-0.621,0.3131,20,0
0,mlp_out,yo,tier_4,standard_translation,0.0539,0.1819,20,0
1,residual,yo,tier_4,standard_translation,-0.6391,0.3873,20,0
1,attn_out,yo,tier_4,standard_translation,-0.0269,0.086,20,0
1,mlp_out,yo,tier_4,standard_translation,0.0353,0.0785,20,0
2,residual,yo,tier_4,standard_translation,-0.9038,0.5272,20,0
2,attn_out,yo,tier_4,standard_translation,0.0295,0.0576,20,0
2,mlp_out,yo,tier_4,standard_translation,0.0015,0.1933,20,0
3,residual,yo,tier_4,standard_translation,-1.7045,0.423,20,0
3,attn_out,yo,tier_4,standard_translation,-0.0043,0.0765,20,0
3,mlp_out,yo,tier_4,standard_translation,-0.041,0.1066,20,0
4,residual,yo,tier_4,standard_translation,-1.6132,0.3488,20,0
4,attn_out,yo,tier_4,standard_translation,-0.0375,0.0665,20,0
4,mlp_out,yo,tier_4,standard_translation,-0.0845,0.0542,20,0
5,residual,yo,tier_4,standard_translation,-1.481,0.3397,20,0
5,attn_out,yo,tier_4,standard_translation,0.0094,0.0949,20,0
5,mlp_out,yo,tier_4,standard_translation,0.0042,0.1258,20,0
6,residual,yo,tier_4,standard_translation,-1.5179,0.174,20,0
6,attn_out,yo,tier_4,standard_translation,-0.0452,0.0419,20,0
6,mlp_out,yo,tier_4,standard_translation,-0.262,0.2992,20,0
7,residual,yo,tier_4,standard_translation,-1.3924,0.2785,20,0
7,attn_out,yo,tier_4,standard_translation,-0.0753,0.0353,20,0
7,mlp_out,yo,tier_4,standard_translation,-0.0559,0.0583,20,0
8,residual,yo,tier_4,standard_translation,-1.3831,0.39,20,0
8,attn_out,yo,tier_4,standard_translation,-0.0511,0.1221,20,0
8,mlp_out,yo,tier_4,standard_translation,-0.0043,0.0405,20,0
9,residual,yo,tier_4,standard_translation,-1.3159,0.4143,20,0
9,attn_out,yo,tier_4,standard_translation,-0.0129,0.0304,20,0
9,mlp_out,yo,tier_4,standard_translation,-0.0877,0.1351,20,0
10,residual,yo,tier_4,standard_translation,-1.2886,0.5548,20,0
10,attn_out,yo,tier_4,standard_translation,-0.0181,0.0201,20,0
10,mlp_out,yo,tier_4,standard_translation,-0.1881,0.2174,20,0
11,residual,yo,tier_4,standard_translation,-1.1463,0.5727,20,0
11,attn_out,yo,tier_4,standard_translation,-0.0408,0.0344,20,0
11,mlp_out,yo,tier_4,standard_translation,0.0474,0.0113,20,0
12,residual,yo,tier_4,standard_translation,-1.0651,0.7282,20,0
12,attn_out,yo,tier_4,standard_translation,0.0603,0.0633,20,0
12,mlp_out,yo,tier_4,standard_translation,-0.0827,0.0573,20,0
13,residual,yo,tier_4,standard_translation,-0.0602,0.317,20,0
13,attn_out,yo,tier_4,standard_translation,-0.0405,0.1015,20,0
13,mlp_out,yo,tier_4,standard_translation,-0.044,0.0744,20,0
14,residual,yo,tier_4,standard_translation,0.0958,0.3552,20,0
14,attn_out,yo,tier_4,standard_translation,0.006,0.0832,20,0
14,mlp_out,yo,tier_4,standard_translation,-0.0505,0.0872,20,0
15,residual,yo,tier_4,standard_translation,0.3675,0.4208,20,0
15,attn_out,yo,tier_4,standard_translation,0.0385,0.0778,20,0
15,mlp_out,yo,tier_4,standard_translation,0.0176,0.0342,20,0
16,residual,yo,tier_4,standard_translation,0.2774,0.4056,20,0
16,attn_out,yo,tier_4,standard_translation,0.045,0.0944,20,0
16,mlp_out,yo,tier_4,standard_translation,-0.0392,0.0152,20,0
17,residual,yo,tier_4,standard_translation,0.3496,0.3854,20,0
17,attn_out,yo,tier_4,standard_translation,0.0525,0.0844,20,0
17,mlp_out,yo,tier_4,standard_translation,0.054,0.0705,20,0
18,residual,yo,tier_4,standard_translation,-0.023,0.1395,20,0
18,attn_out,yo,tier_4,standard_translation,0.0351,0.0458,20,0
18,mlp_out,yo,tier_4,standard_translation,-0.0348,0.0816,20,0
19,residual,yo,tier_4,standard_translation,0.0904,0.156,20,0
19,attn_out,yo,tier_4,standard_translation,0.0126,0.0144,20,0
19,mlp_out,yo,tier_4,standard_translation,0.0441,0.0596,20,0
20,residual,yo,tier_4,standard_translation,0.0423,0.126,20,0
20,attn_out,yo,tier_4,standard_translation,0.0065,0.0175,20,0
20,mlp_out,yo,tier_4,standard_translation,0.0163,0.0395,20,0
21,residual,yo,tier_4,standard_translation,0.026,0.0716,20,0
21,attn_out,yo,tier_4,standard_translation,0.0035,0.0056,20,0
21,mlp_out,yo,tier_4,standard_translation,0.0027,0.0061,20,0
22,residual,yo,tier_4,standard_translation,0.0319,0.0742,20,0
22,attn_out,yo,tier_4,standard_translation,0.0054,0.007,20,0
22,mlp_out,yo,tier_4,standard_translation,0.0323,0.0294,20,0
23,residual,yo,tier_4,standard_translation,0.0306,0.0701,20,0
23,attn_out,yo,tier_4,standard_translation,0.0036,0.0077,20,0
23,mlp_out,yo,tier_4,standard_translation,0.0083,0.0102,20,0
24,residual,yo,tier_4,standard_translation,0.0373,0.0651,20,0
24,attn_out,yo,tier_4,standard_translation,0.0049,0.0085,20,0
24,mlp_out,yo,tier_4,standard_translation,0.0194,0.0323,20,0
25,residual,yo,tier_4,standard_translation,0.039,0.061,20,0
25,attn_out,yo,tier_4,standard_translation,0.0011,0.0069,20,0
25,mlp_out,yo,tier_4,standard_translation,0.0046,0.0117,20,0
26,residual,yo,tier_4,standard_translation,0.0178,0.0352,20,0
26,attn_out,yo,tier_4,standard_translation,-0.0031,0.0063,20,0
26,mlp_out,yo,tier_4,standard_translation,-0.0088,0.0161,20,0
27,residual,yo,tier_4,standard_translation,0.0,0.0,20,0
27,attn_out,yo,tier_4,standard_translation,0.0,0.0,20,0
27,mlp_out,yo,tier_4,standard_translation,0.0,0.0,20,0
0,residual,zu,tier_4,standard_translation,-0.8692,0.543,20,0
0,attn_out,zu,tier_4,standard_translation,-0.8814,0.5616,20,0
0,mlp_out,zu,tier_4,standard_translation,-0.1701,0.3721,20,0
1,residual,zu,tier_4,standard_translation,-0.9262,0.6117,20,0
1,attn_out,zu,tier_4,standard_translation,-0.0315,0.2535,20,0
1,mlp_out,zu,tier_4,standard_translation,-0.043,0.2429,20,0
2,residual,zu,tier_4,standard_translation,-0.9159,0.6005,20,0
2,attn_out,zu,tier_4,standard_translation,0.178,0.1331,20,0
2,mlp_out,zu,tier_4,standard_translation,0.2276,0.1774,20,0
3,residual,zu,tier_4,standard_translation,-1.3138,0.3877,20,0
3,attn_out,zu,tier_4,standard_translation,-0.0451,0.0665,20,0
3,mlp_out,zu,tier_4,standard_translation,-0.0842,0.2331,20,0
4,residual,zu,tier_4,standard_translation,-1.4136,0.3529,20,0
4,attn_out,zu,tier_4,standard_translation,-0.0336,0.0589,20,0
4,mlp_out,zu,tier_4,standard_translation,0.0218,0.0727,20,0
5,residual,zu,tier_4,standard_translation,-1.3988,0.5159,20,0
5,attn_out,zu,tier_4,standard_translation,-0.0171,0.1458,20,0
5,mlp_out,zu,tier_4,standard_translation,-0.0609,0.2024,20,0
6,residual,zu,tier_4,standard_translation,-1.6988,0.7929,20,0
6,attn_out,zu,tier_4,standard_translation,0.0447,0.1214,20,0
6,mlp_out,zu,tier_4,standard_translation,-0.0909,0.3119,20,0
7,residual,zu,tier_4,standard_translation,-2.0659,0.9282,20,0
7,attn_out,zu,tier_4,standard_translation,-0.1644,0.2572,20,0
7,mlp_out,zu,tier_4,standard_translation,-0.2511,0.3598,20,0
8,residual,zu,tier_4,standard_translation,-2.1499,0.8754,20,0
8,attn_out,zu,tier_4,standard_translation,-0.0184,0.0945,20,0
8,mlp_out,zu,tier_4,standard_translation,-0.1736,0.1819,20,0
9,residual,zu,tier_4,standard_translation,-2.1129,0.7799,20,0
9,attn_out,zu,tier_4,standard_translation,-0.0355,0.1365,20,0
9,mlp_out,zu,tier_4,standard_translation,-0.0654,0.145,20,0
10,residual,zu,tier_4,standard_translation,-2.0234,0.7103,20,0
10,attn_out,zu,tier_4,standard_translation,0.0515,0.0845,20,0
10,mlp_out,zu,tier_4,standard_translation,-0.156,0.1568,20,0
11,residual,zu,tier_4,standard_translation,-1.5195,0.499,20,0
11,attn_out,zu,tier_4,standard_translation,0.1183,0.0787,20,0
11,mlp_out,zu,tier_4,standard_translation,-0.0192,0.2611,20,0
12,residual,zu,tier_4,standard_translation,-1.5286,0.4447,20,0
12,attn_out,zu,tier_4,standard_translation,0.1053,0.0846,20,0
12,mlp_out,zu,tier_4,standard_translation,-0.1227,0.1102,20,0
13,residual,zu,tier_4,standard_translation,-0.5677,0.423,20,0
13,attn_out,zu,tier_4,standard_translation,0.0351,0.039,20,0
13,mlp_out,zu,tier_4,standard_translation,-0.0239,0.0583,20,0
14,residual,zu,tier_4,standard_translation,-0.5166,0.3332,20,0
14,attn_out,zu,tier_4,standard_translation,-0.009,0.0423,20,0
14,mlp_out,zu,tier_4,standard_translation,-0.0415,0.1011,20,0
15,residual,zu,tier_4,standard_translation,-0.4399,0.2751,20,0
15,attn_out,zu,tier_4,standard_translation,-0.0433,0.0352,20,0
15,mlp_out,zu,tier_4,standard_translation,0.0183,0.0876,20,0
16,residual,zu,tier_4,standard_translation,-0.4372,0.2541,20,0
16,attn_out,zu,tier_4,standard_translation,0.042,0.0423,20,0
16,mlp_out,zu,tier_4,standard_translation,-0.066,0.1288,20,0
17,residual,zu,tier_4,standard_translation,-0.4064,0.253,20,0
17,attn_out,zu,tier_4,standard_translation,0.0671,0.0974,20,0
17,mlp_out,zu,tier_4,standard_translation,-0.1063,0.0825,20,0
18,residual,zu,tier_4,standard_translation,-0.2049,0.1218,20,0
18,attn_out,zu,tier_4,standard_translation,0.0352,0.0472,20,0
18,mlp_out,zu,tier_4,standard_translation,-0.0284,0.0874,20,0
19,residual,zu,tier_4,standard_translation,0.0351,0.1581,20,0
19,attn_out,zu,tier_4,standard_translation,-0.0034,0.0455,20,0
19,mlp_out,zu,tier_4,standard_translation,-0.011,0.051,20,0
20,residual,zu,tier_4,standard_translation,0.0261,0.1594,20,0
20,attn_out,zu,tier_4,standard_translation,0.0037,0.0088,20,0
20,mlp_out,zu,tier_4,standard_translation,0.041,0.0688,20,0
21,residual,zu,tier_4,standard_translation,0.0544,0.2083,20,0
21,attn_out,zu,tier_4,standard_translation,0.0097,0.0245,20,0
21,mlp_out,zu,tier_4,standard_translation,0.0682,0.1221,20,0
22,residual,zu,tier_4,standard_translation,0.0244,0.1359,20,0
22,attn_out,zu,tier_4,standard_translation,0.0093,0.0147,20,0
22,mlp_out,zu,tier_4,standard_translation,0.0597,0.0751,20,0
23,residual,zu,tier_4,standard_translation,0.0523,0.1385,20,0
23,attn_out,zu,tier_4,standard_translation,0.0084,0.0181,20,0
23,mlp_out,zu,tier_4,standard_translation,-0.0161,0.0363,20,0
24,residual,zu,tier_4,standard_translation,0.0462,0.1155,20,0
24,attn_out,zu,tier_4,standard_translation,0.0101,0.0108,20,0
24,mlp_out,zu,tier_4,standard_translation,-0.0181,0.0452,20,0
25,residual,zu,tier_4,standard_translation,0.0331,0.0657,20,0
25,attn_out,zu,tier_4,standard_translation,0.0016,0.0062,20,0
25,mlp_out,zu,tier_4,standard_translation,0.002,0.0113,20,0
26,residual,zu,tier_4,standard_translation,0.0044,0.0311,20,0
26,attn_out,zu,tier_4,standard_translation,0.0019,0.003,20,0
26,mlp_out,zu,tier_4,standard_translation,0.0017,0.0045,20,0
27,residual,zu,tier_4,standard_translation,0.0,0.0,20,0
27,attn_out,zu,tier_4,standard_translation,0.0,0.0,20,0
27,mlp_out,zu,tier_4,standard_translation,0.0,0.0,20,0
0,residual,gd,tier_4,standard_translation,-0.9087,0.5894,20,0
0,attn_out,gd,tier_4,standard_translation,-0.8927,0.5806,20,0
0,mlp_out,gd,tier_4,standard_translation,-0.3176,0.3935,20,0
1,residual,gd,tier_4,standard_translation,-0.9505,0.6186,20,0
1,attn_out,gd,tier_4,standard_translation,-0.0159,0.0947,20,0
1,mlp_out,gd,tier_4,standard_translation,-0.0315,0.2545,20,0
2,residual,gd,tier_4,standard_translation,-1.0717,0.7108,20,0
2,attn_out,gd,tier_4,standard_translation,-0.0009,0.2028,20,0
2,mlp_out,gd,tier_4,standard_translation,0.0031,0.3745,20,0
3,residual,gd,tier_4,standard_translation,-1.3938,0.8813,20,0
3,attn_out,gd,tier_4,standard_translation,-0.0463,0.1404,20,0
3,mlp_out,gd,tier_4,standard_translation,0.0684,0.2878,20,0
4,residual,gd,tier_4,standard_translation,-1.2617,0.7685,20,0
4,attn_out,gd,tier_4,standard_translation,-0.0065,0.0351,20,0
4,mlp_out,gd,tier_4,standard_translation,-0.0059,0.2699,20,0
5,residual,gd,tier_4,standard_translation,-1.1257,0.6831,20,0
5,attn_out,gd,tier_4,standard_translation,-0.0802,0.0865,20,0
5,mlp_out,gd,tier_4,standard_translation,-0.0059,0.1756,20,0
6,residual,gd,tier_4,standard_translation,-1.1919,0.7277,20,0
6,attn_out,gd,tier_4,standard_translation,0.065,0.0523,20,0
6,mlp_out,gd,tier_4,standard_translation,0.0047,0.1024,20,0
7,residual,gd,tier_4,standard_translation,-1.3151,0.9971,20,0
7,attn_out,gd,tier_4,standard_translation,0.0155,0.0596,20,0
7,mlp_out,gd,tier_4,standard_translation,-0.254,0.2472,20,0
8,residual,gd,tier_4,standard_translation,-1.3052,0.9951,20,0
8,attn_out,gd,tier_4,standard_translation,0.0895,0.0973,20,0
8,mlp_out,gd,tier_4,standard_translation,-0.0866,0.1383,20,0
9,residual,gd,tier_4,standard_translation,-1.261,0.9566,20,0
9,attn_out,gd,tier_4,standard_translation,-0.0425,0.0409,20,0
9,mlp_out,gd,tier_4,standard_translation,-0.0895,0.1321,20,0
10,residual,gd,tier_4,standard_translation,-1.2077,0.8693,20,0
10,attn_out,gd,tier_4,standard_translation,-0.0533,0.0724,20,0
10,mlp_out,gd,tier_4,standard_translation,-0.2731,0.3894,20,0
11,residual,gd,tier_4,standard_translation,-1.0448,0.7986,20,0
11,attn_out,gd,tier_4,standard_translation,0.0576,0.0316,20,0
11,mlp_out,gd,tier_4,standard_translation,-0.0423,0.1955,20,0
12,residual,gd,tier_4,standard_translation,-0.9655,0.7808,20,0
12,attn_out,gd,tier_4,standard_translation,0.0029,0.0625,20,0
12,mlp_out,gd,tier_4,standard_translation,0.0119,0.199,20,0
13,residual,gd,tier_4,standard_translation,-0.1785,0.4075,20,0
13,attn_out,gd,tier_4,standard_translation,-0.0028,0.0471,20,0
13,mlp_out,gd,tier_4,standard_translation,-0.0562,0.125,20,0
14,residual,gd,tier_4,standard_translation,-0.1137,0.4016,20,0
14,attn_out,gd,tier_4,standard_translation,0.0137,0.029,20,0
14,mlp_out,gd,tier_4,standard_translation,-0.1759,0.2259,20,0
15,residual,gd,tier_4,standard_translation,0.0349,0.4169,20,0
15,attn_out,gd,tier_4,standard_translation,-0.0409,0.0915,20,0
15,mlp_out,gd,tier_4,standard_translation,0.0241,0.0943,20,0
16,residual,gd,tier_4,standard_translation,0.0304,0.3717,20,0
16,attn_out,gd,tier_4,standard_translation,-0.0068,0.0571,20,0
16,mlp_out,gd,tier_4,standard_translation,-0.1065,0.115,20,0
17,residual,gd,tier_4,standard_translation,0.0329,0.3202,20,0
17,attn_out,gd,tier_4,standard_translation,0.0187,0.0462,20,0
17,mlp_out,gd,tier_4,standard_translation,-0.0236,0.0753,20,0
18,residual,gd,tier_4,standard_translation,0.0145,0.0558,20,0
18,attn_out,gd,tier_4,standard_translation,-0.008,0.0324,20,0
18,mlp_out,gd,tier_4,standard_translation,0.0145,0.0349,20,0
19,residual,gd,tier_4,standard_translation,0.0171,0.0381,20,0
19,attn_out,gd,tier_4,standard_translation,-0.0258,0.0139,20,0
19,mlp_out,gd,tier_4,standard_translation,-0.004,0.027,20,0
20,residual,gd,tier_4,standard_translation,0.016,0.0477,20,0
20,attn_out,gd,tier_4,standard_translation,0.0026,0.0074,20,0
20,mlp_out,gd,tier_4,standard_translation,-0.0042,0.0044,20,0
21,residual,gd,tier_4,standard_translation,0.0042,0.043,20,0
21,attn_out,gd,tier_4,standard_translation,0.0113,0.02,20,0
21,mlp_out,gd,tier_4,standard_translation,0.0058,0.0101,20,0
22,residual,gd,tier_4,standard_translation,-0.004,0.0369,20,0
22,attn_out,gd,tier_4,standard_translation,-0.0052,0.0028,20,0
22,mlp_out,gd,tier_4,standard_translation,0.0028,0.0091,20,0
23,residual,gd,tier_4,standard_translation,0.0004,0.0388,20,0
23,attn_out,gd,tier_4,standard_translation,-0.0027,0.0043,20,0
23,mlp_out,gd,tier_4,standard_translation,0.0001,0.0056,20,0
24,residual,gd,tier_4,standard_translation,-0.0004,0.0452,20,0
24,attn_out,gd,tier_4,standard_translation,-0.0005,0.0017,20,0
24,mlp_out,gd,tier_4,standard_translation,0.0047,0.0044,20,0
25,residual,gd,tier_4,standard_translation,-0.0018,0.035,20,0
25,attn_out,gd,tier_4,standard_translation,-0.0018,0.0026,20,0
25,mlp_out,gd,tier_4,standard_translation,0.0029,0.0057,20,0
26,residual,gd,tier_4,standard_translation,0.0036,0.0239,20,0
26,attn_out,gd,tier_4,standard_translation,-0.0036,0.0026,20,0
26,mlp_out,gd,tier_4,standard_translation,0.0005,0.002,20,0
27,residual,gd,tier_4,standard_translation,0.0,0.0,20,0
27,attn_out,gd,tier_4,standard_translation,0.0,0.0,20,0
27,mlp_out,gd,tier_4,standard_translation,0.0,0.0,20,0
0,residual,gn,tier_4,standard_translation,-1.3525,1.3075,20,0
0,attn_out,gn,tier_4,standard_translation,-1.3122,1.2978,20,0
0,mlp_out,gn,tier_4,standard_translation,-0.4648,1.0772,20,0
1,residual,gn,tier_4,standard_translation,-1.1967,1.4573,20,0
1,attn_out,gn,tier_4,standard_translation,0.1385,0.3298,20,0
1,mlp_out,gn,tier_4,standard_translation,-0.0109,0.1171,20,0
2,residual,gn,tier_4,standard_translation,-1.1509,1.5269,20,0
2,attn_out,gn,tier_4,standard_translation,0.0237,0.3231,20,0
2,mlp_out,gn,tier_4,standard_translation,0.0064,0.3561,20,0
3,residual,gn,tier_4,standard_translation,-1.5034,1.5801,20,0
3,attn_out,gn,tier_4,standard_translation,0.1928,0.16,20,0
3,mlp_out,gn,tier_4,standard_translation,-0.3189,0.4385,20,0
4,residual,gn,tier_4,standard_translation,-1.5709,1.5313,20,0
4,attn_out,gn,tier_4,standard_translation,0.1137,0.2431,20,0
4,mlp_out,gn,tier_4,standard_translation,0.0893,0.3595,20,0
5,residual,gn,tier_4,standard_translation,-1.612,1.5503,20,0
5,attn_out,gn,tier_4,standard_translation,0.0192,0.0519,20,0
5,mlp_out,gn,tier_4,standard_translation,0.3241,0.3485,20,0
6,residual,gn,tier_4,standard_translation,-1.9962,1.5169,20,0
6,attn_out,gn,tier_4,standard_translation,-0.077,0.1459,20,0
6,mlp_out,gn,tier_4,standard_translation,-0.0492,0.1445,20,0
7,residual,gn,tier_4,standard_translation,-2.4509,1.0517,20,0
7,attn_out,gn,tier_4,standard_translation,-0.0059,0.1326,20,0
7,mlp_out,gn,tier_4,standard_translation,0.0572,0.0982,20,0
8,residual,gn,tier_4,standard_translation,-2.6739,1.1271,20,0
8,attn_out,gn,tier_4,standard_translation,-0.0489,0.0614,20,0
8,mlp_out,gn,tier_4,standard_translation,-0.0022,0.0493,20,0
9,residual,gn,tier_4,standard_translation,-2.6912,1.1985,20,0
9,attn_out,gn,tier_4,standard_translation,-0.0239,0.0593,20,0
9,mlp_out,gn,tier_4,standard_translation,-0.0014,0.1885,20,0
10,residual,gn,tier_4,standard_translation,-2.7515,1.2537,20,0
10,attn_out,gn,tier_4,standard_translation,0.0111,0.187,20,0
10,mlp_out,gn,tier_4,standard_translation,-0.0373,0.2206,20,0
11,residual,gn,tier_4,standard_translation,-2.8385,1.1952,20,0
11,attn_out,gn,tier_4,standard_translation,-0.062,0.1253,20,0
11,mlp_out,gn,tier_4,standard_translation,0.0718,0.1359,20,0
12,residual,gn,tier_4,standard_translation,-2.7095,1.2098,20,0
12,attn_out,gn,tier_4,standard_translation,-0.0187,0.1227,20,0
12,mlp_out,gn,tier_4,standard_translation,-0.1346,0.155,20,0
13,residual,gn,tier_4,standard_translation,-1.3686,1.3155,20,0
13,attn_out,gn,tier_4,standard_translation,-0.0517,0.0529,20,0
13,mlp_out,gn,tier_4,standard_translation,-0.0149,0.0616,20,0
14,residual,gn,tier_4,standard_translation,-1.1656,1.3082,20,0
14,attn_out,gn,tier_4,standard_translation,-0.0134,0.0644,20,0
14,mlp_out,gn,tier_4,standard_translation,-0.1255,0.1432,20,0
15,residual,gn,tier_4,standard_translation,-0.735,0.9809,20,0
15,attn_out,gn,tier_4,standard_translation,-0.0187,0.0438,20,0
15,mlp_out,gn,tier_4,standard_translation,0.0229,0.0558,20,0
16,residual,gn,tier_4,standard_translation,-0.7789,0.9302,20,0
16,attn_out,gn,tier_4,standard_translation,-0.0816,0.0815,20,0
16,mlp_out,gn,tier_4,standard_translation,-0.0718,0.0513,20,0
17,residual,gn,tier_4,standard_translation,-0.5719,0.839,20,0
17,attn_out,gn,tier_4,standard_translation,-0.0161,0.0547,20,0
17,mlp_out,gn,tier_4,standard_translation,0.0535,0.1226,20,0
18,residual,gn,tier_4,standard_translation,-0.2199,0.1717,20,0
18,attn_out,gn,tier_4,standard_translation,0.0109,0.0269,20,0
18,mlp_out,gn,tier_4,standard_translation,0.0309,0.0438,20,0
19,residual,gn,tier_4,standard_translation,-0.1065,0.0576,20,0
19,attn_out,gn,tier_4,standard_translation,-0.0131,0.0115,20,0
19,mlp_out,gn,tier_4,standard_translation,0.0067,0.0253,20,0
20,residual,gn,tier_4,standard_translation,-0.1124,0.078,20,0
20,attn_out,gn,tier_4,standard_translation,-0.002,0.0168,20,0
20,mlp_out,gn,tier_4,standard_translation,-0.0134,0.0318,20,0
21,residual,gn,tier_4,standard_translation,-0.0637,0.0331,20,0
21,attn_out,gn,tier_4,standard_translation,-0.006,0.0145,20,0
21,mlp_out,gn,tier_4,standard_translation,0.0428,0.0417,20,0
22,residual,gn,tier_4,standard_translation,-0.071,0.028,20,0
22,attn_out,gn,tier_4,standard_translation,0.0086,0.0087,20,0
22,mlp_out,gn,tier_4,standard_translation,-0.0076,0.0066,20,0
23,residual,gn,tier_4,standard_translation,-0.0442,0.0396,20,0
23,attn_out,gn,tier_4,standard_translation,-0.0057,0.0038,20,0
23,mlp_out,gn,tier_4,standard_translation,0.0015,0.0047,20,0
24,residual,gn,tier_4,standard_translation,-0.024,0.0274,20,0
24,attn_out,gn,tier_4,standard_translation,-0.0052,0.0031,20,0
24,mlp_out,gn,tier_4,standard_translation,-0.0102,0.0086,20,0
25,residual,gn,tier_4,standard_translation,-0.0119,0.0117,20,0
25,attn_out,gn,tier_4,standard_translation,-0.0005,0.0019,20,0
25,mlp_out,gn,tier_4,standard_translation,-0.0012,0.0041,20,0
26,residual,gn,tier_4,standard_translation,-0.0096,0.0167,20,0
26,attn_out,gn,tier_4,standard_translation,0.0041,0.0011,20,0
26,mlp_out,gn,tier_4,standard_translation,-0.0033,0.004,20,0
27,residual,gn,tier_4,standard_translation,0.0,0.0,20,0
27,attn_out,gn,tier_4,standard_translation,0.0,0.0,20,0
27,mlp_out,gn,tier_4,standard_translation,0.0,0.0,20,0
0,residual,de,tier_1,transliteration,-0.5648,0.4901,20,0
0,attn_out,de,tier_1,transliteration,-0.5848,0.4676,20,0
0,mlp_out,de,tier_1,transliteration,-0.3812,0.476,20,0
1,residual,de,tier_1,transliteration,-0.5402,0.5,20,0
1,attn_out,de,tier_1,transliteration,-0.0013,0.0511,20,0
1,mlp_out,de,tier_1,transliteration,-0.1612,0.108,20,0
2,residual,de,tier_1,transliteration,-0.446,0.4635,20,0
2,attn_out,de,tier_1,transliteration,-0.0244,0.0399,20,0
2,mlp_out,de,tier_1,transliteration,-0.2781,0.3945,20,0
3,residual,de,tier_1,transliteration,-0.4185,0.4374,20,0
3,attn_out,de,tier_1,transliteration,0.0996,0.1141,20,0
3,mlp_out,de,tier_1,transliteration,-0.1231,0.2686,20,0
4,residual,de,tier_1,transliteration,-0.3743,0.3728,20,0
4,attn_out,de,tier_1,transliteration,-0.0339,0.0558,20,0
4,mlp_out,de,tier_1,transliteration,-0.2022,0.2296,20,0
5,residual,de,tier_1,transliteration,-0.2496,0.3304,20,0
5,attn_out,de,tier_1,transliteration,0.093,0.075,20,0
5,mlp_out,de,tier_1,transliteration,-0.3695,0.1526,20,0
6,residual,de,tier_1,transliteration,0.0729,0.3144,20,0
6,attn_out,de,tier_1,transliteration,-0.2476,0.0705,20,0
6,mlp_out,de,tier_1,transliteration,0.0413,0.2447,20,0
7,residual,de,tier_1,transliteration,-0.0026,0.3448,20,0
7,attn_out,de,tier_1,transliteration,-0.2188,0.0895,20,0
7,mlp_out,de,tier_1,transliteration,-0.0233,0.3314,20,0
8,residual,de,tier_1,transliteration,0.1064,0.3225,20,0
8,attn_out,de,tier_1,transliteration,-0.0798,0.0811,20,0
8,mlp_out,de,tier_1,transliteration,-0.0213,0.1552,20,0
9,residual,de,tier_1,transliteration,0.2277,0.3024,20,0
9,attn_out,de,tier_1,transliteration,0.0041,0.1145,20,0
9,mlp_out,de,tier_1,transliteration,0.2309,0.3117,20,0
10,residual,de,tier_1,transliteration,0.2201,0.3523,20,0
10,attn_out,de,tier_1,transliteration,-0.1448,0.0417,20,0
10,mlp_out,de,tier_1,transliteration,0.2556,0.1725,20,0
11,residual,de,tier_1,transliteration,0.3666,0.3973,20,0
11,attn_out,de,tier_1,transliteration,-0.0248,0.1369,20,0
11,mlp_out,de,tier_1,transliteration,0.0437,0.2872,20,0
12,residual,de,tier_1,transliteration,0.4719,0.4724,20,0
12,attn_out,de,tier_1,transliteration,-0.0115,0.1076,20,0
12,mlp_out,de,tier_1,transliteration,0.1747,0.072,20,0
13,residual,de,tier_1,transliteration,0.4408,0.474,20,0
13,attn_out,de,tier_1,transliteration,-0.0861,0.1146,20,0
13,mlp_out,de,tier_1,transliteration,0.0928,0.2278,20,0
14,residual,de,tier_1,transliteration,0.3963,0.4353,20,0
14,attn_out,de,tier_1,transliteration,0.0394,0.0883,20,0
14,mlp_out,de,tier_1,transliteration,0.2186,0.2093,20,0
15,residual,de,tier_1,transliteration,0.4406,0.3579,20,0
15,attn_out,de,tier_1,transliteration,-0.0683,0.167,20,0
15,mlp_out,de,tier_1,transliteration,0.0823,0.1359,20,0
16,residual,de,tier_1,transliteration,0.4207,0.3193,20,0
16,attn_out,de,tier_1,transliteration,-0.0166,0.0991,20,0
16,mlp_out,de,tier_1,transliteration,0.0203,0.0928,20,0
17,residual,de,tier_1,transliteration,0.3778,0.3222,20,0
17,attn_out,de,tier_1,transliteration,0.0107,0.1039,20,0
17,mlp_out,de,tier_1,transliteration,0.2706,0.1344,20,0
18,residual,de,tier_1,transliteration,0.2588,0.1667,20,0
18,attn_out,de,tier_1,transliteration,-0.0563,0.1506,20,0
18,mlp_out,de,tier_1,transliteration,0.1177,0.1568,20,0
19,residual,de,tier_1,transliteration,0.0982,0.1431,20,0
19,attn_out,de,tier_1,transliteration,0.0269,0.0606,20,0
19,mlp_out,de,tier_1,transliteration,0.0041,0.1394,20,0
20,residual,de,tier_1,transliteration,-0.0608,0.1114,20,0
20,attn_out,de,tier_1,transliteration,0.0094,0.02,20,0
20,mlp_out,de,tier_1,transliteration,0.0408,0.0564,20,0
21,residual,de,tier_1,transliteration,-0.0874,0.0644,20,0
21,attn_out,de,tier_1,transliteration,-0.0301,0.0223,20,0
21,mlp_out,de,tier_1,transliteration,-0.0226,0.0251,20,0
22,residual,de,tier_1,transliteration,-0.1178,0.0668,20,0
22,attn_out,de,tier_1,transliteration,-0.0061,0.0084,20,0
22,mlp_out,de,tier_1,transliteration,-0.0331,0.0464,20,0
23,residual,de,tier_1,transliteration,-0.119,0.0669,20,0
23,attn_out,de,tier_1,transliteration,-0.0133,0.017,20,0
23,mlp_out,de,tier_1,transliteration,-0.0338,0.0355,20,0
24,residual,de,tier_1,transliteration,-0.1049,0.0477,20,0
24,attn_out,de,tier_1,transliteration,-0.008,0.0086,20,0
24,mlp_out,de,tier_1,transliteration,-0.0417,0.029,20,0
25,residual,de,tier_1,transliteration,-0.0927,0.0463,20,0
25,attn_out,de,tier_1,transliteration,0.0153,0.0039,20,0
25,mlp_out,de,tier_1,transliteration,-0.0335,0.0298,20,0
26,residual,de,tier_1,transliteration,-0.0579,0.034,20,0
26,attn_out,de,tier_1,transliteration,-0.0246,0.0099,20,0
26,mlp_out,de,tier_1,transliteration,-0.0001,0.019,20,0
27,residual,de,tier_1,transliteration,0.0,0.0,20,0
27,attn_out,de,tier_1,transliteration,0.0,0.0,20,0
27,mlp_out,de,tier_1,transliteration,0.0,0.0,20,0
0,residual,fr,tier_1,transliteration,-0.7041,0.6407,20,0
0,attn_out,fr,tier_1,transliteration,-0.7171,0.6093,20,0
0,mlp_out,fr,tier_1,transliteration,-0.3163,0.6054,20,0
1,residual,fr,tier_1,transliteration,-0.5623,0.6698,20,0
1,attn_out,fr,tier_1,transliteration,-0.233,0.3291,20,0
1,mlp_out,fr,tier_1,transliteration,-0.0733,0.3231,20,0
2,residual,fr,tier_1,transliteration,-0.7023,0.7396,20,0
2,attn_out,fr,tier_1,transliteration,-0.2136,0.1908,20,0
2,mlp_out,fr,tier_1,transliteration,-0.4374,0.4082,20,0
3,residual,fr,tier_1,transliteration,-0.5598,0.7879,20,0
3,attn_out,fr,tier_1,transliteration,-0.0612,0.1357,20,0
3,mlp_out,fr,tier_1,transliteration,-0.1871,0.3726,20,0
4,residual,fr,tier_1,transliteration,-0.5332,0.8519,20,0
4,attn_out,fr,tier_1,transliteration,-0.0566,0.1994,20,0
4,mlp_out,fr,tier_1,transliteration,-0.0259,0.395,20,0
5,residual,fr,tier_1,transliteration,-0.3046,0.9079,20,0
5,attn_out,fr,tier_1,transliteration,-0.0351,0.2013,20,0
5,mlp_out,fr,tier_1,transliteration,-0.2134,0.2438,20,0
6,residual,fr,tier_1,transliteration,-0.0903,0.8949,20,0
6,attn_out,fr,tier_1,transliteration,-0.238,0.1986,20,0
6,mlp_out,fr,tier_1,transliteration,0.0984,0.3982,20,0
7,residual,fr,tier_1,transliteration,-0.1974,0.8372,20,0
7,attn_out,fr,tier_1,transliteration,-0.1258,0.2573,20,0
7,mlp_out,fr,tier_1,transliteration,0.0938,0.339,20,0
8,residual,fr,tier_1,transliteration,-0.3027,0.7928,20,0
8,attn_out,fr,tier_1,transliteration,-0.0849,0.1482,20,0
8,mlp_out,fr,tier_1,transliteration,0.1993,0.3244,20,0
9,residual,fr,tier_1,transliteration,-0.2796,0.7954,20,0
9,attn_out,fr,tier_1,transliteration,0.1375,0.1753,20,0
9,mlp_out,fr,tier_1,transliteration,0.1667,0.119,20,0
10,residual,fr,tier_1,transliteration,-0.4325,0.8567,20,0
10,attn_out,fr,tier_1,transliteration,-0.0942,0.0753,20,0
10,mlp_out,fr,tier_1,transliteration,0.1872,0.2204,20,0
11,residual,fr,tier_1,transliteration,-0.439,0.8084,20,0
11,attn_out,fr,tier_1,transliteration,-0.0266,0.1717,20,0
11,mlp_out,fr,tier_1,transliteration,0.0992,0.3311,20,0
12,residual,fr,tier_1,transliteration,-0.3507,0.727,20,0
12,attn_out,fr,tier_1,transliteration,0.0552,0.1285,20,0
12,mlp_out,fr,tier_1,transliteration,0.1608,0.2552,20,0
13,residual,fr,tier_1,transliteration,-0.338,0.9188,20,0
13,attn_out,fr,tier_1,transliteration,0.0522,0.1818,20,0
13,mlp_out,fr,tier_1,transliteration,0.1908,0.2851,20,0
14,residual,fr,tier_1,transliteration,-0.3422,0.9903,20,0
14,attn_out,fr,tier_1,transliteration,0.0275,0.0722,20,0
14,mlp_out,fr,tier_1,transliteration,0.1148,0.1596,20,0
15,residual,fr,tier_1,transliteration,-0.348,0.8842,20,0
15,attn_out,fr,tier_1,transliteration,-0.0046,0.0392,20,0
15,mlp_out,fr,tier_1,transliteration,0.1356,0.2808,20,0
16,residual,fr,tier_1,transliteration,-0.4276,0.901,20,0
16,attn_out,fr,tier_1,transliteration,-0.0448,0.0618,20,0
16,mlp_out,fr,tier_1,transliteration,-0.075,0.3337,20,0
17,residual,fr,tier_1,transliteration,-0.6071,0.9273,20,0
17,attn_out,fr,tier_1,transliteration,0.0259,0.0435,20,0
17,mlp_out,fr,tier_1,transliteration,0.1007,0.1871,20,0
18,residual,fr,tier_1,transliteration,-0.1848,0.4327,20,0
18,attn_out,fr,tier_1,transliteration,0.0114,0.089,20,0
18,mlp_out,fr,tier_1,transliteration,0.1217,0.0887,20,0
19,residual,fr,tier_1,transliteration,-0.136,0.3523,20,0
19,attn_out,fr,tier_1,transliteration,0.0215,0.0543,20,0
19,mlp_out,fr,tier_1,transliteration,0.027,0.1381,20,0
20,residual,fr,tier_1,transliteration,-0.1642,0.2468,20,0
20,attn_out,fr,tier_1,transliteration,-0.0082,0.0235,20,0
20,mlp_out,fr,tier_1,transliteration,0.0169,0.0582,20,0
21,residual,fr,tier_1,transliteration,-0.1794,0.2316,20,0
21,attn_out,fr,tier_1,transliteration,0.0179,0.0322,20,0
21,mlp_out,fr,tier_1,transliteration,0.0525,0.1508,20,0
22,residual,fr,tier_1,transliteration,-0.1435,0.1495,20,0
22,attn_out,fr,tier_1,transliteration,-0.0035,0.0159,20,0
22,mlp_out,fr,tier_1,transliteration,-0.0081,0.019,20,0
23,residual,fr,tier_1,transliteration,-0.0779,0.0533,20,0
23,attn_out,fr,tier_1,transliteration,-0.0121,0.0093,20,0
23,mlp_out,fr,tier_1,transliteration,-0.0185,0.0204,20,0
24,residual,fr,tier_1,transliteration,-0.0666,0.0441,20,0
24,attn_out,fr,tier_1,transliteration,-0.0152,0.0066,20,0
24,mlp_out,fr,tier_1,transliteration,-0.0264,0.0084,20,0
25,residual,fr,tier_1,transliteration,-0.0548,0.028,20,0
25,attn_out,fr,tier_1,transliteration,0.0094,0.0106,20,0
25,mlp_out,fr,tier_1,transliteration,-0.0185,0.02,20,0
26,residual,fr,tier_1,transliteration,-0.0409,0.0115,20,0
26,attn_out,fr,tier_1,transliteration,-0.0153,0.0076,20,0
26,mlp_out,fr,tier_1,transliteration,-0.018,0.0133,20,0
27,residual,fr,tier_1,transliteration,0.0,0.0,20,0
27,attn_out,fr,tier_1,transliteration,0.0,0.0,20,0
27,mlp_out,fr,tier_1,transliteration,0.0,0.0,20,0
0,residual,zh,tier_1,transliteration,0.2184,0.6877,20,0
0,attn_out,zh,tier_1,transliteration,0.1352,0.6619,20,0
0,mlp_out,zh,tier_1,transliteration,-0.0221,0.6133,20,0
1,residual,zh,tier_1,transliteration,0.3649,0.8333,20,0
1,attn_out,zh,tier_1,transliteration,-0.139,0.1842,20,0
1,mlp_out,zh,tier_1,transliteration,-0.0642,0.2622,20,0
2,residual,zh,tier_1,transliteration,0.4718,0.6156,20,0
2,attn_out,zh,tier_1,transliteration,-0.1011,0.3214,20,0
2,mlp_out,zh,tier_1,transliteration,0.0505,0.7161,20,0
3,residual,zh,tier_1,transliteration,0.6497,0.4702,20,0
3,attn_out,zh,tier_1,transliteration,0.0638,0.3417,20,0
3,mlp_out,zh,tier_1,transliteration,0.0928,0.1052,20,0
4,residual,zh,tier_1,transliteration,0.5905,0.562,20,0
4,attn_out,zh,tier_1,transliteration,0.1214,0.1234,20,0
4,mlp_out,zh,tier_1,transliteration,-0.0468,0.3187,20,0
5,residual,zh,tier_1,transliteration,0.5689,0.5962,20,0
5,attn_out,zh,tier_1,transliteration,-0.0282,0.2694,20,0
5,mlp_out,zh,tier_1,transliteration,0.2312,0.8398,20,0
6,residual,zh,tier_1,transliteration,0.7458,0.7363,20,0
6,attn_out,zh,tier_1,transliteration,0.0553,0.1803,20,0
6,mlp_out,zh,tier_1,transliteration,-0.0848,0.5201,20,0
7,residual,zh,tier_1,transliteration,1.1006,1.3257,20,0
7,attn_out,zh,tier_1,transliteration,-0.174,0.1563,20,0
7,mlp_out,zh,tier_1,transliteration,-0.2021,0.3531,20,0
8,residual,zh,tier_1,transliteration,1.2152,1.5262,20,0
8,attn_out,zh,tier_1,transliteration,0.0654,0.0675,20,0
8,mlp_out,zh,tier_1,transliteration,0.1649,0.2477,20,0
9,residual,zh,tier_1,transliteration,0.9477,1.5177,20,0
9,attn_out,zh,tier_1,transliteration,0.0824,0.0751,20,0
9,mlp_out,zh,tier_1,transliteration,0.0111,0.2913,20,0
10,residual,zh,tier_1,transliteration,0.799,1.5443,20,0
10,attn_out,zh,tier_1,transliteration,0.0248,0.0636,20,0
10,mlp_out,zh,tier_1,transliteration,0.2188,0.2594,20,0
11,residual,zh,tier_1,transliteration,0.931,1.6289,20,0
11,attn_out,zh,tier_1,transliteration,0.0278,0.1254,20,0
11,mlp_out,zh,tier_1,transliteration,-0.044,0.3358,20,0
12,residual,zh,tier_1,transliteration,0.8149,1.5437,20,0
12,attn_out,zh,tier_1,transliteration,0.0087,0.0823,20,0
12,mlp_out,zh,tier_1,transliteration,0.0133,0.2582,20,0
13,residual,zh,tier_1,transliteration,0.7809,1.2002,20,0
13,attn_out,zh,tier_1,transliteration,-0.0283,0.1212,20,0
13,mlp_out,zh,tier_1,transliteration,-0.017,0.2144,20,0
14,residual,zh,tier_1,transliteration,0.8889,1.4664,20,0
14,attn_out,zh,tier_1,transliteration,-0.0244,0.0642,20,0
14,mlp_out,zh,tier_1,transliteration,0.145,0.2292,20,0
15,residual,zh,tier_1,transliteration,0.9809,1.4752,20,0
15,attn_out,zh,tier_1,transliteration,-0.0936,0.1868,20,0
15,mlp_out,zh,tier_1,transliteration,0.0435,0.0948,20,0
16,residual,zh,tier_1,transliteration,0.9751,1.5087,20,0
16,attn_out,zh,tier_1,transliteration,0.0011,0.0341,20,0
16,mlp_out,zh,tier_1,transliteration,0.1394,0.1893,20,0
17,residual,zh,tier_1,transliteration,0.9043,1.4762,20,0
17,attn_out,zh,tier_1,transliteration,-0.0337,0.1053,20,0
17,mlp_out,zh,tier_1,transliteration,-0.0412,0.2326,20,0
18,residual,zh,tier_1,transliteration,0.4835,0.7901,20,0
18,attn_out,zh,tier_1,transliteration,-0.1014,0.1063,20,0
18,mlp_out,zh,tier_1,transliteration,-0.0703,0.0895,20,0
19,residual,zh,tier_1,transliteration,0.2516,0.5975,20,0
19,attn_out,zh,tier_1,transliteration,0.0423,0.07,20,0
19,mlp_out,zh,tier_1,transliteration,-0.0272,0.1062,20,0
20,residual,zh,tier_1,transliteration,0.2987,0.6803,20,0
20,attn_out,zh,tier_1,transliteration,0.0188,0.016,20,0
20,mlp_out,zh,tier_1,transliteration,-0.0278,0.0612,20,0
21,residual,zh,tier_1,transliteration,0.1603,0.4805,20,0
21,attn_out,zh,tier_1,transliteration,-0.0047,0.0154,20,0
21,mlp_out,zh,tier_1,transliteration,0.0073,0.0415,20,0
22,residual,zh,tier_1,transliteration,-0.1729,0.4304,20,0
22,attn_out,zh,tier_1,transliteration,0.0099,0.0259,20,0
22,mlp_out,zh,tier_1,transliteration,0.0185,0.0353,20,0
23,residual,zh,tier_1,transliteration,-0.0936,0.3109,20,0
23,attn_out,zh,tier_1,transliteration,-0.0067,0.0133,20,0
23,mlp_out,zh,tier_1,transliteration,-0.0122,0.0127,20,0
24,residual,zh,tier_1,transliteration,-0.0993,0.1967,20,0
24,attn_out,zh,tier_1,transliteration,0.0128,0.0137,20,0
24,mlp_out,zh,tier_1,transliteration,-0.0078,0.0167,20,0
25,residual,zh,tier_1,transliteration,-0.1033,0.1972,20,0
25,attn_out,zh,tier_1,transliteration,0.0026,0.0102,20,0
25,mlp_out,zh,tier_1,transliteration,-0.0004,0.0231,20,0
26,residual,zh,tier_1,transliteration,-0.0102,0.0864,20,0
26,attn_out,zh,tier_1,transliteration,0.016,0.0152,20,0
26,mlp_out,zh,tier_1,transliteration,0.0074,0.011,20,0
27,residual,zh,tier_1,transliteration,0.0,0.0,20,0
27,attn_out,zh,tier_1,transliteration,0.0,0.0,20,0
27,mlp_out,zh,tier_1,transliteration,0.0,0.0,20,0
0,residual,es,tier_1,transliteration,-1.6596,1.0019,20,0
0,attn_out,es,tier_1,transliteration,-1.6507,0.9794,20,0
0,mlp_out,es,tier_1,transliteration,-0.8315,0.7253,20,0
1,residual,es,tier_1,transliteration,-1.2677,0.5505,20,0
1,attn_out,es,tier_1,transliteration,-0.0605,0.1368,20,0
1,mlp_out,es,tier_1,transliteration,-0.1219,0.4007,20,0
2,residual,es,tier_1,transliteration,-1.1972,0.5011,20,0
2,attn_out,es,tier_1,transliteration,-0.0148,0.0776,20,0
2,mlp_out,es,tier_1,transliteration,-0.4145,0.59,20,0
3,residual,es,tier_1,transliteration,-0.9353,0.3451,20,0
3,attn_out,es,tier_1,transliteration,0.0102,0.2802,20,0
3,mlp_out,es,tier_1,transliteration,-0.153,0.2078,20,0
4,residual,es,tier_1,transliteration,-0.9079,0.3499,20,0
4,attn_out,es,tier_1,transliteration,0.0379,0.1442,20,0
4,mlp_out,es,tier_1,transliteration,-0.415,0.3498,20,0
5,residual,es,tier_1,transliteration,-0.2813,0.2949,20,0
5,attn_out,es,tier_1,transliteration,-0.1734,0.1155,20,0
5,mlp_out,es,tier_1,transliteration,-0.2268,0.2605,20,0
6,residual,es,tier_1,transliteration,0.8246,0.4436,20,0
6,attn_out,es,tier_1,transliteration,-0.0199,0.1942,20,0
6,mlp_out,es,tier_1,transliteration,0.5003,0.4854,20,0
7,residual,es,tier_1,transliteration,0.886,0.4921,20,0
7,attn_out,es,tier_1,transliteration,0.0794,0.3549,20,0
7,mlp_out,es,tier_1,transliteration,0.083,0.2709,20,0
8,residual,es,tier_1,transliteration,0.9479,0.5532,20,0
8,attn_out,es,tier_1,transliteration,0.2882,0.2498,20,0
8,mlp_out,es,tier_1,transliteration,0.1916,0.3507,20,0
9,residual,es,tier_1,transliteration,0.8209,0.6356,20,0
9,attn_out,es,tier_1,transliteration,-0.0112,0.2221,20,0
9,mlp_out,es,tier_1,transliteration,0.8273,0.4862,20,0
10,residual,es,tier_1,transliteration,0.7124,0.7293,20,0
10,attn_out,es,tier_1,transliteration,-0.0766,0.3482,20,0
10,mlp_out,es,tier_1,transliteration,0.4394,0.3644,20,0
11,residual,es,tier_1,transliteration,0.8283,0.6364,20,0
11,attn_out,es,tier_1,transliteration,-0.2457,0.234,20,0
11,mlp_out,es,tier_1,transliteration,0.2795,0.3681,20,0
12,residual,es,tier_1,transliteration,0.942,0.6867,20,0
12,attn_out,es,tier_1,transliteration,0.1847,0.2541,20,0
12,mlp_out,es,tier_1,transliteration,0.5757,0.4613,20,0
13,residual,es,tier_1,transliteration,0.5286,0.5846,20,0
13,attn_out,es,tier_1,transliteration,0.0322,0.2563,20,0
13,mlp_out,es,tier_1,transliteration,0.2316,0.1864,20,0
14,residual,es,tier_1,transliteration,0.352,0.5314,20,0
14,attn_out,es,tier_1,transliteration,0.0082,0.1495,20,0
14,mlp_out,es,tier_1,transliteration,0.4854,0.2416,20,0
15,residual,es,tier_1,transliteration,0.4443,0.6139,20,0
15,attn_out,es,tier_1,transliteration,-0.117,0.1157,20,0
15,mlp_out,es,tier_1,transliteration,0.2067,0.3885,20,0
16,residual,es,tier_1,transliteration,0.3566,0.5606,20,0
16,attn_out,es,tier_1,transliteration,0.0647,0.0629,20,0
16,mlp_out,es,tier_1,transliteration,-0.0411,0.1517,20,0
17,residual,es,tier_1,transliteration,0.0872,0.507,20,0
17,attn_out,es,tier_1,transliteration,0.0841,0.1173,20,0
17,mlp_out,es,tier_1,transliteration,-0.0875,0.4302,20,0
18,residual,es,tier_1,transliteration,0.4121,0.2736,20,0
18,attn_out,es,tier_1,transliteration,0.042,0.1724,20,0
18,mlp_out,es,tier_1,transliteration,0.0015,0.0412,20,0
19,residual,es,tier_1,transliteration,0.2049,0.1633,20,0
19,attn_out,es,tier_1,transliteration,0.0348,0.0519,20,0
19,mlp_out,es,tier_1,transliteration,0.1283,0.1925,20,0
20,residual,es,tier_1,transliteration,0.0091,0.0749,20,0
20,attn_out,es,tier_1,transliteration,0.0107,0.0192,20,0
20,mlp_out,es,tier_1,transliteration,0.1082,0.0658,20,0
21,residual,es,tier_1,transliteration,-0.147,0.0554,20,0
21,attn_out,es,tier_1,transliteration,-0.0228,0.0331,20,0
21,mlp_out,es,tier_1,transliteration,-0.0207,0.0173,20,0
22,residual,es,tier_1,transliteration,-0.1945,0.072,20,0
22,attn_out,es,tier_1,transliteration,-0.0025,0.0159,20,0
22,mlp_out,es,tier_1,transliteration,-0.0542,0.0304,20,0
23,residual,es,tier_1,transliteration,-0.1701,0.0752,20,0
23,attn_out,es,tier_1,transliteration,-0.0222,0.01,20,0
23,mlp_out,es,tier_1,transliteration,-0.0426,0.015,20,0
24,residual,es,tier_1,transliteration,-0.1348,0.0663,20,0
24,attn_out,es,tier_1,transliteration,-0.0146,0.013,20,0
24,mlp_out,es,tier_1,transliteration,-0.0535,0.0201,20,0
25,residual,es,tier_1,transliteration,-0.0656,0.0447,20,0
25,attn_out,es,tier_1,transliteration,0.019,0.0148,20,0
25,mlp_out,es,tier_1,transliteration,-0.0036,0.0086,20,0
26,residual,es,tier_1,transliteration,-0.0706,0.025,20,0
26,attn_out,es,tier_1,transliteration,-0.0336,0.0086,20,0
26,mlp_out,es,tier_1,transliteration,-0.0099,0.0279,20,0
27,residual,es,tier_1,transliteration,0.0,0.0,20,0
27,attn_out,es,tier_1,transliteration,0.0,0.0,20,0
27,mlp_out,es,tier_1,transliteration,0.0,0.0,20,0
0,residual,ar,tier_2,transliteration,-0.4896,0.5291,20,0
0,attn_out,ar,tier_2,transliteration,-0.5152,0.5831,20,0
0,mlp_out,ar,tier_2,transliteration,-0.088,0.2333,20,0
1,residual,ar,tier_2,transliteration,-0.4795,0.4651,20,0
1,attn_out,ar,tier_2,transliteration,0.1024,0.247,20,0
1,mlp_out,ar,tier_2,transliteration,0.0026,0.1549,20,0
2,residual,ar,tier_2,transliteration,-0.6255,0.4218,20,0
2,attn_out,ar,tier_2,transliteration,-0.0391,0.237,20,0
2,mlp_out,ar,tier_2,transliteration,-0.0202,0.2734,20,0
3,residual,ar,tier_2,transliteration,-0.7836,0.5356,20,0
3,attn_out,ar,tier_2,transliteration,0.1154,0.1139,20,0
3,mlp_out,ar,tier_2,transliteration,0.0373,0.1513,20,0
4,residual,ar,tier_2,transliteration,-0.6426,0.4947,20,0
4,attn_out,ar,tier_2,transliteration,0.0054,0.0426,20,0
4,mlp_out,ar,tier_2,transliteration,-0.1179,0.1624,20,0
5,residual,ar,tier_2,transliteration,-0.7326,0.4895,20,0
5,attn_out,ar,tier_2,transliteration,-0.0091,0.0795,20,0
5,mlp_out,ar,tier_2,transliteration,-0.2394,0.2153,20,0
6,residual,ar,tier_2,transliteration,-0.728,0.4411,20,0
6,attn_out,ar,tier_2,transliteration,-0.006,0.1626,20,0
6,mlp_out,ar,tier_2,transliteration,-0.0555,0.1465,20,0
7,residual,ar,tier_2,transliteration,-0.7216,0.6585,20,0
7,attn_out,ar,tier_2,transliteration,-0.0647,0.0966,20,0
7,mlp_out,ar,tier_2,transliteration,-0.2837,0.1377,20,0
8,residual,ar,tier_2,transliteration,-0.7172,0.6031,20,0
8,attn_out,ar,tier_2,transliteration,-0.0745,0.0921,20,0
8,mlp_out,ar,tier_2,transliteration,-0.0584,0.0743,20,0
9,residual,ar,tier_2,transliteration,-0.6039,0.5485,20,0
9,attn_out,ar,tier_2,transliteration,-0.0657,0.0628,20,0
9,mlp_out,ar,tier_2,transliteration,0.0179,0.103,20,0
10,residual,ar,tier_2,transliteration,-0.5875,0.4293,20,0
10,attn_out,ar,tier_2,transliteration,0.0255,0.0453,20,0
10,mlp_out,ar,tier_2,transliteration,-0.0524,0.1643,20,0
11,residual,ar,tier_2,transliteration,-0.4949,0.4558,20,0
11,attn_out,ar,tier_2,transliteration,0.036,0.1016,20,0
11,mlp_out,ar,tier_2,transliteration,-0.0512,0.1552,20,0
12,residual,ar,tier_2,transliteration,-0.4902,0.4508,20,0
12,attn_out,ar,tier_2,transliteration,0.0642,0.0421,20,0
12,mlp_out,ar,tier_2,transliteration,0.0303,0.0603,20,0
13,residual,ar,tier_2,transliteration,-0.3986,0.5344,20,0
13,attn_out,ar,tier_2,transliteration,-0.0207,0.0279,20,0
13,mlp_out,ar,tier_2,transliteration,-0.0833,0.0637,20,0
14,residual,ar,tier_2,transliteration,-0.3622,0.5286,20,0
14,attn_out,ar,tier_2,transliteration,0.0003,0.0265,20,0
14,mlp_out,ar,tier_2,transliteration,-0.1045,0.0514,20,0
15,residual,ar,tier_2,transliteration,-0.1626,0.5217,20,0
15,attn_out,ar,tier_2,transliteration,0.0006,0.033,20,0
15,mlp_out,ar,tier_2,transliteration,-0.0831,0.0994,20,0
16,residual,ar,tier_2,transliteration,-0.1598,0.5193,20,0
16,attn_out,ar,tier_2,transliteration,-0.0058,0.0109,20,0
16,mlp_out,ar,tier_2,transliteration,-0.0065,0.0543,20,0
17,residual,ar,tier_2,transliteration,-0.0963,0.3816,20,0
17,attn_out,ar,tier_2,transliteration,-0.0151,0.0198,20,0
17,mlp_out,ar,tier_2,transliteration,0.0108,0.0738,20,0
18,residual,ar,tier_2,transliteration,0.0519,0.0577,20,0
18,attn_out,ar,tier_2,transliteration,0.0145,0.0532,20,0
18,mlp_out,ar,tier_2,transliteration,0.0743,0.0883,20,0
19,residual,ar,tier_2,transliteration,0.0298,0.1029,20,0
19,attn_out,ar,tier_2,transliteration,-0.0015,0.0074,20,0
19,mlp_out,ar,tier_2,transliteration,0.035,0.0297,20,0
20,residual,ar,tier_2,transliteration,0.0219,0.0954,20,0
20,attn_out,ar,tier_2,transliteration,0.0084,0.0081,20,0
20,mlp_out,ar,tier_2,transliteration,-0.0045,0.0079,20,0
21,residual,ar,tier_2,transliteration,0.0015,0.0921,20,0
21,attn_out,ar,tier_2,transliteration,0.0027,0.0079,20,0
21,mlp_out,ar,tier_2,transliteration,-0.0365,0.1141,20,0
22,residual,ar,tier_2,transliteration,-0.0172,0.0503,20,0
22,attn_out,ar,tier_2,transliteration,-0.0036,0.0037,20,0
22,mlp_out,ar,tier_2,transliteration,0.0135,0.0171,20,0
23,residual,ar,tier_2,transliteration,-0.0186,0.0387,20,0
23,attn_out,ar,tier_2,transliteration,-0.0011,0.0037,20,0
23,mlp_out,ar,tier_2,transliteration,0.0081,0.0124,20,0
24,residual,ar,tier_2,transliteration,-0.0108,0.0337,20,0
24,attn_out,ar,tier_2,transliteration,0.0015,0.0021,20,0
24,mlp_out,ar,tier_2,transliteration,0.0027,0.0064,20,0
25,residual,ar,tier_2,transliteration,-0.0038,0.0271,20,0
25,attn_out,ar,tier_2,transliteration,0.0002,0.0083,20,0
25,mlp_out,ar,tier_2,transliteration,0.0015,0.0043,20,0
26,residual,ar,tier_2,transliteration,-0.0116,0.0103,20,0
26,attn_out,ar,tier_2,transliteration,-0.0025,0.0016,20,0
26,mlp_out,ar,tier_2,transliteration,-0.0032,0.0035,20,0
27,residual,ar,tier_2,transliteration,0.0,0.0,20,0
27,attn_out,ar,tier_2,transliteration,0.0,0.0,20,0
27,mlp_out,ar,tier_2,transliteration,0.0,0.0,20,0
0,residual,ru,tier_2,transliteration,-1.6794,0.4916,20,0
0,attn_out,ru,tier_2,transliteration,-1.6891,0.4079,20,0
0,mlp_out,ru,tier_2,transliteration,-0.8934,0.3222,20,0
1,residual,ru,tier_2,transliteration,-1.3167,0.7002,20,0
1,attn_out,ru,tier_2,transliteration,-0.0288,0.173,20,0
1,mlp_out,ru,tier_2,transliteration,-0.0904,0.1844,20,0
2,residual,ru,tier_2,transliteration,-1.0271,0.4943,20,0
2,attn_out,ru,tier_2,transliteration,-0.0497,0.0945,20,0
2,mlp_out,ru,tier_2,transliteration,-0.7057,0.5264,20,0
3,residual,ru,tier_2,transliteration,-1.023,0.4632,20,0
3,attn_out,ru,tier_2,transliteration,0.0872,0.1237,20,0
3,mlp_out,ru,tier_2,transliteration,-0.0981,0.1759,20,0
4,residual,ru,tier_2,transliteration,-1.0218,0.5008,20,0
4,attn_out,ru,tier_2,transliteration,-0.1131,0.156,20,0
4,mlp_out,ru,tier_2,transliteration,0.0472,0.1555,20,0
5,residual,ru,tier_2,transliteration,-0.7797,0.6454,20,0
5,attn_out,ru,tier_2,transliteration,-0.0978,0.2788,20,0
5,mlp_out,ru,tier_2,transliteration,0.1998,0.5885,20,0
6,residual,ru,tier_2,transliteration,-0.7435,0.8089,20,0
6,attn_out,ru,tier_2,transliteration,0.1412,0.1909,20,0
6,mlp_out,ru,tier_2,transliteration,0.0993,0.2699,20,0
7,residual,ru,tier_2,transliteration,-0.6448,1.0125,20,0
7,attn_out,ru,tier_2,transliteration,0.0166,0.2396,20,0
7,mlp_out,ru,tier_2,transliteration,0.1501,0.2241,20,0
8,residual,ru,tier_2,transliteration,-0.7649,0.8876,20,0
8,attn_out,ru,tier_2,transliteration,0.2258,0.4112,20,0
8,mlp_out,ru,tier_2,transliteration,0.064,0.2389,20,0
9,residual,ru,tier_2,transliteration,-0.8377,0.934,20,0
9,attn_out,ru,tier_2,transliteration,0.4189,0.2486,20,0
9,mlp_out,ru,tier_2,transliteration,0.3227,0.5387,20,0
10,residual,ru,tier_2,transliteration,-1.0232,0.9977,20,0
10,attn_out,ru,tier_2,transliteration,-0.1556,0.405,20,0
10,mlp_out,ru,tier_2,transliteration,0.6991,0.5739,20,0
11,residual,ru,tier_2,transliteration,-1.2295,1.1008,20,0
11,attn_out,ru,tier_2,transliteration,-0.2269,0.3703,20,0
11,mlp_out,ru,tier_2,transliteration,0.581,0.4414,20,0
12,residual,ru,tier_2,transliteration,-1.136,1.2709,20,0
12,attn_out,ru,tier_2,transliteration,-0.2005,0.3431,20,0
12,mlp_out,ru,tier_2,transliteration,0.1911,0.651,20,0
13,residual,ru,tier_2,transliteration,-1.103,1.2682,20,0
13,attn_out,ru,tier_2,transliteration,-0.1955,0.3888,20,0
13,mlp_out,ru,tier_2,transliteration,0.0244,0.45,20,0
14,residual,ru,tier_2,transliteration,-0.9697,1.2817,20,0
14,attn_out,ru,tier_2,transliteration,-0.4471,0.3242,20,0
14,mlp_out,ru,tier_2,transliteration,-0.2685,0.6086,20,0
15,residual,ru,tier_2,transliteration,-0.858,1.141,20,0
15,attn_out,ru,tier_2,transliteration,-0.4055,0.4595,20,0
15,mlp_out,ru,tier_2,transliteration,-0.1522,0.3228,20,0
16,residual,ru,tier_2,transliteration,-0.86,0.988,20,0
16,attn_out,ru,tier_2,transliteration,-0.1018,0.1753,20,0
16,mlp_out,ru,tier_2,transliteration,0.0753,0.2104,20,0
17,residual,ru,tier_2,transliteration,-1.0495,1.123,20,0
17,attn_out,ru,tier_2,transliteration,-0.1953,0.1753,20,0
17,mlp_out,ru,tier_2,transliteration,-0.2723,0.3087,20,0
18,residual,ru,tier_2,transliteration,-0.4518,0.605,20,0
18,attn_out,ru,tier_2,transliteration,0.077,0.1007,20,0
18,mlp_out,ru,tier_2,transliteration,-0.2488,0.134,20,0
19,residual,ru,tier_2,transliteration,-0.327,0.3267,20,0
19,attn_out,ru,tier_2,transliteration,-0.0433,0.0801,20,0
19,mlp_out,ru,tier_2,transliteration,0.1146,0.1746,20,0
20,residual,ru,tier_2,transliteration,-0.1458,0.2393,20,0
20,attn_out,ru,tier_2,transliteration,-0.0483,0.0395,20,0
20,mlp_out,ru,tier_2,transliteration,0.044,0.0983,20,0
21,residual,ru,tier_2,transliteration,-0.3414,0.1371,20,0
21,attn_out,ru,tier_2,transliteration,-0.0604,0.0234,20,0
21,mlp_out,ru,tier_2,transliteration,-0.0884,0.034,20,0
22,residual,ru,tier_2,transliteration,-0.2729,0.1444,20,0
22,attn_out,ru,tier_2,transliteration,-0.0124,0.0083,20,0
22,mlp_out,ru,tier_2,transliteration,-0.0479,0.0227,20,0
23,residual,ru,tier_2,transliteration,-0.2223,0.0915,20,0
23,attn_out,ru,tier_2,transliteration,-0.0106,0.0101,20,0
23,mlp_out,ru,tier_2,transliteration,-0.0267,0.0202,20,0
24,residual,ru,tier_2,transliteration,-0.174,0.1012,20,0
24,attn_out,ru,tier_2,transliteration,0.0127,0.017,20,0
24,mlp_out,ru,tier_2,transliteration,-0.0231,0.018,20,0
25,residual,ru,tier_2,transliteration,-0.125,0.0363,20,0
25,attn_out,ru,tier_2,transliteration,0.0105,0.0068,20,0
25,mlp_out,ru,tier_2,transliteration,-0.0187,0.0174,20,0
26,residual,ru,tier_2,transliteration,-0.067,0.0284,20,0
26,attn_out,ru,tier_2,transliteration,-0.0314,0.0063,20,0
26,mlp_out,ru,tier_2,transliteration,-0.0114,0.0226,20,0
27,residual,ru,tier_2,transliteration,0.0,0.0,20,0
27,attn_out,ru,tier_2,transliteration,0.0,0.0,20,0
27,mlp_out,ru,tier_2,transliteration,0.0,0.0,20,0
0,residual,ko,tier_2,transliteration,-0.9527,0.658,20,0
0,attn_out,ko,tier_2,transliteration,-1.0538,0.7528,20,0
0,mlp_out,ko,tier_2,transliteration,0.0252,0.3476,20,0
1,residual,ko,tier_2,transliteration,-0.5382,0.3766,20,0
1,attn_out,ko,tier_2,transliteration,0.0296,0.0904,20,0
1,mlp_out,ko,tier_2,transliteration,-0.0209,0.1506,20,0
2,residual,ko,tier_2,transliteration,-0.6617,0.4185,20,0
2,attn_out,ko,tier_2,transliteration,-0.0735,0.0155,20,0
2,mlp_out,ko,tier_2,transliteration,-0.1763,0.4071,20,0
3,residual,ko,tier_2,transliteration,-0.7515,0.3825,20,0
3,attn_out,ko,tier_2,transliteration,0.0734,0.0894,20,0
3,mlp_out,ko,tier_2,transliteration,-0.0159,0.1222,20,0
4,residual,ko,tier_2,transliteration,-0.7596,0.3665,20,0
4,attn_out,ko,tier_2,transliteration,0.0285,0.0966,20,0
4,mlp_out,ko,tier_2,transliteration,-0.0212,0.0847,20,0
5,residual,ko,tier_2,transliteration,-0.6816,0.4177,20,0
5,attn_out,ko,tier_2,transliteration,-0.0351,0.1011,20,0
5,mlp_out,ko,tier_2,transliteration,-0.3401,0.2539,20,0
6,residual,ko,tier_2,transliteration,-0.4858,0.4511,20,0
6,attn_out,ko,tier_2,transliteration,-0.1865,0.1493,20,0
6,mlp_out,ko,tier_2,transliteration,-0.1767,0.2366,20,0
7,residual,ko,tier_2,transliteration,-0.5606,0.4519,20,0
7,attn_out,ko,tier_2,transliteration,-0.0331,0.2098,20,0
7,mlp_out,ko,tier_2,transliteration,0.1219,0.3548,20,0
8,residual,ko,tier_2,transliteration,-0.5513,0.5348,20,0
8,attn_out,ko,tier_2,transliteration,0.1019,0.2528,20,0
8,mlp_out,ko,tier_2,transliteration,0.0659,0.218,20,0
9,residual,ko,tier_2,transliteration,-0.6268,0.6622,20,0
9,attn_out,ko,tier_2,transliteration,-0.0591,0.1442,20,0
9,mlp_out,ko,tier_2,transliteration,0.0869,0.271,20,0
10,residual,ko,tier_2,transliteration,-0.5535,0.4694,20,0
10,attn_out,ko,tier_2,transliteration,-0.0856,0.1543,20,0
10,mlp_out,ko,tier_2,transliteration,-0.1981,0.1355,20,0
11,residual,ko,tier_2,transliteration,-0.5952,0.4846,20,0
11,attn_out,ko,tier_2,transliteration,-0.0595,0.1167,20,0
11,mlp_out,ko,tier_2,transliteration,-0.0984,0.1914,20,0
12,residual,ko,tier_2,transliteration,-0.6031,0.6177,20,0
12,attn_out,ko,tier_2,transliteration,-0.4004,0.1048,20,0
12,mlp_out,ko,tier_2,transliteration,0.109,0.075,20,0
13,residual,ko,tier_2,transliteration,-0.2884,0.3432,20,0
13,attn_out,ko,tier_2,transliteration,0.0474,0.1763,20,0
13,mlp_out,ko,tier_2,transliteration,0.1521,0.1104,20,0
14,residual,ko,tier_2,transliteration,-0.3532,0.3531,20,0
14,attn_out,ko,tier_2,transliteration,0.0403,0.0898,20,0
14,mlp_out,ko,tier_2,transliteration,-0.1104,0.2184,20,0
15,residual,ko,tier_2,transliteration,-0.2915,0.8564,20,0
15,attn_out,ko,tier_2,transliteration,0.0423,0.1833,20,0
15,mlp_out,ko,tier_2,transliteration,0.135,0.1807,20,0
16,residual,ko,tier_2,transliteration,-0.483,0.9543,20,0
16,attn_out,ko,tier_2,transliteration,0.0199,0.0435,20,0
16,mlp_out,ko,tier_2,transliteration,-0.0657,0.1592,20,0
17,residual,ko,tier_2,transliteration,-0.5009,0.9743,20,0
17,attn_out,ko,tier_2,transliteration,0.0764,0.064,20,0
17,mlp_out,ko,tier_2,transliteration,-0.0888,0.1966,20,0
18,residual,ko,tier_2,transliteration,-0.0091,0.2879,20,0
18,attn_out,ko,tier_2,transliteration,-0.0784,0.0801,20,0
18,mlp_out,ko,tier_2,transliteration,-0.2651,0.1917,20,0
19,residual,ko,tier_2,transliteration,-0.0992,0.3506,20,0
19,attn_out,ko,tier_2,transliteration,0.0561,0.0707,20,0
19,mlp_out,ko,tier_2,transliteration,0.2286,0.1008,20,0
20,residual,ko,tier_2,transliteration,-0.1914,0.3194,20,0
20,attn_out,ko,tier_2,transliteration,0.0835,0.0203,20,0
20,mlp_out,ko,tier_2,transliteration,0.0542,0.0461,20,0
21,residual,ko,tier_2,transliteration,-0.1876,0.3212,20,0
21,attn_out,ko,tier_2,transliteration,-0.0649,0.0399,20,0
21,mlp_out,ko,tier_2,transliteration,-0.007,0.0457,20,0
22,residual,ko,tier_2,transliteration,-0.2387,0.1777,20,0
22,attn_out,ko,tier_2,transliteration,-0.0391,0.011,20,0
22,mlp_out,ko,tier_2,transliteration,-0.0993,0.0368,20,0
23,residual,ko,tier_2,transliteration,-0.196,0.082,20,0
23,attn_out,ko,tier_2,transliteration,-0.0236,0.0519,20,0
23,mlp_out,ko,tier_2,transliteration,-0.0588,0.0502,20,0
24,residual,ko,tier_2,transliteration,-0.2007,0.024,20,0
24,attn_out,ko,tier_2,transliteration,0.0188,0.0087,20,0
24,mlp_out,ko,tier_2,transliteration,-0.0798,0.0653,20,0
25,residual,ko,tier_2,transliteration,-0.1021,0.0138,20,0
25,attn_out,ko,tier_2,transliteration,0.0287,0.0178,20,0
25,mlp_out,ko,tier_2,transliteration,-0.0343,0.0866,20,0
26,residual,ko,tier_2,transliteration,-0.0503,0.0465,20,0
26,attn_out,ko,tier_2,transliteration,0.0022,0.0077,20,0
26,mlp_out,ko,tier_2,transliteration,0.0085,0.0359,20,0
27,residual,ko,tier_2,transliteration,0.0,0.0,20,0
27,attn_out,ko,tier_2,transliteration,0.0,0.0,20,0
27,mlp_out,ko,tier_2,transliteration,0.0,0.0,20,0
0,residual,ja,tier_2,transliteration,0.5504,0.3454,20,0
0,attn_out,ja,tier_2,transliteration,0.5146,0.3654,20,0
0,mlp_out,ja,tier_2,transliteration,0.5328,0.2822,20,0
1,residual,ja,tier_2,transliteration,0.5332,0.7478,20,0
1,attn_out,ja,tier_2,transliteration,0.0937,0.1783,20,0
1,mlp_out,ja,tier_2,transliteration,0.1699,0.1729,20,0
2,residual,ja,tier_2,transliteration,0.7792,0.5893,20,0
2,attn_out,ja,tier_2,transliteration,0.2108,0.1998,20,0
2,mlp_out,ja,tier_2,transliteration,0.5157,0.1621,20,0
3,residual,ja,tier_2,transliteration,0.6669,0.5722,20,0
3,attn_out,ja,tier_2,transliteration,-0.0206,0.1377,20,0
3,mlp_out,ja,tier_2,transliteration,0.2036,0.2429,20,0
4,residual,ja,tier_2,transliteration,0.5985,0.5782,20,0
4,attn_out,ja,tier_2,transliteration,0.0768,0.1149,20,0
4,mlp_out,ja,tier_2,transliteration,0.335,0.3149,20,0
5,residual,ja,tier_2,transliteration,0.5465,0.604,20,0
5,attn_out,ja,tier_2,transliteration,0.0361,0.1023,20,0
5,mlp_out,ja,tier_2,transliteration,0.4906,0.3088,20,0
6,residual,ja,tier_2,transliteration,0.5984,0.49,20,0
6,attn_out,ja,tier_2,transliteration,-0.0051,0.1737,20,0
6,mlp_out,ja,tier_2,transliteration,0.3301,0.3728,20,0
7,residual,ja,tier_2,transliteration,0.5626,0.5199,20,0
7,attn_out,ja,tier_2,transliteration,0.3391,0.2458,20,0
7,mlp_out,ja,tier_2,transliteration,0.5698,0.1753,20,0
8,residual,ja,tier_2,transliteration,0.6435,0.5301,20,0
8,attn_out,ja,tier_2,transliteration,-0.053,0.168,20,0
8,mlp_out,ja,tier_2,transliteration,0.452,0.4005,20,0
9,residual,ja,tier_2,transliteration,0.389,0.7875,20,0
9,attn_out,ja,tier_2,transliteration,0.2211,0.0948,20,0
9,mlp_out,ja,tier_2,transliteration,0.4647,0.2514,20,0
10,residual,ja,tier_2,transliteration,0.2292,0.8565,20,0
10,attn_out,ja,tier_2,transliteration,0.2304,0.152,20,0
10,mlp_out,ja,tier_2,transliteration,0.5028,0.2978,20,0
11,residual,ja,tier_2,transliteration,0.4048,0.5674,20,0
11,attn_out,ja,tier_2,transliteration,-0.0466,0.106,20,0
11,mlp_out,ja,tier_2,transliteration,0.1289,0.2492,20,0
12,residual,ja,tier_2,transliteration,0.3132,0.6538,20,0
12,attn_out,ja,tier_2,transliteration,0.0836,0.2743,20,0
12,mlp_out,ja,tier_2,transliteration,0.1287,0.1856,20,0
13,residual,ja,tier_2,transliteration,0.0988,0.9314,20,0
13,attn_out,ja,tier_2,transliteration,-0.0195,0.1648,20,0
13,mlp_out,ja,tier_2,transliteration,0.2095,0.0797,20,0
14,residual,ja,tier_2,transliteration,0.0653,0.961,20,0
14,attn_out,ja,tier_2,transliteration,-0.0403,0.0679,20,0
14,mlp_out,ja,tier_2,transliteration,0.134,0.1632,20,0
15,residual,ja,tier_2,transliteration,-0.0684,1.1201,20,0
15,attn_out,ja,tier_2,transliteration,0.0778,0.262,20,0
15,mlp_out,ja,tier_2,transliteration,0.064,0.2087,20,0
16,residual,ja,tier_2,transliteration,-0.1946,1.1527,20,0
16,attn_out,ja,tier_2,transliteration,-0.0299,0.1005,20,0
16,mlp_out,ja,tier_2,transliteration,0.0263,0.0995,20,0
17,residual,ja,tier_2,transliteration,-0.2294,1.1142,20,0
17,attn_out,ja,tier_2,transliteration,0.0709,0.152,20,0
17,mlp_out,ja,tier_2,transliteration,0.2013,0.0745,20,0
18,residual,ja,tier_2,transliteration,-0.2371,0.7762,20,0
18,attn_out,ja,tier_2,transliteration,0.0107,0.1054,20,0
18,mlp_out,ja,tier_2,transliteration,-0.0182,0.0391,20,0
19,residual,ja,tier_2,transliteration,-0.4353,0.8284,20,0
19,attn_out,ja,tier_2,transliteration,-0.0486,0.0252,20,0
19,mlp_out,ja,tier_2,transliteration,-0.0613,0.083,20,0
20,residual,ja,tier_2,transliteration,-0.3619,0.6008,20,0
20,attn_out,ja,tier_2,transliteration,0.0075,0.0233,20,0
20,mlp_out,ja,tier_2,transliteration,0.0093,0.0425,20,0
21,residual,ja,tier_2,transliteration,-0.5299,0.6361,20,0
21,attn_out,ja,tier_2,transliteration,-0.0151,0.0095,20,0
21,mlp_out,ja,tier_2,transliteration,-0.0226,0.0219,20,0
22,residual,ja,tier_2,transliteration,-0.4428,0.5296,20,0
22,attn_out,ja,tier_2,transliteration,-0.0179,0.0265,20,0
22,mlp_out,ja,tier_2,transliteration,0.0094,0.0238,20,0
23,residual,ja,tier_2,transliteration,-0.2772,0.3314,20,0
23,attn_out,ja,tier_2,transliteration,-0.0052,0.0108,20,0
23,mlp_out,ja,tier_2,transliteration,0.0019,0.0206,20,0
24,residual,ja,tier_2,transliteration,-0.2221,0.2846,20,0
24,attn_out,ja,tier_2,transliteration,0.0166,0.0052,20,0
24,mlp_out,ja,tier_2,transliteration,-0.0075,0.0181,20,0
25,residual,ja,tier_2,transliteration,-0.1189,0.0967,20,0
25,attn_out,ja,tier_2,transliteration,0.0023,0.0046,20,0
25,mlp_out,ja,tier_2,transliteration,-0.0454,0.0403,20,0
26,residual,ja,tier_2,transliteration,-0.0358,0.0542,20,0
26,attn_out,ja,tier_2,transliteration,-0.0086,0.0098,20,0
26,mlp_out,ja,tier_2,transliteration,-0.005,0.0133,20,0
27,residual,ja,tier_2,transliteration,0.0,0.0,20,0
27,attn_out,ja,tier_2,transliteration,0.0,0.0,20,0
27,mlp_out,ja,tier_2,transliteration,0.0,0.0,20,0
0,residual,tr,tier_3,transliteration,-1.8926,0.3207,20,0
0,attn_out,tr,tier_3,transliteration,-1.8862,0.3062,20,0
0,mlp_out,tr,tier_3,transliteration,-0.9833,0.4051,20,0
1,residual,tr,tier_3,transliteration,-1.6639,0.906,20,0
1,attn_out,tr,tier_3,transliteration,0.0329,0.1364,20,0
1,mlp_out,tr,tier_3,transliteration,-0.0633,0.5152,20,0
2,residual,tr,tier_3,transliteration,-1.6529,0.8883,20,0
2,attn_out,tr,tier_3,transliteration,0.0192,0.115,20,0
2,mlp_out,tr,tier_3,transliteration,-0.1775,0.6795,20,0
3,residual,tr,tier_3,transliteration,-1.4132,0.8796,20,0
3,attn_out,tr,tier_3,transliteration,0.1209,0.1943,20,0
3,mlp_out,tr,tier_3,transliteration,0.1923,0.3406,20,0
4,residual,tr,tier_3,transliteration,-1.3388,0.9838,20,0
4,attn_out,tr,tier_3,transliteration,-0.1471,0.3702,20,0
4,mlp_out,tr,tier_3,transliteration,-0.0809,0.3089,20,0
5,residual,tr,tier_3,transliteration,-1.0499,1.1184,20,0
5,attn_out,tr,tier_3,transliteration,-0.0703,0.0617,20,0
5,mlp_out,tr,tier_3,transliteration,-0.1206,0.5143,20,0
6,residual,tr,tier_3,transliteration,-0.1733,1.0809,20,0
6,attn_out,tr,tier_3,transliteration,-0.2076,0.287,20,0
6,mlp_out,tr,tier_3,transliteration,-0.1416,0.3795,20,0
7,residual,tr,tier_3,transliteration,-0.3572,1.256,20,0
7,attn_out,tr,tier_3,transliteration,0.1261,0.4456,20,0
7,mlp_out,tr,tier_3,transliteration,-0.0122,0.6665,20,0
8,residual,tr,tier_3,transliteration,-0.0364,1.3697,20,0
8,attn_out,tr,tier_3,transliteration,0.1192,0.105,20,0
8,mlp_out,tr,tier_3,transliteration,0.5713,0.5948,20,0
9,residual,tr,tier_3,transliteration,-0.0037,1.5209,20,0
9,attn_out,tr,tier_3,transliteration,0.068,0.2601,20,0
9,mlp_out,tr,tier_3,transliteration,0.2979,0.4455,20,0
10,residual,tr,tier_3,transliteration,-0.0732,2.0223,20,0
10,attn_out,tr,tier_3,transliteration,-0.004,0.1242,20,0
10,mlp_out,tr,tier_3,transliteration,0.0775,0.2476,20,0
11,residual,tr,tier_3,transliteration,0.1594,1.8197,20,0
11,attn_out,tr,tier_3,transliteration,0.1072,0.3824,20,0
11,mlp_out,tr,tier_3,transliteration,0.171,0.2357,20,0
12,residual,tr,tier_3,transliteration,0.1222,1.7479,20,0
12,attn_out,tr,tier_3,transliteration,-0.0673,0.1704,20,0
12,mlp_out,tr,tier_3,transliteration,0.3282,0.1684,20,0
13,residual,tr,tier_3,transliteration,-0.141,1.5082,20,0
13,attn_out,tr,tier_3,transliteration,-0.1492,0.4021,20,0
13,mlp_out,tr,tier_3,transliteration,0.3092,0.21,20,0
14,residual,tr,tier_3,transliteration,-0.4742,1.8149,20,0
14,attn_out,tr,tier_3,transliteration,-0.1053,0.1937,20,0
14,mlp_out,tr,tier_3,transliteration,0.5825,0.3991,20,0
15,residual,tr,tier_3,transliteration,-0.8013,2.2411,20,0
15,attn_out,tr,tier_3,transliteration,-0.1015,0.1308,20,0
15,mlp_out,tr,tier_3,transliteration,0.3723,0.459,20,0
16,residual,tr,tier_3,transliteration,-0.9059,2.1664,20,0
16,attn_out,tr,tier_3,transliteration,-0.0062,0.095,20,0
16,mlp_out,tr,tier_3,transliteration,0.0381,0.1979,20,0
17,residual,tr,tier_3,transliteration,-0.8659,2.2074,20,0
17,attn_out,tr,tier_3,transliteration,-0.0069,0.0634,20,0
17,mlp_out,tr,tier_3,transliteration,0.4406,0.2883,20,0
18,residual,tr,tier_3,transliteration,-0.2761,0.9576,20,0
18,attn_out,tr,tier_3,transliteration,-0.0137,0.1364,20,0
18,mlp_out,tr,tier_3,transliteration,0.0361,0.1346,20,0
19,residual,tr,tier_3,transliteration,-0.4298,0.7055,20,0
19,attn_out,tr,tier_3,transliteration,0.0012,0.0573,20,0
19,mlp_out,tr,tier_3,transliteration,0.0519,0.0844,20,0
20,residual,tr,tier_3,transliteration,-0.1549,0.2382,20,0
20,attn_out,tr,tier_3,transliteration,-0.0192,0.0278,20,0
20,mlp_out,tr,tier_3,transliteration,-0.0809,0.0973,20,0
21,residual,tr,tier_3,transliteration,-0.2139,0.0967,20,0
21,attn_out,tr,tier_3,transliteration,-0.0759,0.0534,20,0
21,mlp_out,tr,tier_3,transliteration,-0.0846,0.04,20,0
22,residual,tr,tier_3,transliteration,-0.2446,0.0796,20,0
22,attn_out,tr,tier_3,transliteration,-0.0278,0.0155,20,0
22,mlp_out,tr,tier_3,transliteration,-0.0573,0.0268,20,0
23,residual,tr,tier_3,transliteration,-0.2655,0.07,20,0
23,attn_out,tr,tier_3,transliteration,-0.0245,0.0186,20,0
23,mlp_out,tr,tier_3,transliteration,-0.0354,0.0574,20,0
24,residual,tr,tier_3,transliteration,-0.207,0.0256,20,0
24,attn_out,tr,tier_3,transliteration,-0.0511,0.0257,20,0
24,mlp_out,tr,tier_3,transliteration,-0.0923,0.034,20,0
25,residual,tr,tier_3,transliteration,-0.1303,0.0203,20,0
25,attn_out,tr,tier_3,transliteration,0.0188,0.0181,20,0
25,mlp_out,tr,tier_3,transliteration,-0.0828,0.0251,20,0
26,residual,tr,tier_3,transliteration,-0.1285,0.0294,20,0
26,attn_out,tr,tier_3,transliteration,-0.0689,0.0349,20,0
26,mlp_out,tr,tier_3,transliteration,-0.0249,0.0137,20,0
27,residual,tr,tier_3,transliteration,0.0,0.0,20,0
27,attn_out,tr,tier_3,transliteration,0.0,0.0,20,0
27,mlp_out,tr,tier_3,transliteration,0.0,0.0,20,0
0,residual,id,tier_3,transliteration,-2.3173,1.0259,20,0
0,attn_out,id,tier_3,transliteration,-2.2745,1.0009,20,0
0,mlp_out,id,tier_3,transliteration,-1.9797,1.0169,20,0
1,residual,id,tier_3,transliteration,-1.2908,0.3556,20,0
1,attn_out,id,tier_3,transliteration,-0.0253,0.0887,20,0
1,mlp_out,id,tier_3,transliteration,-0.5172,0.3489,20,0
2,residual,id,tier_3,transliteration,-1.2174,0.5898,20,0
2,attn_out,id,tier_3,transliteration,-0.0133,0.1441,20,0
2,mlp_out,id,tier_3,transliteration,-0.7271,0.2741,20,0
3,residual,id,tier_3,transliteration,-0.9482,0.5686,20,0
3,attn_out,id,tier_3,transliteration,0.0322,0.134,20,0
3,mlp_out,id,tier_3,transliteration,-0.6597,0.396,20,0
4,residual,id,tier_3,transliteration,-0.9095,0.5963,20,0
4,attn_out,id,tier_3,transliteration,-0.1753,0.0992,20,0
4,mlp_out,id,tier_3,transliteration,-0.5148,0.5528,20,0
5,residual,id,tier_3,transliteration,-0.7727,0.7198,20,0
5,attn_out,id,tier_3,transliteration,-0.2342,0.1084,20,0
5,mlp_out,id,tier_3,transliteration,-0.1833,0.1793,20,0
6,residual,id,tier_3,transliteration,0.0932,0.5893,20,0
6,attn_out,id,tier_3,transliteration,-0.4326,0.2066,20,0
6,mlp_out,id,tier_3,transliteration,0.0562,0.4265,20,0
7,residual,id,tier_3,transliteration,0.0212,0.6908,20,0
7,attn_out,id,tier_3,transliteration,-0.3612,0.2543,20,0
7,mlp_out,id,tier_3,transliteration,-0.2189,0.2357,20,0
8,residual,id,tier_3,transliteration,0.07,0.6093,20,0
8,attn_out,id,tier_3,transliteration,-0.0803,0.0957,20,0
8,mlp_out,id,tier_3,transliteration,-0.2523,0.3327,20,0
9,residual,id,tier_3,transliteration,0.0145,0.6402,20,0
9,attn_out,id,tier_3,transliteration,0.1952,0.1098,20,0
9,mlp_out,id,tier_3,transliteration,0.4152,0.4435,20,0
10,residual,id,tier_3,transliteration,0.1515,0.5358,20,0
10,attn_out,id,tier_3,transliteration,0.2844,0.1974,20,0
10,mlp_out,id,tier_3,transliteration,-0.2663,0.2552,20,0
11,residual,id,tier_3,transliteration,0.1209,0.6079,20,0
11,attn_out,id,tier_3,transliteration,-0.2982,0.2997,20,0
11,mlp_out,id,tier_3,transliteration,-0.0225,0.5124,20,0
12,residual,id,tier_3,transliteration,0.2946,0.64,20,0
12,attn_out,id,tier_3,transliteration,0.0425,0.2276,20,0
12,mlp_out,id,tier_3,transliteration,0.2399,0.4853,20,0
13,residual,id,tier_3,transliteration,0.4672,0.6022,20,0
13,attn_out,id,tier_3,transliteration,0.0429,0.1798,20,0
13,mlp_out,id,tier_3,transliteration,0.3671,0.2927,20,0
14,residual,id,tier_3,transliteration,0.2279,0.4829,20,0
14,attn_out,id,tier_3,transliteration,-0.0022,0.1301,20,0
14,mlp_out,id,tier_3,transliteration,0.0473,0.322,20,0
15,residual,id,tier_3,transliteration,0.0198,0.6099,20,0
15,attn_out,id,tier_3,transliteration,-0.0991,0.1095,20,0
15,mlp_out,id,tier_3,transliteration,0.1617,0.2361,20,0
16,residual,id,tier_3,transliteration,-0.0681,0.6746,20,0
16,attn_out,id,tier_3,transliteration,-0.127,0.1871,20,0
16,mlp_out,id,tier_3,transliteration,-0.2377,0.1512,20,0
17,residual,id,tier_3,transliteration,-0.3289,0.747,20,0
17,attn_out,id,tier_3,transliteration,0.1137,0.0737,20,0
17,mlp_out,id,tier_3,transliteration,-0.4987,0.3692,20,0
18,residual,id,tier_3,transliteration,0.3444,0.534,20,0
18,attn_out,id,tier_3,transliteration,-0.0903,0.0505,20,0
18,mlp_out,id,tier_3,transliteration,0.0881,0.143,20,0
19,residual,id,tier_3,transliteration,0.2303,0.3356,20,0
19,attn_out,id,tier_3,transliteration,0.0241,0.0947,20,0
19,mlp_out,id,tier_3,transliteration,-0.0198,0.038,20,0
20,residual,id,tier_3,transliteration,0.0129,0.225,20,0
20,attn_out,id,tier_3,transliteration,0.0028,0.0176,20,0
20,mlp_out,id,tier_3,transliteration,0.0616,0.087,20,0
21,residual,id,tier_3,transliteration,-0.171,0.1943,20,0
21,attn_out,id,tier_3,transliteration,-0.0067,0.0474,20,0
21,mlp_out,id,tier_3,transliteration,-0.0239,0.0095,20,0
22,residual,id,tier_3,transliteration,-0.2486,0.1732,20,0
22,attn_out,id,tier_3,transliteration,-0.0216,0.0089,20,0
22,mlp_out,id,tier_3,transliteration,-0.0681,0.03,20,0
23,residual,id,tier_3,transliteration,-0.2083,0.1041,20,0
23,attn_out,id,tier_3,transliteration,-0.0248,0.028,20,0
23,mlp_out,id,tier_3,transliteration,-0.06,0.0205,20,0
24,residual,id,tier_3,transliteration,-0.1613,0.0841,20,0
24,attn_out,id,tier_3,transliteration,-0.0295,0.0091,20,0
24,mlp_out,id,tier_3,transliteration,-0.0699,0.0248,20,0
25,residual,id,tier_3,transliteration,-0.1143,0.046,20,0
25,attn_out,id,tier_3,transliteration,0.0053,0.0165,20,0
25,mlp_out,id,tier_3,transliteration,-0.0252,0.0251,20,0
26,residual,id,tier_3,transliteration,-0.1071,0.0459,20,0
26,attn_out,id,tier_3,transliteration,-0.0535,0.0195,20,0
26,mlp_out,id,tier_3,transliteration,-0.0014,0.0255,20,0
27,residual,id,tier_3,transliteration,0.0,0.0,20,0
27,attn_out,id,tier_3,transliteration,0.0,0.0,20,0
27,mlp_out,id,tier_3,transliteration,0.0,0.0,20,0
0,residual,hi,tier_3,transliteration,-0.8006,0.4976,20,0
0,attn_out,hi,tier_3,transliteration,-0.8924,0.6574,20,0
0,mlp_out,hi,tier_3,transliteration,-0.1996,0.3584,20,0
1,residual,hi,tier_3,transliteration,-0.4711,0.328,20,0
1,attn_out,hi,tier_3,transliteration,0.125,0.2251,20,0
1,mlp_out,hi,tier_3,transliteration,-0.1584,0.286,20,0
2,residual,hi,tier_3,transliteration,-0.4069,0.3662,20,0
2,attn_out,hi,tier_3,transliteration,0.1171,0.1716,20,0
2,mlp_out,hi,tier_3,transliteration,-0.1209,0.3597,20,0
3,residual,hi,tier_3,transliteration,-0.5669,0.2113,20,0
3,attn_out,hi,tier_3,transliteration,0.1174,0.1458,20,0
3,mlp_out,hi,tier_3,transliteration,-0.1425,0.2375,20,0
4,residual,hi,tier_3,transliteration,-0.5296,0.1572,20,0
4,attn_out,hi,tier_3,transliteration,0.0042,0.1716,20,0
4,mlp_out,hi,tier_3,transliteration,-0.1303,0.3192,20,0
5,residual,hi,tier_3,transliteration,-0.382,0.2316,20,0
5,attn_out,hi,tier_3,transliteration,-0.0614,0.074,20,0
5,mlp_out,hi,tier_3,transliteration,-0.2601,0.4019,20,0
6,residual,hi,tier_3,transliteration,-0.0345,0.1284,20,0
6,attn_out,hi,tier_3,transliteration,-0.0906,0.1922,20,0
6,mlp_out,hi,tier_3,transliteration,-0.1907,0.4063,20,0
7,residual,hi,tier_3,transliteration,-0.5672,0.8996,20,0
7,attn_out,hi,tier_3,transliteration,-0.2159,0.1919,20,0
7,mlp_out,hi,tier_3,transliteration,0.0353,0.2947,20,0
8,residual,hi,tier_3,transliteration,-0.8772,1.0758,20,0
8,attn_out,hi,tier_3,transliteration,0.0222,0.2169,20,0
8,mlp_out,hi,tier_3,transliteration,-0.0,0.1624,20,0
9,residual,hi,tier_3,transliteration,-1.0549,1.3447,20,0
9,attn_out,hi,tier_3,transliteration,-0.1863,0.2576,20,0
9,mlp_out,hi,tier_3,transliteration,0.0018,0.2187,20,0
10,residual,hi,tier_3,transliteration,-0.9183,1.2101,20,0
10,attn_out,hi,tier_3,transliteration,0.214,0.2389,20,0
10,mlp_out,hi,tier_3,transliteration,-0.1237,0.1561,20,0
11,residual,hi,tier_3,transliteration,-0.7657,1.0449,20,0
11,attn_out,hi,tier_3,transliteration,-0.0628,0.2669,20,0
11,mlp_out,hi,tier_3,transliteration,0.1012,0.2227,20,0
12,residual,hi,tier_3,transliteration,-0.6727,0.9905,20,0
12,attn_out,hi,tier_3,transliteration,0.0724,0.1525,20,0
12,mlp_out,hi,tier_3,transliteration,0.1774,0.2052,20,0
13,residual,hi,tier_3,transliteration,-0.8668,0.7337,20,0
13,attn_out,hi,tier_3,transliteration,0.2795,0.1832,20,0
13,mlp_out,hi,tier_3,transliteration,-0.068,0.3578,20,0
14,residual,hi,tier_3,transliteration,-0.8746,0.7926,20,0
14,attn_out,hi,tier_3,transliteration,-0.0276,0.1274,20,0
14,mlp_out,hi,tier_3,transliteration,0.1273,0.1295,20,0
15,residual,hi,tier_3,transliteration,-1.0536,0.7624,20,0
15,attn_out,hi,tier_3,transliteration,0.1925,0.2072,20,0
15,mlp_out,hi,tier_3,transliteration,0.091,0.3248,20,0
16,residual,hi,tier_3,transliteration,-1.2038,0.856,20,0
16,attn_out,hi,tier_3,transliteration,-0.0252,0.1918,20,0
16,mlp_out,hi,tier_3,transliteration,0.1168,0.2089,20,0
17,residual,hi,tier_3,transliteration,-1.2752,0.8679,20,0
17,attn_out,hi,tier_3,transliteration,-0.0409,0.1465,20,0
17,mlp_out,hi,tier_3,transliteration,-0.0594,0.1557,20,0
18,residual,hi,tier_3,transliteration,-0.7933,0.8504,20,0
18,attn_out,hi,tier_3,transliteration,0.0644,0.1136,20,0
18,mlp_out,hi,tier_3,transliteration,-0.0506,0.1046,20,0
19,residual,hi,tier_3,transliteration,-0.5506,0.9675,20,0
19,attn_out,hi,tier_3,transliteration,-0.0603,0.0465,20,0
19,mlp_out,hi,tier_3,transliteration,-0.0499,0.1231,20,0
20,residual,hi,tier_3,transliteration,-0.5551,1.0306,20,0
20,attn_out,hi,tier_3,transliteration,0.006,0.0317,20,0
20,mlp_out,hi,tier_3,transliteration,-0.0029,0.0602,20,0
21,residual,hi,tier_3,transliteration,-0.5937,0.8518,20,0
21,attn_out,hi,tier_3,transliteration,-0.0532,0.0197,20,0
21,mlp_out,hi,tier_3,transliteration,-0.0191,0.0492,20,0
22,residual,hi,tier_3,transliteration,-0.6858,0.9034,20,0
22,attn_out,hi,tier_3,transliteration,-0.014,0.0305,20,0
22,mlp_out,hi,tier_3,transliteration,-0.0649,0.0387,20,0
23,residual,hi,tier_3,transliteration,-0.5481,0.737,20,0
23,attn_out,hi,tier_3,transliteration,-0.0143,0.0278,20,0
23,mlp_out,hi,tier_3,transliteration,-0.0165,0.0315,20,0
24,residual,hi,tier_3,transliteration,-0.3405,0.4204,20,0
24,attn_out,hi,tier_3,transliteration,-0.0131,0.0084,20,0
24,mlp_out,hi,tier_3,transliteration,-0.0191,0.017,20,0
25,residual,hi,tier_3,transliteration,-0.1734,0.073,20,0
25,attn_out,hi,tier_3,transliteration,0.0308,0.0162,20,0
25,mlp_out,hi,tier_3,transliteration,-0.0469,0.0253,20,0
26,residual,hi,tier_3,transliteration,-0.1062,0.05,20,0
26,attn_out,hi,tier_3,transliteration,-0.0381,0.0153,20,0
26,mlp_out,hi,tier_3,transliteration,-0.018,0.0167,20,0
27,residual,hi,tier_3,transliteration,0.0,0.0,20,0
27,attn_out,hi,tier_3,transliteration,0.0,0.0,20,0
27,mlp_out,hi,tier_3,transliteration,0.0,0.0,20,0
0,residual,sw,tier_3,transliteration,0.1336,0.1111,20,0
0,attn_out,sw,tier_3,transliteration,0.1515,0.0951,20,0
0,mlp_out,sw,tier_3,transliteration,0.1367,0.1377,20,0
1,residual,sw,tier_3,transliteration,0.1428,0.1093,20,0
1,attn_out,sw,tier_3,transliteration,0.1334,0.1035,20,0
1,mlp_out,sw,tier_3,transliteration,0.1359,0.1306,20,0
2,residual,sw,tier_3,transliteration,-0.1485,0.1476,20,0
2,attn_out,sw,tier_3,transliteration,0.0616,0.1137,20,0
2,mlp_out,sw,tier_3,transliteration,0.0857,0.1248,20,0
3,residual,sw,tier_3,transliteration,-0.1827,0.2323,20,0
3,attn_out,sw,tier_3,transliteration,0.0329,0.1347,20,0
3,mlp_out,sw,tier_3,transliteration,0.0178,0.1528,20,0
4,residual,sw,tier_3,transliteration,-0.072,0.1285,20,0
4,attn_out,sw,tier_3,transliteration,0.022,0.0408,20,0
4,mlp_out,sw,tier_3,transliteration,0.0411,0.1701,20,0
5,residual,sw,tier_3,transliteration,-0.145,0.229,20,0
5,attn_out,sw,tier_3,transliteration,-0.0563,0.0683,20,0
5,mlp_out,sw,tier_3,transliteration,0.0949,0.1662,20,0
6,residual,sw,tier_3,transliteration,-0.2206,0.3409,20,0
6,attn_out,sw,tier_3,transliteration,-0.0242,0.1046,20,0
6,mlp_out,sw,tier_3,transliteration,0.1299,0.131,20,0
7,residual,sw,tier_3,transliteration,-0.3009,0.3594,20,0
7,attn_out,sw,tier_3,transliteration,0.0073,0.0289,20,0
7,mlp_out,sw,tier_3,transliteration,-0.0393,0.1432,20,0
8,residual,sw,tier_3,transliteration,-0.4043,0.3903,20,0
8,attn_out,sw,tier_3,transliteration,-0.0347,0.0801,20,0
8,mlp_out,sw,tier_3,transliteration,0.1061,0.062,20,0
9,residual,sw,tier_3,transliteration,-0.3951,0.6652,20,0
9,attn_out,sw,tier_3,transliteration,-0.0077,0.0722,20,0
9,mlp_out,sw,tier_3,transliteration,0.0562,0.1488,20,0
10,residual,sw,tier_3,transliteration,-0.3736,0.6982,20,0
10,attn_out,sw,tier_3,transliteration,-0.0276,0.0434,20,0
10,mlp_out,sw,tier_3,transliteration,0.0733,0.0607,20,0
11,residual,sw,tier_3,transliteration,-0.3691,0.6066,20,0
11,attn_out,sw,tier_3,transliteration,-0.0218,0.0527,20,0
11,mlp_out,sw,tier_3,transliteration,0.0619,0.108,20,0
12,residual,sw,tier_3,transliteration,-0.4271,0.5446,20,0
12,attn_out,sw,tier_3,transliteration,-0.027,0.0799,20,0
12,mlp_out,sw,tier_3,transliteration,0.0443,0.1167,20,0
13,residual,sw,tier_3,transliteration,-0.2873,0.4202,20,0
13,attn_out,sw,tier_3,transliteration,0.01,0.0677,20,0
13,mlp_out,sw,tier_3,transliteration,-0.0094,0.0719,20,0
14,residual,sw,tier_3,transliteration,-0.2204,0.3454,20,0
14,attn_out,sw,tier_3,transliteration,-0.0424,0.039,20,0
14,mlp_out,sw,tier_3,transliteration,-0.027,0.0644,20,0
15,residual,sw,tier_3,transliteration,-0.0206,0.2683,20,0
15,attn_out,sw,tier_3,transliteration,-0.0372,0.0666,20,0
15,mlp_out,sw,tier_3,transliteration,0.0206,0.0765,20,0
16,residual,sw,tier_3,transliteration,-0.1999,0.2848,20,0
16,attn_out,sw,tier_3,transliteration,-0.0471,0.0959,20,0
16,mlp_out,sw,tier_3,transliteration,-0.0698,0.1564,20,0
17,residual,sw,tier_3,transliteration,-0.2757,0.1839,20,0
17,attn_out,sw,tier_3,transliteration,-0.0352,0.1387,20,0
17,mlp_out,sw,tier_3,transliteration,-0.066,0.1373,20,0
18,residual,sw,tier_3,transliteration,0.0582,0.0716,20,0
18,attn_out,sw,tier_3,transliteration,-0.0033,0.0263,20,0
18,mlp_out,sw,tier_3,transliteration,-0.0221,0.0599,20,0
19,residual,sw,tier_3,transliteration,0.0043,0.0729,20,0
19,attn_out,sw,tier_3,transliteration,0.0025,0.029,20,0
19,mlp_out,sw,tier_3,transliteration,0.0113,0.0354,20,0
20,residual,sw,tier_3,transliteration,0.0358,0.0829,20,0
20,attn_out,sw,tier_3,transliteration,0.0023,0.0062,20,0
20,mlp_out,sw,tier_3,transliteration,-0.0094,0.008,20,0
21,residual,sw,tier_3,transliteration,0.0252,0.0509,20,0
21,attn_out,sw,tier_3,transliteration,-0.0129,0.0133,20,0
21,mlp_out,sw,tier_3,transliteration,0.0126,0.0428,20,0
22,residual,sw,tier_3,transliteration,-0.0123,0.0236,20,0
22,attn_out,sw,tier_3,transliteration,-0.0027,0.0097,20,0
22,mlp_out,sw,tier_3,transliteration,0.006,0.0173,20,0
23,residual,sw,tier_3,transliteration,-0.0137,0.0246,20,0
23,attn_out,sw,tier_3,transliteration,0.0039,0.0091,20,0
23,mlp_out,sw,tier_3,transliteration,-0.0031,0.0092,20,0
24,residual,sw,tier_3,transliteration,-0.0137,0.0209,20,0
24,attn_out,sw,tier_3,transliteration,0.0007,0.0026,20,0
24,mlp_out,sw,tier_3,transliteration,-0.0002,0.0038,20,0
25,residual,sw,tier_3,transliteration,-0.0024,0.0098,20,0
25,attn_out,sw,tier_3,transliteration,0.0006,0.003,20,0
25,mlp_out,sw,tier_3,transliteration,0.0009,0.0037,20,0
26,residual,sw,tier_3,transliteration,0.0007,0.0046,20,0
26,attn_out,sw,tier_3,transliteration,-0.0003,0.0016,20,0
26,mlp_out,sw,tier_3,transliteration,0.002,0.0018,20,0
27,residual,sw,tier_3,transliteration,0.0,0.0,20,0
27,attn_out,sw,tier_3,transliteration,0.0,0.0,20,0
27,mlp_out,sw,tier_3,transliteration,0.0,0.0,20,0
0,residual,yo,tier_4,transliteration,0.3586,0.5416,20,0
0,attn_out,yo,tier_4,transliteration,0.3554,0.5272,20,0
0,mlp_out,yo,tier_4,transliteration,0.3089,0.4243,20,0
1,residual,yo,tier_4,transliteration,0.2183,0.5091,20,0
1,attn_out,yo,tier_4,transliteration,-0.0011,0.0613,20,0
1,mlp_out,yo,tier_4,transliteration,0.0987,0.0802,20,0
2,residual,yo,tier_4,transliteration,0.1014,0.5751,20,0
2,attn_out,yo,tier_4,transliteration,0.0373,0.0852,20,0
2,mlp_out,yo,tier_4,transliteration,-0.0817,0.149,20,0
3,residual,yo,tier_4,transliteration,0.037,0.5653,20,0
3,attn_out,yo,tier_4,transliteration,0.0538,0.0803,20,0
3,mlp_out,yo,tier_4,transliteration,0.0454,0.0959,20,0
4,residual,yo,tier_4,transliteration,0.0863,0.5473,20,0
4,attn_out,yo,tier_4,transliteration,0.0074,0.0613,20,0
4,mlp_out,yo,tier_4,transliteration,0.0667,0.0588,20,0
5,residual,yo,tier_4,transliteration,0.0827,0.4865,20,0
5,attn_out,yo,tier_4,transliteration,-0.0333,0.0667,20,0
5,mlp_out,yo,tier_4,transliteration,-0.0739,0.1263,20,0
6,residual,yo,tier_4,transliteration,0.0479,0.4964,20,0
6,attn_out,yo,tier_4,transliteration,-0.0672,0.1149,20,0
6,mlp_out,yo,tier_4,transliteration,-0.0068,0.1983,20,0
7,residual,yo,tier_4,transliteration,0.232,0.4128,20,0
7,attn_out,yo,tier_4,transliteration,0.0738,0.0725,20,0
7,mlp_out,yo,tier_4,transliteration,0.0858,0.2584,20,0
8,residual,yo,tier_4,transliteration,0.183,0.3885,20,0
8,attn_out,yo,tier_4,transliteration,0.0017,0.0366,20,0
8,mlp_out,yo,tier_4,transliteration,0.0037,0.0969,20,0
9,residual,yo,tier_4,transliteration,0.2824,0.3519,20,0
9,attn_out,yo,tier_4,transliteration,0.0563,0.0751,20,0
9,mlp_out,yo,tier_4,transliteration,0.1731,0.2422,20,0
10,residual,yo,tier_4,transliteration,0.2093,0.2269,20,0
10,attn_out,yo,tier_4,transliteration,0.0226,0.0927,20,0
10,mlp_out,yo,tier_4,transliteration,0.1619,0.1529,20,0
11,residual,yo,tier_4,transliteration,0.2403,0.1168,20,0
11,attn_out,yo,tier_4,transliteration,-0.0093,0.066,20,0
11,mlp_out,yo,tier_4,transliteration,0.0333,0.0355,20,0
12,residual,yo,tier_4,transliteration,0.314,0.1074,20,0
12,attn_out,yo,tier_4,transliteration,-0.0004,0.0163,20,0
12,mlp_out,yo,tier_4,transliteration,0.1175,0.1501,20,0
13,residual,yo,tier_4,transliteration,0.2942,0.0995,20,0
13,attn_out,yo,tier_4,transliteration,0.0081,0.05,20,0
13,mlp_out,yo,tier_4,transliteration,-0.0133,0.075,20,0
14,residual,yo,tier_4,transliteration,0.2562,0.1012,20,0
14,attn_out,yo,tier_4,transliteration,-0.0265,0.0156,20,0
14,mlp_out,yo,tier_4,transliteration,0.0141,0.0458,20,0
15,residual,yo,tier_4,transliteration,0.2255,0.0943,20,0
15,attn_out,yo,tier_4,transliteration,-0.0009,0.0474,20,0
15,mlp_out,yo,tier_4,transliteration,-0.0188,0.0328,20,0
16,residual,yo,tier_4,transliteration,0.1993,0.1299,20,0
16,attn_out,yo,tier_4,transliteration,-0.0161,0.0386,20,0
16,mlp_out,yo,tier_4,transliteration,0.0132,0.03,20,0
17,residual,yo,tier_4,transliteration,0.2017,0.0865,20,0
17,attn_out,yo,tier_4,transliteration,-0.0123,0.0618,20,0
17,mlp_out,yo,tier_4,transliteration,0.098,0.1546,20,0
18,residual,yo,tier_4,transliteration,0.2366,0.1143,20,0
18,attn_out,yo,tier_4,transliteration,0.0287,0.0583,20,0
18,mlp_out,yo,tier_4,transliteration,0.1154,0.1416,20,0
19,residual,yo,tier_4,transliteration,0.1261,0.1016,20,0
19,attn_out,yo,tier_4,transliteration,0.0064,0.0205,20,0
19,mlp_out,yo,tier_4,transliteration,-0.0085,0.0131,20,0
20,residual,yo,tier_4,transliteration,0.0478,0.0503,20,0
20,attn_out,yo,tier_4,transliteration,0.0148,0.0166,20,0
20,mlp_out,yo,tier_4,transliteration,0.0295,0.0332,20,0
21,residual,yo,tier_4,transliteration,0.0125,0.0538,20,0
21,attn_out,yo,tier_4,transliteration,0.001,0.0104,20,0
21,mlp_out,yo,tier_4,transliteration,-0.0065,0.0611,20,0
22,residual,yo,tier_4,transliteration,-0.0097,0.0213,20,0
22,attn_out,yo,tier_4,transliteration,0.0083,0.0096,20,0
22,mlp_out,yo,tier_4,transliteration,-0.004,0.0226,20,0
23,residual,yo,tier_4,transliteration,-0.0142,0.0191,20,0
23,attn_out,yo,tier_4,transliteration,-0.0012,0.0065,20,0
23,mlp_out,yo,tier_4,transliteration,0.0101,0.012,20,0
24,residual,yo,tier_4,transliteration,-0.0112,0.0172,20,0
24,attn_out,yo,tier_4,transliteration,0.0062,0.0037,20,0
24,mlp_out,yo,tier_4,transliteration,-0.035,0.0398,20,0
25,residual,yo,tier_4,transliteration,-0.0084,0.0068,20,0
25,attn_out,yo,tier_4,transliteration,0.0032,0.0026,20,0
25,mlp_out,yo,tier_4,transliteration,-0.0059,0.0085,20,0
26,residual,yo,tier_4,transliteration,-0.0093,0.0091,20,0
26,attn_out,yo,tier_4,transliteration,0.0014,0.0013,20,0
26,mlp_out,yo,tier_4,transliteration,-0.0012,0.0037,20,0
27,residual,yo,tier_4,transliteration,0.0,0.0,20,0
27,attn_out,yo,tier_4,transliteration,0.0,0.0,20,0
27,mlp_out,yo,tier_4,transliteration,0.0,0.0,20,0
0,residual,zu,tier_4,transliteration,0.3811,0.4008,20,0
0,attn_out,zu,tier_4,transliteration,0.3608,0.4057,20,0
0,mlp_out,zu,tier_4,transliteration,0.3125,0.2628,20,0
1,residual,zu,tier_4,transliteration,0.0531,0.4389,20,0
1,attn_out,zu,tier_4,transliteration,0.1622,0.231,20,0
1,mlp_out,zu,tier_4,transliteration,-0.0662,0.2478,20,0
2,residual,zu,tier_4,transliteration,-0.1316,0.4744,20,0
2,attn_out,zu,tier_4,transliteration,-0.018,0.1032,20,0
2,mlp_out,zu,tier_4,transliteration,-0.1165,0.3283,20,0
3,residual,zu,tier_4,transliteration,-0.3148,0.3606,20,0
3,attn_out,zu,tier_4,transliteration,0.0481,0.0809,20,0
3,mlp_out,zu,tier_4,transliteration,-0.1523,0.2377,20,0
4,residual,zu,tier_4,transliteration,-0.1962,0.4286,20,0
4,attn_out,zu,tier_4,transliteration,-0.0025,0.051,20,0
4,mlp_out,zu,tier_4,transliteration,0.0739,0.1607,20,0
5,residual,zu,tier_4,transliteration,-0.2819,0.4815,20,0
5,attn_out,zu,tier_4,transliteration,0.0144,0.0668,20,0
5,mlp_out,zu,tier_4,transliteration,-0.2209,0.2669,20,0
6,residual,zu,tier_4,transliteration,-0.303,0.4162,20,0
6,attn_out,zu,tier_4,transliteration,-0.0146,0.0587,20,0
6,mlp_out,zu,tier_4,transliteration,0.0237,0.093,20,0
7,residual,zu,tier_4,transliteration,-0.1256,0.5176,20,0
7,attn_out,zu,tier_4,transliteration,0.0232,0.1213,20,0
7,mlp_out,zu,tier_4,transliteration,0.0078,0.2199,20,0
8,residual,zu,tier_4,transliteration,-0.4946,0.8591,20,0
8,attn_out,zu,tier_4,transliteration,-0.01,0.042,20,0
8,mlp_out,zu,tier_4,transliteration,-0.0635,0.1519,20,0
9,residual,zu,tier_4,transliteration,-0.3695,0.751,20,0
9,attn_out,zu,tier_4,transliteration,-0.0021,0.0386,20,0
9,mlp_out,zu,tier_4,transliteration,0.0674,0.186,20,0
10,residual,zu,tier_4,transliteration,-0.3354,0.6733,20,0
10,attn_out,zu,tier_4,transliteration,-0.0327,0.0899,20,0
10,mlp_out,zu,tier_4,transliteration,-0.1129,0.247,20,0
11,residual,zu,tier_4,transliteration,-0.435,0.5957,20,0
11,attn_out,zu,tier_4,transliteration,-0.0584,0.0856,20,0
11,mlp_out,zu,tier_4,transliteration,-0.116,0.1414,20,0
12,residual,zu,tier_4,transliteration,-0.3376,0.573,20,0
12,attn_out,zu,tier_4,transliteration,-0.0405,0.0448,20,0
12,mlp_out,zu,tier_4,transliteration,0.0241,0.1267,20,0
13,residual,zu,tier_4,transliteration,-0.0122,0.5896,20,0
13,attn_out,zu,tier_4,transliteration,0.0802,0.1039,20,0
13,mlp_out,zu,tier_4,transliteration,0.0403,0.0898,20,0
14,residual,zu,tier_4,transliteration,0.0789,0.5706,20,0
14,attn_out,zu,tier_4,transliteration,0.0063,0.0607,20,0
14,mlp_out,zu,tier_4,transliteration,0.0786,0.1497,20,0
15,residual,zu,tier_4,transliteration,-0.1528,0.5099,20,0
15,attn_out,zu,tier_4,transliteration,-0.0201,0.0658,20,0
15,mlp_out,zu,tier_4,transliteration,-0.0553,0.0573,20,0
16,residual,zu,tier_4,transliteration,-0.2469,0.6566,20,0
16,attn_out,zu,tier_4,transliteration,0.0283,0.0258,20,0
16,mlp_out,zu,tier_4,transliteration,-0.0579,0.1004,20,0
17,residual,zu,tier_4,transliteration,-0.1858,0.5569,20,0
17,attn_out,zu,tier_4,transliteration,-0.0149,0.061,20,0
17,mlp_out,zu,tier_4,transliteration,0.0334,0.0832,20,0
18,residual,zu,tier_4,transliteration,0.1909,0.1556,20,0
18,attn_out,zu,tier_4,transliteration,-0.0217,0.0212,20,0
18,mlp_out,zu,tier_4,transliteration,0.0412,0.0883,20,0
19,residual,zu,tier_4,transliteration,0.063,0.1641,20,0
19,attn_out,zu,tier_4,transliteration,0.0047,0.009,20,0
19,mlp_out,zu,tier_4,transliteration,0.0021,0.0468,20,0
20,residual,zu,tier_4,transliteration,0.1228,0.1041,20,0
20,attn_out,zu,tier_4,transliteration,0.0006,0.01,20,0
20,mlp_out,zu,tier_4,transliteration,0.0179,0.0315,20,0
21,residual,zu,tier_4,transliteration,0.1109,0.1136,20,0
21,attn_out,zu,tier_4,transliteration,-0.0033,0.0194,20,0
21,mlp_out,zu,tier_4,transliteration,-0.1117,0.178,20,0
22,residual,zu,tier_4,transliteration,0.0206,0.0336,20,0
22,attn_out,zu,tier_4,transliteration,0.013,0.0092,20,0
22,mlp_out,zu,tier_4,transliteration,-0.0443,0.0322,20,0
23,residual,zu,tier_4,transliteration,0.0003,0.0253,20,0
23,attn_out,zu,tier_4,transliteration,0.0044,0.0056,20,0
23,mlp_out,zu,tier_4,transliteration,0.0004,0.0035,20,0
24,residual,zu,tier_4,transliteration,0.0017,0.0205,20,0
24,attn_out,zu,tier_4,transliteration,-0.0044,0.0049,20,0
24,mlp_out,zu,tier_4,transliteration,-0.0044,0.0071,20,0
25,residual,zu,tier_4,transliteration,0.0026,0.0039,20,0
25,attn_out,zu,tier_4,transliteration,-0.0001,0.0027,20,0
25,mlp_out,zu,tier_4,transliteration,0.0019,0.0028,20,0
26,residual,zu,tier_4,transliteration,-0.0024,0.0073,20,0
26,attn_out,zu,tier_4,transliteration,-0.0007,0.0025,20,0
26,mlp_out,zu,tier_4,transliteration,-0.0015,0.0039,20,0
27,residual,zu,tier_4,transliteration,0.0,0.0,20,0
27,attn_out,zu,tier_4,transliteration,0.0,0.0,20,0
27,mlp_out,zu,tier_4,transliteration,0.0,0.0,20,0
0,residual,gd,tier_4,transliteration,0.0866,0.1067,20,0
0,attn_out,gd,tier_4,transliteration,0.08,0.0899,20,0
0,mlp_out,gd,tier_4,transliteration,0.1136,0.1,20,0
1,residual,gd,tier_4,transliteration,0.0143,0.0979,20,0
1,attn_out,gd,tier_4,transliteration,0.026,0.0188,20,0
1,mlp_out,gd,tier_4,transliteration,0.0267,0.0331,20,0
2,residual,gd,tier_4,transliteration,0.0351,0.0929,20,0
2,attn_out,gd,tier_4,transliteration,0.0124,0.0429,20,0
2,mlp_out,gd,tier_4,transliteration,0.0339,0.0431,20,0
3,residual,gd,tier_4,transliteration,0.003,0.1033,20,0
3,attn_out,gd,tier_4,transliteration,0.0488,0.051,20,0
3,mlp_out,gd,tier_4,transliteration,0.0268,0.0313,20,0
4,residual,gd,tier_4,transliteration,-0.0121,0.0994,20,0
4,attn_out,gd,tier_4,transliteration,0.0159,0.0258,20,0
4,mlp_out,gd,tier_4,transliteration,0.0303,0.0188,20,0
5,residual,gd,tier_4,transliteration,0.0149,0.1144,20,0
5,attn_out,gd,tier_4,transliteration,0.0269,0.0279,20,0
5,mlp_out,gd,tier_4,transliteration,0.0518,0.0927,20,0
6,residual,gd,tier_4,transliteration,0.0205,0.1598,20,0
6,attn_out,gd,tier_4,transliteration,0.0221,0.0436,20,0
6,mlp_out,gd,tier_4,transliteration,-0.0731,0.0912,20,0
7,residual,gd,tier_4,transliteration,0.0934,0.1794,20,0
7,attn_out,gd,tier_4,transliteration,-0.0011,0.0285,20,0
7,mlp_out,gd,tier_4,transliteration,0.0097,0.0613,20,0
8,residual,gd,tier_4,transliteration,0.1415,0.2976,20,0
8,attn_out,gd,tier_4,transliteration,0.0224,0.0344,20,0
8,mlp_out,gd,tier_4,transliteration,0.0223,0.0396,20,0
9,residual,gd,tier_4,transliteration,0.3085,0.4787,20,0
9,attn_out,gd,tier_4,transliteration,-0.0172,0.016,20,0
9,mlp_out,gd,tier_4,transliteration,-0.0084,0.0705,20,0
10,residual,gd,tier_4,transliteration,0.2502,0.3731,20,0
10,attn_out,gd,tier_4,transliteration,0.0198,0.0327,20,0
10,mlp_out,gd,tier_4,transliteration,0.02,0.0299,20,0
11,residual,gd,tier_4,transliteration,0.2616,0.3591,20,0
11,attn_out,gd,tier_4,transliteration,-0.0188,0.0334,20,0
11,mlp_out,gd,tier_4,transliteration,0.0312,0.0445,20,0
12,residual,gd,tier_4,transliteration,0.2008,0.338,20,0
12,attn_out,gd,tier_4,transliteration,0.0018,0.0274,20,0
12,mlp_out,gd,tier_4,transliteration,0.0103,0.0254,20,0
13,residual,gd,tier_4,transliteration,0.1879,0.2088,20,0
13,attn_out,gd,tier_4,transliteration,-0.0351,0.0404,20,0
13,mlp_out,gd,tier_4,transliteration,-0.0256,0.0652,20,0
14,residual,gd,tier_4,transliteration,0.1664,0.1527,20,0
14,attn_out,gd,tier_4,transliteration,0.0025,0.0159,20,0
14,mlp_out,gd,tier_4,transliteration,-0.0273,0.0413,20,0
15,residual,gd,tier_4,transliteration,0.1546,0.1244,20,0
15,attn_out,gd,tier_4,transliteration,-0.0271,0.0652,20,0
15,mlp_out,gd,tier_4,transliteration,-0.0123,0.058,20,0
16,residual,gd,tier_4,transliteration,0.1139,0.0978,20,0
16,attn_out,gd,tier_4,transliteration,-0.0261,0.0398,20,0
16,mlp_out,gd,tier_4,transliteration,-0.0017,0.0288,20,0
17,residual,gd,tier_4,transliteration,0.0567,0.0912,20,0
17,attn_out,gd,tier_4,transliteration,-0.0137,0.0265,20,0
17,mlp_out,gd,tier_4,transliteration,0.0101,0.0305,20,0
18,residual,gd,tier_4,transliteration,0.053,0.052,20,0
18,attn_out,gd,tier_4,transliteration,0.001,0.0148,20,0
18,mlp_out,gd,tier_4,transliteration,0.0224,0.0312,20,0
19,residual,gd,tier_4,transliteration,0.0211,0.0378,20,0
19,attn_out,gd,tier_4,transliteration,0.0039,0.0121,20,0
19,mlp_out,gd,tier_4,transliteration,-0.016,0.0188,20,0
20,residual,gd,tier_4,transliteration,0.0131,0.0238,20,0
20,attn_out,gd,tier_4,transliteration,-0.001,0.0057,20,0
20,mlp_out,gd,tier_4,transliteration,0.0021,0.0139,20,0
21,residual,gd,tier_4,transliteration,0.0039,0.0233,20,0
21,attn_out,gd,tier_4,transliteration,-0.0026,0.0057,20,0
21,mlp_out,gd,tier_4,transliteration,0.0034,0.0068,20,0
22,residual,gd,tier_4,transliteration,-0.0181,0.0197,20,0
22,attn_out,gd,tier_4,transliteration,0.0059,0.0064,20,0
22,mlp_out,gd,tier_4,transliteration,0.0293,0.0435,20,0
23,residual,gd,tier_4,transliteration,-0.0013,0.0054,20,0
23,attn_out,gd,tier_4,transliteration,-0.0008,0.0041,20,0
23,mlp_out,gd,tier_4,transliteration,0.0007,0.0037,20,0
24,residual,gd,tier_4,transliteration,-0.0053,0.0048,20,0
24,attn_out,gd,tier_4,transliteration,-0.0021,0.0037,20,0
24,mlp_out,gd,tier_4,transliteration,0.0003,0.002,20,0
25,residual,gd,tier_4,transliteration,-0.0021,0.0041,20,0
25,attn_out,gd,tier_4,transliteration,0.0012,0.0012,20,0
25,mlp_out,gd,tier_4,transliteration,0.0012,0.0024,20,0
26,residual,gd,tier_4,transliteration,-0.0035,0.0052,20,0
26,attn_out,gd,tier_4,transliteration,0.0,0.0017,20,0
26,mlp_out,gd,tier_4,transliteration,0.0001,0.0018,20,0
27,residual,gd,tier_4,transliteration,0.0,0.0,20,0
27,attn_out,gd,tier_4,transliteration,0.0,0.0,20,0
27,mlp_out,gd,tier_4,transliteration,0.0,0.0,20,0
0,residual,gn,tier_4,transliteration,0.011,0.1011,20,0
0,attn_out,gn,tier_4,transliteration,-0.0037,0.1179,20,0
0,mlp_out,gn,tier_4,transliteration,0.0362,0.1343,20,0
1,residual,gn,tier_4,transliteration,0.0358,0.0884,20,0
1,attn_out,gn,tier_4,transliteration,-0.0282,0.0907,20,0
1,mlp_out,gn,tier_4,transliteration,0.0075,0.1458,20,0
2,residual,gn,tier_4,transliteration,0.037,0.1811,20,0
2,attn_out,gn,tier_4,transliteration,-0.0042,0.0386,20,0
2,mlp_out,gn,tier_4,transliteration,0.0139,0.1137,20,0
3,residual,gn,tier_4,transliteration,-0.0084,0.1888,20,0
3,attn_out,gn,tier_4,transliteration,-0.0293,0.0679,20,0
3,mlp_out,gn,tier_4,transliteration,-0.0213,0.0813,20,0
4,residual,gn,tier_4,transliteration,0.0047,0.1098,20,0
4,attn_out,gn,tier_4,transliteration,0.0278,0.0261,20,0
4,mlp_out,gn,tier_4,transliteration,0.0266,0.1045,20,0
5,residual,gn,tier_4,transliteration,-0.0549,0.1192,20,0
5,attn_out,gn,tier_4,transliteration,-0.0048,0.0344,20,0
5,mlp_out,gn,tier_4,transliteration,-0.023,0.0372,20,0
6,residual,gn,tier_4,transliteration,-0.1121,0.1492,20,0
6,attn_out,gn,tier_4,transliteration,0.027,0.0402,20,0
6,mlp_out,gn,tier_4,transliteration,-0.0183,0.0926,20,0
7,residual,gn,tier_4,transliteration,-0.0705,0.2168,20,0
7,attn_out,gn,tier_4,transliteration,-0.0313,0.0541,20,0
7,mlp_out,gn,tier_4,transliteration,0.0491,0.0943,20,0
8,residual,gn,tier_4,transliteration,-0.1728,0.3951,20,0
8,attn_out,gn,tier_4,transliteration,-0.0247,0.073,20,0
8,mlp_out,gn,tier_4,transliteration,-0.0008,0.0801,20,0
9,residual,gn,tier_4,transliteration,-0.0778,0.3005,20,0
9,attn_out,gn,tier_4,transliteration,0.014,0.098,20,0
9,mlp_out,gn,tier_4,transliteration,0.0632,0.1446,20,0
10,residual,gn,tier_4,transliteration,-0.1341,0.3888,20,0
10,attn_out,gn,tier_4,transliteration,0.0111,0.0277,20,0
10,mlp_out,gn,tier_4,transliteration,0.0666,0.0805,20,0
11,residual,gn,tier_4,transliteration,-0.1471,0.4116,20,0
11,attn_out,gn,tier_4,transliteration,0.01,0.0358,20,0
11,mlp_out,gn,tier_4,transliteration,0.0247,0.0643,20,0
12,residual,gn,tier_4,transliteration,-0.084,0.3526,20,0
12,attn_out,gn,tier_4,transliteration,0.0428,0.0729,20,0
12,mlp_out,gn,tier_4,transliteration,0.0072,0.0649,20,0
13,residual,gn,tier_4,transliteration,-0.0143,0.3151,20,0
13,attn_out,gn,tier_4,transliteration,0.0114,0.0294,20,0
13,mlp_out,gn,tier_4,transliteration,0.0732,0.0706,20,0
14,residual,gn,tier_4,transliteration,0.0113,0.303,20,0
14,attn_out,gn,tier_4,transliteration,-0.0045,0.0284,20,0
14,mlp_out,gn,tier_4,transliteration,-0.0051,0.096,20,0
15,residual,gn,tier_4,transliteration,0.0048,0.2593,20,0
15,attn_out,gn,tier_4,transliteration,-0.0113,0.0284,20,0
15,mlp_out,gn,tier_4,transliteration,0.0286,0.068,20,0
16,residual,gn,tier_4,transliteration,-0.09,0.3351,20,0
16,attn_out,gn,tier_4,transliteration,-0.0258,0.0294,20,0
16,mlp_out,gn,tier_4,transliteration,-0.0012,0.0677,20,0
17,residual,gn,tier_4,transliteration,-0.1154,0.301,20,0
17,attn_out,gn,tier_4,transliteration,0.0456,0.0546,20,0
17,mlp_out,gn,tier_4,transliteration,0.0644,0.133,20,0
18,residual,gn,tier_4,transliteration,0.0514,0.1315,20,0
18,attn_out,gn,tier_4,transliteration,-0.009,0.0136,20,0
18,mlp_out,gn,tier_4,transliteration,0.0489,0.0335,20,0
19,residual,gn,tier_4,transliteration,0.0088,0.1012,20,0
19,attn_out,gn,tier_4,transliteration,0.0119,0.0214,20,0
19,mlp_out,gn,tier_4,transliteration,0.0071,0.0368,20,0
20,residual,gn,tier_4,transliteration,0.0228,0.0671,20,0
20,attn_out,gn,tier_4,transliteration,-0.0007,0.003,20,0
20,mlp_out,gn,tier_4,transliteration,0.0087,0.009,20,0
21,residual,gn,tier_4,transliteration,-0.0038,0.0626,20,0
21,attn_out,gn,tier_4,transliteration,-0.0178,0.0231,20,0
21,mlp_out,gn,tier_4,transliteration,0.0173,0.0326,20,0
22,residual,gn,tier_4,transliteration,-0.0231,0.028,20,0
22,attn_out,gn,tier_4,transliteration,-0.0024,0.0078,20,0
22,mlp_out,gn,tier_4,transliteration,0.0077,0.0037,20,0
23,residual,gn,tier_4,transliteration,-0.0101,0.0211,20,0
23,attn_out,gn,tier_4,transliteration,0.0031,0.0038,20,0
23,mlp_out,gn,tier_4,transliteration,0.0009,0.0033,20,0
24,residual,gn,tier_4,transliteration,-0.01,0.0176,20,0
24,attn_out,gn,tier_4,transliteration,0.0012,0.0019,20,0
24,mlp_out,gn,tier_4,transliteration,-0.0013,0.0026,20,0
25,residual,gn,tier_4,transliteration,-0.0071,0.0095,20,0
25,attn_out,gn,tier_4,transliteration,-0.0011,0.0025,20,0
25,mlp_out,gn,tier_4,transliteration,-0.0029,0.0019,20,0
26,residual,gn,tier_4,transliteration,-0.0053,0.0067,20,0
26,attn_out,gn,tier_4,transliteration,-0.0006,0.0006,20,0
26,mlp_out,gn,tier_4,transliteration,-0.002,0.0017,20,0
27,residual,gn,tier_4,transliteration,0.0,0.0,20,0
27,attn_out,gn,tier_4,transliteration,0.0,0.0,20,0
27,mlp_out,gn,tier_4,transliteration,0.0,0.0,20,0
0,residual,de,tier_1,code_switching,0.6813,0.5789,20,0
0,attn_out,de,tier_1,code_switching,0.6449,0.5961,20,0
0,mlp_out,de,tier_1,code_switching,0.7695,0.5521,20,0
1,residual,de,tier_1,code_switching,0.8703,0.7403,20,0
1,attn_out,de,tier_1,code_switching,-0.0497,0.135,20,0
1,mlp_out,de,tier_1,code_switching,0.074,0.2558,20,0
2,residual,de,tier_1,code_switching,1.0275,0.5782,20,0
2,attn_out,de,tier_1,code_switching,0.2232,0.2544,20,0
2,mlp_out,de,tier_1,code_switching,0.2093,0.156,20,0
3,residual,de,tier_1,code_switching,0.9841,0.6188,20,0
3,attn_out,de,tier_1,code_switching,0.3031,0.3865,20,0
3,mlp_out,de,tier_1,code_switching,0.3002,0.3731,20,0
4,residual,de,tier_1,code_switching,1.001,0.6318,20,0
4,attn_out,de,tier_1,code_switching,0.022,0.1217,20,0
4,mlp_out,de,tier_1,code_switching,0.2168,0.4759,20,0
5,residual,de,tier_1,code_switching,0.9111,0.6791,20,0
5,attn_out,de,tier_1,code_switching,0.1374,0.2091,20,0
5,mlp_out,de,tier_1,code_switching,0.3419,0.4614,20,0
6,residual,de,tier_1,code_switching,1.1155,0.7063,20,0
6,attn_out,de,tier_1,code_switching,0.6625,0.7607,20,0
6,mlp_out,de,tier_1,code_switching,0.7695,0.7028,20,0
7,residual,de,tier_1,code_switching,1.4042,0.7831,20,0
7,attn_out,de,tier_1,code_switching,0.1717,0.4746,20,0
7,mlp_out,de,tier_1,code_switching,0.3999,0.2985,20,0
8,residual,de,tier_1,code_switching,1.5006,0.9,20,0
8,attn_out,de,tier_1,code_switching,0.1734,0.3879,20,0
8,mlp_out,de,tier_1,code_switching,0.1817,0.5708,20,0
9,residual,de,tier_1,code_switching,1.4971,0.9275,20,0
9,attn_out,de,tier_1,code_switching,0.1178,0.2514,20,0
9,mlp_out,de,tier_1,code_switching,0.0353,0.2342,20,0
10,residual,de,tier_1,code_switching,1.5717,0.9166,20,0
10,attn_out,de,tier_1,code_switching,0.017,0.1126,20,0
10,mlp_out,de,tier_1,code_switching,0.168,0.1679,20,0
11,residual,de,tier_1,code_switching,1.5346,0.8655,20,0
11,attn_out,de,tier_1,code_switching,0.0727,0.1303,20,0
11,mlp_out,de,tier_1,code_switching,0.137,0.511,20,0
12,residual,de,tier_1,code_switching,1.352,0.7631,20,0
12,attn_out,de,tier_1,code_switching,-0.0272,0.0152,20,0
12,mlp_out,de,tier_1,code_switching,0.0925,0.2308,20,0
13,residual,de,tier_1,code_switching,0.9047,0.5422,20,0
13,attn_out,de,tier_1,code_switching,0.0031,0.0765,20,0
13,mlp_out,de,tier_1,code_switching,0.0638,0.1622,20,0
14,residual,de,tier_1,code_switching,0.7351,0.52,20,0
14,attn_out,de,tier_1,code_switching,0.0209,0.0218,20,0
14,mlp_out,de,tier_1,code_switching,0.1765,0.204,20,0
15,residual,de,tier_1,code_switching,0.5256,0.5035,20,0
15,attn_out,de,tier_1,code_switching,-0.0106,0.0475,20,0
15,mlp_out,de,tier_1,code_switching,0.0258,0.2087,20,0
16,residual,de,tier_1,code_switching,0.4912,0.5282,20,0
16,attn_out,de,tier_1,code_switching,0.0169,0.0225,20,0
16,mlp_out,de,tier_1,code_switching,0.0057,0.109,20,0
17,residual,de,tier_1,code_switching,0.445,0.5715,20,0
17,attn_out,de,tier_1,code_switching,0.0206,0.06,20,0
17,mlp_out,de,tier_1,code_switching,0.1184,0.1313,20,0
18,residual,de,tier_1,code_switching,0.1668,0.3773,20,0
18,attn_out,de,tier_1,code_switching,-0.0401,0.0449,20,0
18,mlp_out,de,tier_1,code_switching,0.1062,0.166,20,0
19,residual,de,tier_1,code_switching,0.0394,0.3095,20,0
19,attn_out,de,tier_1,code_switching,0.0297,0.0733,20,0
19,mlp_out,de,tier_1,code_switching,0.0206,0.1,20,0
20,residual,de,tier_1,code_switching,-0.0588,0.2462,20,0
20,attn_out,de,tier_1,code_switching,0.0146,0.0148,20,0
20,mlp_out,de,tier_1,code_switching,-0.0702,0.081,20,0
21,residual,de,tier_1,code_switching,0.0046,0.065,20,0
21,attn_out,de,tier_1,code_switching,0.0184,0.0473,20,0
21,mlp_out,de,tier_1,code_switching,0.0184,0.0381,20,0
22,residual,de,tier_1,code_switching,-0.0149,0.0676,20,0
22,attn_out,de,tier_1,code_switching,0.0036,0.0146,20,0
22,mlp_out,de,tier_1,code_switching,0.0655,0.0389,20,0
23,residual,de,tier_1,code_switching,-0.0425,0.0771,20,0
23,attn_out,de,tier_1,code_switching,-0.0064,0.0144,20,0
23,mlp_out,de,tier_1,code_switching,-0.0246,0.0766,20,0
24,residual,de,tier_1,code_switching,-0.0136,0.0887,20,0
24,attn_out,de,tier_1,code_switching,0.0059,0.0094,20,0
24,mlp_out,de,tier_1,code_switching,0.0102,0.0074,20,0
25,residual,de,tier_1,code_switching,-0.0396,0.0761,20,0
25,attn_out,de,tier_1,code_switching,0.005,0.0031,20,0
25,mlp_out,de,tier_1,code_switching,0.0127,0.0243,20,0
26,residual,de,tier_1,code_switching,-0.054,0.0669,20,0
26,attn_out,de,tier_1,code_switching,-0.0024,0.0084,20,0
26,mlp_out,de,tier_1,code_switching,0.0057,0.0205,20,0
27,residual,de,tier_1,code_switching,0.0,0.0,20,0
27,attn_out,de,tier_1,code_switching,0.0,0.0,20,0
27,mlp_out,de,tier_1,code_switching,0.0,0.0,20,0
0,residual,fr,tier_1,code_switching,0.1233,0.8926,20,0
0,attn_out,fr,tier_1,code_switching,0.1122,0.8876,20,0
0,mlp_out,fr,tier_1,code_switching,0.289,0.8896,20,0
1,residual,fr,tier_1,code_switching,0.2926,1.0722,20,0
1,attn_out,fr,tier_1,code_switching,0.0572,0.2916,20,0
1,mlp_out,fr,tier_1,code_switching,-0.0393,0.1892,20,0
2,residual,fr,tier_1,code_switching,0.4034,1.035,20,0
2,attn_out,fr,tier_1,code_switching,0.1214,0.1154,20,0
2,mlp_out,fr,tier_1,code_switching,0.1509,0.4427,20,0
3,residual,fr,tier_1,code_switching,0.5409,0.982,20,0
3,attn_out,fr,tier_1,code_switching,0.0478,0.3215,20,0
3,mlp_out,fr,tier_1,code_switching,0.1982,0.1342,20,0
4,residual,fr,tier_1,code_switching,0.5151,0.9922,20,0
4,attn_out,fr,tier_1,code_switching,0.0338,0.2103,20,0
4,mlp_out,fr,tier_1,code_switching,0.1487,0.1562,20,0
5,residual,fr,tier_1,code_switching,0.5407,0.9807,20,0
5,attn_out,fr,tier_1,code_switching,-0.0255,0.1371,20,0
5,mlp_out,fr,tier_1,code_switching,0.0493,0.1877,20,0
6,residual,fr,tier_1,code_switching,0.576,0.9876,20,0
6,attn_out,fr,tier_1,code_switching,0.1577,0.2554,20,0
6,mlp_out,fr,tier_1,code_switching,0.6826,0.679,20,0
7,residual,fr,tier_1,code_switching,0.4368,0.9953,20,0
7,attn_out,fr,tier_1,code_switching,0.1414,0.17,20,0
7,mlp_out,fr,tier_1,code_switching,0.243,0.2247,20,0
8,residual,fr,tier_1,code_switching,0.4132,1.0149,20,0
8,attn_out,fr,tier_1,code_switching,0.1376,0.1541,20,0
8,mlp_out,fr,tier_1,code_switching,0.1457,0.1863,20,0
9,residual,fr,tier_1,code_switching,0.4232,0.9759,20,0
9,attn_out,fr,tier_1,code_switching,0.0859,0.2752,20,0
9,mlp_out,fr,tier_1,code_switching,-0.0376,0.24,20,0
10,residual,fr,tier_1,code_switching,0.4216,0.858,20,0
10,attn_out,fr,tier_1,code_switching,0.0143,0.0865,20,0
10,mlp_out,fr,tier_1,code_switching,-0.0146,0.1181,20,0
11,residual,fr,tier_1,code_switching,0.3329,0.7319,20,0
11,attn_out,fr,tier_1,code_switching,0.0027,0.0675,20,0
11,mlp_out,fr,tier_1,code_switching,-0.0338,0.2768,20,0
12,residual,fr,tier_1,code_switching,0.274,0.6987,20,0
12,attn_out,fr,tier_1,code_switching,-0.0447,0.0747,20,0
12,mlp_out,fr,tier_1,code_switching,-0.0503,0.2135,20,0
13,residual,fr,tier_1,code_switching,0.0282,0.4398,20,0
13,attn_out,fr,tier_1,code_switching,0.0197,0.0523,20,0
13,mlp_out,fr,tier_1,code_switching,0.1695,0.1276,20,0
14,residual,fr,tier_1,code_switching,-0.0557,0.4453,20,0
14,attn_out,fr,tier_1,code_switching,0.0275,0.03,20,0
14,mlp_out,fr,tier_1,code_switching,0.0098,0.2438,20,0
15,residual,fr,tier_1,code_switching,-0.2099,0.3497,20,0
15,attn_out,fr,tier_1,code_switching,-0.0223,0.0593,20,0
15,mlp_out,fr,tier_1,code_switching,0.0706,0.1313,20,0
16,residual,fr,tier_1,code_switching,-0.2617,0.3547,20,0
16,attn_out,fr,tier_1,code_switching,-0.0343,0.0496,20,0
16,mlp_out,fr,tier_1,code_switching,0.0301,0.1673,20,0
17,residual,fr,tier_1,code_switching,-0.2618,0.3654,20,0
17,attn_out,fr,tier_1,code_switching,-0.0151,0.0373,20,0
17,mlp_out,fr,tier_1,code_switching,0.076,0.1367,20,0
18,residual,fr,tier_1,code_switching,-0.2293,0.3812,20,0
18,attn_out,fr,tier_1,code_switching,-0.0098,0.0172,20,0
18,mlp_out,fr,tier_1,code_switching,0.007,0.1018,20,0
19,residual,fr,tier_1,code_switching,-0.1964,0.2822,20,0
19,attn_out,fr,tier_1,code_switching,-0.0046,0.041,20,0
19,mlp_out,fr,tier_1,code_switching,-0.0007,0.0719,20,0
20,residual,fr,tier_1,code_switching,-0.2135,0.2323,20,0
20,attn_out,fr,tier_1,code_switching,-0.0008,0.0136,20,0
20,mlp_out,fr,tier_1,code_switching,-0.1204,0.0921,20,0
21,residual,fr,tier_1,code_switching,-0.2114,0.2284,20,0
21,attn_out,fr,tier_1,code_switching,0.0142,0.0489,20,0
21,mlp_out,fr,tier_1,code_switching,0.0117,0.0231,20,0
22,residual,fr,tier_1,code_switching,0.0097,0.1177,20,0
22,attn_out,fr,tier_1,code_switching,-0.0146,0.0189,20,0
22,mlp_out,fr,tier_1,code_switching,0.0713,0.0741,20,0
23,residual,fr,tier_1,code_switching,0.0059,0.1261,20,0
23,attn_out,fr,tier_1,code_switching,-0.001,0.0261,20,0
23,mlp_out,fr,tier_1,code_switching,0.0124,0.061,20,0
24,residual,fr,tier_1,code_switching,0.0292,0.0997,20,0
24,attn_out,fr,tier_1,code_switching,0.0039,0.0099,20,0
24,mlp_out,fr,tier_1,code_switching,0.017,0.0496,20,0
25,residual,fr,tier_1,code_switching,0.014,0.0948,20,0
25,attn_out,fr,tier_1,code_switching,-0.002,0.007,20,0
25,mlp_out,fr,tier_1,code_switching,0.0306,0.0341,20,0
26,residual,fr,tier_1,code_switching,-0.0327,0.0311,20,0
26,attn_out,fr,tier_1,code_switching,-0.0014,0.0091,20,0
26,mlp_out,fr,tier_1,code_switching,0.0001,0.0052,20,0
27,residual,fr,tier_1,code_switching,0.0,0.0,20,0
27,attn_out,fr,tier_1,code_switching,0.0,0.0,20,0
27,mlp_out,fr,tier_1,code_switching,0.0,0.0,20,0
0,residual,zh,tier_1,code_switching,0.3949,0.4994,20,0
0,attn_out,zh,tier_1,code_switching,0.3945,0.4879,20,0
0,mlp_out,zh,tier_1,code_switching,0.3542,0.484,20,0
1,residual,zh,tier_1,code_switching,0.4937,0.425,20,0
1,attn_out,zh,tier_1,code_switching,-0.2066,0.2257,20,0
1,mlp_out,zh,tier_1,code_switching,0.0269,0.2715,20,0
2,residual,zh,tier_1,code_switching,0.4203,0.3027,20,0
2,attn_out,zh,tier_1,code_switching,0.0125,0.1315,20,0
2,mlp_out,zh,tier_1,code_switching,0.1352,0.1949,20,0
3,residual,zh,tier_1,code_switching,0.498,0.3732,20,0
3,attn_out,zh,tier_1,code_switching,-0.1142,0.2259,20,0
3,mlp_out,zh,tier_1,code_switching,-0.0897,0.182,20,0
4,residual,zh,tier_1,code_switching,0.4441,0.3878,20,0
4,attn_out,zh,tier_1,code_switching,-0.0988,0.0691,20,0
4,mlp_out,zh,tier_1,code_switching,-0.1533,0.2086,20,0
5,residual,zh,tier_1,code_switching,0.4697,0.3886,20,0
5,attn_out,zh,tier_1,code_switching,-0.0273,0.0777,20,0
5,mlp_out,zh,tier_1,code_switching,-0.0134,0.3285,20,0
6,residual,zh,tier_1,code_switching,0.5323,0.5713,20,0
6,attn_out,zh,tier_1,code_switching,-0.0056,0.1657,20,0
6,mlp_out,zh,tier_1,code_switching,0.2735,0.3759,20,0
7,residual,zh,tier_1,code_switching,0.5647,0.6155,20,0
7,attn_out,zh,tier_1,code_switching,-0.1978,0.1354,20,0
7,mlp_out,zh,tier_1,code_switching,-0.125,0.1378,20,0
8,residual,zh,tier_1,code_switching,0.6261,0.5715,20,0
8,attn_out,zh,tier_1,code_switching,-0.0332,0.1087,20,0
8,mlp_out,zh,tier_1,code_switching,0.3696,0.1618,20,0
9,residual,zh,tier_1,code_switching,0.6309,0.5823,20,0
9,attn_out,zh,tier_1,code_switching,-0.0668,0.0588,20,0
9,mlp_out,zh,tier_1,code_switching,0.0655,0.2563,20,0
10,residual,zh,tier_1,code_switching,0.6327,0.5965,20,0
10,attn_out,zh,tier_1,code_switching,-0.0402,0.1139,20,0
10,mlp_out,zh,tier_1,code_switching,0.1755,0.1223,20,0
11,residual,zh,tier_1,code_switching,0.6625,0.5634,20,0
11,attn_out,zh,tier_1,code_switching,-0.1156,0.1057,20,0
11,mlp_out,zh,tier_1,code_switching,0.0886,0.0989,20,0
12,residual,zh,tier_1,code_switching,0.5741,0.5668,20,0
12,attn_out,zh,tier_1,code_switching,-0.0459,0.1151,20,0
12,mlp_out,zh,tier_1,code_switching,-0.0174,0.0902,20,0
13,residual,zh,tier_1,code_switching,0.3264,0.5428,20,0
13,attn_out,zh,tier_1,code_switching,0.0123,0.0756,20,0
13,mlp_out,zh,tier_1,code_switching,-0.0134,0.1282,20,0
14,residual,zh,tier_1,code_switching,0.2352,0.4622,20,0
14,attn_out,zh,tier_1,code_switching,-0.027,0.0677,20,0
14,mlp_out,zh,tier_1,code_switching,0.0402,0.0608,20,0
15,residual,zh,tier_1,code_switching,0.2201,0.4037,20,0
15,attn_out,zh,tier_1,code_switching,0.0038,0.0987,20,0
15,mlp_out,zh,tier_1,code_switching,0.0907,0.0893,20,0
16,residual,zh,tier_1,code_switching,0.2175,0.348,20,0
16,attn_out,zh,tier_1,code_switching,-0.0508,0.0791,20,0
16,mlp_out,zh,tier_1,code_switching,-0.0525,0.106,20,0
17,residual,zh,tier_1,code_switching,0.2801,0.3082,20,0
17,attn_out,zh,tier_1,code_switching,0.0357,0.0339,20,0
17,mlp_out,zh,tier_1,code_switching,0.0684,0.1002,20,0
18,residual,zh,tier_1,code_switching,0.2275,0.1708,20,0
18,attn_out,zh,tier_1,code_switching,0.0185,0.0424,20,0
18,mlp_out,zh,tier_1,code_switching,0.071,0.0784,20,0
19,residual,zh,tier_1,code_switching,0.1484,0.1301,20,0
19,attn_out,zh,tier_1,code_switching,0.006,0.013,20,0
19,mlp_out,zh,tier_1,code_switching,0.0301,0.0433,20,0
20,residual,zh,tier_1,code_switching,0.1694,0.1485,20,0
20,attn_out,zh,tier_1,code_switching,0.0328,0.0202,20,0
20,mlp_out,zh,tier_1,code_switching,-0.0255,0.037,20,0
21,residual,zh,tier_1,code_switching,0.122,0.1086,20,0
21,attn_out,zh,tier_1,code_switching,0.0381,0.0243,20,0
21,mlp_out,zh,tier_1,code_switching,0.0144,0.032,20,0
22,residual,zh,tier_1,code_switching,0.0745,0.0838,20,0
22,attn_out,zh,tier_1,code_switching,0.0046,0.0085,20,0
22,mlp_out,zh,tier_1,code_switching,0.0033,0.0285,20,0
23,residual,zh,tier_1,code_switching,0.0734,0.0896,20,0
23,attn_out,zh,tier_1,code_switching,0.0066,0.0083,20,0
23,mlp_out,zh,tier_1,code_switching,0.0186,0.046,20,0
24,residual,zh,tier_1,code_switching,0.0836,0.0638,20,0
24,attn_out,zh,tier_1,code_switching,0.0084,0.0149,20,0
24,mlp_out,zh,tier_1,code_switching,0.0167,0.0119,20,0
25,residual,zh,tier_1,code_switching,0.0717,0.0693,20,0
25,attn_out,zh,tier_1,code_switching,0.0122,0.0136,20,0
25,mlp_out,zh,tier_1,code_switching,0.0237,0.025,20,0
26,residual,zh,tier_1,code_switching,0.0266,0.0291,20,0
26,attn_out,zh,tier_1,code_switching,0.0014,0.0079,20,0
26,mlp_out,zh,tier_1,code_switching,0.0152,0.0146,20,0
27,residual,zh,tier_1,code_switching,0.0,0.0,20,0
27,attn_out,zh,tier_1,code_switching,0.0,0.0,20,0
27,mlp_out,zh,tier_1,code_switching,0.0,0.0,20,0
0,residual,es,tier_1,code_switching,0.0447,0.4754,20,0
0,attn_out,es,tier_1,code_switching,0.0658,0.4613,20,0
0,mlp_out,es,tier_1,code_switching,0.1224,0.3396,20,0
1,residual,es,tier_1,code_switching,0.0514,0.5908,20,0
1,attn_out,es,tier_1,code_switching,-0.1126,0.6903,20,0
1,mlp_out,es,tier_1,code_switching,-0.0215,0.4662,20,0
2,residual,es,tier_1,code_switching,0.195,0.4878,20,0
2,attn_out,es,tier_1,code_switching,0.2048,0.3803,20,0
2,mlp_out,es,tier_1,code_switching,-0.0255,0.4602,20,0
3,residual,es,tier_1,code_switching,0.322,0.4597,20,0
3,attn_out,es,tier_1,code_switching,0.2171,0.2662,20,0
3,mlp_out,es,tier_1,code_switching,0.0286,0.3071,20,0
4,residual,es,tier_1,code_switching,0.3754,0.407,20,0
4,attn_out,es,tier_1,code_switching,-0.0282,0.1908,20,0
4,mlp_out,es,tier_1,code_switching,-0.2264,0.3305,20,0
5,residual,es,tier_1,code_switching,0.4026,0.4595,20,0
5,attn_out,es,tier_1,code_switching,0.0026,0.0978,20,0
5,mlp_out,es,tier_1,code_switching,-0.3404,0.373,20,0
6,residual,es,tier_1,code_switching,0.4415,0.3892,20,0
6,attn_out,es,tier_1,code_switching,0.1223,0.1466,20,0
6,mlp_out,es,tier_1,code_switching,0.4539,0.2148,20,0
7,residual,es,tier_1,code_switching,0.4522,0.3319,20,0
7,attn_out,es,tier_1,code_switching,-0.0325,0.2106,20,0
7,mlp_out,es,tier_1,code_switching,0.1094,0.2124,20,0
8,residual,es,tier_1,code_switching,0.4087,0.2967,20,0
8,attn_out,es,tier_1,code_switching,-0.0008,0.0788,20,0
8,mlp_out,es,tier_1,code_switching,-0.0234,0.1724,20,0
9,residual,es,tier_1,code_switching,0.3969,0.4016,20,0
9,attn_out,es,tier_1,code_switching,0.0261,0.1003,20,0
9,mlp_out,es,tier_1,code_switching,0.1339,0.2277,20,0
10,residual,es,tier_1,code_switching,0.3721,0.3197,20,0
10,attn_out,es,tier_1,code_switching,-0.0366,0.0646,20,0
10,mlp_out,es,tier_1,code_switching,-0.0118,0.2161,20,0
11,residual,es,tier_1,code_switching,0.3242,0.2265,20,0
11,attn_out,es,tier_1,code_switching,0.0307,0.0453,20,0
11,mlp_out,es,tier_1,code_switching,0.0297,0.1812,20,0
12,residual,es,tier_1,code_switching,0.2333,0.2508,20,0
12,attn_out,es,tier_1,code_switching,0.0023,0.0756,20,0
12,mlp_out,es,tier_1,code_switching,0.0274,0.0702,20,0
13,residual,es,tier_1,code_switching,0.1499,0.2857,20,0
13,attn_out,es,tier_1,code_switching,0.0828,0.0399,20,0
13,mlp_out,es,tier_1,code_switching,0.053,0.0807,20,0
14,residual,es,tier_1,code_switching,0.091,0.3403,20,0
14,attn_out,es,tier_1,code_switching,-0.0043,0.0676,20,0
14,mlp_out,es,tier_1,code_switching,-0.0056,0.05,20,0
15,residual,es,tier_1,code_switching,0.0742,0.3391,20,0
15,attn_out,es,tier_1,code_switching,0.0444,0.018,20,0
15,mlp_out,es,tier_1,code_switching,0.0389,0.0906,20,0
16,residual,es,tier_1,code_switching,0.0366,0.3334,20,0
16,attn_out,es,tier_1,code_switching,-0.0254,0.0192,20,0
16,mlp_out,es,tier_1,code_switching,-0.0603,0.0679,20,0
17,residual,es,tier_1,code_switching,0.0207,0.3554,20,0
17,attn_out,es,tier_1,code_switching,0.0294,0.0528,20,0
17,mlp_out,es,tier_1,code_switching,0.0157,0.0909,20,0
18,residual,es,tier_1,code_switching,0.0094,0.2204,20,0
18,attn_out,es,tier_1,code_switching,-0.0314,0.0477,20,0
18,mlp_out,es,tier_1,code_switching,0.0099,0.0488,20,0
19,residual,es,tier_1,code_switching,-0.0069,0.1676,20,0
19,attn_out,es,tier_1,code_switching,-0.012,0.0321,20,0
19,mlp_out,es,tier_1,code_switching,-0.0161,0.0429,20,0
20,residual,es,tier_1,code_switching,-0.0012,0.1034,20,0
20,attn_out,es,tier_1,code_switching,0.0173,0.0338,20,0
20,mlp_out,es,tier_1,code_switching,-0.0362,0.038,20,0
21,residual,es,tier_1,code_switching,0.004,0.1523,20,0
21,attn_out,es,tier_1,code_switching,0.0057,0.0399,20,0
21,mlp_out,es,tier_1,code_switching,-0.0126,0.0271,20,0
22,residual,es,tier_1,code_switching,0.0509,0.0709,20,0
22,attn_out,es,tier_1,code_switching,0.0029,0.0165,20,0
22,mlp_out,es,tier_1,code_switching,-0.0086,0.0154,20,0
23,residual,es,tier_1,code_switching,0.0364,0.0572,20,0
23,attn_out,es,tier_1,code_switching,0.0112,0.0132,20,0
23,mlp_out,es,tier_1,code_switching,0.0253,0.0533,20,0
24,residual,es,tier_1,code_switching,0.0342,0.0177,20,0
24,attn_out,es,tier_1,code_switching,-0.0007,0.011,20,0
24,mlp_out,es,tier_1,code_switching,0.0021,0.0148,20,0
25,residual,es,tier_1,code_switching,0.0061,0.0327,20,0
25,attn_out,es,tier_1,code_switching,0.0004,0.0043,20,0
25,mlp_out,es,tier_1,code_switching,-0.0098,0.011,20,0
26,residual,es,tier_1,code_switching,-0.0345,0.0399,20,0
26,attn_out,es,tier_1,code_switching,0.0018,0.0039,20,0
26,mlp_out,es,tier_1,code_switching,0.0184,0.025,20,0
27,residual,es,tier_1,code_switching,0.0,0.0,20,0
27,attn_out,es,tier_1,code_switching,0.0,0.0,20,0
27,mlp_out,es,tier_1,code_switching,0.0,0.0,20,0
0,residual,ar,tier_2,code_switching,0.5779,0.6215,20,0
0,attn_out,ar,tier_2,code_switching,0.5933,0.6204,20,0
0,mlp_out,ar,tier_2,code_switching,0.4429,0.6126,20,0
1,residual,ar,tier_2,code_switching,0.5444,0.7463,20,0
1,attn_out,ar,tier_2,code_switching,0.0893,0.1607,20,0
1,mlp_out,ar,tier_2,code_switching,-0.171,0.4663,20,0
2,residual,ar,tier_2,code_switching,0.3795,0.7324,20,0
2,attn_out,ar,tier_2,code_switching,-0.0421,0.2567,20,0
2,mlp_out,ar,tier_2,code_switching,0.417,0.3858,20,0
3,residual,ar,tier_2,code_switching,0.7243,0.6564,20,0
3,attn_out,ar,tier_2,code_switching,0.1714,0.1411,20,0
3,mlp_out,ar,tier_2,code_switching,0.125,0.1303,20,0
4,residual,ar,tier_2,code_switching,0.6096,0.6931,20,0
4,attn_out,ar,tier_2,code_switching,-0.0406,0.194,20,0
4,mlp_out,ar,tier_2,code_switching,0.0265,0.3007,20,0
5,residual,ar,tier_2,code_switching,0.6095,0.6535,20,0
5,attn_out,ar,tier_2,code_switching,-0.0111,0.1191,20,0
5,mlp_out,ar,tier_2,code_switching,0.0284,0.1891,20,0
6,residual,ar,tier_2,code_switching,0.6251,0.6738,20,0
6,attn_out,ar,tier_2,code_switching,0.1305,0.2158,20,0
6,mlp_out,ar,tier_2,code_switching,0.2696,0.2408,20,0
7,residual,ar,tier_2,code_switching,0.5669,0.5563,20,0
7,attn_out,ar,tier_2,code_switching,-0.0805,0.3272,20,0
7,mlp_out,ar,tier_2,code_switching,0.0232,0.1596,20,0
8,residual,ar,tier_2,code_switching,0.5055,0.5533,20,0
8,attn_out,ar,tier_2,code_switching,0.0068,0.1523,20,0
8,mlp_out,ar,tier_2,code_switching,0.0975,0.1198,20,0
9,residual,ar,tier_2,code_switching,0.4265,0.4338,20,0
9,attn_out,ar,tier_2,code_switching,-0.0901,0.1152,20,0
9,mlp_out,ar,tier_2,code_switching,-0.0303,0.2096,20,0
10,residual,ar,tier_2,code_switching,0.46,0.4166,20,0
10,attn_out,ar,tier_2,code_switching,-0.129,0.1024,20,0
10,mlp_out,ar,tier_2,code_switching,-0.3018,0.4236,20,0
11,residual,ar,tier_2,code_switching,0.4833,0.361,20,0
11,attn_out,ar,tier_2,code_switching,-0.0501,0.09,20,0
11,mlp_out,ar,tier_2,code_switching,-0.0939,0.1081,20,0
12,residual,ar,tier_2,code_switching,0.4021,0.3711,20,0
12,attn_out,ar,tier_2,code_switching,0.0312,0.1437,20,0
12,mlp_out,ar,tier_2,code_switching,-0.156,0.1331,20,0
13,residual,ar,tier_2,code_switching,0.2374,0.4183,20,0
13,attn_out,ar,tier_2,code_switching,0.0444,0.1393,20,0
13,mlp_out,ar,tier_2,code_switching,0.0538,0.1141,20,0
14,residual,ar,tier_2,code_switching,0.2022,0.4452,20,0
14,attn_out,ar,tier_2,code_switching,0.0063,0.0304,20,0
14,mlp_out,ar,tier_2,code_switching,0.0402,0.1046,20,0
15,residual,ar,tier_2,code_switching,0.1374,0.4852,20,0
15,attn_out,ar,tier_2,code_switching,0.0307,0.0626,20,0
15,mlp_out,ar,tier_2,code_switching,0.1292,0.1201,20,0
16,residual,ar,tier_2,code_switching,0.0699,0.5426,20,0
16,attn_out,ar,tier_2,code_switching,-0.034,0.0799,20,0
16,mlp_out,ar,tier_2,code_switching,-0.0247,0.0709,20,0
17,residual,ar,tier_2,code_switching,0.097,0.5484,20,0
17,attn_out,ar,tier_2,code_switching,-0.0267,0.0897,20,0
17,mlp_out,ar,tier_2,code_switching,0.0756,0.1012,20,0
18,residual,ar,tier_2,code_switching,0.1023,0.5157,20,0
18,attn_out,ar,tier_2,code_switching,0.0126,0.0568,20,0
18,mlp_out,ar,tier_2,code_switching,0.0243,0.1926,20,0
19,residual,ar,tier_2,code_switching,0.0869,0.4036,20,0
19,attn_out,ar,tier_2,code_switching,-0.0679,0.0588,20,0
19,mlp_out,ar,tier_2,code_switching,0.0036,0.096,20,0
20,residual,ar,tier_2,code_switching,0.0839,0.3539,20,0
20,attn_out,ar,tier_2,code_switching,0.0036,0.0318,20,0
20,mlp_out,ar,tier_2,code_switching,-0.0235,0.0706,20,0
21,residual,ar,tier_2,code_switching,0.1242,0.1874,20,0
21,attn_out,ar,tier_2,code_switching,0.0117,0.0225,20,0
21,mlp_out,ar,tier_2,code_switching,0.037,0.0437,20,0
22,residual,ar,tier_2,code_switching,0.016,0.1172,20,0
22,attn_out,ar,tier_2,code_switching,-0.0046,0.0071,20,0
22,mlp_out,ar,tier_2,code_switching,-0.0122,0.0434,20,0
23,residual,ar,tier_2,code_switching,0.0037,0.0996,20,0
23,attn_out,ar,tier_2,code_switching,-0.0387,0.0392,20,0
23,mlp_out,ar,tier_2,code_switching,0.0355,0.0597,20,0
24,residual,ar,tier_2,code_switching,-0.0005,0.0925,20,0
24,attn_out,ar,tier_2,code_switching,-0.0106,0.0107,20,0
24,mlp_out,ar,tier_2,code_switching,0.0396,0.058,20,0
25,residual,ar,tier_2,code_switching,-0.0097,0.0757,20,0
25,attn_out,ar,tier_2,code_switching,0.0012,0.0076,20,0
25,mlp_out,ar,tier_2,code_switching,-0.0307,0.0863,20,0
26,residual,ar,tier_2,code_switching,-0.0343,0.0347,20,0
26,attn_out,ar,tier_2,code_switching,-0.0039,0.0044,20,0
26,mlp_out,ar,tier_2,code_switching,-0.0087,0.0058,20,0
27,residual,ar,tier_2,code_switching,0.0,0.0,20,0
27,attn_out,ar,tier_2,code_switching,0.0,0.0,20,0
27,mlp_out,ar,tier_2,code_switching,0.0,0.0,20,0
0,residual,ru,tier_2,code_switching,0.5712,0.3695,20,0
0,attn_out,ru,tier_2,code_switching,0.5372,0.3785,20,0
0,mlp_out,ru,tier_2,code_switching,0.047,0.4744,20,0
1,residual,ru,tier_2,code_switching,0.5453,0.4298,20,0
1,attn_out,ru,tier_2,code_switching,-0.0804,0.2755,20,0
1,mlp_out,ru,tier_2,code_switching,0.1328,0.132,20,0
2,residual,ru,tier_2,code_switching,0.4638,0.3529,20,0
2,attn_out,ru,tier_2,code_switching,0.0972,0.2064,20,0
2,mlp_out,ru,tier_2,code_switching,-0.1242,0.2365,20,0
3,residual,ru,tier_2,code_switching,0.3232,0.434,20,0
3,attn_out,ru,tier_2,code_switching,0.1259,0.2476,20,0
3,mlp_out,ru,tier_2,code_switching,-0.2202,0.4457,20,0
4,residual,ru,tier_2,code_switching,0.3658,0.4291,20,0
4,attn_out,ru,tier_2,code_switching,-0.063,0.1299,20,0
4,mlp_out,ru,tier_2,code_switching,-0.1442,0.371,20,0
5,residual,ru,tier_2,code_switching,0.3656,0.3927,20,0
5,attn_out,ru,tier_2,code_switching,-0.0954,0.1298,20,0
5,mlp_out,ru,tier_2,code_switching,-0.1907,0.1567,20,0
6,residual,ru,tier_2,code_switching,0.6164,0.4788,20,0
6,attn_out,ru,tier_2,code_switching,0.3055,0.3906,20,0
6,mlp_out,ru,tier_2,code_switching,0.4466,0.352,20,0
7,residual,ru,tier_2,code_switching,0.6161,0.6058,20,0
7,attn_out,ru,tier_2,code_switching,0.0119,0.1399,20,0
7,mlp_out,ru,tier_2,code_switching,0.1873,0.2492,20,0
8,residual,ru,tier_2,code_switching,0.5907,0.6055,20,0
8,attn_out,ru,tier_2,code_switching,0.0834,0.1236,20,0
8,mlp_out,ru,tier_2,code_switching,0.1169,0.2002,20,0
9,residual,ru,tier_2,code_switching,0.6321,0.7209,20,0
9,attn_out,ru,tier_2,code_switching,0.0162,0.1228,20,0
9,mlp_out,ru,tier_2,code_switching,-0.1041,0.2833,20,0
10,residual,ru,tier_2,code_switching,0.6003,0.7708,20,0
10,attn_out,ru,tier_2,code_switching,-0.0036,0.0951,20,0
10,mlp_out,ru,tier_2,code_switching,-0.1612,0.2956,20,0
11,residual,ru,tier_2,code_switching,0.4029,0.5459,20,0
11,attn_out,ru,tier_2,code_switching,-0.0234,0.0755,20,0
11,mlp_out,ru,tier_2,code_switching,0.0572,0.096,20,0
12,residual,ru,tier_2,code_switching,0.2097,0.4754,20,0
12,attn_out,ru,tier_2,code_switching,0.0169,0.1071,20,0
12,mlp_out,ru,tier_2,code_switching,0.0094,0.1557,20,0
13,residual,ru,tier_2,code_switching,0.054,0.373,20,0
13,attn_out,ru,tier_2,code_switching,0.006,0.0258,20,0
13,mlp_out,ru,tier_2,code_switching,0.0183,0.0942,20,0
14,residual,ru,tier_2,code_switching,-0.044,0.4009,20,0
14,attn_out,ru,tier_2,code_switching,-0.0282,0.0307,20,0
14,mlp_out,ru,tier_2,code_switching,-0.0172,0.1271,20,0
15,residual,ru,tier_2,code_switching,-0.1808,0.3995,20,0
15,attn_out,ru,tier_2,code_switching,-0.0577,0.1429,20,0
15,mlp_out,ru,tier_2,code_switching,-0.0656,0.0797,20,0
16,residual,ru,tier_2,code_switching,-0.2689,0.4312,20,0
16,attn_out,ru,tier_2,code_switching,-0.0686,0.1109,20,0
16,mlp_out,ru,tier_2,code_switching,-0.0038,0.0133,20,0
17,residual,ru,tier_2,code_switching,-0.2609,0.4079,20,0
17,attn_out,ru,tier_2,code_switching,-0.0452,0.0474,20,0
17,mlp_out,ru,tier_2,code_switching,0.008,0.0757,20,0
18,residual,ru,tier_2,code_switching,-0.1156,0.2846,20,0
18,attn_out,ru,tier_2,code_switching,-0.0082,0.0298,20,0
18,mlp_out,ru,tier_2,code_switching,-0.0566,0.0919,20,0
19,residual,ru,tier_2,code_switching,-0.0591,0.2472,20,0
19,attn_out,ru,tier_2,code_switching,0.0141,0.0427,20,0
19,mlp_out,ru,tier_2,code_switching,-0.0273,0.0403,20,0
20,residual,ru,tier_2,code_switching,-0.0347,0.2694,20,0
20,attn_out,ru,tier_2,code_switching,0.0052,0.0136,20,0
20,mlp_out,ru,tier_2,code_switching,-0.0384,0.0543,20,0
21,residual,ru,tier_2,code_switching,0.0693,0.1096,20,0
21,attn_out,ru,tier_2,code_switching,0.0236,0.0558,20,0
21,mlp_out,ru,tier_2,code_switching,0.0467,0.0304,20,0
22,residual,ru,tier_2,code_switching,-0.0328,0.1057,20,0
22,attn_out,ru,tier_2,code_switching,0.0074,0.006,20,0
22,mlp_out,ru,tier_2,code_switching,0.0398,0.0297,20,0
23,residual,ru,tier_2,code_switching,-0.0512,0.0995,20,0
23,attn_out,ru,tier_2,code_switching,0.0053,0.0135,20,0
23,mlp_out,ru,tier_2,code_switching,0.0095,0.0117,20,0
24,residual,ru,tier_2,code_switching,-0.0334,0.074,20,0
24,attn_out,ru,tier_2,code_switching,0.0064,0.0106,20,0
24,mlp_out,ru,tier_2,code_switching,0.0019,0.002,20,0
25,residual,ru,tier_2,code_switching,-0.036,0.0611,20,0
25,attn_out,ru,tier_2,code_switching,0.0106,0.0067,20,0
25,mlp_out,ru,tier_2,code_switching,0.0054,0.0094,20,0
26,residual,ru,tier_2,code_switching,-0.0114,0.0186,20,0
26,attn_out,ru,tier_2,code_switching,0.0011,0.0016,20,0
26,mlp_out,ru,tier_2,code_switching,0.0066,0.0063,20,0
27,residual,ru,tier_2,code_switching,0.0,0.0,20,0
27,attn_out,ru,tier_2,code_switching,0.0,0.0,20,0
27,mlp_out,ru,tier_2,code_switching,0.0,0.0,20,0
0,residual,ko,tier_2,code_switching,0.5507,0.5287,20,0
0,attn_out,ko,tier_2,code_switching,0.5753,0.5267,20,0
0,mlp_out,ko,tier_2,code_switching,0.46,0.5161,20,0
1,residual,ko,tier_2,code_switching,0.5708,0.6009,20,0
1,attn_out,ko,tier_2,code_switching,0.0952,0.1605,20,0
1,mlp_out,ko,tier_2,code_switching,-0.0408,0.2048,20,0
2,residual,ko,tier_2,code_switching,0.4867,0.5276,20,0
2,attn_out,ko,tier_2,code_switching,-0.0123,0.1702,20,0
2,mlp_out,ko,tier_2,code_switching,-0.15,0.3375,20,0
3,residual,ko,tier_2,code_switching,0.3618,0.6228,20,0
3,attn_out,ko,tier_2,code_switching,0.0287,0.1283,20,0
3,mlp_out,ko,tier_2,code_switching,0.0282,0.0745,20,0
4,residual,ko,tier_2,code_switching,0.3953,0.5836,20,0
4,attn_out,ko,tier_2,code_switching,-0.1004,0.2686,20,0
4,mlp_out,ko,tier_2,code_switching,-0.0125,0.3558,20,0
5,residual,ko,tier_2,code_switching,0.3675,0.6324,20,0
5,attn_out,ko,tier_2,code_switching,-0.0586,0.0923,20,0
5,mlp_out,ko,tier_2,code_switching,-0.1184,0.3671,20,0
6,residual,ko,tier_2,code_switching,0.74,0.6714,20,0
6,attn_out,ko,tier_2,code_switching,0.1307,0.2335,20,0
6,mlp_out,ko,tier_2,code_switching,0.47,0.2847,20,0
7,residual,ko,tier_2,code_switching,0.7418,0.7082,20,0
7,attn_out,ko,tier_2,code_switching,0.0163,0.1756,20,0
7,mlp_out,ko,tier_2,code_switching,0.1363,0.106,20,0
8,residual,ko,tier_2,code_switching,0.7695,0.6965,20,0
8,attn_out,ko,tier_2,code_switching,-0.0108,0.0342,20,0
8,mlp_out,ko,tier_2,code_switching,0.0473,0.2332,20,0
9,residual,ko,tier_2,code_switching,0.7187,0.7259,20,0
9,attn_out,ko,tier_2,code_switching,-0.0717,0.1293,20,0
9,mlp_out,ko,tier_2,code_switching,0.0332,0.2389,20,0
10,residual,ko,tier_2,code_switching,0.8455,0.825,20,0
10,attn_out,ko,tier_2,code_switching,0.0183,0.1037,20,0
10,mlp_out,ko,tier_2,code_switching,-0.15,0.1329,20,0
11,residual,ko,tier_2,code_switching,0.7998,0.7042,20,0
11,attn_out,ko,tier_2,code_switching,0.0409,0.0804,20,0
11,mlp_out,ko,tier_2,code_switching,0.0514,0.1007,20,0
12,residual,ko,tier_2,code_switching,0.6977,0.7501,20,0
12,attn_out,ko,tier_2,code_switching,-0.0377,0.0336,20,0
12,mlp_out,ko,tier_2,code_switching,-0.0203,0.1037,20,0
13,residual,ko,tier_2,code_switching,0.5279,0.5058,20,0
13,attn_out,ko,tier_2,code_switching,0.0232,0.028,20,0
13,mlp_out,ko,tier_2,code_switching,0.0538,0.077,20,0
14,residual,ko,tier_2,code_switching,0.478,0.5064,20,0
14,attn_out,ko,tier_2,code_switching,0.0144,0.0341,20,0
14,mlp_out,ko,tier_2,code_switching,0.0761,0.0846,20,0
15,residual,ko,tier_2,code_switching,0.3353,0.4384,20,0
15,attn_out,ko,tier_2,code_switching,-0.0154,0.031,20,0
15,mlp_out,ko,tier_2,code_switching,-0.0096,0.0917,20,0
16,residual,ko,tier_2,code_switching,0.3066,0.4001,20,0
16,attn_out,ko,tier_2,code_switching,0.0248,0.0282,20,0
16,mlp_out,ko,tier_2,code_switching,-0.0566,0.0437,20,0
17,residual,ko,tier_2,code_switching,0.3252,0.3555,20,0
17,attn_out,ko,tier_2,code_switching,-0.0059,0.0266,20,0
17,mlp_out,ko,tier_2,code_switching,-0.0149,0.0327,20,0
18,residual,ko,tier_2,code_switching,0.1914,0.1613,20,0
18,attn_out,ko,tier_2,code_switching,0.0661,0.0752,20,0
18,mlp_out,ko,tier_2,code_switching,0.0161,0.0538,20,0
19,residual,ko,tier_2,code_switching,0.0779,0.1055,20,0
19,attn_out,ko,tier_2,code_switching,0.0078,0.0277,20,0
19,mlp_out,ko,tier_2,code_switching,0.0312,0.0295,20,0
20,residual,ko,tier_2,code_switching,0.0612,0.1191,20,0
20,attn_out,ko,tier_2,code_switching,0.0102,0.0092,20,0
20,mlp_out,ko,tier_2,code_switching,0.0003,0.0556,20,0
21,residual,ko,tier_2,code_switching,0.0879,0.0691,20,0
21,attn_out,ko,tier_2,code_switching,0.011,0.0181,20,0
21,mlp_out,ko,tier_2,code_switching,0.0417,0.0558,20,0
22,residual,ko,tier_2,code_switching,0.0367,0.0703,20,0
22,attn_out,ko,tier_2,code_switching,0.0057,0.0075,20,0
22,mlp_out,ko,tier_2,code_switching,0.0107,0.0192,20,0
23,residual,ko,tier_2,code_switching,0.0232,0.0751,20,0
23,attn_out,ko,tier_2,code_switching,0.0093,0.017,20,0
23,mlp_out,ko,tier_2,code_switching,-0.0108,0.0197,20,0
24,residual,ko,tier_2,code_switching,0.018,0.1014,20,0
24,attn_out,ko,tier_2,code_switching,0.0045,0.0064,20,0
24,mlp_out,ko,tier_2,code_switching,-0.0042,0.0136,20,0
25,residual,ko,tier_2,code_switching,-0.0079,0.0968,20,0
25,attn_out,ko,tier_2,code_switching,0.002,0.0058,20,0
25,mlp_out,ko,tier_2,code_switching,0.013,0.019,20,0
26,residual,ko,tier_2,code_switching,-0.0219,0.0629,20,0
26,attn_out,ko,tier_2,code_switching,0.0057,0.0032,20,0
26,mlp_out,ko,tier_2,code_switching,0.0109,0.0087,20,0
27,residual,ko,tier_2,code_switching,0.0,0.0,20,0
27,attn_out,ko,tier_2,code_switching,0.0,0.0,20,0
27,mlp_out,ko,tier_2,code_switching,0.0,0.0,20,0
0,residual,ja,tier_2,code_switching,-0.2134,1.0327,20,0
0,attn_out,ja,tier_2,code_switching,-0.2277,1.0723,20,0
0,mlp_out,ja,tier_2,code_switching,-0.3284,1.2472,20,0
1,residual,ja,tier_2,code_switching,0.0154,0.9537,20,0
1,attn_out,ja,tier_2,code_switching,-0.1122,0.2777,20,0
1,mlp_out,ja,tier_2,code_switching,0.0739,0.2048,20,0
2,residual,ja,tier_2,code_switching,-0.2198,1.0153,20,0
2,attn_out,ja,tier_2,code_switching,-0.4496,0.4886,20,0
2,mlp_out,ja,tier_2,code_switching,-0.0194,0.2145,20,0
3,residual,ja,tier_2,code_switching,-0.0955,1.1755,20,0
3,attn_out,ja,tier_2,code_switching,-0.1249,0.2079,20,0
3,mlp_out,ja,tier_2,code_switching,-0.0351,0.1057,20,0
4,residual,ja,tier_2,code_switching,-0.0898,1.1511,20,0
4,attn_out,ja,tier_2,code_switching,-0.0817,0.1022,20,0
4,mlp_out,ja,tier_2,code_switching,-0.0257,0.199,20,0
5,residual,ja,tier_2,code_switching,0.0801,1.1069,20,0
5,attn_out,ja,tier_2,code_switching,-0.0215,0.1521,20,0
5,mlp_out,ja,tier_2,code_switching,-0.2165,0.4328,20,0
6,residual,ja,tier_2,code_switching,0.1281,1.1305,20,0
6,attn_out,ja,tier_2,code_switching,-0.1915,0.143,20,0
6,mlp_out,ja,tier_2,code_switching,0.1683,0.5335,20,0
7,residual,ja,tier_2,code_switching,0.1134,0.9097,20,0
7,attn_out,ja,tier_2,code_switching,-0.1572,0.1211,20,0
7,mlp_out,ja,tier_2,code_switching,-0.0712,0.1217,20,0
8,residual,ja,tier_2,code_switching,0.0462,0.8323,20,0
8,attn_out,ja,tier_2,code_switching,-0.1059,0.1635,20,0
8,mlp_out,ja,tier_2,code_switching,-0.0594,0.2036,20,0
9,residual,ja,tier_2,code_switching,-0.134,0.6946,20,0
9,attn_out,ja,tier_2,code_switching,-0.1206,0.1,20,0
9,mlp_out,ja,tier_2,code_switching,0.1273,0.2642,20,0
10,residual,ja,tier_2,code_switching,-0.0803,0.6203,20,0
10,attn_out,ja,tier_2,code_switching,-0.1049,0.133,20,0
10,mlp_out,ja,tier_2,code_switching,-0.2294,0.3566,20,0
11,residual,ja,tier_2,code_switching,-0.0266,0.6262,20,0
11,attn_out,ja,tier_2,code_switching,-0.0493,0.0847,20,0
11,mlp_out,ja,tier_2,code_switching,-0.1953,0.338,20,0
12,residual,ja,tier_2,code_switching,-0.085,0.6,20,0
12,attn_out,ja,tier_2,code_switching,-0.0526,0.0376,20,0
12,mlp_out,ja,tier_2,code_switching,-0.0742,0.0725,20,0
13,residual,ja,tier_2,code_switching,-0.1032,0.5707,20,0
13,attn_out,ja,tier_2,code_switching,0.0366,0.0784,20,0
13,mlp_out,ja,tier_2,code_switching,0.0097,0.0609,20,0
14,residual,ja,tier_2,code_switching,-0.0846,0.5838,20,0
14,attn_out,ja,tier_2,code_switching,0.0184,0.0543,20,0
14,mlp_out,ja,tier_2,code_switching,0.0835,0.0875,20,0
15,residual,ja,tier_2,code_switching,-0.1431,0.5886,20,0
15,attn_out,ja,tier_2,code_switching,-0.0371,0.0599,20,0
15,mlp_out,ja,tier_2,code_switching,0.0116,0.1942,20,0
16,residual,ja,tier_2,code_switching,-0.1729,0.5709,20,0
16,attn_out,ja,tier_2,code_switching,-0.0168,0.0367,20,0
16,mlp_out,ja,tier_2,code_switching,-0.1198,0.1149,20,0
17,residual,ja,tier_2,code_switching,-0.1209,0.5521,20,0
17,attn_out,ja,tier_2,code_switching,0.0212,0.0237,20,0
17,mlp_out,ja,tier_2,code_switching,-0.1092,0.1996,20,0
18,residual,ja,tier_2,code_switching,0.1696,0.2844,20,0
18,attn_out,ja,tier_2,code_switching,0.0361,0.0619,20,0
18,mlp_out,ja,tier_2,code_switching,-0.0451,0.0457,20,0
19,residual,ja,tier_2,code_switching,0.2054,0.2521,20,0
19,attn_out,ja,tier_2,code_switching,0.0303,0.0476,20,0
19,mlp_out,ja,tier_2,code_switching,-0.0054,0.0198,20,0
20,residual,ja,tier_2,code_switching,0.235,0.2791,20,0
20,attn_out,ja,tier_2,code_switching,0.0365,0.0406,20,0
20,mlp_out,ja,tier_2,code_switching,-0.0084,0.042,20,0
21,residual,ja,tier_2,code_switching,0.2375,0.2848,20,0
21,attn_out,ja,tier_2,code_switching,0.011,0.024,20,0
21,mlp_out,ja,tier_2,code_switching,0.0209,0.0374,20,0
22,residual,ja,tier_2,code_switching,0.1795,0.214,20,0
22,attn_out,ja,tier_2,code_switching,0.0011,0.0084,20,0
22,mlp_out,ja,tier_2,code_switching,0.0549,0.0605,20,0
23,residual,ja,tier_2,code_switching,0.1818,0.2065,20,0
23,attn_out,ja,tier_2,code_switching,-0.0011,0.0116,20,0
23,mlp_out,ja,tier_2,code_switching,0.016,0.0171,20,0
24,residual,ja,tier_2,code_switching,0.1024,0.117,20,0
24,attn_out,ja,tier_2,code_switching,0.0104,0.0157,20,0
24,mlp_out,ja,tier_2,code_switching,-0.0005,0.0066,20,0
25,residual,ja,tier_2,code_switching,0.0838,0.1092,20,0
25,attn_out,ja,tier_2,code_switching,-0.0019,0.0051,20,0
25,mlp_out,ja,tier_2,code_switching,0.0133,0.0206,20,0
26,residual,ja,tier_2,code_switching,0.0117,0.0435,20,0
26,attn_out,ja,tier_2,code_switching,-0.0029,0.0068,20,0
26,mlp_out,ja,tier_2,code_switching,0.0081,0.0084,20,0
27,residual,ja,tier_2,code_switching,0.0,0.0,20,0
27,attn_out,ja,tier_2,code_switching,0.0,0.0,20,0
27,mlp_out,ja,tier_2,code_switching,0.0,0.0,20,0
0,residual,tr,tier_3,code_switching,-0.1312,0.4725,20,0
0,attn_out,tr,tier_3,code_switching,-0.1606,0.4547,20,0
0,mlp_out,tr,tier_3,code_switching,0.3563,0.5018,20,0
1,residual,tr,tier_3,code_switching,0.1696,0.6696,20,0
1,attn_out,tr,tier_3,code_switching,0.1698,0.3104,20,0
1,mlp_out,tr,tier_3,code_switching,0.1553,0.3306,20,0
2,residual,tr,tier_3,code_switching,0.4478,0.8124,20,0
2,attn_out,tr,tier_3,code_switching,0.3748,0.5857,20,0
2,mlp_out,tr,tier_3,code_switching,0.4311,0.5422,20,0
3,residual,tr,tier_3,code_switching,0.918,0.9727,20,0
3,attn_out,tr,tier_3,code_switching,0.1282,0.3151,20,0
3,mlp_out,tr,tier_3,code_switching,0.0923,0.2929,20,0
4,residual,tr,tier_3,code_switching,0.888,0.9581,20,0
4,attn_out,tr,tier_3,code_switching,0.0033,0.3057,20,0
4,mlp_out,tr,tier_3,code_switching,0.0801,0.294,20,0
5,residual,tr,tier_3,code_switching,0.9347,1.0038,20,0
5,attn_out,tr,tier_3,code_switching,0.0566,0.2981,20,0
5,mlp_out,tr,tier_3,code_switching,0.066,0.3566,20,0
6,residual,tr,tier_3,code_switching,0.3902,0.6221,20,0
6,attn_out,tr,tier_3,code_switching,0.1772,0.4245,20,0
6,mlp_out,tr,tier_3,code_switching,0.3936,0.318,20,0
7,residual,tr,tier_3,code_switching,0.4591,1.0306,20,0
7,attn_out,tr,tier_3,code_switching,-0.0265,0.216,20,0
7,mlp_out,tr,tier_3,code_switching,0.0317,0.3199,20,0
8,residual,tr,tier_3,code_switching,0.2795,1.0011,20,0
8,attn_out,tr,tier_3,code_switching,0.2519,0.2842,20,0
8,mlp_out,tr,tier_3,code_switching,-0.0824,0.1183,20,0
9,residual,tr,tier_3,code_switching,0.2213,1.0772,20,0
9,attn_out,tr,tier_3,code_switching,-0.0106,0.2319,20,0
9,mlp_out,tr,tier_3,code_switching,0.0308,0.3117,20,0
10,residual,tr,tier_3,code_switching,0.0077,0.6624,20,0
10,attn_out,tr,tier_3,code_switching,0.0114,0.1237,20,0
10,mlp_out,tr,tier_3,code_switching,0.1299,0.1281,20,0
11,residual,tr,tier_3,code_switching,-0.1545,0.6882,20,0
11,attn_out,tr,tier_3,code_switching,0.0232,0.1311,20,0
11,mlp_out,tr,tier_3,code_switching,-0.187,0.3089,20,0
12,residual,tr,tier_3,code_switching,-0.1253,0.7303,20,0
12,attn_out,tr,tier_3,code_switching,-0.0546,0.1467,20,0
12,mlp_out,tr,tier_3,code_switching,-0.1245,0.1644,20,0
13,residual,tr,tier_3,code_switching,-0.2876,0.7365,20,0
13,attn_out,tr,tier_3,code_switching,0.0478,0.1039,20,0
13,mlp_out,tr,tier_3,code_switching,0.0165,0.2041,20,0
14,residual,tr,tier_3,code_switching,-0.2849,0.6945,20,0
14,attn_out,tr,tier_3,code_switching,0.0051,0.0408,20,0
14,mlp_out,tr,tier_3,code_switching,0.0273,0.1234,20,0
15,residual,tr,tier_3,code_switching,-0.3339,0.609,20,0
15,attn_out,tr,tier_3,code_switching,0.0938,0.1497,20,0
15,mlp_out,tr,tier_3,code_switching,-0.0604,0.1818,20,0
16,residual,tr,tier_3,code_switching,-0.4671,0.682,20,0
16,attn_out,tr,tier_3,code_switching,0.0038,0.065,20,0
16,mlp_out,tr,tier_3,code_switching,-0.123,0.134,20,0
17,residual,tr,tier_3,code_switching,-0.4781,0.6937,20,0
17,attn_out,tr,tier_3,code_switching,0.0415,0.0699,20,0
17,mlp_out,tr,tier_3,code_switching,-0.0538,0.1562,20,0
18,residual,tr,tier_3,code_switching,-0.0794,0.5218,20,0
18,attn_out,tr,tier_3,code_switching,0.0018,0.0796,20,0
18,mlp_out,tr,tier_3,code_switching,0.0037,0.0515,20,0
19,residual,tr,tier_3,code_switching,-0.0211,0.3188,20,0
19,attn_out,tr,tier_3,code_switching,0.0147,0.0466,20,0
19,mlp_out,tr,tier_3,code_switching,-0.0172,0.018,20,0
20,residual,tr,tier_3,code_switching,-0.047,0.3044,20,0
20,attn_out,tr,tier_3,code_switching,0.0066,0.0191,20,0
20,mlp_out,tr,tier_3,code_switching,0.0197,0.0728,20,0
21,residual,tr,tier_3,code_switching,-0.0851,0.1631,20,0
21,attn_out,tr,tier_3,code_switching,-0.0069,0.0399,20,0
21,mlp_out,tr,tier_3,code_switching,-0.009,0.0326,20,0
22,residual,tr,tier_3,code_switching,-0.0395,0.0997,20,0
22,attn_out,tr,tier_3,code_switching,-0.0047,0.0066,20,0
22,mlp_out,tr,tier_3,code_switching,0.0223,0.0536,20,0
23,residual,tr,tier_3,code_switching,-0.0132,0.0723,20,0
23,attn_out,tr,tier_3,code_switching,0.0062,0.0221,20,0
23,mlp_out,tr,tier_3,code_switching,-0.0021,0.0677,20,0
24,residual,tr,tier_3,code_switching,0.0108,0.0256,20,0
24,attn_out,tr,tier_3,code_switching,0.0052,0.0093,20,0
24,mlp_out,tr,tier_3,code_switching,0.0045,0.0112,20,0
25,residual,tr,tier_3,code_switching,0.0002,0.0283,20,0
25,attn_out,tr,tier_3,code_switching,-0.0018,0.0051,20,0
25,mlp_out,tr,tier_3,code_switching,-0.0157,0.0097,20,0
26,residual,tr,tier_3,code_switching,-0.0256,0.0504,20,0
26,attn_out,tr,tier_3,code_switching,0.0083,0.0075,20,0
26,mlp_out,tr,tier_3,code_switching,-0.0017,0.0129,20,0
27,residual,tr,tier_3,code_switching,0.0,0.0,20,0
27,attn_out,tr,tier_3,code_switching,0.0,0.0,20,0
27,mlp_out,tr,tier_3,code_switching,0.0,0.0,20,0
0,residual,id,tier_3,code_switching,0.5822,0.4825,20,0
0,attn_out,id,tier_3,code_switching,0.6237,0.4996,20,0
0,mlp_out,id,tier_3,code_switching,0.4459,0.4483,20,0
1,residual,id,tier_3,code_switching,0.4563,0.2652,20,0
1,attn_out,id,tier_3,code_switching,0.2886,0.3469,20,0
1,mlp_out,id,tier_3,code_switching,0.0426,0.4635,20,0
2,residual,id,tier_3,code_switching,0.2869,0.2555,20,0
2,attn_out,id,tier_3,code_switching,-0.0423,0.1707,20,0
2,mlp_out,id,tier_3,code_switching,0.1119,0.3422,20,0
3,residual,id,tier_3,code_switching,0.4374,0.2554,20,0
3,attn_out,id,tier_3,code_switching,0.2295,0.4576,20,0
3,mlp_out,id,tier_3,code_switching,-0.456,0.5607,20,0
4,residual,id,tier_3,code_switching,0.2997,0.3276,20,0
4,attn_out,id,tier_3,code_switching,0.0306,0.1244,20,0
4,mlp_out,id,tier_3,code_switching,0.7276,0.9227,20,0
5,residual,id,tier_3,code_switching,0.4513,0.2507,20,0
5,attn_out,id,tier_3,code_switching,0.2179,0.2866,20,0
5,mlp_out,id,tier_3,code_switching,0.2284,0.4277,20,0
6,residual,id,tier_3,code_switching,0.2492,0.4048,20,0
6,attn_out,id,tier_3,code_switching,0.2534,0.4456,20,0
6,mlp_out,id,tier_3,code_switching,-0.0926,0.4591,20,0
7,residual,id,tier_3,code_switching,0.3424,0.4466,20,0
7,attn_out,id,tier_3,code_switching,0.1565,0.1707,20,0
7,mlp_out,id,tier_3,code_switching,-0.1887,0.7682,20,0
8,residual,id,tier_3,code_switching,0.4865,0.5624,20,0
8,attn_out,id,tier_3,code_switching,0.3685,0.5472,20,0
8,mlp_out,id,tier_3,code_switching,0.0128,0.7696,20,0
9,residual,id,tier_3,code_switching,0.5722,0.5703,20,0
9,attn_out,id,tier_3,code_switching,0.1835,0.1866,20,0
9,mlp_out,id,tier_3,code_switching,0.1212,0.7484,20,0
10,residual,id,tier_3,code_switching,0.6441,0.7853,20,0
10,attn_out,id,tier_3,code_switching,0.0561,0.1545,20,0
10,mlp_out,id,tier_3,code_switching,-0.1559,0.3932,20,0
11,residual,id,tier_3,code_switching,0.5873,0.7664,20,0
11,attn_out,id,tier_3,code_switching,-0.1285,0.1611,20,0
11,mlp_out,id,tier_3,code_switching,-0.073,0.3516,20,0
12,residual,id,tier_3,code_switching,0.5244,0.8297,20,0
12,attn_out,id,tier_3,code_switching,0.0253,0.21,20,0
12,mlp_out,id,tier_3,code_switching,-0.0405,0.3836,20,0
13,residual,id,tier_3,code_switching,0.1227,0.6735,20,0
13,attn_out,id,tier_3,code_switching,-0.0206,0.1282,20,0
13,mlp_out,id,tier_3,code_switching,0.144,0.2287,20,0
14,residual,id,tier_3,code_switching,0.0154,0.5582,20,0
14,attn_out,id,tier_3,code_switching,-0.0161,0.0856,20,0
14,mlp_out,id,tier_3,code_switching,-0.0989,0.2585,20,0
15,residual,id,tier_3,code_switching,-0.1464,0.6566,20,0
15,attn_out,id,tier_3,code_switching,-0.0494,0.0993,20,0
15,mlp_out,id,tier_3,code_switching,-0.0421,0.1098,20,0
16,residual,id,tier_3,code_switching,-0.1883,0.6124,20,0
16,attn_out,id,tier_3,code_switching,-0.042,0.0581,20,0
16,mlp_out,id,tier_3,code_switching,-0.0844,0.0952,20,0
17,residual,id,tier_3,code_switching,-0.099,0.5687,20,0
17,attn_out,id,tier_3,code_switching,-0.0179,0.0257,20,0
17,mlp_out,id,tier_3,code_switching,-0.077,0.1549,20,0
18,residual,id,tier_3,code_switching,0.1344,0.3746,20,0
18,attn_out,id,tier_3,code_switching,0.0566,0.0383,20,0
18,mlp_out,id,tier_3,code_switching,-0.0354,0.0746,20,0
19,residual,id,tier_3,code_switching,0.0395,0.2229,20,0
19,attn_out,id,tier_3,code_switching,0.0234,0.0311,20,0
19,mlp_out,id,tier_3,code_switching,-0.012,0.0195,20,0
20,residual,id,tier_3,code_switching,0.0152,0.2038,20,0
20,attn_out,id,tier_3,code_switching,0.0297,0.0451,20,0
20,mlp_out,id,tier_3,code_switching,-0.0277,0.1267,20,0
21,residual,id,tier_3,code_switching,-0.0971,0.2178,20,0
21,attn_out,id,tier_3,code_switching,-0.0078,0.0253,20,0
21,mlp_out,id,tier_3,code_switching,-0.014,0.0577,20,0
22,residual,id,tier_3,code_switching,-0.0474,0.1011,20,0
22,attn_out,id,tier_3,code_switching,0.0122,0.0157,20,0
22,mlp_out,id,tier_3,code_switching,0.0018,0.0442,20,0
23,residual,id,tier_3,code_switching,0.0445,0.1598,20,0
23,attn_out,id,tier_3,code_switching,0.0,0.0215,20,0
23,mlp_out,id,tier_3,code_switching,0.035,0.0554,20,0
24,residual,id,tier_3,code_switching,-0.0125,0.0632,20,0
24,attn_out,id,tier_3,code_switching,0.0058,0.007,20,0
24,mlp_out,id,tier_3,code_switching,-0.011,0.0321,20,0
25,residual,id,tier_3,code_switching,-0.0206,0.0672,20,0
25,attn_out,id,tier_3,code_switching,0.0071,0.0071,20,0
25,mlp_out,id,tier_3,code_switching,0.0114,0.018,20,0
26,residual,id,tier_3,code_switching,-0.0301,0.0442,20,0
26,attn_out,id,tier_3,code_switching,-0.0001,0.0015,20,0
26,mlp_out,id,tier_3,code_switching,0.0041,0.0196,20,0
27,residual,id,tier_3,code_switching,0.0,0.0,20,0
27,attn_out,id,tier_3,code_switching,0.0,0.0,20,0
27,mlp_out,id,tier_3,code_switching,0.0,0.0,20,0
0,residual,hi,tier_3,code_switching,-0.1379,0.4607,20,0
0,attn_out,hi,tier_3,code_switching,-0.1426,0.4386,20,0
0,mlp_out,hi,tier_3,code_switching,-0.1655,0.8327,20,0
1,residual,hi,tier_3,code_switching,-0.1383,0.6255,20,0
1,attn_out,hi,tier_3,code_switching,0.5426,0.5396,20,0
1,mlp_out,hi,tier_3,code_switching,0.4777,0.3936,20,0
2,residual,hi,tier_3,code_switching,-0.2594,0.9234,20,0
2,attn_out,hi,tier_3,code_switching,0.2428,0.4749,20,0
2,mlp_out,hi,tier_3,code_switching,0.2353,0.3583,20,0
3,residual,hi,tier_3,code_switching,-0.1426,1.1526,20,0
3,attn_out,hi,tier_3,code_switching,0.3486,0.3872,20,0
3,mlp_out,hi,tier_3,code_switching,-0.0516,0.4445,20,0
4,residual,hi,tier_3,code_switching,-0.2982,1.1938,20,0
4,attn_out,hi,tier_3,code_switching,0.1386,0.1773,20,0
4,mlp_out,hi,tier_3,code_switching,0.0921,0.4306,20,0
5,residual,hi,tier_3,code_switching,-0.2224,1.1658,20,0
5,attn_out,hi,tier_3,code_switching,0.1224,0.11,20,0
5,mlp_out,hi,tier_3,code_switching,0.324,0.4462,20,0
6,residual,hi,tier_3,code_switching,-0.529,1.5259,20,0
6,attn_out,hi,tier_3,code_switching,-0.2379,0.3483,20,0
6,mlp_out,hi,tier_3,code_switching,0.299,0.4207,20,0
7,residual,hi,tier_3,code_switching,-0.6564,1.3411,20,0
7,attn_out,hi,tier_3,code_switching,0.3204,0.3718,20,0
7,mlp_out,hi,tier_3,code_switching,0.1365,0.5811,20,0
8,residual,hi,tier_3,code_switching,-0.8037,1.4348,20,0
8,attn_out,hi,tier_3,code_switching,-0.0917,0.2073,20,0
8,mlp_out,hi,tier_3,code_switching,-0.3505,0.5268,20,0
9,residual,hi,tier_3,code_switching,-0.9396,1.5383,20,0
9,attn_out,hi,tier_3,code_switching,-0.1952,0.2142,20,0
9,mlp_out,hi,tier_3,code_switching,0.1356,0.1358,20,0
10,residual,hi,tier_3,code_switching,-0.9429,1.3911,20,0
10,attn_out,hi,tier_3,code_switching,-0.0894,0.1838,20,0
10,mlp_out,hi,tier_3,code_switching,0.2668,0.4705,20,0
11,residual,hi,tier_3,code_switching,-0.9675,1.3428,20,0
11,attn_out,hi,tier_3,code_switching,-0.053,0.1567,20,0
11,mlp_out,hi,tier_3,code_switching,-0.278,0.4488,20,0
12,residual,hi,tier_3,code_switching,-0.7495,1.1704,20,0
12,attn_out,hi,tier_3,code_switching,0.0856,0.1952,20,0
12,mlp_out,hi,tier_3,code_switching,-0.0763,0.3807,20,0
13,residual,hi,tier_3,code_switching,-0.6354,0.9292,20,0
13,attn_out,hi,tier_3,code_switching,-0.0004,0.0692,20,0
13,mlp_out,hi,tier_3,code_switching,0.179,0.2491,20,0
14,residual,hi,tier_3,code_switching,-0.5138,0.8189,20,0
14,attn_out,hi,tier_3,code_switching,0.0574,0.0238,20,0
14,mlp_out,hi,tier_3,code_switching,-0.0434,0.1662,20,0
15,residual,hi,tier_3,code_switching,-0.4269,0.7464,20,0
15,attn_out,hi,tier_3,code_switching,0.0241,0.0983,20,0
15,mlp_out,hi,tier_3,code_switching,0.0442,0.1182,20,0
16,residual,hi,tier_3,code_switching,-0.3238,0.666,20,0
16,attn_out,hi,tier_3,code_switching,-0.0977,0.1167,20,0
16,mlp_out,hi,tier_3,code_switching,-0.0577,0.099,20,0
17,residual,hi,tier_3,code_switching,-0.3255,0.6993,20,0
17,attn_out,hi,tier_3,code_switching,0.015,0.0675,20,0
17,mlp_out,hi,tier_3,code_switching,-0.0174,0.1934,20,0
18,residual,hi,tier_3,code_switching,-0.0426,0.5169,20,0
18,attn_out,hi,tier_3,code_switching,-0.0313,0.0441,20,0
18,mlp_out,hi,tier_3,code_switching,-0.0522,0.1308,20,0
19,residual,hi,tier_3,code_switching,-0.015,0.3098,20,0
19,attn_out,hi,tier_3,code_switching,-0.0056,0.0108,20,0
19,mlp_out,hi,tier_3,code_switching,0.0098,0.0822,20,0
20,residual,hi,tier_3,code_switching,-0.0025,0.3009,20,0
20,attn_out,hi,tier_3,code_switching,0.0133,0.0131,20,0
20,mlp_out,hi,tier_3,code_switching,0.014,0.0434,20,0
21,residual,hi,tier_3,code_switching,-0.0603,0.1965,20,0
21,attn_out,hi,tier_3,code_switching,-0.0145,0.0309,20,0
21,mlp_out,hi,tier_3,code_switching,-0.0005,0.024,20,0
22,residual,hi,tier_3,code_switching,0.0215,0.0792,20,0
22,attn_out,hi,tier_3,code_switching,0.0023,0.0149,20,0
22,mlp_out,hi,tier_3,code_switching,0.0305,0.037,20,0
23,residual,hi,tier_3,code_switching,0.0428,0.0832,20,0
23,attn_out,hi,tier_3,code_switching,0.0074,0.0159,20,0
23,mlp_out,hi,tier_3,code_switching,0.0109,0.0437,20,0
24,residual,hi,tier_3,code_switching,0.0359,0.1393,20,0
24,attn_out,hi,tier_3,code_switching,0.0053,0.0095,20,0
24,mlp_out,hi,tier_3,code_switching,0.013,0.0322,20,0
25,residual,hi,tier_3,code_switching,0.034,0.1364,20,0
25,attn_out,hi,tier_3,code_switching,0.0014,0.0116,20,0
25,mlp_out,hi,tier_3,code_switching,-0.0046,0.0224,20,0
26,residual,hi,tier_3,code_switching,-0.0086,0.0672,20,0
26,attn_out,hi,tier_3,code_switching,0.002,0.0091,20,0
26,mlp_out,hi,tier_3,code_switching,0.01,0.0125,20,0
27,residual,hi,tier_3,code_switching,0.0,0.0,20,0
27,attn_out,hi,tier_3,code_switching,0.0,0.0,20,0
27,mlp_out,hi,tier_3,code_switching,0.0,0.0,20,0
0,residual,sw,tier_3,code_switching,-0.5164,0.71,20,0
0,attn_out,sw,tier_3,code_switching,-0.5396,0.6987,20,0
0,mlp_out,sw,tier_3,code_switching,-0.26,0.8897,20,0
1,residual,sw,tier_3,code_switching,-0.5103,0.8947,20,0
1,attn_out,sw,tier_3,code_switching,-0.1629,0.2226,20,0
1,mlp_out,sw,tier_3,code_switching,-0.1968,0.2742,20,0
2,residual,sw,tier_3,code_switching,-0.4915,0.9871,20,0
2,attn_out,sw,tier_3,code_switching,-0.1774,0.2347,20,0
2,mlp_out,sw,tier_3,code_switching,0.0191,0.1091,20,0
3,residual,sw,tier_3,code_switching,-0.1624,0.9752,20,0
3,attn_out,sw,tier_3,code_switching,-0.0783,0.266,20,0
3,mlp_out,sw,tier_3,code_switching,-0.2567,0.2956,20,0
4,residual,sw,tier_3,code_switching,-0.184,1.0209,20,0
4,attn_out,sw,tier_3,code_switching,-0.0127,0.0658,20,0
4,mlp_out,sw,tier_3,code_switching,-0.0272,0.1594,20,0
5,residual,sw,tier_3,code_switching,-0.1216,1.036,20,0
5,attn_out,sw,tier_3,code_switching,0.045,0.2756,20,0
5,mlp_out,sw,tier_3,code_switching,-0.1842,0.2659,20,0
6,residual,sw,tier_3,code_switching,-0.1699,1.1791,20,0
6,attn_out,sw,tier_3,code_switching,0.0617,0.2987,20,0
6,mlp_out,sw,tier_3,code_switching,0.1535,0.5722,20,0
7,residual,sw,tier_3,code_switching,-0.5206,1.3565,20,0
7,attn_out,sw,tier_3,code_switching,0.0666,0.0491,20,0
7,mlp_out,sw,tier_3,code_switching,-0.1927,0.3023,20,0
8,residual,sw,tier_3,code_switching,-0.7774,1.4001,20,0
8,attn_out,sw,tier_3,code_switching,0.0281,0.0328,20,0
8,mlp_out,sw,tier_3,code_switching,-0.103,0.1884,20,0
9,residual,sw,tier_3,code_switching,-0.7156,1.3918,20,0
9,attn_out,sw,tier_3,code_switching,-0.044,0.273,20,0
9,mlp_out,sw,tier_3,code_switching,-0.3305,0.2504,20,0
10,residual,sw,tier_3,code_switching,-0.7745,1.3272,20,0
10,attn_out,sw,tier_3,code_switching,0.0198,0.0746,20,0
10,mlp_out,sw,tier_3,code_switching,-0.1719,0.4208,20,0
11,residual,sw,tier_3,code_switching,-0.9322,1.069,20,0
11,attn_out,sw,tier_3,code_switching,-0.0358,0.0485,20,0
11,mlp_out,sw,tier_3,code_switching,-0.1733,0.2309,20,0
12,residual,sw,tier_3,code_switching,-0.8839,0.7628,20,0
12,attn_out,sw,tier_3,code_switching,-0.02,0.1684,20,0
12,mlp_out,sw,tier_3,code_switching,-0.247,0.19,20,0
13,residual,sw,tier_3,code_switching,-0.8658,0.6148,20,0
13,attn_out,sw,tier_3,code_switching,-0.0552,0.0496,20,0
13,mlp_out,sw,tier_3,code_switching,0.1182,0.062,20,0
14,residual,sw,tier_3,code_switching,-0.7786,0.5437,20,0
14,attn_out,sw,tier_3,code_switching,-0.0115,0.0349,20,0
14,mlp_out,sw,tier_3,code_switching,0.018,0.2155,20,0
15,residual,sw,tier_3,code_switching,-0.8154,0.3556,20,0
15,attn_out,sw,tier_3,code_switching,-0.0312,0.1158,20,0
15,mlp_out,sw,tier_3,code_switching,-0.0564,0.1095,20,0
16,residual,sw,tier_3,code_switching,-0.7665,0.3412,20,0
16,attn_out,sw,tier_3,code_switching,-0.0673,0.0774,20,0
16,mlp_out,sw,tier_3,code_switching,-0.1091,0.0703,20,0
17,residual,sw,tier_3,code_switching,-0.7112,0.3446,20,0
17,attn_out,sw,tier_3,code_switching,-0.0252,0.0516,20,0
17,mlp_out,sw,tier_3,code_switching,-0.0316,0.1068,20,0
18,residual,sw,tier_3,code_switching,-0.3244,0.2595,20,0
18,attn_out,sw,tier_3,code_switching,-0.0416,0.0491,20,0
18,mlp_out,sw,tier_3,code_switching,0.009,0.0782,20,0
19,residual,sw,tier_3,code_switching,-0.2905,0.2334,20,0
19,attn_out,sw,tier_3,code_switching,0.025,0.0777,20,0
19,mlp_out,sw,tier_3,code_switching,-0.0466,0.0793,20,0
20,residual,sw,tier_3,code_switching,-0.3082,0.2255,20,0
20,attn_out,sw,tier_3,code_switching,0.0264,0.0172,20,0
20,mlp_out,sw,tier_3,code_switching,-0.0514,0.0716,20,0
21,residual,sw,tier_3,code_switching,-0.2633,0.2539,20,0
21,attn_out,sw,tier_3,code_switching,-0.0289,0.0743,20,0
21,mlp_out,sw,tier_3,code_switching,0.0293,0.0544,20,0
22,residual,sw,tier_3,code_switching,-0.1392,0.2355,20,0
22,attn_out,sw,tier_3,code_switching,0.0124,0.0113,20,0
22,mlp_out,sw,tier_3,code_switching,0.0725,0.0734,20,0
23,residual,sw,tier_3,code_switching,-0.1077,0.1939,20,0
23,attn_out,sw,tier_3,code_switching,0.028,0.081,20,0
23,mlp_out,sw,tier_3,code_switching,-0.0274,0.0433,20,0
24,residual,sw,tier_3,code_switching,-0.0415,0.1706,20,0
24,attn_out,sw,tier_3,code_switching,0.0079,0.0046,20,0
24,mlp_out,sw,tier_3,code_switching,-0.0078,0.0515,20,0
25,residual,sw,tier_3,code_switching,-0.045,0.1556,20,0
25,attn_out,sw,tier_3,code_switching,0.0042,0.0061,20,0
25,mlp_out,sw,tier_3,code_switching,0.0062,0.0267,20,0
26,residual,sw,tier_3,code_switching,-0.0162,0.0522,20,0
26,attn_out,sw,tier_3,code_switching,0.0036,0.008,20,0
26,mlp_out,sw,tier_3,code_switching,0.0032,0.0079,20,0
27,residual,sw,tier_3,code_switching,0.0,0.0,20,0
27,attn_out,sw,tier_3,code_switching,0.0,0.0,20,0
27,mlp_out,sw,tier_3,code_switching,0.0,0.0,20,0
0,residual,yo,tier_4,code_switching,0.0184,0.7534,20,0
0,attn_out,yo,tier_4,code_switching,0.0039,0.7511,20,0
0,mlp_out,yo,tier_4,code_switching,-0.2756,0.5489,20,0
1,residual,yo,tier_4,code_switching,0.0647,0.8016,20,0
1,attn_out,yo,tier_4,code_switching,-0.0914,0.2268,20,0
1,mlp_out,yo,tier_4,code_switching,-0.0149,0.1501,20,0
2,residual,yo,tier_4,code_switching,0.0235,0.8176,20,0
2,attn_out,yo,tier_4,code_switching,-0.0337,0.2279,20,0
2,mlp_out,yo,tier_4,code_switching,0.0685,0.2459,20,0
3,residual,yo,tier_4,code_switching,0.1718,0.7257,20,0
3,attn_out,yo,tier_4,code_switching,-0.0512,0.1565,20,0
3,mlp_out,yo,tier_4,code_switching,-0.1622,0.2109,20,0
4,residual,yo,tier_4,code_switching,0.0941,0.8325,20,0
4,attn_out,yo,tier_4,code_switching,-0.0393,0.1567,20,0
4,mlp_out,yo,tier_4,code_switching,-0.028,0.2061,20,0
5,residual,yo,tier_4,code_switching,0.1662,0.9532,20,0
5,attn_out,yo,tier_4,code_switching,-0.0234,0.2337,20,0
5,mlp_out,yo,tier_4,code_switching,0.0104,0.1882,20,0
6,residual,yo,tier_4,code_switching,0.0523,1.1234,20,0
6,attn_out,yo,tier_4,code_switching,-0.003,0.3071,20,0
6,mlp_out,yo,tier_4,code_switching,0.1087,0.2472,20,0
7,residual,yo,tier_4,code_switching,0.147,1.2467,20,0
7,attn_out,yo,tier_4,code_switching,0.0307,0.0908,20,0
7,mlp_out,yo,tier_4,code_switching,0.0909,0.1889,20,0
8,residual,yo,tier_4,code_switching,-0.1165,0.9862,20,0
8,attn_out,yo,tier_4,code_switching,0.0457,0.1463,20,0
8,mlp_out,yo,tier_4,code_switching,-0.0472,0.0824,20,0
9,residual,yo,tier_4,code_switching,0.0323,0.8537,20,0
9,attn_out,yo,tier_4,code_switching,-0.0282,0.0891,20,0
9,mlp_out,yo,tier_4,code_switching,0.049,0.1088,20,0
10,residual,yo,tier_4,code_switching,-0.0512,0.5297,20,0
10,attn_out,yo,tier_4,code_switching,0.0924,0.148,20,0
10,mlp_out,yo,tier_4,code_switching,-0.0348,0.1188,20,0
11,residual,yo,tier_4,code_switching,-0.142,0.4336,20,0
11,attn_out,yo,tier_4,code_switching,0.0519,0.0647,20,0
11,mlp_out,yo,tier_4,code_switching,0.0681,0.1591,20,0
12,residual,yo,tier_4,code_switching,-0.3285,0.547,20,0
12,attn_out,yo,tier_4,code_switching,0.0572,0.0415,20,0
12,mlp_out,yo,tier_4,code_switching,-0.0451,0.1739,20,0
13,residual,yo,tier_4,code_switching,-0.3094,0.5254,20,0
13,attn_out,yo,tier_4,code_switching,0.0404,0.0461,20,0
13,mlp_out,yo,tier_4,code_switching,0.038,0.0796,20,0
14,residual,yo,tier_4,code_switching,-0.309,0.5565,20,0
14,attn_out,yo,tier_4,code_switching,-0.0222,0.0472,20,0
14,mlp_out,yo,tier_4,code_switching,0.128,0.1462,20,0
15,residual,yo,tier_4,code_switching,-0.3947,0.4955,20,0
15,attn_out,yo,tier_4,code_switching,-0.0436,0.0212,20,0
15,mlp_out,yo,tier_4,code_switching,0.0557,0.0744,20,0
16,residual,yo,tier_4,code_switching,-0.3825,0.5029,20,0
16,attn_out,yo,tier_4,code_switching,-0.0492,0.0804,20,0
16,mlp_out,yo,tier_4,code_switching,0.0208,0.1554,20,0
17,residual,yo,tier_4,code_switching,-0.2934,0.5612,20,0
17,attn_out,yo,tier_4,code_switching,0.0122,0.0457,20,0
17,mlp_out,yo,tier_4,code_switching,-0.0611,0.1871,20,0
18,residual,yo,tier_4,code_switching,-0.0358,0.258,20,0
18,attn_out,yo,tier_4,code_switching,-0.0003,0.0321,20,0
18,mlp_out,yo,tier_4,code_switching,0.0226,0.023,20,0
19,residual,yo,tier_4,code_switching,-0.0684,0.2781,20,0
19,attn_out,yo,tier_4,code_switching,-0.0505,0.0678,20,0
19,mlp_out,yo,tier_4,code_switching,-0.0086,0.075,20,0
20,residual,yo,tier_4,code_switching,-0.0674,0.2765,20,0
20,attn_out,yo,tier_4,code_switching,-0.0014,0.0115,20,0
20,mlp_out,yo,tier_4,code_switching,-0.0293,0.0561,20,0
21,residual,yo,tier_4,code_switching,-0.0776,0.1468,20,0
21,attn_out,yo,tier_4,code_switching,-0.0011,0.0095,20,0
21,mlp_out,yo,tier_4,code_switching,-0.0314,0.0757,20,0
22,residual,yo,tier_4,code_switching,-0.0484,0.0831,20,0
22,attn_out,yo,tier_4,code_switching,-0.0203,0.0126,20,0
22,mlp_out,yo,tier_4,code_switching,0.0226,0.0186,20,0
23,residual,yo,tier_4,code_switching,-0.0159,0.0589,20,0
23,attn_out,yo,tier_4,code_switching,-0.0106,0.0141,20,0
23,mlp_out,yo,tier_4,code_switching,-0.0036,0.0171,20,0
24,residual,yo,tier_4,code_switching,0.0322,0.0208,20,0
24,attn_out,yo,tier_4,code_switching,0.0087,0.0041,20,0
24,mlp_out,yo,tier_4,code_switching,0.0001,0.0203,20,0
25,residual,yo,tier_4,code_switching,0.0188,0.0251,20,0
25,attn_out,yo,tier_4,code_switching,-0.0004,0.0025,20,0
25,mlp_out,yo,tier_4,code_switching,0.0036,0.0112,20,0
26,residual,yo,tier_4,code_switching,-0.0053,0.0231,20,0
26,attn_out,yo,tier_4,code_switching,0.0055,0.0091,20,0
26,mlp_out,yo,tier_4,code_switching,0.0111,0.0112,20,0
27,residual,yo,tier_4,code_switching,0.0,0.0,20,0
27,attn_out,yo,tier_4,code_switching,0.0,0.0,20,0
27,mlp_out,yo,tier_4,code_switching,0.0,0.0,20,0
0,residual,zu,tier_4,code_switching,0.0975,0.546,20,0
0,attn_out,zu,tier_4,code_switching,0.0969,0.5639,20,0
0,mlp_out,zu,tier_4,code_switching,0.1392,0.2659,20,0
1,residual,zu,tier_4,code_switching,0.2282,0.4226,20,0
1,attn_out,zu,tier_4,code_switching,-0.1657,0.2448,20,0
1,mlp_out,zu,tier_4,code_switching,-0.0905,0.159,20,0
2,residual,zu,tier_4,code_switching,0.3875,0.4014,20,0
2,attn_out,zu,tier_4,code_switching,-0.0868,0.1718,20,0
2,mlp_out,zu,tier_4,code_switching,0.1505,0.2426,20,0
3,residual,zu,tier_4,code_switching,0.2326,1.0985,20,0
3,attn_out,zu,tier_4,code_switching,-0.1839,0.1985,20,0
3,mlp_out,zu,tier_4,code_switching,0.044,0.3636,20,0
4,residual,zu,tier_4,code_switching,0.1167,1.0587,20,0
4,attn_out,zu,tier_4,code_switching,-0.0996,0.1394,20,0
4,mlp_out,zu,tier_4,code_switching,-0.1226,0.2772,20,0
5,residual,zu,tier_4,code_switching,0.1264,1.1085,20,0
5,attn_out,zu,tier_4,code_switching,-0.0048,0.1357,20,0
5,mlp_out,zu,tier_4,code_switching,0.1371,0.4797,20,0
6,residual,zu,tier_4,code_switching,-0.0674,1.2769,20,0
6,attn_out,zu,tier_4,code_switching,-0.1018,0.1029,20,0
6,mlp_out,zu,tier_4,code_switching,-0.001,0.3693,20,0
7,residual,zu,tier_4,code_switching,-0.1716,1.2799,20,0
7,attn_out,zu,tier_4,code_switching,0.1408,0.2798,20,0
7,mlp_out,zu,tier_4,code_switching,-0.1034,0.3149,20,0
8,residual,zu,tier_4,code_switching,-0.2908,1.2023,20,0
8,attn_out,zu,tier_4,code_switching,-0.1508,0.1699,20,0
8,mlp_out,zu,tier_4,code_switching,0.0577,0.617,20,0
9,residual,zu,tier_4,code_switching,-0.1879,1.1922,20,0
9,attn_out,zu,tier_4,code_switching,0.0672,0.4015,20,0
9,mlp_out,zu,tier_4,code_switching,-0.1299,0.3275,20,0
10,residual,zu,tier_4,code_switching,-0.161,1.0285,20,0
10,attn_out,zu,tier_4,code_switching,-0.0262,0.076,20,0
10,mlp_out,zu,tier_4,code_switching,-0.0462,0.0628,20,0
11,residual,zu,tier_4,code_switching,-0.1851,0.9191,20,0
11,attn_out,zu,tier_4,code_switching,0.0001,0.0641,20,0
11,mlp_out,zu,tier_4,code_switching,-0.071,0.1343,20,0
12,residual,zu,tier_4,code_switching,-0.4707,0.8864,20,0
12,attn_out,zu,tier_4,code_switching,0.0205,0.0294,20,0
12,mlp_out,zu,tier_4,code_switching,-0.0001,0.1761,20,0
13,residual,zu,tier_4,code_switching,-0.5009,0.727,20,0
13,attn_out,zu,tier_4,code_switching,-0.0082,0.1761,20,0
13,mlp_out,zu,tier_4,code_switching,0.0659,0.1614,20,0
14,residual,zu,tier_4,code_switching,-0.4666,0.7049,20,0
14,attn_out,zu,tier_4,code_switching,-0.0127,0.0415,20,0
14,mlp_out,zu,tier_4,code_switching,0.1504,0.2194,20,0
15,residual,zu,tier_4,code_switching,-0.2637,0.6937,20,0
15,attn_out,zu,tier_4,code_switching,-0.0418,0.0512,20,0
15,mlp_out,zu,tier_4,code_switching,0.1838,0.2648,20,0
16,residual,zu,tier_4,code_switching,-0.1892,0.6496,20,0
16,attn_out,zu,tier_4,code_switching,-0.0623,0.0776,20,0
16,mlp_out,zu,tier_4,code_switching,-0.005,0.0885,20,0
17,residual,zu,tier_4,code_switching,-0.1204,0.7046,20,0
17,attn_out,zu,tier_4,code_switching,-0.0302,0.0422,20,0
17,mlp_out,zu,tier_4,code_switching,-0.0563,0.1614,20,0
18,residual,zu,tier_4,code_switching,0.0898,0.502,20,0
18,attn_out,zu,tier_4,code_switching,0.0288,0.0412,20,0
18,mlp_out,zu,tier_4,code_switching,0.0064,0.0569,20,0
19,residual,zu,tier_4,code_switching,0.0885,0.3074,20,0
19,attn_out,zu,tier_4,code_switching,0.0079,0.0153,20,0
19,mlp_out,zu,tier_4,code_switching,0.0184,0.0961,20,0
20,residual,zu,tier_4,code_switching,0.0854,0.243,20,0
20,attn_out,zu,tier_4,code_switching,-0.0088,0.0197,20,0
20,mlp_out,zu,tier_4,code_switching,-0.0012,0.04,20,0
21,residual,zu,tier_4,code_switching,0.0621,0.1459,20,0
21,attn_out,zu,tier_4,code_switching,0.0191,0.0425,20,0
21,mlp_out,zu,tier_4,code_switching,0.0053,0.0641,20,0
22,residual,zu,tier_4,code_switching,0.06,0.0905,20,0
22,attn_out,zu,tier_4,code_switching,-0.0116,0.0186,20,0
22,mlp_out,zu,tier_4,code_switching,-0.0989,0.1021,20,0
23,residual,zu,tier_4,code_switching,0.0246,0.0493,20,0
23,attn_out,zu,tier_4,code_switching,0.0219,0.0429,20,0
23,mlp_out,zu,tier_4,code_switching,-0.0044,0.0135,20,0
24,residual,zu,tier_4,code_switching,0.0063,0.0741,20,0
24,attn_out,zu,tier_4,code_switching,0.0012,0.0035,20,0
24,mlp_out,zu,tier_4,code_switching,-0.0119,0.0244,20,0
25,residual,zu,tier_4,code_switching,-0.0076,0.068,20,0
25,attn_out,zu,tier_4,code_switching,-0.002,0.0056,20,0
25,mlp_out,zu,tier_4,code_switching,0.0088,0.0071,20,0
26,residual,zu,tier_4,code_switching,-0.0132,0.0478,20,0
26,attn_out,zu,tier_4,code_switching,0.0038,0.0081,20,0
26,mlp_out,zu,tier_4,code_switching,-0.0018,0.007,20,0
27,residual,zu,tier_4,code_switching,0.0,0.0,20,0
27,attn_out,zu,tier_4,code_switching,0.0,0.0,20,0
27,mlp_out,zu,tier_4,code_switching,0.0,0.0,20,0
0,residual,gd,tier_4,code_switching,-0.3301,0.5271,20,0
0,attn_out,gd,tier_4,code_switching,-0.3049,0.4849,20,0
0,mlp_out,gd,tier_4,code_switching,-0.1669,0.2506,20,0
1,residual,gd,tier_4,code_switching,-0.1572,0.4062,20,0
1,attn_out,gd,tier_4,code_switching,-0.1435,0.2894,20,0
1,mlp_out,gd,tier_4,code_switching,-0.1748,0.3086,20,0
2,residual,gd,tier_4,code_switching,-0.1021,0.2724,20,0
2,attn_out,gd,tier_4,code_switching,-0.2728,0.1327,20,0
2,mlp_out,gd,tier_4,code_switching,-0.1879,0.1589,20,0
3,residual,gd,tier_4,code_switching,0.31,0.954,20,0
3,attn_out,gd,tier_4,code_switching,-0.1693,0.0753,20,0
3,mlp_out,gd,tier_4,code_switching,-0.4572,0.5571,20,0
4,residual,gd,tier_4,code_switching,0.4123,0.9416,20,0
4,attn_out,gd,tier_4,code_switching,-0.0947,0.2307,20,0
4,mlp_out,gd,tier_4,code_switching,-0.4692,0.5013,20,0
5,residual,gd,tier_4,code_switching,0.4856,0.9619,20,0
5,attn_out,gd,tier_4,code_switching,-0.0156,0.0901,20,0
5,mlp_out,gd,tier_4,code_switching,-0.1936,0.4604,20,0
6,residual,gd,tier_4,code_switching,0.5743,1.0939,20,0
6,attn_out,gd,tier_4,code_switching,0.0638,0.0898,20,0
6,mlp_out,gd,tier_4,code_switching,-0.1893,0.7341,20,0
7,residual,gd,tier_4,code_switching,0.597,1.175,20,0
7,attn_out,gd,tier_4,code_switching,0.0861,0.1332,20,0
7,mlp_out,gd,tier_4,code_switching,-0.257,1.2315,20,0
8,residual,gd,tier_4,code_switching,0.7318,1.2253,20,0
8,attn_out,gd,tier_4,code_switching,-0.0583,0.1571,20,0
8,mlp_out,gd,tier_4,code_switching,-0.6117,0.7235,20,0
9,residual,gd,tier_4,code_switching,0.9716,1.5086,20,0
9,attn_out,gd,tier_4,code_switching,-0.098,0.096,20,0
9,mlp_out,gd,tier_4,code_switching,-0.6253,0.9302,20,0
10,residual,gd,tier_4,code_switching,0.7841,1.1961,20,0
10,attn_out,gd,tier_4,code_switching,0.1773,0.2444,20,0
10,mlp_out,gd,tier_4,code_switching,-0.3354,0.2982,20,0
11,residual,gd,tier_4,code_switching,0.4479,0.8006,20,0
11,attn_out,gd,tier_4,code_switching,0.0871,0.0907,20,0
11,mlp_out,gd,tier_4,code_switching,0.0893,0.2002,20,0
12,residual,gd,tier_4,code_switching,0.2208,0.5525,20,0
12,attn_out,gd,tier_4,code_switching,0.0404,0.1489,20,0
12,mlp_out,gd,tier_4,code_switching,-0.427,0.7337,20,0
13,residual,gd,tier_4,code_switching,-0.431,0.5853,20,0
13,attn_out,gd,tier_4,code_switching,-0.0001,0.0623,20,0
13,mlp_out,gd,tier_4,code_switching,0.0085,0.1899,20,0
14,residual,gd,tier_4,code_switching,-0.4953,0.5718,20,0
14,attn_out,gd,tier_4,code_switching,-0.0007,0.0519,20,0
14,mlp_out,gd,tier_4,code_switching,0.0452,0.291,20,0
15,residual,gd,tier_4,code_switching,-0.4688,0.7899,20,0
15,attn_out,gd,tier_4,code_switching,0.0738,0.0894,20,0
15,mlp_out,gd,tier_4,code_switching,0.0124,0.181,20,0
16,residual,gd,tier_4,code_switching,-0.476,0.746,20,0
16,attn_out,gd,tier_4,code_switching,0.0038,0.0674,20,0
16,mlp_out,gd,tier_4,code_switching,-0.0999,0.1758,20,0
17,residual,gd,tier_4,code_switching,-0.4619,0.7672,20,0
17,attn_out,gd,tier_4,code_switching,0.0432,0.0494,20,0
17,mlp_out,gd,tier_4,code_switching,-0.0176,0.2442,20,0
18,residual,gd,tier_4,code_switching,-0.1359,0.3204,20,0
18,attn_out,gd,tier_4,code_switching,0.1137,0.0899,20,0
18,mlp_out,gd,tier_4,code_switching,0.0044,0.1086,20,0
19,residual,gd,tier_4,code_switching,-0.144,0.3013,20,0
19,attn_out,gd,tier_4,code_switching,0.0095,0.0481,20,0
19,mlp_out,gd,tier_4,code_switching,-0.0271,0.0758,20,0
20,residual,gd,tier_4,code_switching,-0.1073,0.3154,20,0
20,attn_out,gd,tier_4,code_switching,0.0099,0.0197,20,0
20,mlp_out,gd,tier_4,code_switching,-0.0447,0.046,20,0
21,residual,gd,tier_4,code_switching,-0.1816,0.2051,20,0
21,attn_out,gd,tier_4,code_switching,-0.0198,0.0176,20,0
21,mlp_out,gd,tier_4,code_switching,-0.0044,0.0159,20,0
22,residual,gd,tier_4,code_switching,-0.0478,0.0509,20,0
22,attn_out,gd,tier_4,code_switching,-0.0062,0.0136,20,0
22,mlp_out,gd,tier_4,code_switching,0.0012,0.0313,20,0
23,residual,gd,tier_4,code_switching,-0.0283,0.0739,20,0
23,attn_out,gd,tier_4,code_switching,-0.0013,0.0146,20,0
23,mlp_out,gd,tier_4,code_switching,0.024,0.0694,20,0
24,residual,gd,tier_4,code_switching,-0.0208,0.0782,20,0
24,attn_out,gd,tier_4,code_switching,0.0076,0.0085,20,0
24,mlp_out,gd,tier_4,code_switching,0.0093,0.0146,20,0
25,residual,gd,tier_4,code_switching,-0.0247,0.0815,20,0
25,attn_out,gd,tier_4,code_switching,-0.0014,0.003,20,0
25,mlp_out,gd,tier_4,code_switching,0.0037,0.0084,20,0
26,residual,gd,tier_4,code_switching,-0.0237,0.0671,20,0
26,attn_out,gd,tier_4,code_switching,-0.0003,0.0056,20,0
26,mlp_out,gd,tier_4,code_switching,0.0076,0.0113,20,0
27,residual,gd,tier_4,code_switching,0.0,0.0,20,0
27,attn_out,gd,tier_4,code_switching,0.0,0.0,20,0
27,mlp_out,gd,tier_4,code_switching,0.0,0.0,20,0
0,residual,gn,tier_4,code_switching,-0.1881,0.647,20,0
0,attn_out,gn,tier_4,code_switching,-0.2134,0.6532,20,0
0,mlp_out,gn,tier_4,code_switching,-0.2947,0.3445,20,0
1,residual,gn,tier_4,code_switching,-0.106,0.5134,20,0
1,attn_out,gn,tier_4,code_switching,-0.2957,0.2166,20,0
1,mlp_out,gn,tier_4,code_switching,-0.0959,0.1209,20,0
2,residual,gn,tier_4,code_switching,-0.0092,0.5082,20,0
2,attn_out,gn,tier_4,code_switching,-0.1103,0.2137,20,0
2,mlp_out,gn,tier_4,code_switching,0.034,0.1355,20,0
3,residual,gn,tier_4,code_switching,0.169,0.6152,20,0
3,attn_out,gn,tier_4,code_switching,0.0049,0.071,20,0
3,mlp_out,gn,tier_4,code_switching,-0.0989,0.1668,20,0
4,residual,gn,tier_4,code_switching,0.0517,0.5527,20,0
4,attn_out,gn,tier_4,code_switching,-0.0997,0.0481,20,0
4,mlp_out,gn,tier_4,code_switching,-0.1054,0.1168,20,0
5,residual,gn,tier_4,code_switching,0.1807,0.5862,20,0
5,attn_out,gn,tier_4,code_switching,0.0067,0.1477,20,0
5,mlp_out,gn,tier_4,code_switching,-0.0638,0.207,20,0
6,residual,gn,tier_4,code_switching,0.2453,0.619,20,0
6,attn_out,gn,tier_4,code_switching,-0.0671,0.1689,20,0
6,mlp_out,gn,tier_4,code_switching,0.1555,0.2109,20,0
7,residual,gn,tier_4,code_switching,0.3237,0.6514,20,0
7,attn_out,gn,tier_4,code_switching,0.0857,0.0871,20,0
7,mlp_out,gn,tier_4,code_switching,0.2075,0.2521,20,0
8,residual,gn,tier_4,code_switching,0.3441,0.6602,20,0
8,attn_out,gn,tier_4,code_switching,0.1076,0.1235,20,0
8,mlp_out,gn,tier_4,code_switching,0.1119,0.1674,20,0
9,residual,gn,tier_4,code_switching,0.2545,0.6942,20,0
9,attn_out,gn,tier_4,code_switching,-0.0402,0.1071,20,0
9,mlp_out,gn,tier_4,code_switching,0.0565,0.2929,20,0
10,residual,gn,tier_4,code_switching,0.3317,0.6705,20,0
10,attn_out,gn,tier_4,code_switching,-0.0501,0.1035,20,0
10,mlp_out,gn,tier_4,code_switching,-0.0579,0.1526,20,0
11,residual,gn,tier_4,code_switching,0.3278,0.6989,20,0
11,attn_out,gn,tier_4,code_switching,0.1134,0.147,20,0
11,mlp_out,gn,tier_4,code_switching,0.2356,0.4218,20,0
12,residual,gn,tier_4,code_switching,0.2134,0.7609,20,0
12,attn_out,gn,tier_4,code_switching,0.0662,0.0618,20,0
12,mlp_out,gn,tier_4,code_switching,-0.0966,0.1033,20,0
13,residual,gn,tier_4,code_switching,0.0909,0.5135,20,0
13,attn_out,gn,tier_4,code_switching,0.0234,0.0577,20,0
13,mlp_out,gn,tier_4,code_switching,0.1168,0.1545,20,0
14,residual,gn,tier_4,code_switching,0.0947,0.4406,20,0
14,attn_out,gn,tier_4,code_switching,-0.0537,0.007,20,0
14,mlp_out,gn,tier_4,code_switching,0.0988,0.1508,20,0
15,residual,gn,tier_4,code_switching,0.0452,0.2917,20,0
15,attn_out,gn,tier_4,code_switching,0.0013,0.093,20,0
15,mlp_out,gn,tier_4,code_switching,0.0328,0.1611,20,0
16,residual,gn,tier_4,code_switching,0.0507,0.295,20,0
16,attn_out,gn,tier_4,code_switching,-0.0046,0.0228,20,0
16,mlp_out,gn,tier_4,code_switching,-0.0738,0.2227,20,0
17,residual,gn,tier_4,code_switching,0.0641,0.254,20,0
17,attn_out,gn,tier_4,code_switching,0.0169,0.044,20,0
17,mlp_out,gn,tier_4,code_switching,-0.0239,0.0864,20,0
18,residual,gn,tier_4,code_switching,0.0594,0.1803,20,0
18,attn_out,gn,tier_4,code_switching,-0.0314,0.0432,20,0
18,mlp_out,gn,tier_4,code_switching,0.0421,0.0474,20,0
19,residual,gn,tier_4,code_switching,0.0448,0.1361,20,0
19,attn_out,gn,tier_4,code_switching,0.0098,0.0254,20,0
19,mlp_out,gn,tier_4,code_switching,-0.0451,0.122,20,0
20,residual,gn,tier_4,code_switching,0.0401,0.1447,20,0
20,attn_out,gn,tier_4,code_switching,0.0126,0.0214,20,0
20,mlp_out,gn,tier_4,code_switching,-0.0098,0.0679,20,0
21,residual,gn,tier_4,code_switching,-0.0065,0.0522,20,0
21,attn_out,gn,tier_4,code_switching,-0.0261,0.0702,20,0
21,mlp_out,gn,tier_4,code_switching,0.0758,0.0396,20,0
22,residual,gn,tier_4,code_switching,-0.004,0.0617,20,0
22,attn_out,gn,tier_4,code_switching,0.0096,0.0032,20,0
22,mlp_out,gn,tier_4,code_switching,0.0674,0.0716,20,0
23,residual,gn,tier_4,code_switching,-0.0104,0.0517,20,0
23,attn_out,gn,tier_4,code_switching,0.005,0.0297,20,0
23,mlp_out,gn,tier_4,code_switching,-0.0041,0.0315,20,0
24,residual,gn,tier_4,code_switching,-0.0033,0.046,20,0
24,attn_out,gn,tier_4,code_switching,0.0032,0.0038,20,0
24,mlp_out,gn,tier_4,code_switching,0.0069,0.0275,20,0
25,residual,gn,tier_4,code_switching,-0.0328,0.08,20,0
25,attn_out,gn,tier_4,code_switching,-0.0007,0.005,20,0
25,mlp_out,gn,tier_4,code_switching,-0.0011,0.0157,20,0
26,residual,gn,tier_4,code_switching,-0.0313,0.0758,20,0
26,attn_out,gn,tier_4,code_switching,-0.0016,0.0061,20,0
26,mlp_out,gn,tier_4,code_switching,0.0019,0.0107,20,0
27,residual,gn,tier_4,code_switching,0.0,0.0,20,0
27,attn_out,gn,tier_4,code_switching,0.0,0.0,20,0
27,mlp_out,gn,tier_4,code_switching,0.0,0.0,20,0
