layer,component,language,tier,perturbation,mean_delta,std_delta,n_pairs_used,n_pairs_skipped
0,residual,de,tier_1,standard_translation,-0.2121,0.4539,20,0
0,attn_out,de,tier_1,standard_translation,-0.2965,0.2346,20,0
0,mlp_out,de,tier_1,standard_translation,-0.2539,0.3966,20,0
1,residual,de,tier_1,standard_translation,-0.1889,0.3725,20,0
1,attn_out,de,tier_1,standard_translation,-0.0335,0.1201,20,0
1,mlp_out,de,tier_1,standard_translation,-0.0172,0.1277,20,0
2,residual,de,tier_1,standard_translation,-0.2131,0.426,20,0
2,attn_out,de,tier_1,standard_translation,-0.0762,0.0561,20,0
2,mlp_out,de,tier_1,standard_translation,-0.0131,0.0673,20,0
3,residual,de,tier_1,standard_translation,-0.2073,0.409,20,0
3,attn_out,de,tier_1,standard_translation,0.0209,0.0972,20,0
3,mlp_out,de,tier_1,standard_translation,-0.0159,0.1554,20,0
4,residual,de,tier_1,standard_translation,-0.2268,0.3681,20,0
4,attn_out,de,tier_1,standard_translation,-0.0363,0.0564,20,0
4,mlp_out,de,tier_1,standard_translation,-0.0387,0.1358,20,0
5,residual,de,tier_1,standard_translation,-0.1915,0.3671,20,0
5,attn_out,de,tier_1,standard_translation,-0.0831,0.1199,20,0
5,mlp_out,de,tier_1,standard_translation,-0.0931,0.0901,20,0
6,residual,de,tier_1,standard_translation,-0.1509,0.3875,20,0
6,attn_out,de,tier_1,standard_translation,0.0321,0.0244,20,0
6,mlp_out,de,tier_1,standard_translation,-0.0573,0.1327,20,0
7,residual,de,tier_1,standard_translation,0.0369,0.4074,20,0
7,attn_out,de,tier_1,standard_translation,-0.1358,0.0497,20,0
7,mlp_out,de,tier_1,standard_translation,0.0529,0.224,20,0
8,residual,de,tier_1,standard_translation,0.0159,0.3716,20,0
8,attn_out,de,tier_1,standard_translation,-0.009,0.0402,20,0
8,mlp_out,de,tier_1,standard_translation,-0.0241,0.2746,20,0
9,residual,de,tier_1,standard_translation,0.0728,0.3317,20,0
9,attn_out,de,tier_1,standard_translation,-0.029,0.0446,20,0
9,mlp_out,de,tier_1,standard_translation,0.0712,0.1632,20,0
10,residual,de,tier_1,standard_translation,0.0958,0.3327,20,0
10,attn_out,de,tier_1,standard_translation,0.0512,0.0877,20,0
10,mlp_out,de,tier_1,standard_translation,-0.1212,0.1285,20,0
11,residual,de,tier_1,standard_translation,0.1192,0.2633,20,0
11,attn_out,de,tier_1,standard_translation,-0.0045,0.0462,20,0
11,mlp_out,de,tier_1,standard_translation,0.0427,0.0497,20,0
12,residual,de,tier_1,standard_translation,0.1871,0.2855,20,0
12,attn_out,de,tier_1,standard_translation,-0.0089,0.0558,20,0
12,mlp_out,de,tier_1,standard_translation,0.0118,0.1699,20,0
13,residual,de,tier_1,standard_translation,0.2336,0.3033,20,0
13,attn_out,de,tier_1,standard_translation,-0.0259,0.0357,20,0
13,mlp_out,de,tier_1,standard_translation,-0.0882,0.0546,20,0
14,residual,de,tier_1,standard_translation,0.2392,0.2871,20,0
14,attn_out,de,tier_1,standard_translation,0.0018,0.0482,20,0
14,mlp_out,de,tier_1,standard_translation,0.053,0.1327,20,0
15,residual,de,tier_1,standard_translation,0.075,0.287,20,0
15,attn_out,de,tier_1,standard_translation,0.0133,0.0413,20,0
15,mlp_out,de,tier_1,standard_translation,-0.0798,0.0951,20,0
16,residual,de,tier_1,standard_translation,0.2404,0.3084,20,0
16,attn_out,de,tier_1,standard_translation,0.0524,0.0324,20,0
16,mlp_out,de,tier_1,standard_translation,-0.0187,0.0672,20,0
17,residual,de,tier_1,standard_translation,0.1319,0.2159,20,0
17,attn_out,de,tier_1,standard_translation,-0.0069,0.0201,20,0
17,mlp_out,de,tier_1,standard_translation,0.0466,0.0337,20,0
18,residual,de,tier_1,standard_translation,0.1052,0.2006,20,0
18,attn_out,de,tier_1,standard_translation,0.0001,0.0191,20,0
18,mlp_out,de,tier_1,standard_translation,-0.0103,0.0329,20,0
19,residual,de,tier_1,standard_translation,0.097,0.216,20,0
19,attn_out,de,tier_1,standard_translation,0.0274,0.0346,20,0
19,mlp_out,de,tier_1,standard_translation,-0.0147,0.0409,20,0
20,residual,de,tier_1,standard_translation,0.1275,0.1908,20,0
20,attn_out,de,tier_1,standard_translation,-0.0085,0.0226,20,0
20,mlp_out,de,tier_1,standard_translation,-0.0048,0.0199,20,0
21,residual,de,tier_1,standard_translation,0.1532,0.1744,20,0
21,attn_out,de,tier_1,standard_translation,0.0121,0.0183,20,0
21,mlp_out,de,tier_1,standard_translation,-0.0153,0.0423,20,0
22,residual,de,tier_1,standard_translation,0.1774,0.193,20,0
22,attn_out,de,tier_1,standard_translation,0.0043,0.0062,20,0
22,mlp_out,de,tier_1,standard_translation,-0.0033,0.0269,20,0
23,residual,de,tier_1,standard_translation,0.1597,0.1799,20,0
23,attn_out,de,tier_1,standard_translation,0.0161,0.0082,20,0
23,mlp_out,de,tier_1,standard_translation,-0.0244,0.0341,20,0
24,residual,de,tier_1,standard_translation,0.1393,0.1875,20,0
24,attn_out,de,tier_1,standard_translation,0.0068,0.0144,20,0
24,mlp_out,de,tier_1,standard_translation,-0.017,0.032,20,0
25,residual,de,tier_1,standard_translation,0.1325,0.174,20,0
25,attn_out,de,tier_1,standard_translation,0.0096,0.0104,20,0
25,mlp_out,de,tier_1,standard_translation,0.0143,0.0205,20,0
26,residual,de,tier_1,standard_translation,0.1439,0.1727,20,0
26,attn_out,de,tier_1,standard_translation,0.0074,0.0135,20,0
26,mlp_out,de,tier_1,standard_translation,0.0346,0.0379,20,0
27,residual,de,tier_1,standard_translation,0.1066,0.1114,20,0
27,attn_out,de,tier_1,standard_translation,0.0064,0.0047,20,0
27,mlp_out,de,tier_1,standard_translation,0.0234,0.0427,20,0
28,residual,de,tier_1,standard_translation,0.0857,0.0931,20,0
28,attn_out,de,tier_1,standard_translation,0.0095,0.01,20,0
28,mlp_out,de,tier_1,standard_translation,0.0136,0.0185,20,0
29,residual,de,tier_1,standard_translation,0.0592,0.0802,20,0
29,attn_out,de,tier_1,standard_translation,-0.0074,0.009,20,0
29,mlp_out,de,tier_1,standard_translation,0.0357,0.0428,20,0
30,residual,de,tier_1,standard_translation,-0.0017,0.027,20,0
30,attn_out,de,tier_1,standard_translation,0.0054,0.0048,20,0
30,mlp_out,de,tier_1,standard_translation,0.0062,0.0247,20,0
31,residual,de,tier_1,standard_translation,0.0,0.0,20,0
31,attn_out,de,tier_1,standard_translation,0.0,0.0,20,0
31,mlp_out,de,tier_1,standard_translation,0.0,0.0,20,0
0,residual,fr,tier_1,standard_translation,-0.4357,0.6164,20,0
0,attn_out,fr,tier_1,standard_translation,-0.2989,0.2171,20,0
0,mlp_out,fr,tier_1,standard_translation,-0.5405,0.4941,20,0
1,residual,fr,tier_1,standard_translation,-0.36,0.5514,20,0
1,attn_out,fr,tier_1,standard_translation,-0.1227,0.1663,20,0
1,mlp_out,fr,tier_1,standard_translation,-0.0361,0.1234,20,0
2,residual,fr,tier_1,standard_translation,-0.3056,0.4402,20,0
2,attn_out,fr,tier_1,standard_translation,0.0069,0.0705,20,0
2,mlp_out,fr,tier_1,standard_translation,-0.0418,0.1032,20,0
3,residual,fr,tier_1,standard_translation,-0.3003,0.4459,20,0
3,attn_out,fr,tier_1,standard_translation,-0.0479,0.0372,20,0
3,mlp_out,fr,tier_1,standard_translation,-0.0039,0.0382,20,0
4,residual,fr,tier_1,standard_translation,-0.2925,0.421,20,0
4,attn_out,fr,tier_1,standard_translation,0.0463,0.0932,20,0
4,mlp_out,fr,tier_1,standard_translation,0.0105,0.1602,20,0
5,residual,fr,tier_1,standard_translation,-0.2833,0.3301,20,0
5,attn_out,fr,tier_1,standard_translation,-0.1679,0.0581,20,0
5,mlp_out,fr,tier_1,standard_translation,-0.0425,0.0923,20,0
6,residual,fr,tier_1,standard_translation,-0.2909,0.2306,20,0
6,attn_out,fr,tier_1,standard_translation,-0.0914,0.0458,20,0
6,mlp_out,fr,tier_1,standard_translation,-0.0151,0.0847,20,0
7,residual,fr,tier_1,standard_translation,-0.247,0.2367,20,0
7,attn_out,fr,tier_1,standard_translation,-0.1731,0.0453,20,0
7,mlp_out,fr,tier_1,standard_translation,-0.0103,0.1127,20,0
8,residual,fr,tier_1,standard_translation,-0.2335,0.2305,20,0
8,attn_out,fr,tier_1,standard_translation,-0.034,0.0663,20,0
8,mlp_out,fr,tier_1,standard_translation,-0.1133,0.1043,20,0
9,residual,fr,tier_1,standard_translation,-0.2421,0.2228,20,0
9,attn_out,fr,tier_1,standard_translation,-0.0692,0.0958,20,0
9,mlp_out,fr,tier_1,standard_translation,-0.0323,0.1366,20,0
10,residual,fr,tier_1,standard_translation,-0.1907,0.1959,20,0
10,attn_out,fr,tier_1,standard_translation,-0.0368,0.1242,20,0
10,mlp_out,fr,tier_1,standard_translation,-0.0683,0.0508,20,0
11,residual,fr,tier_1,standard_translation,-0.1858,0.1996,20,0
11,attn_out,fr,tier_1,standard_translation,0.0234,0.0947,20,0
11,mlp_out,fr,tier_1,standard_translation,-0.0063,0.0973,20,0
12,residual,fr,tier_1,standard_translation,-0.1421,0.188,20,0
12,attn_out,fr,tier_1,standard_translation,0.0102,0.0533,20,0
12,mlp_out,fr,tier_1,standard_translation,-0.0564,0.0762,20,0
13,residual,fr,tier_1,standard_translation,-0.144,0.2213,20,0
13,attn_out,fr,tier_1,standard_translation,0.0311,0.0747,20,0
13,mlp_out,fr,tier_1,standard_translation,-0.2097,0.1189,20,0
14,residual,fr,tier_1,standard_translation,-0.1442,0.2719,20,0
14,attn_out,fr,tier_1,standard_translation,0.027,0.0653,20,0
14,mlp_out,fr,tier_1,standard_translation,-0.0414,0.0808,20,0
15,residual,fr,tier_1,standard_translation,-0.166,0.2308,20,0
15,attn_out,fr,tier_1,standard_translation,0.0133,0.0229,20,0
15,mlp_out,fr,tier_1,standard_translation,-0.0782,0.0954,20,0
16,residual,fr,tier_1,standard_translation,-0.0756,0.194,20,0
16,attn_out,fr,tier_1,standard_translation,-0.0006,0.0219,20,0
16,mlp_out,fr,tier_1,standard_translation,-0.0883,0.0995,20,0
17,residual,fr,tier_1,standard_translation,-0.062,0.1669,20,0
17,attn_out,fr,tier_1,standard_translation,0.0013,0.0184,20,0
17,mlp_out,fr,tier_1,standard_translation,0.0125,0.0525,20,0
18,residual,fr,tier_1,standard_translation,-0.0362,0.1716,20,0
18,attn_out,fr,tier_1,standard_translation,-0.0048,0.0191,20,0
18,mlp_out,fr,tier_1,standard_translation,-0.0207,0.0365,20,0
19,residual,fr,tier_1,standard_translation,-0.041,0.182,20,0
19,attn_out,fr,tier_1,standard_translation,0.0194,0.048,20,0
19,mlp_out,fr,tier_1,standard_translation,-0.0326,0.039,20,0
20,residual,fr,tier_1,standard_translation,-0.0568,0.1892,20,0
20,attn_out,fr,tier_1,standard_translation,-0.0128,0.031,20,0
20,mlp_out,fr,tier_1,standard_translation,-0.0207,0.0608,20,0
21,residual,fr,tier_1,standard_translation,-0.0119,0.1597,20,0
21,attn_out,fr,tier_1,standard_translation,0.0212,0.0318,20,0
21,mlp_out,fr,tier_1,standard_translation,-0.0195,0.0249,20,0
22,residual,fr,tier_1,standard_translation,-0.0061,0.1709,20,0
22,attn_out,fr,tier_1,standard_translation,-0.0045,0.0066,20,0
22,mlp_out,fr,tier_1,standard_translation,-0.022,0.0444,20,0
23,residual,fr,tier_1,standard_translation,0.0406,0.1422,20,0
23,attn_out,fr,tier_1,standard_translation,-0.0028,0.0148,20,0
23,mlp_out,fr,tier_1,standard_translation,-0.0309,0.0328,20,0
24,residual,fr,tier_1,standard_translation,0.026,0.1127,20,0
24,attn_out,fr,tier_1,standard_translation,0.0102,0.0269,20,0
24,mlp_out,fr,tier_1,standard_translation,0.0285,0.0467,20,0
25,residual,fr,tier_1,standard_translation,0.0329,0.1039,20,0
25,attn_out,fr,tier_1,standard_translation,-0.0032,0.0087,20,0
25,mlp_out,fr,tier_1,standard_translation,0.042,0.0628,20,0
26,residual,fr,tier_1,standard_translation,0.03,0.1121,20,0
26,attn_out,fr,tier_1,standard_translation,0.0024,0.0099,20,0
26,mlp_out,fr,tier_1,standard_translation,0.0159,0.0347,20,0
27,residual,fr,tier_1,standard_translation,0.0257,0.1193,20,0
27,attn_out,fr,tier_1,standard_translation,0.0018,0.0108,20,0
27,mlp_out,fr,tier_1,standard_translation,-0.0031,0.0194,20,0
28,residual,fr,tier_1,standard_translation,-0.0186,0.0092,20,0
28,attn_out,fr,tier_1,standard_translation,-0.0002,0.0122,20,0
28,mlp_out,fr,tier_1,standard_translation,0.0003,0.0117,20,0
29,residual,fr,tier_1,standard_translation,-0.016,0.0079,20,0
29,attn_out,fr,tier_1,standard_translation,-0.0043,0.0126,20,0
29,mlp_out,fr,tier_1,standard_translation,-0.0012,0.0184,20,0
30,residual,fr,tier_1,standard_translation,-0.0174,0.0126,20,0
30,attn_out,fr,tier_1,standard_translation,0.0053,0.0079,20,0
30,mlp_out,fr,tier_1,standard_translation,-0.009,0.0089,20,0
31,residual,fr,tier_1,standard_translation,0.0,0.0,20,0
31,attn_out,fr,tier_1,standard_translation,0.0,0.0,20,0
31,mlp_out,fr,tier_1,standard_translation,0.0,0.0,20,0
0,residual,zh,tier_1,standard_translation,-0.5299,0.9745,20,0
0,attn_out,zh,tier_1,standard_translation,-0.1031,0.2545,20,0
0,mlp_out,zh,tier_1,standard_translation,-0.5967,0.9692,20,0
1,residual,zh,tier_1,standard_translation,-0.549,1.0718,20,0
1,attn_out,zh,tier_1,standard_translation,-0.112,0.1748,20,0
1,mlp_out,zh,tier_1,standard_translation,-0.0729,0.1608,20,0
2,residual,zh,tier_1,standard_translation,-0.5573,1.0926,20,0
2,attn_out,zh,tier_1,standard_translation,0.1161,0.4265,20,0
2,mlp_out,zh,tier_1,standard_translation,-0.0332,0.2035,20,0
3,residual,zh,tier_1,standard_translation,-0.5704,1.0733,20,0
3,attn_out,zh,tier_1,standard_translation,0.0005,0.0519,20,0
3,mlp_out,zh,tier_1,standard_translation,0.1886,0.2011,20,0
4,residual,zh,tier_1,standard_translation,-0.5452,1.0133,20,0
4,attn_out,zh,tier_1,standard_translation,0.0305,0.1428,20,0
4,mlp_out,zh,tier_1,standard_translation,0.254,0.4328,20,0
5,residual,zh,tier_1,standard_translation,-0.4987,0.9214,20,0
5,attn_out,zh,tier_1,standard_translation,-0.2049,0.2192,20,0
5,mlp_out,zh,tier_1,standard_translation,0.1855,0.3917,20,0
6,residual,zh,tier_1,standard_translation,-0.4093,0.8635,20,0
6,attn_out,zh,tier_1,standard_translation,-0.0547,0.1206,20,0
6,mlp_out,zh,tier_1,standard_translation,-0.1307,0.2181,20,0
7,residual,zh,tier_1,standard_translation,-0.1784,0.7813,20,0
7,attn_out,zh,tier_1,standard_translation,-0.0846,0.19,20,0
7,mlp_out,zh,tier_1,standard_translation,0.0794,0.1949,20,0
8,residual,zh,tier_1,standard_translation,-0.1459,0.7097,20,0
8,attn_out,zh,tier_1,standard_translation,-0.0467,0.0892,20,0
8,mlp_out,zh,tier_1,standard_translation,0.121,0.2295,20,0
9,residual,zh,tier_1,standard_translation,0.0625,0.6575,20,0
9,attn_out,zh,tier_1,standard_translation,-0.0252,0.1043,20,0
9,mlp_out,zh,tier_1,standard_translation,0.2142,0.2605,20,0
10,residual,zh,tier_1,standard_translation,0.0533,0.5844,20,0
10,attn_out,zh,tier_1,standard_translation,-0.0348,0.0837,20,0
10,mlp_out,zh,tier_1,standard_translation,-0.1097,0.2431,20,0
11,residual,zh,tier_1,standard_translation,0.101,0.4899,20,0
11,attn_out,zh,tier_1,standard_translation,-0.0336,0.0475,20,0
11,mlp_out,zh,tier_1,standard_translation,-0.0511,0.2252,20,0
12,residual,zh,tier_1,standard_translation,0.0922,0.4105,20,0
12,attn_out,zh,tier_1,standard_translation,-0.0454,0.0621,20,0
12,mlp_out,zh,tier_1,standard_translation,-0.127,0.2975,20,0
13,residual,zh,tier_1,standard_translation,0.072,0.4228,20,0
13,attn_out,zh,tier_1,standard_translation,0.0682,0.1232,20,0
13,mlp_out,zh,tier_1,standard_translation,-0.1748,0.1735,20,0
14,residual,zh,tier_1,standard_translation,0.1163,0.2282,20,0
14,attn_out,zh,tier_1,standard_translation,0.0198,0.0245,20,0
14,mlp_out,zh,tier_1,standard_translation,0.0082,0.0348,20,0
15,residual,zh,tier_1,standard_translation,0.134,0.1829,20,0
15,attn_out,zh,tier_1,standard_translation,0.0065,0.0341,20,0
15,mlp_out,zh,tier_1,standard_translation,0.0272,0.0253,20,0
16,residual,zh,tier_1,standard_translation,0.2025,0.1423,20,0
16,attn_out,zh,tier_1,standard_translation,0.0227,0.0359,20,0
16,mlp_out,zh,tier_1,standard_translation,0.0322,0.0602,20,0
17,residual,zh,tier_1,standard_translation,0.1027,0.1884,20,0
17,attn_out,zh,tier_1,standard_translation,-0.0166,0.027,20,0
17,mlp_out,zh,tier_1,standard_translation,-0.0325,0.058,20,0
18,residual,zh,tier_1,standard_translation,0.0821,0.2007,20,0
18,attn_out,zh,tier_1,standard_translation,-0.0001,0.0167,20,0
18,mlp_out,zh,tier_1,standard_translation,-0.0222,0.0354,20,0
19,residual,zh,tier_1,standard_translation,0.1207,0.1832,20,0
19,attn_out,zh,tier_1,standard_translation,-0.0007,0.0094,20,0
19,mlp_out,zh,tier_1,standard_translation,0.0361,0.0769,20,0
20,residual,zh,tier_1,standard_translation,0.1092,0.1724,20,0
20,attn_out,zh,tier_1,standard_translation,-0.0001,0.0179,20,0
20,mlp_out,zh,tier_1,standard_translation,0.0043,0.0581,20,0
21,residual,zh,tier_1,standard_translation,0.0757,0.1737,20,0
21,attn_out,zh,tier_1,standard_translation,-0.0077,0.0149,20,0
21,mlp_out,zh,tier_1,standard_translation,0.0181,0.0202,20,0
22,residual,zh,tier_1,standard_translation,0.0767,0.1695,20,0
22,attn_out,zh,tier_1,standard_translation,0.0013,0.0036,20,0
22,mlp_out,zh,tier_1,standard_translation,0.0178,0.0342,20,0
23,residual,zh,tier_1,standard_translation,0.0727,0.0866,20,0
23,attn_out,zh,tier_1,standard_translation,-0.0196,0.0275,20,0
23,mlp_out,zh,tier_1,standard_translation,-0.0195,0.0165,20,0
24,residual,zh,tier_1,standard_translation,0.0461,0.0752,20,0
24,attn_out,zh,tier_1,standard_translation,-0.0037,0.0163,20,0
24,mlp_out,zh,tier_1,standard_translation,0.0223,0.0252,20,0
25,residual,zh,tier_1,standard_translation,0.0541,0.0771,20,0
25,attn_out,zh,tier_1,standard_translation,-0.001,0.0086,20,0
25,mlp_out,zh,tier_1,standard_translation,0.037,0.0513,20,0
26,residual,zh,tier_1,standard_translation,0.0529,0.0819,20,0
26,attn_out,zh,tier_1,standard_translation,0.0016,0.0069,20,0
26,mlp_out,zh,tier_1,standard_translation,0.0346,0.0225,20,0
27,residual,zh,tier_1,standard_translation,0.0565,0.0742,20,0
27,attn_out,zh,tier_1,standard_translation,-0.0017,0.0013,20,0
27,mlp_out,zh,tier_1,standard_translation,0.0186,0.0379,20,0
28,residual,zh,tier_1,standard_translation,0.048,0.0413,20,0
28,attn_out,zh,tier_1,standard_translation,-0.0031,0.0133,20,0
28,mlp_out,zh,tier_1,standard_translation,0.0188,0.018,20,0
29,residual,zh,tier_1,standard_translation,0.0432,0.0384,20,0
29,attn_out,zh,tier_1,standard_translation,-0.0132,0.016,20,0
29,mlp_out,zh,tier_1,standard_translation,0.0167,0.0112,20,0
30,residual,zh,tier_1,standard_translation,0.0277,0.0292,20,0
30,attn_out,zh,tier_1,standard_translation,0.0001,0.0034,20,0
30,mlp_out,zh,tier_1,standard_translation,0.0124,0.0106,20,0
31,residual,zh,tier_1,standard_translation,0.0,0.0,20,0
31,attn_out,zh,tier_1,standard_translation,0.0,0.0,20,0
31,mlp_out,zh,tier_1,standard_translation,0.0,0.0,20,0
0,residual,es,tier_1,standard_translation,-0.3528,0.4209,20,0
0,attn_out,es,tier_1,standard_translation,-0.1122,0.2965,20,0
0,mlp_out,es,tier_1,standard_translation,-0.2356,0.4356,20,0
1,residual,es,tier_1,standard_translation,-0.334,0.2879,20,0
1,attn_out,es,tier_1,standard_translation,0.0987,0.0634,20,0
1,mlp_out,es,tier_1,standard_translation,0.0037,0.0958,20,0
2,residual,es,tier_1,standard_translation,-0.3082,0.283,20,0
2,attn_out,es,tier_1,standard_translation,-0.0435,0.0818,20,0
2,mlp_out,es,tier_1,standard_translation,0.0253,0.0781,20,0
3,residual,es,tier_1,standard_translation,-0.337,0.2918,20,0
3,attn_out,es,tier_1,standard_translation,0.0068,0.0731,20,0
3,mlp_out,es,tier_1,standard_translation,-0.0305,0.0781,20,0
4,residual,es,tier_1,standard_translation,-0.3182,0.2742,20,0
4,attn_out,es,tier_1,standard_translation,0.0748,0.0421,20,0
4,mlp_out,es,tier_1,standard_translation,-0.0258,0.1462,20,0
5,residual,es,tier_1,standard_translation,-0.3965,0.2539,20,0
5,attn_out,es,tier_1,standard_translation,-0.2548,0.1897,20,0
5,mlp_out,es,tier_1,standard_translation,-0.038,0.0605,20,0
6,residual,es,tier_1,standard_translation,-0.4102,0.1832,20,0
6,attn_out,es,tier_1,standard_translation,-0.0718,0.1411,20,0
6,mlp_out,es,tier_1,standard_translation,-0.0137,0.1113,20,0
7,residual,es,tier_1,standard_translation,-0.3022,0.1515,20,0
7,attn_out,es,tier_1,standard_translation,-0.2711,0.1989,20,0
7,mlp_out,es,tier_1,standard_translation,0.0079,0.1218,20,0
8,residual,es,tier_1,standard_translation,-0.3174,0.1633,20,0
8,attn_out,es,tier_1,standard_translation,0.0024,0.0384,20,0
8,mlp_out,es,tier_1,standard_translation,-0.1521,0.152,20,0
9,residual,es,tier_1,standard_translation,-0.2321,0.1215,20,0
9,attn_out,es,tier_1,standard_translation,-0.1965,0.0807,20,0
9,mlp_out,es,tier_1,standard_translation,-0.0515,0.194,20,0
10,residual,es,tier_1,standard_translation,-0.2096,0.1264,20,0
10,attn_out,es,tier_1,standard_translation,-0.0839,0.0579,20,0
10,mlp_out,es,tier_1,standard_translation,-0.2005,0.0926,20,0
11,residual,es,tier_1,standard_translation,-0.1857,0.1052,20,0
11,attn_out,es,tier_1,standard_translation,-0.0145,0.0847,20,0
11,mlp_out,es,tier_1,standard_translation,-0.1043,0.2103,20,0
12,residual,es,tier_1,standard_translation,-0.152,0.1272,20,0
12,attn_out,es,tier_1,standard_translation,-0.0084,0.1272,20,0
12,mlp_out,es,tier_1,standard_translation,-0.2354,0.0881,20,0
13,residual,es,tier_1,standard_translation,-0.0841,0.0919,20,0
13,attn_out,es,tier_1,standard_translation,-0.0174,0.0111,20,0
13,mlp_out,es,tier_1,standard_translation,-0.3743,0.0212,20,0
14,residual,es,tier_1,standard_translation,0.0078,0.1235,20,0
14,attn_out,es,tier_1,standard_translation,0.0314,0.0478,20,0
14,mlp_out,es,tier_1,standard_translation,-0.2315,0.0568,20,0
15,residual,es,tier_1,standard_translation,-0.0047,0.1116,20,0
15,attn_out,es,tier_1,standard_translation,0.0225,0.0454,20,0
15,mlp_out,es,tier_1,standard_translation,-0.073,0.0617,20,0
16,residual,es,tier_1,standard_translation,0.1152,0.0892,20,0
16,attn_out,es,tier_1,standard_translation,-0.0144,0.0112,20,0
16,mlp_out,es,tier_1,standard_translation,-0.0123,0.0668,20,0
17,residual,es,tier_1,standard_translation,0.0833,0.0812,20,0
17,attn_out,es,tier_1,standard_translation,0.0241,0.0356,20,0
17,mlp_out,es,tier_1,standard_translation,-0.0039,0.0743,20,0
18,residual,es,tier_1,standard_translation,0.1021,0.0745,20,0
18,attn_out,es,tier_1,standard_translation,-0.0104,0.0238,20,0
18,mlp_out,es,tier_1,standard_translation,0.0065,0.0384,20,0
19,residual,es,tier_1,standard_translation,0.0365,0.0957,20,0
19,attn_out,es,tier_1,standard_translation,0.0426,0.0408,20,0
19,mlp_out,es,tier_1,standard_translation,-0.0176,0.0361,20,0
20,residual,es,tier_1,standard_translation,0.0304,0.0915,20,0
20,attn_out,es,tier_1,standard_translation,-0.042,0.043,20,0
20,mlp_out,es,tier_1,standard_translation,-0.0262,0.039,20,0
21,residual,es,tier_1,standard_translation,0.0704,0.0907,20,0
21,attn_out,es,tier_1,standard_translation,0.0175,0.013,20,0
21,mlp_out,es,tier_1,standard_translation,-0.0177,0.0494,20,0
22,residual,es,tier_1,standard_translation,0.0819,0.0917,20,0
22,attn_out,es,tier_1,standard_translation,0.0084,0.0112,20,0
22,mlp_out,es,tier_1,standard_translation,-0.0346,0.0526,20,0
23,residual,es,tier_1,standard_translation,0.1001,0.0878,20,0
23,attn_out,es,tier_1,standard_translation,0.0238,0.0163,20,0
23,mlp_out,es,tier_1,standard_translation,-0.045,0.0416,20,0
24,residual,es,tier_1,standard_translation,0.0884,0.0813,20,0
24,attn_out,es,tier_1,standard_translation,-0.0073,0.0199,20,0
24,mlp_out,es,tier_1,standard_translation,0.0183,0.0331,20,0
25,residual,es,tier_1,standard_translation,0.0983,0.0776,20,0
25,attn_out,es,tier_1,standard_translation,0.0053,0.0151,20,0
25,mlp_out,es,tier_1,standard_translation,0.02,0.0663,20,0
26,residual,es,tier_1,standard_translation,0.1127,0.0832,20,0
26,attn_out,es,tier_1,standard_translation,0.0045,0.0218,20,0
26,mlp_out,es,tier_1,standard_translation,0.037,0.0593,20,0
27,residual,es,tier_1,standard_translation,0.1061,0.0901,20,0
27,attn_out,es,tier_1,standard_translation,-0.0064,0.0222,20,0
27,mlp_out,es,tier_1,standard_translation,0.0038,0.0363,20,0
28,residual,es,tier_1,standard_translation,0.0518,0.0821,20,0
28,attn_out,es,tier_1,standard_translation,-0.0227,0.0251,20,0
28,mlp_out,es,tier_1,standard_translation,0.0566,0.0275,20,0
29,residual,es,tier_1,standard_translation,0.0525,0.0697,20,0
29,attn_out,es,tier_1,standard_translation,-0.0256,0.0351,20,0
29,mlp_out,es,tier_1,standard_translation,0.0472,0.0425,20,0
30,residual,es,tier_1,standard_translation,0.018,0.0676,20,0
30,attn_out,es,tier_1,standard_translation,0.0137,0.0126,20,0
30,mlp_out,es,tier_1,standard_translation,0.0147,0.0375,20,0
31,residual,es,tier_1,standard_translation,0.0,0.0,20,0
31,attn_out,es,tier_1,standard_translation,0.0,0.0,20,0
31,mlp_out,es,tier_1,standard_translation,0.0,0.0,20,0
0,residual,ar,tier_2,standard_translation,-0.0901,0.3286,20,0
0,attn_out,ar,tier_2,standard_translation,0.0005,0.2579,20,0
0,mlp_out,ar,tier_2,standard_translation,0.153,0.6129,20,0
1,residual,ar,tier_2,standard_translation,-0.0081,0.3646,20,0
1,attn_out,ar,tier_2,standard_translation,0.064,0.297,20,0
1,mlp_out,ar,tier_2,standard_translation,-0.0228,0.3882,20,0
2,residual,ar,tier_2,standard_translation,0.0351,0.3399,20,0
2,attn_out,ar,tier_2,standard_translation,-0.0007,0.0445,20,0
2,mlp_out,ar,tier_2,standard_translation,0.0542,0.2322,20,0
3,residual,ar,tier_2,standard_translation,0.0334,0.2844,20,0
3,attn_out,ar,tier_2,standard_translation,-0.0703,0.1106,20,0
3,mlp_out,ar,tier_2,standard_translation,0.024,0.2523,20,0
4,residual,ar,tier_2,standard_translation,0.0861,0.316,20,0
4,attn_out,ar,tier_2,standard_translation,0.0163,0.0324,20,0
4,mlp_out,ar,tier_2,standard_translation,0.1215,0.2896,20,0
5,residual,ar,tier_2,standard_translation,0.0086,0.2721,20,0
5,attn_out,ar,tier_2,standard_translation,-0.0322,0.1495,20,0
5,mlp_out,ar,tier_2,standard_translation,0.1217,0.249,20,0
6,residual,ar,tier_2,standard_translation,-0.007,0.1844,20,0
6,attn_out,ar,tier_2,standard_translation,-0.0025,0.0634,20,0
6,mlp_out,ar,tier_2,standard_translation,0.0368,0.1361,20,0
7,residual,ar,tier_2,standard_translation,-0.0511,0.124,20,0
7,attn_out,ar,tier_2,standard_translation,-0.0559,0.0544,20,0
7,mlp_out,ar,tier_2,standard_translation,0.023,0.0981,20,0
8,residual,ar,tier_2,standard_translation,-0.0502,0.1426,20,0
8,attn_out,ar,tier_2,standard_translation,-0.005,0.0273,20,0
8,mlp_out,ar,tier_2,standard_translation,0.0151,0.0245,20,0
9,residual,ar,tier_2,standard_translation,-0.0531,0.1864,20,0
9,attn_out,ar,tier_2,standard_translation,0.0136,0.0377,20,0
9,mlp_out,ar,tier_2,standard_translation,-0.0063,0.1046,20,0
10,residual,ar,tier_2,standard_translation,-0.0743,0.1332,20,0
10,attn_out,ar,tier_2,standard_translation,-0.018,0.0433,20,0
10,mlp_out,ar,tier_2,standard_translation,0.0366,0.0399,20,0
11,residual,ar,tier_2,standard_translation,-0.0727,0.1068,20,0
11,attn_out,ar,tier_2,standard_translation,-0.0329,0.0404,20,0
11,mlp_out,ar,tier_2,standard_translation,-0.0478,0.1473,20,0
12,residual,ar,tier_2,standard_translation,-0.062,0.1407,20,0
12,attn_out,ar,tier_2,standard_translation,0.023,0.0297,20,0
12,mlp_out,ar,tier_2,standard_translation,-0.0168,0.0371,20,0
13,residual,ar,tier_2,standard_translation,-0.0816,0.1705,20,0
13,attn_out,ar,tier_2,standard_translation,0.0091,0.0349,20,0
13,mlp_out,ar,tier_2,standard_translation,-0.0018,0.0441,20,0
14,residual,ar,tier_2,standard_translation,-0.0872,0.1961,20,0
14,attn_out,ar,tier_2,standard_translation,0.0076,0.0227,20,0
14,mlp_out,ar,tier_2,standard_translation,-0.0176,0.0376,20,0
15,residual,ar,tier_2,standard_translation,-0.0436,0.1676,20,0
15,attn_out,ar,tier_2,standard_translation,0.0099,0.0191,20,0
15,mlp_out,ar,tier_2,standard_translation,0.0252,0.0406,20,0
16,residual,ar,tier_2,standard_translation,-0.0411,0.1755,20,0
16,attn_out,ar,tier_2,standard_translation,0.0,0.0134,20,0
16,mlp_out,ar,tier_2,standard_translation,-0.0094,0.0197,20,0
17,residual,ar,tier_2,standard_translation,-0.0179,0.0668,20,0
17,attn_out,ar,tier_2,standard_translation,-0.0057,0.006,20,0
17,mlp_out,ar,tier_2,standard_translation,0.0101,0.0098,20,0
18,residual,ar,tier_2,standard_translation,-0.0158,0.0674,20,0
18,attn_out,ar,tier_2,standard_translation,-0.0105,0.0198,20,0
18,mlp_out,ar,tier_2,standard_translation,0.0019,0.0147,20,0
19,residual,ar,tier_2,standard_translation,-0.0048,0.0626,20,0
19,attn_out,ar,tier_2,standard_translation,0.0023,0.0037,20,0
19,mlp_out,ar,tier_2,standard_translation,-0.0012,0.0159,20,0
20,residual,ar,tier_2,standard_translation,-0.0105,0.0684,20,0
20,attn_out,ar,tier_2,standard_translation,-0.0017,0.0108,20,0
20,mlp_out,ar,tier_2,standard_translation,0.0074,0.0188,20,0
21,residual,ar,tier_2,standard_translation,-0.0101,0.0502,20,0
21,attn_out,ar,tier_2,standard_translation,0.0005,0.0054,20,0
21,mlp_out,ar,tier_2,standard_translation,0.0037,0.015,20,0
22,residual,ar,tier_2,standard_translation,-0.0084,0.0524,20,0
22,attn_out,ar,tier_2,standard_translation,-0.0005,0.0035,20,0
22,mlp_out,ar,tier_2,standard_translation,0.0075,0.0252,20,0
23,residual,ar,tier_2,standard_translation,0.0012,0.0581,20,0
23,attn_out,ar,tier_2,standard_translation,-0.0056,0.007,20,0
23,mlp_out,ar,tier_2,standard_translation,0.0019,0.0057,20,0
24,residual,ar,tier_2,standard_translation,0.0173,0.0322,20,0
24,attn_out,ar,tier_2,standard_translation,-0.0013,0.0034,20,0
24,mlp_out,ar,tier_2,standard_translation,0.0023,0.0105,20,0
25,residual,ar,tier_2,standard_translation,0.017,0.0326,20,0
25,attn_out,ar,tier_2,standard_translation,0.0045,0.0056,20,0
25,mlp_out,ar,tier_2,standard_translation,0.0066,0.0218,20,0
26,residual,ar,tier_2,standard_translation,0.0184,0.0312,20,0
26,attn_out,ar,tier_2,standard_translation,0.0025,0.0037,20,0
26,mlp_out,ar,tier_2,standard_translation,0.0073,0.0064,20,0
27,residual,ar,tier_2,standard_translation,0.0128,0.0288,20,0
27,attn_out,ar,tier_2,standard_translation,-0.0026,0.0051,20,0
27,mlp_out,ar,tier_2,standard_translation,0.0113,0.005,20,0
28,residual,ar,tier_2,standard_translation,0.0123,0.027,20,0
28,attn_out,ar,tier_2,standard_translation,-0.0008,0.0013,20,0
28,mlp_out,ar,tier_2,standard_translation,0.0029,0.0085,20,0
29,residual,ar,tier_2,standard_translation,0.0015,0.0274,20,0
29,attn_out,ar,tier_2,standard_translation,-0.0081,0.0105,20,0
29,mlp_out,ar,tier_2,standard_translation,0.0054,0.0177,20,0
30,residual,ar,tier_2,standard_translation,0.0067,0.0187,20,0
30,attn_out,ar,tier_2,standard_translation,-0.0007,0.0015,20,0
30,mlp_out,ar,tier_2,standard_translation,0.0056,0.0133,20,0
31,residual,ar,tier_2,standard_translation,0.0,0.0,20,0
31,attn_out,ar,tier_2,standard_translation,0.0,0.0,20,0
31,mlp_out,ar,tier_2,standard_translation,0.0,0.0,20,0
0,residual,ru,tier_2,standard_translation,-0.5011,0.5852,20,0
0,attn_out,ru,tier_2,standard_translation,-0.2218,0.1305,20,0
0,mlp_out,ru,tier_2,standard_translation,-0.3161,0.5805,20,0
1,residual,ru,tier_2,standard_translation,-0.5304,0.5021,20,0
1,attn_out,ru,tier_2,standard_translation,-0.0761,0.0731,20,0
1,mlp_out,ru,tier_2,standard_translation,-0.0641,0.1549,20,0
2,residual,ru,tier_2,standard_translation,-0.4658,0.4826,20,0
2,attn_out,ru,tier_2,standard_translation,-0.0451,0.0148,20,0
2,mlp_out,ru,tier_2,standard_translation,-0.0068,0.1034,20,0
3,residual,ru,tier_2,standard_translation,-0.4131,0.4485,20,0
3,attn_out,ru,tier_2,standard_translation,-0.0352,0.0905,20,0
3,mlp_out,ru,tier_2,standard_translation,-0.0291,0.0938,20,0
4,residual,ru,tier_2,standard_translation,-0.3907,0.4615,20,0
4,attn_out,ru,tier_2,standard_translation,0.0251,0.0247,20,0
4,mlp_out,ru,tier_2,standard_translation,-0.1096,0.1487,20,0
5,residual,ru,tier_2,standard_translation,-0.3682,0.3824,20,0
5,attn_out,ru,tier_2,standard_translation,-0.121,0.1718,20,0
5,mlp_out,ru,tier_2,standard_translation,-0.1646,0.1088,20,0
6,residual,ru,tier_2,standard_translation,-0.3651,0.3625,20,0
6,attn_out,ru,tier_2,standard_translation,-0.1153,0.057,20,0
6,mlp_out,ru,tier_2,standard_translation,-0.0962,0.1401,20,0
7,residual,ru,tier_2,standard_translation,-0.0325,0.3075,20,0
7,attn_out,ru,tier_2,standard_translation,-0.1064,0.0504,20,0
7,mlp_out,ru,tier_2,standard_translation,-0.0381,0.1204,20,0
8,residual,ru,tier_2,standard_translation,-0.0131,0.3251,20,0
8,attn_out,ru,tier_2,standard_translation,0.0079,0.0445,20,0
8,mlp_out,ru,tier_2,standard_translation,-0.1154,0.1233,20,0
9,residual,ru,tier_2,standard_translation,0.1533,0.3192,20,0
9,attn_out,ru,tier_2,standard_translation,0.0561,0.0492,20,0
9,mlp_out,ru,tier_2,standard_translation,0.0196,0.1822,20,0
10,residual,ru,tier_2,standard_translation,0.158,0.3034,20,0
10,attn_out,ru,tier_2,standard_translation,0.0429,0.1012,20,0
10,mlp_out,ru,tier_2,standard_translation,-0.0043,0.066,20,0
11,residual,ru,tier_2,standard_translation,0.2314,0.3159,20,0
11,attn_out,ru,tier_2,standard_translation,0.0219,0.0337,20,0
11,mlp_out,ru,tier_2,standard_translation,0.0742,0.1613,20,0
12,residual,ru,tier_2,standard_translation,0.2186,0.2207,20,0
12,attn_out,ru,tier_2,standard_translation,0.0267,0.0416,20,0
12,mlp_out,ru,tier_2,standard_translation,-0.0776,0.0767,20,0
13,residual,ru,tier_2,standard_translation,0.2512,0.223,20,0
13,attn_out,ru,tier_2,standard_translation,0.036,0.0377,20,0
13,mlp_out,ru,tier_2,standard_translation,-0.0906,0.1475,20,0
14,residual,ru,tier_2,standard_translation,0.2172,0.2202,20,0
14,attn_out,ru,tier_2,standard_translation,-0.0172,0.0211,20,0
14,mlp_out,ru,tier_2,standard_translation,-0.0509,0.1487,20,0
15,residual,ru,tier_2,standard_translation,0.0778,0.2144,20,0
15,attn_out,ru,tier_2,standard_translation,0.0219,0.0364,20,0
15,mlp_out,ru,tier_2,standard_translation,0.0115,0.056,20,0
16,residual,ru,tier_2,standard_translation,0.0515,0.1751,20,0
16,attn_out,ru,tier_2,standard_translation,-0.002,0.0283,20,0
16,mlp_out,ru,tier_2,standard_translation,-0.0329,0.065,20,0
17,residual,ru,tier_2,standard_translation,0.0208,0.0505,20,0
17,attn_out,ru,tier_2,standard_translation,0.0023,0.0146,20,0
17,mlp_out,ru,tier_2,standard_translation,0.0135,0.0399,20,0
18,residual,ru,tier_2,standard_translation,-0.0047,0.0489,20,0
18,attn_out,ru,tier_2,standard_translation,-0.0023,0.0042,20,0
18,mlp_out,ru,tier_2,standard_translation,-0.0217,0.0589,20,0
19,residual,ru,tier_2,standard_translation,-0.0096,0.0397,20,0
19,attn_out,ru,tier_2,standard_translation,0.0107,0.011,20,0
19,mlp_out,ru,tier_2,standard_translation,-0.0054,0.042,20,0
20,residual,ru,tier_2,standard_translation,0.0285,0.0137,20,0
20,attn_out,ru,tier_2,standard_translation,0.0053,0.017,20,0
20,mlp_out,ru,tier_2,standard_translation,0.0069,0.0276,20,0
21,residual,ru,tier_2,standard_translation,0.0296,0.0168,20,0
21,attn_out,ru,tier_2,standard_translation,0.0106,0.0198,20,0
21,mlp_out,ru,tier_2,standard_translation,-0.0216,0.0572,20,0
22,residual,ru,tier_2,standard_translation,0.0473,0.0173,20,0
22,attn_out,ru,tier_2,standard_translation,0.0038,0.0032,20,0
22,mlp_out,ru,tier_2,standard_translation,0.0019,0.0232,20,0
23,residual,ru,tier_2,standard_translation,0.0456,0.0154,20,0
23,attn_out,ru,tier_2,standard_translation,-0.003,0.0122,20,0
23,mlp_out,ru,tier_2,standard_translation,-0.014,0.0278,20,0
24,residual,ru,tier_2,standard_translation,0.0368,0.0177,20,0
24,attn_out,ru,tier_2,standard_translation,0.0041,0.0052,20,0
24,mlp_out,ru,tier_2,standard_translation,0.007,0.019,20,0
25,residual,ru,tier_2,standard_translation,0.0394,0.0226,20,0
25,attn_out,ru,tier_2,standard_translation,-0.0041,0.0118,20,0
25,mlp_out,ru,tier_2,standard_translation,0.0083,0.0165,20,0
26,residual,ru,tier_2,standard_translation,0.054,0.0095,20,0
26,attn_out,ru,tier_2,standard_translation,0.0044,0.0071,20,0
26,mlp_out,ru,tier_2,standard_translation,0.0231,0.006,20,0
27,residual,ru,tier_2,standard_translation,0.0514,0.0103,20,0
27,attn_out,ru,tier_2,standard_translation,0.0007,0.0065,20,0
27,mlp_out,ru,tier_2,standard_translation,0.0063,0.0146,20,0
28,residual,ru,tier_2,standard_translation,0.0282,0.0231,20,0
28,attn_out,ru,tier_2,standard_translation,-0.0006,0.008,20,0
28,mlp_out,ru,tier_2,standard_translation,0.0115,0.0125,20,0
29,residual,ru,tier_2,standard_translation,0.0165,0.015,20,0
29,attn_out,ru,tier_2,standard_translation,0.002,0.0049,20,0
29,mlp_out,ru,tier_2,standard_translation,0.0053,0.0146,20,0
30,residual,ru,tier_2,standard_translation,0.0054,0.0113,20,0
30,attn_out,ru,tier_2,standard_translation,0.0021,0.0081,20,0
30,mlp_out,ru,tier_2,standard_translation,0.0077,0.0122,20,0
31,residual,ru,tier_2,standard_translation,0.0,0.0,20,0
31,attn_out,ru,tier_2,standard_translation,0.0,0.0,20,0
31,mlp_out,ru,tier_2,standard_translation,0.0,0.0,20,0
0,residual,ko,tier_2,standard_translation,0.5049,0.8403,20,0
0,attn_out,ko,tier_2,standard_translation,0.2548,0.1359,20,0
0,mlp_out,ko,tier_2,standard_translation,0.4651,0.8574,20,0
1,residual,ko,tier_2,standard_translation,0.4862,0.8596,20,0
1,attn_out,ko,tier_2,standard_translation,-0.0331,0.1621,20,0
1,mlp_out,ko,tier_2,standard_translation,0.0127,0.2353,20,0
2,residual,ko,tier_2,standard_translation,0.4477,0.8494,20,0
2,attn_out,ko,tier_2,standard_translation,0.1421,0.1308,20,0
2,mlp_out,ko,tier_2,standard_translation,-0.0793,0.0649,20,0
3,residual,ko,tier_2,standard_translation,0.3573,0.8903,20,0
3,attn_out,ko,tier_2,standard_translation,-0.0052,0.0714,20,0
3,mlp_out,ko,tier_2,standard_translation,-0.1039,0.2028,20,0
4,residual,ko,tier_2,standard_translation,0.3157,0.887,20,0
4,attn_out,ko,tier_2,standard_translation,0.0603,0.0875,20,0
4,mlp_out,ko,tier_2,standard_translation,-0.142,0.2971,20,0
5,residual,ko,tier_2,standard_translation,0.2916,1.0118,20,0
5,attn_out,ko,tier_2,standard_translation,-0.0994,0.1291,20,0
5,mlp_out,ko,tier_2,standard_translation,-0.1237,0.3063,20,0
6,residual,ko,tier_2,standard_translation,0.5429,1.0722,20,0
6,attn_out,ko,tier_2,standard_translation,-0.0763,0.1279,20,0
6,mlp_out,ko,tier_2,standard_translation,-0.2067,0.1854,20,0
7,residual,ko,tier_2,standard_translation,0.4747,1.0042,20,0
7,attn_out,ko,tier_2,standard_translation,0.1167,0.1621,20,0
7,mlp_out,ko,tier_2,standard_translation,-0.207,0.3243,20,0
8,residual,ko,tier_2,standard_translation,0.4442,0.9547,20,0
8,attn_out,ko,tier_2,standard_translation,0.0317,0.064,20,0
8,mlp_out,ko,tier_2,standard_translation,0.0944,0.207,20,0
9,residual,ko,tier_2,standard_translation,0.5751,0.9605,20,0
9,attn_out,ko,tier_2,standard_translation,-0.0129,0.0894,20,0
9,mlp_out,ko,tier_2,standard_translation,0.1738,0.3368,20,0
10,residual,ko,tier_2,standard_translation,0.6175,0.8288,20,0
10,attn_out,ko,tier_2,standard_translation,0.0862,0.1245,20,0
10,mlp_out,ko,tier_2,standard_translation,0.0179,0.2125,20,0
11,residual,ko,tier_2,standard_translation,0.6057,0.7719,20,0
11,attn_out,ko,tier_2,standard_translation,0.0243,0.0786,20,0
11,mlp_out,ko,tier_2,standard_translation,0.1524,0.3474,20,0
12,residual,ko,tier_2,standard_translation,0.7159,0.7185,20,0
12,attn_out,ko,tier_2,standard_translation,0.0057,0.0948,20,0
12,mlp_out,ko,tier_2,standard_translation,-0.0539,0.2182,20,0
13,residual,ko,tier_2,standard_translation,0.7125,0.752,20,0
13,attn_out,ko,tier_2,standard_translation,0.025,0.0694,20,0
13,mlp_out,ko,tier_2,standard_translation,0.0886,0.2237,20,0
14,residual,ko,tier_2,standard_translation,0.7615,0.6788,20,0
14,attn_out,ko,tier_2,standard_translation,-0.0286,0.0366,20,0
14,mlp_out,ko,tier_2,standard_translation,-0.0369,0.1274,20,0
15,residual,ko,tier_2,standard_translation,0.6186,0.6759,20,0
15,attn_out,ko,tier_2,standard_translation,0.0224,0.043,20,0
15,mlp_out,ko,tier_2,standard_translation,0.1227,0.1438,20,0
16,residual,ko,tier_2,standard_translation,0.4426,0.6978,20,0
16,attn_out,ko,tier_2,standard_translation,-0.0163,0.0385,20,0
16,mlp_out,ko,tier_2,standard_translation,0.0782,0.1703,20,0
17,residual,ko,tier_2,standard_translation,0.3322,0.6142,20,0
17,attn_out,ko,tier_2,standard_translation,-0.0065,0.0074,20,0
17,mlp_out,ko,tier_2,standard_translation,0.0259,0.0579,20,0
18,residual,ko,tier_2,standard_translation,0.2765,0.6085,20,0
18,attn_out,ko,tier_2,standard_translation,0.0033,0.0259,20,0
18,mlp_out,ko,tier_2,standard_translation,0.0057,0.0603,20,0
19,residual,ko,tier_2,standard_translation,0.3418,0.659,20,0
19,attn_out,ko,tier_2,standard_translation,0.0099,0.0199,20,0
19,mlp_out,ko,tier_2,standard_translation,-0.0203,0.0233,20,0
20,residual,ko,tier_2,standard_translation,0.3925,0.5749,20,0
20,attn_out,ko,tier_2,standard_translation,0.0182,0.03,20,0
20,mlp_out,ko,tier_2,standard_translation,0.0446,0.0434,20,0
21,residual,ko,tier_2,standard_translation,0.3592,0.5701,20,0
21,attn_out,ko,tier_2,standard_translation,0.0267,0.0341,20,0
21,mlp_out,ko,tier_2,standard_translation,0.0199,0.0376,20,0
22,residual,ko,tier_2,standard_translation,0.3793,0.6019,20,0
22,attn_out,ko,tier_2,standard_translation,-0.0068,0.0086,20,0
22,mlp_out,ko,tier_2,standard_translation,-0.0157,0.0135,20,0
23,residual,ko,tier_2,standard_translation,0.3251,0.5212,20,0
23,attn_out,ko,tier_2,standard_translation,-0.0033,0.0115,20,0
23,mlp_out,ko,tier_2,standard_translation,0.0195,0.0307,20,0
24,residual,ko,tier_2,standard_translation,0.2653,0.4495,20,0
24,attn_out,ko,tier_2,standard_translation,-0.0031,0.0169,20,0
24,mlp_out,ko,tier_2,standard_translation,-0.0196,0.03,20,0
25,residual,ko,tier_2,standard_translation,0.277,0.4455,20,0
25,attn_out,ko,tier_2,standard_translation,-0.0041,0.0079,20,0
25,mlp_out,ko,tier_2,standard_translation,0.0322,0.0359,20,0
26,residual,ko,tier_2,standard_translation,0.2324,0.3909,20,0
26,attn_out,ko,tier_2,standard_translation,0.0105,0.0159,20,0
26,mlp_out,ko,tier_2,standard_translation,0.0114,0.0104,20,0
27,residual,ko,tier_2,standard_translation,0.109,0.1665,20,0
27,attn_out,ko,tier_2,standard_translation,-0.0045,0.0126,20,0
27,mlp_out,ko,tier_2,standard_translation,0.0234,0.0304,20,0
28,residual,ko,tier_2,standard_translation,0.0758,0.1094,20,0
28,attn_out,ko,tier_2,standard_translation,-0.0183,0.0129,20,0
28,mlp_out,ko,tier_2,standard_translation,0.0016,0.0308,20,0
29,residual,ko,tier_2,standard_translation,0.0106,0.0326,20,0
29,attn_out,ko,tier_2,standard_translation,-0.0098,0.0145,20,0
29,mlp_out,ko,tier_2,standard_translation,0.0083,0.0083,20,0
30,residual,ko,tier_2,standard_translation,0.0018,0.0143,20,0
30,attn_out,ko,tier_2,standard_translation,0.0027,0.0085,20,0
30,mlp_out,ko,tier_2,standard_translation,0.0099,0.0115,20,0
31,residual,ko,tier_2,standard_translation,0.0,0.0,20,0
31,attn_out,ko,tier_2,standard_translation,0.0,0.0,20,0
31,mlp_out,ko,tier_2,standard_translation,0.0,0.0,20,0
0,residual,ja,tier_2,standard_translation,0.4999,0.7148,20,0
0,attn_out,ja,tier_2,standard_translation,-0.0532,0.2732,20,0
0,mlp_out,ja,tier_2,standard_translation,0.3934,0.307,20,0
1,residual,ja,tier_2,standard_translation,0.4873,0.6561,20,0
1,attn_out,ja,tier_2,standard_translation,-0.0279,0.2063,20,0
1,mlp_out,ja,tier_2,standard_translation,0.0956,0.1397,20,0
2,residual,ja,tier_2,standard_translation,0.1157,0.4939,20,0
2,attn_out,ja,tier_2,standard_translation,0.0778,0.1957,20,0
2,mlp_out,ja,tier_2,standard_translation,0.1617,0.164,20,0
3,residual,ja,tier_2,standard_translation,-0.0032,0.4429,20,0
3,attn_out,ja,tier_2,standard_translation,0.1393,0.1257,20,0
3,mlp_out,ja,tier_2,standard_translation,0.1171,0.1425,20,0
4,residual,ja,tier_2,standard_translation,0.0031,0.4649,20,0
4,attn_out,ja,tier_2,standard_translation,0.0476,0.0315,20,0
4,mlp_out,ja,tier_2,standard_translation,0.2714,0.2304,20,0
5,residual,ja,tier_2,standard_translation,0.0039,0.4215,20,0
5,attn_out,ja,tier_2,standard_translation,0.0344,0.2187,20,0
5,mlp_out,ja,tier_2,standard_translation,0.1342,0.1517,20,0
6,residual,ja,tier_2,standard_translation,0.1638,0.4605,20,0
6,attn_out,ja,tier_2,standard_translation,0.0234,0.115,20,0
6,mlp_out,ja,tier_2,standard_translation,0.1326,0.1024,20,0
7,residual,ja,tier_2,standard_translation,0.1734,0.446,20,0
7,attn_out,ja,tier_2,standard_translation,-0.0061,0.1321,20,0
7,mlp_out,ja,tier_2,standard_translation,0.0323,0.1774,20,0
8,residual,ja,tier_2,standard_translation,0.1278,0.4031,20,0
8,attn_out,ja,tier_2,standard_translation,0.0666,0.0387,20,0
8,mlp_out,ja,tier_2,standard_translation,0.0884,0.0899,20,0
9,residual,ja,tier_2,standard_translation,0.2555,0.5084,20,0
9,attn_out,ja,tier_2,standard_translation,0.1183,0.079,20,0
9,mlp_out,ja,tier_2,standard_translation,0.0391,0.0762,20,0
10,residual,ja,tier_2,standard_translation,0.2331,0.5367,20,0
10,attn_out,ja,tier_2,standard_translation,0.0733,0.1454,20,0
10,mlp_out,ja,tier_2,standard_translation,0.0164,0.1198,20,0
11,residual,ja,tier_2,standard_translation,0.2123,0.5414,20,0
11,attn_out,ja,tier_2,standard_translation,-0.0313,0.0368,20,0
11,mlp_out,ja,tier_2,standard_translation,0.1835,0.1479,20,0
12,residual,ja,tier_2,standard_translation,0.2558,0.5503,20,0
12,attn_out,ja,tier_2,standard_translation,-0.0808,0.0976,20,0
12,mlp_out,ja,tier_2,standard_translation,0.0178,0.1647,20,0
13,residual,ja,tier_2,standard_translation,0.2339,0.5284,20,0
13,attn_out,ja,tier_2,standard_translation,-0.0087,0.0228,20,0
13,mlp_out,ja,tier_2,standard_translation,-0.0821,0.0966,20,0
14,residual,ja,tier_2,standard_translation,0.2953,0.4553,20,0
14,attn_out,ja,tier_2,standard_translation,-0.0115,0.0737,20,0
14,mlp_out,ja,tier_2,standard_translation,-0.0465,0.0957,20,0
15,residual,ja,tier_2,standard_translation,0.1743,0.321,20,0
15,attn_out,ja,tier_2,standard_translation,-0.0099,0.0457,20,0
15,mlp_out,ja,tier_2,standard_translation,-0.0352,0.0958,20,0
16,residual,ja,tier_2,standard_translation,0.203,0.2949,20,0
16,attn_out,ja,tier_2,standard_translation,0.0327,0.0513,20,0
16,mlp_out,ja,tier_2,standard_translation,-0.0312,0.076,20,0
17,residual,ja,tier_2,standard_translation,0.1731,0.2134,20,0
17,attn_out,ja,tier_2,standard_translation,-0.0086,0.0127,20,0
17,mlp_out,ja,tier_2,standard_translation,0.0561,0.0554,20,0
18,residual,ja,tier_2,standard_translation,0.1589,0.247,20,0
18,attn_out,ja,tier_2,standard_translation,-0.0102,0.0355,20,0
18,mlp_out,ja,tier_2,standard_translation,0.0434,0.0218,20,0
19,residual,ja,tier_2,standard_translation,0.1855,0.2321,20,0
19,attn_out,ja,tier_2,standard_translation,0.004,0.0231,20,0
19,mlp_out,ja,tier_2,standard_translation,0.0494,0.099,20,0
20,residual,ja,tier_2,standard_translation,0.0917,0.2493,20,0
20,attn_out,ja,tier_2,standard_translation,0.0069,0.0072,20,0
20,mlp_out,ja,tier_2,standard_translation,-0.0227,0.0579,20,0
21,residual,ja,tier_2,standard_translation,0.094,0.2339,20,0
21,attn_out,ja,tier_2,standard_translation,-0.0053,0.0298,20,0
21,mlp_out,ja,tier_2,standard_translation,0.0349,0.0507,20,0
22,residual,ja,tier_2,standard_translation,0.1072,0.233,20,0
22,attn_out,ja,tier_2,standard_translation,-0.0049,0.0088,20,0
22,mlp_out,ja,tier_2,standard_translation,0.0443,0.0938,20,0
23,residual,ja,tier_2,standard_translation,0.1158,0.2309,20,0
23,attn_out,ja,tier_2,standard_translation,-0.0078,0.0172,20,0
23,mlp_out,ja,tier_2,standard_translation,0.0293,0.0404,20,0
24,residual,ja,tier_2,standard_translation,0.1134,0.2643,20,0
24,attn_out,ja,tier_2,standard_translation,-0.0045,0.0083,20,0
24,mlp_out,ja,tier_2,standard_translation,0.0186,0.058,20,0
25,residual,ja,tier_2,standard_translation,0.1358,0.2532,20,0
25,attn_out,ja,tier_2,standard_translation,-0.0071,0.0086,20,0
25,mlp_out,ja,tier_2,standard_translation,0.0096,0.0216,20,0
26,residual,ja,tier_2,standard_translation,0.1238,0.2233,20,0
26,attn_out,ja,tier_2,standard_translation,0.0102,0.0168,20,0
26,mlp_out,ja,tier_2,standard_translation,0.0293,0.0623,20,0
27,residual,ja,tier_2,standard_translation,0.0616,0.1477,20,0
27,attn_out,ja,tier_2,standard_translation,0.0,0.0048,20,0
27,mlp_out,ja,tier_2,standard_translation,0.0303,0.0402,20,0
28,residual,ja,tier_2,standard_translation,0.0559,0.1211,20,0
28,attn_out,ja,tier_2,standard_translation,-0.0023,0.0034,20,0
28,mlp_out,ja,tier_2,standard_translation,0.0602,0.0997,20,0
29,residual,ja,tier_2,standard_translation,0.0114,0.0854,20,0
29,attn_out,ja,tier_2,standard_translation,-0.0122,0.0167,20,0
29,mlp_out,ja,tier_2,standard_translation,0.0375,0.0704,20,0
30,residual,ja,tier_2,standard_translation,0.0245,0.0539,20,0
30,attn_out,ja,tier_2,standard_translation,0.0056,0.0151,20,0
30,mlp_out,ja,tier_2,standard_translation,0.0227,0.0312,20,0
31,residual,ja,tier_2,standard_translation,0.0,0.0,20,0
31,attn_out,ja,tier_2,standard_translation,0.0,0.0,20,0
31,mlp_out,ja,tier_2,standard_translation,0.0,0.0,20,0
0,residual,tr,tier_3,standard_translation,-0.016,0.6684,20,0
0,attn_out,tr,tier_3,standard_translation,-0.1341,0.2838,20,0
0,mlp_out,tr,tier_3,standard_translation,0.0553,0.6589,20,0
1,residual,tr,tier_3,standard_translation,-0.1037,0.7922,20,0
1,attn_out,tr,tier_3,standard_translation,-0.0266,0.1793,20,0
1,mlp_out,tr,tier_3,standard_translation,0.0996,0.2307,20,0
2,residual,tr,tier_3,standard_translation,-0.1272,0.8803,20,0
2,attn_out,tr,tier_3,standard_translation,0.0755,0.0979,20,0
2,mlp_out,tr,tier_3,standard_translation,0.0281,0.1453,20,0
3,residual,tr,tier_3,standard_translation,-0.2905,0.9538,20,0
3,attn_out,tr,tier_3,standard_translation,-0.0885,0.1993,20,0
3,mlp_out,tr,tier_3,standard_translation,0.0941,0.2399,20,0
4,residual,tr,tier_3,standard_translation,-0.3606,0.9838,20,0
4,attn_out,tr,tier_3,standard_translation,-0.0533,0.1007,20,0
4,mlp_out,tr,tier_3,standard_translation,-0.0333,0.2709,20,0
5,residual,tr,tier_3,standard_translation,-0.5644,1.082,20,0
5,attn_out,tr,tier_3,standard_translation,-0.1295,0.4448,20,0
5,mlp_out,tr,tier_3,standard_translation,-0.1385,0.2649,20,0
6,residual,tr,tier_3,standard_translation,-0.4908,1.0596,20,0
6,attn_out,tr,tier_3,standard_translation,-0.2595,0.1713,20,0
6,mlp_out,tr,tier_3,standard_translation,-0.0802,0.3131,20,0
7,residual,tr,tier_3,standard_translation,-0.2469,0.8638,20,0
7,attn_out,tr,tier_3,standard_translation,-0.1303,0.4216,20,0
7,mlp_out,tr,tier_3,standard_translation,-0.1916,0.2288,20,0
8,residual,tr,tier_3,standard_translation,-0.2197,0.8049,20,0
8,attn_out,tr,tier_3,standard_translation,0.0755,0.098,20,0
8,mlp_out,tr,tier_3,standard_translation,-0.1339,0.6334,20,0
9,residual,tr,tier_3,standard_translation,0.2125,0.7593,20,0
9,attn_out,tr,tier_3,standard_translation,-0.0269,0.148,20,0
9,mlp_out,tr,tier_3,standard_translation,0.3279,0.2471,20,0
10,residual,tr,tier_3,standard_translation,0.2994,0.6334,20,0
10,attn_out,tr,tier_3,standard_translation,0.122,0.1005,20,0
10,mlp_out,tr,tier_3,standard_translation,0.138,0.3191,20,0
11,residual,tr,tier_3,standard_translation,0.453,0.5332,20,0
11,attn_out,tr,tier_3,standard_translation,0.0369,0.0799,20,0
11,mlp_out,tr,tier_3,standard_translation,0.2497,0.2985,20,0
12,residual,tr,tier_3,standard_translation,0.49,0.3075,20,0
12,attn_out,tr,tier_3,standard_translation,0.2435,0.1402,20,0
12,mlp_out,tr,tier_3,standard_translation,0.0087,0.2696,20,0
13,residual,tr,tier_3,standard_translation,0.4548,0.2864,20,0
13,attn_out,tr,tier_3,standard_translation,0.0217,0.0646,20,0
13,mlp_out,tr,tier_3,standard_translation,0.015,0.2064,20,0
14,residual,tr,tier_3,standard_translation,0.4015,0.2137,20,0
14,attn_out,tr,tier_3,standard_translation,-0.1136,0.1414,20,0
14,mlp_out,tr,tier_3,standard_translation,-0.0686,0.2237,20,0
15,residual,tr,tier_3,standard_translation,0.1038,0.2485,20,0
15,attn_out,tr,tier_3,standard_translation,0.0368,0.0802,20,0
15,mlp_out,tr,tier_3,standard_translation,-0.1351,0.1483,20,0
16,residual,tr,tier_3,standard_translation,-0.055,0.2068,20,0
16,attn_out,tr,tier_3,standard_translation,-0.054,0.0602,20,0
16,mlp_out,tr,tier_3,standard_translation,-0.2553,0.0448,20,0
17,residual,tr,tier_3,standard_translation,-0.1106,0.2161,20,0
17,attn_out,tr,tier_3,standard_translation,-0.0403,0.0282,20,0
17,mlp_out,tr,tier_3,standard_translation,-0.1337,0.0984,20,0
18,residual,tr,tier_3,standard_translation,-0.1263,0.1683,20,0
18,attn_out,tr,tier_3,standard_translation,-0.0246,0.0075,20,0
18,mlp_out,tr,tier_3,standard_translation,-0.1462,0.0716,20,0
19,residual,tr,tier_3,standard_translation,-0.0936,0.1931,20,0
19,attn_out,tr,tier_3,standard_translation,-0.0449,0.0627,20,0
19,mlp_out,tr,tier_3,standard_translation,-0.1407,0.1067,20,0
20,residual,tr,tier_3,standard_translation,0.0071,0.1024,20,0
20,attn_out,tr,tier_3,standard_translation,0.0004,0.0392,20,0
20,mlp_out,tr,tier_3,standard_translation,-0.0385,0.0859,20,0
21,residual,tr,tier_3,standard_translation,-0.0107,0.095,20,0
21,attn_out,tr,tier_3,standard_translation,-0.0672,0.0644,20,0
21,mlp_out,tr,tier_3,standard_translation,-0.0098,0.1902,20,0
22,residual,tr,tier_3,standard_translation,0.0051,0.1023,20,0
22,attn_out,tr,tier_3,standard_translation,0.0063,0.0383,20,0
22,mlp_out,tr,tier_3,standard_translation,-0.1193,0.1076,20,0
23,residual,tr,tier_3,standard_translation,0.0317,0.1255,20,0
23,attn_out,tr,tier_3,standard_translation,0.0029,0.027,20,0
23,mlp_out,tr,tier_3,standard_translation,-0.0655,0.121,20,0
24,residual,tr,tier_3,standard_translation,0.1057,0.1695,20,0
24,attn_out,tr,tier_3,standard_translation,-0.0014,0.0303,20,0
24,mlp_out,tr,tier_3,standard_translation,-0.0874,0.0989,20,0
25,residual,tr,tier_3,standard_translation,0.0923,0.1289,20,0
25,attn_out,tr,tier_3,standard_translation,0.0082,0.0203,20,0
25,mlp_out,tr,tier_3,standard_translation,0.035,0.0481,20,0
26,residual,tr,tier_3,standard_translation,0.1478,0.1113,20,0
26,attn_out,tr,tier_3,standard_translation,-0.0149,0.0273,20,0
26,mlp_out,tr,tier_3,standard_translation,-0.0422,0.0806,20,0
27,residual,tr,tier_3,standard_translation,0.1397,0.1166,20,0
27,attn_out,tr,tier_3,standard_translation,-0.0341,0.0383,20,0
27,mlp_out,tr,tier_3,standard_translation,-0.0594,0.057,20,0
28,residual,tr,tier_3,standard_translation,0.104,0.0706,20,0
28,attn_out,tr,tier_3,standard_translation,-0.0462,0.0383,20,0
28,mlp_out,tr,tier_3,standard_translation,0.0738,0.0418,20,0
29,residual,tr,tier_3,standard_translation,0.0546,0.0836,20,0
29,attn_out,tr,tier_3,standard_translation,-0.0304,0.0084,20,0
29,mlp_out,tr,tier_3,standard_translation,0.0111,0.0144,20,0
30,residual,tr,tier_3,standard_translation,0.0404,0.0851,20,0
30,attn_out,tr,tier_3,standard_translation,0.0085,0.0226,20,0
30,mlp_out,tr,tier_3,standard_translation,0.0675,0.0478,20,0
31,residual,tr,tier_3,standard_translation,0.0,0.0,20,0
31,attn_out,tr,tier_3,standard_translation,0.0,0.0,20,0
31,mlp_out,tr,tier_3,standard_translation,0.0,0.0,20,0
0,residual,id,tier_3,standard_translation,0.1864,0.2155,20,0
0,attn_out,id,tier_3,standard_translation,-0.031,0.1364,20,0
0,mlp_out,id,tier_3,standard_translation,0.1113,0.514,20,0
1,residual,id,tier_3,standard_translation,0.0897,0.2681,20,0
1,attn_out,id,tier_3,standard_translation,0.1221,0.165,20,0
1,mlp_out,id,tier_3,standard_translation,0.099,0.2276,20,0
2,residual,id,tier_3,standard_translation,-0.0056,0.3389,20,0
2,attn_out,id,tier_3,standard_translation,0.0281,0.1168,20,0
2,mlp_out,id,tier_3,standard_translation,0.035,0.1418,20,0
3,residual,id,tier_3,standard_translation,-0.0416,0.3122,20,0
3,attn_out,id,tier_3,standard_translation,-0.0008,0.1429,20,0
3,mlp_out,id,tier_3,standard_translation,0.0908,0.12,20,0
4,residual,id,tier_3,standard_translation,-0.0179,0.3375,20,0
4,attn_out,id,tier_3,standard_translation,0.0287,0.0543,20,0
4,mlp_out,id,tier_3,standard_translation,-0.0287,0.1454,20,0
5,residual,id,tier_3,standard_translation,-0.0979,0.3417,20,0
5,attn_out,id,tier_3,standard_translation,-0.0928,0.2598,20,0
5,mlp_out,id,tier_3,standard_translation,-0.0903,0.1348,20,0
6,residual,id,tier_3,standard_translation,-0.1948,0.4085,20,0
6,attn_out,id,tier_3,standard_translation,-0.0431,0.093,20,0
6,mlp_out,id,tier_3,standard_translation,-0.1411,0.1601,20,0
7,residual,id,tier_3,standard_translation,0.0339,0.5118,20,0
7,attn_out,id,tier_3,standard_translation,-0.2465,0.103,20,0
7,mlp_out,id,tier_3,standard_translation,-0.3311,0.0786,20,0
8,residual,id,tier_3,standard_translation,0.0428,0.5368,20,0
8,attn_out,id,tier_3,standard_translation,0.0111,0.0693,20,0
8,mlp_out,id,tier_3,standard_translation,-0.3522,0.2367,20,0
9,residual,id,tier_3,standard_translation,0.1821,0.5824,20,0
9,attn_out,id,tier_3,standard_translation,-0.0474,0.0992,20,0
9,mlp_out,id,tier_3,standard_translation,-0.0979,0.1833,20,0
10,residual,id,tier_3,standard_translation,0.2703,0.5833,20,0
10,attn_out,id,tier_3,standard_translation,-0.0094,0.1032,20,0
10,mlp_out,id,tier_3,standard_translation,-0.183,0.1321,20,0
11,residual,id,tier_3,standard_translation,0.284,0.6029,20,0
11,attn_out,id,tier_3,standard_translation,-0.0018,0.0718,20,0
11,mlp_out,id,tier_3,standard_translation,-0.0681,0.2852,20,0
12,residual,id,tier_3,standard_translation,0.1845,0.5711,20,0
12,attn_out,id,tier_3,standard_translation,0.0394,0.0823,20,0
12,mlp_out,id,tier_3,standard_translation,-0.24,0.1748,20,0
13,residual,id,tier_3,standard_translation,0.1908,0.5588,20,0
13,attn_out,id,tier_3,standard_translation,0.0134,0.0482,20,0
13,mlp_out,id,tier_3,standard_translation,-0.1868,0.2595,20,0
14,residual,id,tier_3,standard_translation,0.2002,0.4924,20,0
14,attn_out,id,tier_3,standard_translation,0.0247,0.0343,20,0
14,mlp_out,id,tier_3,standard_translation,-0.1272,0.2504,20,0
15,residual,id,tier_3,standard_translation,0.1858,0.3645,20,0
15,attn_out,id,tier_3,standard_translation,0.0695,0.0488,20,0
15,mlp_out,id,tier_3,standard_translation,0.0744,0.1496,20,0
16,residual,id,tier_3,standard_translation,0.2266,0.2527,20,0
16,attn_out,id,tier_3,standard_translation,0.0445,0.0393,20,0
16,mlp_out,id,tier_3,standard_translation,-0.0513,0.1365,20,0
17,residual,id,tier_3,standard_translation,0.0062,0.1913,20,0
17,attn_out,id,tier_3,standard_translation,0.0174,0.032,20,0
17,mlp_out,id,tier_3,standard_translation,0.0012,0.0428,20,0
18,residual,id,tier_3,standard_translation,-0.0545,0.1412,20,0
18,attn_out,id,tier_3,standard_translation,-0.0103,0.0169,20,0
18,mlp_out,id,tier_3,standard_translation,-0.0519,0.0617,20,0
19,residual,id,tier_3,standard_translation,-0.0045,0.1236,20,0
19,attn_out,id,tier_3,standard_translation,0.0002,0.0228,20,0
19,mlp_out,id,tier_3,standard_translation,-0.0076,0.0376,20,0
20,residual,id,tier_3,standard_translation,0.0342,0.0859,20,0
20,attn_out,id,tier_3,standard_translation,0.0025,0.0075,20,0
20,mlp_out,id,tier_3,standard_translation,0.0123,0.043,20,0
21,residual,id,tier_3,standard_translation,0.0619,0.0742,20,0
21,attn_out,id,tier_3,standard_translation,-0.0058,0.0077,20,0
21,mlp_out,id,tier_3,standard_translation,0.0022,0.0426,20,0
22,residual,id,tier_3,standard_translation,0.0702,0.0865,20,0
22,attn_out,id,tier_3,standard_translation,0.0037,0.0132,20,0
22,mlp_out,id,tier_3,standard_translation,0.017,0.0085,20,0
23,residual,id,tier_3,standard_translation,0.1,0.0811,20,0
23,attn_out,id,tier_3,standard_translation,-0.002,0.015,20,0
23,mlp_out,id,tier_3,standard_translation,-0.0055,0.0111,20,0
24,residual,id,tier_3,standard_translation,0.1118,0.0641,20,0
24,attn_out,id,tier_3,standard_translation,0.0068,0.0058,20,0
24,mlp_out,id,tier_3,standard_translation,-0.014,0.0654,20,0
25,residual,id,tier_3,standard_translation,0.1086,0.0694,20,0
25,attn_out,id,tier_3,standard_translation,-0.0052,0.0142,20,0
25,mlp_out,id,tier_3,standard_translation,0.0325,0.0232,20,0
26,residual,id,tier_3,standard_translation,0.1205,0.0725,20,0
26,attn_out,id,tier_3,standard_translation,0.0066,0.0134,20,0
26,mlp_out,id,tier_3,standard_translation,0.0234,0.0441,20,0
27,residual,id,tier_3,standard_translation,0.1121,0.0729,20,0
27,attn_out,id,tier_3,standard_translation,-0.0015,0.0075,20,0
27,mlp_out,id,tier_3,standard_translation,0.0018,0.0687,20,0
28,residual,id,tier_3,standard_translation,0.0596,0.051,20,0
28,attn_out,id,tier_3,standard_translation,0.008,0.0127,20,0
28,mlp_out,id,tier_3,standard_translation,0.0316,0.0212,20,0
29,residual,id,tier_3,standard_translation,0.0435,0.0526,20,0
29,attn_out,id,tier_3,standard_translation,-0.0156,0.0086,20,0
29,mlp_out,id,tier_3,standard_translation,0.0232,0.0311,20,0
30,residual,id,tier_3,standard_translation,0.0263,0.0423,20,0
30,attn_out,id,tier_3,standard_translation,0.0054,0.0076,20,0
30,mlp_out,id,tier_3,standard_translation,0.021,0.0317,20,0
31,residual,id,tier_3,standard_translation,0.0,0.0,20,0
31,attn_out,id,tier_3,standard_translation,0.0,0.0,20,0
31,mlp_out,id,tier_3,standard_translation,0.0,0.0,20,0
0,residual,hi,tier_3,standard_translation,-0.26,0.9378,20,0
0,attn_out,hi,tier_3,standard_translation,0.1473,0.3887,20,0
0,mlp_out,hi,tier_3,standard_translation,-0.1209,0.9982,20,0
1,residual,hi,tier_3,standard_translation,-0.4829,0.8168,20,0
1,attn_out,hi,tier_3,standard_translation,0.2456,0.419,20,0
1,mlp_out,hi,tier_3,standard_translation,0.1278,0.5913,20,0
2,residual,hi,tier_3,standard_translation,-0.7619,1.0278,20,0
2,attn_out,hi,tier_3,standard_translation,0.2573,0.2774,20,0
2,mlp_out,hi,tier_3,standard_translation,0.364,0.4098,20,0
3,residual,hi,tier_3,standard_translation,-0.7886,1.0608,20,0
3,attn_out,hi,tier_3,standard_translation,0.0197,0.1521,20,0
3,mlp_out,hi,tier_3,standard_translation,0.2636,0.3816,20,0
4,residual,hi,tier_3,standard_translation,-0.7572,1.0644,20,0
4,attn_out,hi,tier_3,standard_translation,0.0375,0.0921,20,0
4,mlp_out,hi,tier_3,standard_translation,0.3683,0.3608,20,0
5,residual,hi,tier_3,standard_translation,-0.6178,1.0972,20,0
5,attn_out,hi,tier_3,standard_translation,0.1028,0.7994,20,0
5,mlp_out,hi,tier_3,standard_translation,-0.1718,0.7139,20,0
6,residual,hi,tier_3,standard_translation,-0.5322,0.9843,20,0
6,attn_out,hi,tier_3,standard_translation,-0.164,0.3313,20,0
6,mlp_out,hi,tier_3,standard_translation,0.3458,0.4219,20,0
7,residual,hi,tier_3,standard_translation,-0.2711,0.892,20,0
7,attn_out,hi,tier_3,standard_translation,0.0405,0.2337,20,0
7,mlp_out,hi,tier_3,standard_translation,-0.2732,0.549,20,0
8,residual,hi,tier_3,standard_translation,-0.23,0.8432,20,0
8,attn_out,hi,tier_3,standard_translation,0.0815,0.1573,20,0
8,mlp_out,hi,tier_3,standard_translation,-0.0284,0.3183,20,0
9,residual,hi,tier_3,standard_translation,-0.0587,0.8273,20,0
9,attn_out,hi,tier_3,standard_translation,0.0947,0.3052,20,0
9,mlp_out,hi,tier_3,standard_translation,-0.0626,0.2387,20,0
10,residual,hi,tier_3,standard_translation,-0.0568,0.8758,20,0
10,attn_out,hi,tier_3,standard_translation,0.1024,0.1907,20,0
10,mlp_out,hi,tier_3,standard_translation,-0.1877,0.6883,20,0
11,residual,hi,tier_3,standard_translation,0.0776,0.9778,20,0
11,attn_out,hi,tier_3,standard_translation,0.0463,0.1718,20,0
11,mlp_out,hi,tier_3,standard_translation,0.128,0.7009,20,0
12,residual,hi,tier_3,standard_translation,0.0914,1.2885,20,0
12,attn_out,hi,tier_3,standard_translation,0.3038,0.1846,20,0
12,mlp_out,hi,tier_3,standard_translation,-0.318,0.2318,20,0
13,residual,hi,tier_3,standard_translation,0.0725,1.2742,20,0
13,attn_out,hi,tier_3,standard_translation,0.0967,0.101,20,0
13,mlp_out,hi,tier_3,standard_translation,-0.0392,0.4421,20,0
14,residual,hi,tier_3,standard_translation,0.0888,1.2623,20,0
14,attn_out,hi,tier_3,standard_translation,0.0815,0.0996,20,0
14,mlp_out,hi,tier_3,standard_translation,0.035,0.4887,20,0
15,residual,hi,tier_3,standard_translation,-0.1629,1.0527,20,0
15,attn_out,hi,tier_3,standard_translation,0.0559,0.2018,20,0
15,mlp_out,hi,tier_3,standard_translation,0.0428,0.0734,20,0
16,residual,hi,tier_3,standard_translation,-0.2195,0.9737,20,0
16,attn_out,hi,tier_3,standard_translation,-0.0032,0.0474,20,0
16,mlp_out,hi,tier_3,standard_translation,-0.089,0.1321,20,0
17,residual,hi,tier_3,standard_translation,0.0041,0.5013,20,0
17,attn_out,hi,tier_3,standard_translation,0.0169,0.0457,20,0
17,mlp_out,hi,tier_3,standard_translation,-0.018,0.0805,20,0
18,residual,hi,tier_3,standard_translation,0.0368,0.439,20,0
18,attn_out,hi,tier_3,standard_translation,-0.0081,0.0113,20,0
18,mlp_out,hi,tier_3,standard_translation,-0.0394,0.0333,20,0
19,residual,hi,tier_3,standard_translation,0.1751,0.5143,20,0
19,attn_out,hi,tier_3,standard_translation,-0.0136,0.049,20,0
19,mlp_out,hi,tier_3,standard_translation,0.0286,0.0606,20,0
20,residual,hi,tier_3,standard_translation,0.1564,0.4008,20,0
20,attn_out,hi,tier_3,standard_translation,0.033,0.0445,20,0
20,mlp_out,hi,tier_3,standard_translation,-0.0072,0.0709,20,0
21,residual,hi,tier_3,standard_translation,0.1629,0.4397,20,0
21,attn_out,hi,tier_3,standard_translation,0.0093,0.0256,20,0
21,mlp_out,hi,tier_3,standard_translation,-0.0019,0.0318,20,0
22,residual,hi,tier_3,standard_translation,0.1668,0.4439,20,0
22,attn_out,hi,tier_3,standard_translation,0.0003,0.0158,20,0
22,mlp_out,hi,tier_3,standard_translation,-0.0027,0.0601,20,0
23,residual,hi,tier_3,standard_translation,0.1301,0.3797,20,0
23,attn_out,hi,tier_3,standard_translation,0.0075,0.013,20,0
23,mlp_out,hi,tier_3,standard_translation,0.0059,0.0417,20,0
24,residual,hi,tier_3,standard_translation,0.1459,0.3915,20,0
24,attn_out,hi,tier_3,standard_translation,-0.0072,0.0342,20,0
24,mlp_out,hi,tier_3,standard_translation,-0.0204,0.0608,20,0
25,residual,hi,tier_3,standard_translation,0.1517,0.3181,20,0
25,attn_out,hi,tier_3,standard_translation,0.0011,0.0161,20,0
25,mlp_out,hi,tier_3,standard_translation,0.0353,0.0296,20,0
26,residual,hi,tier_3,standard_translation,0.1297,0.3074,20,0
26,attn_out,hi,tier_3,standard_translation,-0.0087,0.018,20,0
26,mlp_out,hi,tier_3,standard_translation,0.0162,0.0183,20,0
27,residual,hi,tier_3,standard_translation,0.0307,0.1091,20,0
27,attn_out,hi,tier_3,standard_translation,-0.0148,0.0107,20,0
27,mlp_out,hi,tier_3,standard_translation,-0.0113,0.045,20,0
28,residual,hi,tier_3,standard_translation,0.02,0.1069,20,0
28,attn_out,hi,tier_3,standard_translation,-0.0156,0.0166,20,0
28,mlp_out,hi,tier_3,standard_translation,0.0426,0.0554,20,0
29,residual,hi,tier_3,standard_translation,-0.0126,0.097,20,0
29,attn_out,hi,tier_3,standard_translation,-0.0157,0.0361,20,0
29,mlp_out,hi,tier_3,standard_translation,0.0211,0.0494,20,0
30,residual,hi,tier_3,standard_translation,-0.0284,0.1041,20,0
30,attn_out,hi,tier_3,standard_translation,0.0125,0.0128,20,0
30,mlp_out,hi,tier_3,standard_translation,0.0247,0.043,20,0
31,residual,hi,tier_3,standard_translation,0.0,0.0,20,0
31,attn_out,hi,tier_3,standard_translation,0.0,0.0,20,0
31,mlp_out,hi,tier_3,standard_translation,0.0,0.0,20,0
0,residual,sw,tier_3,standard_translation,-0.2431,0.5665,20,0
0,attn_out,sw,tier_3,standard_translation,-0.0945,0.1842,20,0
0,mlp_out,sw,tier_3,standard_translation,-0.477,0.4395,20,0
1,residual,sw,tier_3,standard_translation,-0.4529,0.6634,20,0
1,attn_out,sw,tier_3,standard_translation,-0.1585,0.2876,20,0
1,mlp_out,sw,tier_3,standard_translation,-0.1268,0.0895,20,0
2,residual,sw,tier_3,standard_translation,-0.7508,0.7641,20,0
2,attn_out,sw,tier_3,standard_translation,-0.0119,0.066,20,0
2,mlp_out,sw,tier_3,standard_translation,-0.1214,0.2264,20,0
3,residual,sw,tier_3,standard_translation,-0.5804,1.1471,20,0
3,attn_out,sw,tier_3,standard_translation,-0.0855,0.0972,20,0
3,mlp_out,sw,tier_3,standard_translation,-0.0661,0.2349,20,0
4,residual,sw,tier_3,standard_translation,-0.5589,1.1663,20,0
4,attn_out,sw,tier_3,standard_translation,-0.0324,0.1419,20,0
4,mlp_out,sw,tier_3,standard_translation,-0.1758,0.3586,20,0
5,residual,sw,tier_3,standard_translation,-0.476,0.9031,20,0
5,attn_out,sw,tier_3,standard_translation,0.0198,0.1169,20,0
5,mlp_out,sw,tier_3,standard_translation,-0.1449,0.2746,20,0
6,residual,sw,tier_3,standard_translation,-0.5798,0.8623,20,0
6,attn_out,sw,tier_3,standard_translation,0.0896,0.0697,20,0
6,mlp_out,sw,tier_3,standard_translation,-0.1309,0.2493,20,0
7,residual,sw,tier_3,standard_translation,-1.0678,1.044,20,0
7,attn_out,sw,tier_3,standard_translation,0.0132,0.0626,20,0
7,mlp_out,sw,tier_3,standard_translation,0.0248,0.1283,20,0
8,residual,sw,tier_3,standard_translation,-1.0766,1.083,20,0
8,attn_out,sw,tier_3,standard_translation,-0.0073,0.0208,20,0
8,mlp_out,sw,tier_3,standard_translation,0.0515,0.1743,20,0
9,residual,sw,tier_3,standard_translation,-1.1203,1.0628,20,0
9,attn_out,sw,tier_3,standard_translation,-0.0269,0.1029,20,0
9,mlp_out,sw,tier_3,standard_translation,-0.0557,0.117,20,0
10,residual,sw,tier_3,standard_translation,-1.1508,0.9638,20,0
10,attn_out,sw,tier_3,standard_translation,0.0324,0.0576,20,0
10,mlp_out,sw,tier_3,standard_translation,-0.078,0.0419,20,0
11,residual,sw,tier_3,standard_translation,-1.1274,0.9635,20,0
11,attn_out,sw,tier_3,standard_translation,-0.0119,0.0063,20,0
11,mlp_out,sw,tier_3,standard_translation,-0.085,0.1363,20,0
12,residual,sw,tier_3,standard_translation,-0.9881,0.9892,20,0
12,attn_out,sw,tier_3,standard_translation,-0.0027,0.0522,20,0
12,mlp_out,sw,tier_3,standard_translation,-0.0491,0.0937,20,0
13,residual,sw,tier_3,standard_translation,-0.8927,0.9423,20,0
13,attn_out,sw,tier_3,standard_translation,0.0258,0.0383,20,0
13,mlp_out,sw,tier_3,standard_translation,-0.0481,0.0622,20,0
14,residual,sw,tier_3,standard_translation,-0.8798,0.8616,20,0
14,attn_out,sw,tier_3,standard_translation,-0.0017,0.0299,20,0
14,mlp_out,sw,tier_3,standard_translation,-0.045,0.078,20,0
15,residual,sw,tier_3,standard_translation,-0.8747,0.7988,20,0
15,attn_out,sw,tier_3,standard_translation,0.0059,0.0157,20,0
15,mlp_out,sw,tier_3,standard_translation,-0.0308,0.0438,20,0
16,residual,sw,tier_3,standard_translation,-0.835,0.7592,20,0
16,attn_out,sw,tier_3,standard_translation,0.0017,0.0287,20,0
16,mlp_out,sw,tier_3,standard_translation,-0.0464,0.0562,20,0
17,residual,sw,tier_3,standard_translation,-0.3337,0.5028,20,0
17,attn_out,sw,tier_3,standard_translation,-0.0018,0.0076,20,0
17,mlp_out,sw,tier_3,standard_translation,-0.0128,0.0362,20,0
18,residual,sw,tier_3,standard_translation,-0.1747,0.4494,20,0
18,attn_out,sw,tier_3,standard_translation,0.0168,0.0129,20,0
18,mlp_out,sw,tier_3,standard_translation,0.0015,0.0121,20,0
19,residual,sw,tier_3,standard_translation,-0.2852,0.4832,20,0
19,attn_out,sw,tier_3,standard_translation,0.0033,0.0291,20,0
19,mlp_out,sw,tier_3,standard_translation,-0.0086,0.0535,20,0
20,residual,sw,tier_3,standard_translation,-0.3159,0.4062,20,0
20,attn_out,sw,tier_3,standard_translation,-0.0077,0.0342,20,0
20,mlp_out,sw,tier_3,standard_translation,-0.0045,0.0306,20,0
21,residual,sw,tier_3,standard_translation,-0.1423,0.3158,20,0
21,attn_out,sw,tier_3,standard_translation,0.0044,0.0032,20,0
21,mlp_out,sw,tier_3,standard_translation,-0.0119,0.0246,20,0
22,residual,sw,tier_3,standard_translation,-0.129,0.3295,20,0
22,attn_out,sw,tier_3,standard_translation,0.0039,0.0085,20,0
22,mlp_out,sw,tier_3,standard_translation,-0.0129,0.0099,20,0
23,residual,sw,tier_3,standard_translation,-0.1683,0.3717,20,0
23,attn_out,sw,tier_3,standard_translation,-0.003,0.0063,20,0
23,mlp_out,sw,tier_3,standard_translation,-0.014,0.0057,20,0
24,residual,sw,tier_3,standard_translation,-0.1392,0.396,20,0
24,attn_out,sw,tier_3,standard_translation,0.0057,0.0086,20,0
24,mlp_out,sw,tier_3,standard_translation,-0.0058,0.0063,20,0
25,residual,sw,tier_3,standard_translation,-0.1024,0.3732,20,0
25,attn_out,sw,tier_3,standard_translation,0.0031,0.0082,20,0
25,mlp_out,sw,tier_3,standard_translation,0.0126,0.0103,20,0
26,residual,sw,tier_3,standard_translation,-0.0858,0.3256,20,0
26,attn_out,sw,tier_3,standard_translation,0.0019,0.0056,20,0
26,mlp_out,sw,tier_3,standard_translation,-0.0229,0.0151,20,0
27,residual,sw,tier_3,standard_translation,-0.0394,0.3096,20,0
27,attn_out,sw,tier_3,standard_translation,0.0031,0.0024,20,0
27,mlp_out,sw,tier_3,standard_translation,0.0037,0.0044,20,0
28,residual,sw,tier_3,standard_translation,-0.0481,0.1781,20,0
28,attn_out,sw,tier_3,standard_translation,-0.0009,0.0034,20,0
28,mlp_out,sw,tier_3,standard_translation,0.0053,0.007,20,0
29,residual,sw,tier_3,standard_translation,-0.0181,0.0269,20,0
29,attn_out,sw,tier_3,standard_translation,-0.0046,0.0025,20,0
29,mlp_out,sw,tier_3,standard_translation,0.003,0.0043,20,0
30,residual,sw,tier_3,standard_translation,-0.0108,0.0057,20,0
30,attn_out,sw,tier_3,standard_translation,-0.0,0.0006,20,0
30,mlp_out,sw,tier_3,standard_translation,-0.0069,0.0038,20,0
31,residual,sw,tier_3,standard_translation,0.0,0.0,20,0
31,attn_out,sw,tier_3,standard_translation,0.0,0.0,20,0
31,mlp_out,sw,tier_3,standard_translation,0.0,0.0,20,0
0,residual,yo,tier_4,standard_translation,0.1719,0.8334,20,0
0,attn_out,yo,tier_4,standard_translation,0.1495,0.1308,20,0
0,mlp_out,yo,tier_4,standard_translation,0.1168,0.5605,20,0
1,residual,yo,tier_4,standard_translation,0.1107,0.9267,20,0
1,attn_out,yo,tier_4,standard_translation,0.069,0.1169,20,0
1,mlp_out,yo,tier_4,standard_translation,0.0001,0.1119,20,0
2,residual,yo,tier_4,standard_translation,0.1251,0.8841,20,0
2,attn_out,yo,tier_4,standard_translation,0.0008,0.1081,20,0
2,mlp_out,yo,tier_4,standard_translation,-0.0109,0.088,20,0
3,residual,yo,tier_4,standard_translation,-0.048,0.7543,20,0
3,attn_out,yo,tier_4,standard_translation,0.0049,0.0638,20,0
3,mlp_out,yo,tier_4,standard_translation,-0.0427,0.1149,20,0
4,residual,yo,tier_4,standard_translation,-0.0462,0.7892,20,0
4,attn_out,yo,tier_4,standard_translation,0.0091,0.1067,20,0
4,mlp_out,yo,tier_4,standard_translation,-0.033,0.0805,20,0
5,residual,yo,tier_4,standard_translation,-0.2253,0.8808,20,0
5,attn_out,yo,tier_4,standard_translation,-0.0755,0.17,20,0
5,mlp_out,yo,tier_4,standard_translation,0.0975,0.0921,20,0
6,residual,yo,tier_4,standard_translation,-0.3584,0.9944,20,0
6,attn_out,yo,tier_4,standard_translation,0.0549,0.0714,20,0
6,mlp_out,yo,tier_4,standard_translation,-0.0079,0.128,20,0
7,residual,yo,tier_4,standard_translation,-0.8581,0.7662,20,0
7,attn_out,yo,tier_4,standard_translation,-0.0345,0.1456,20,0
7,mlp_out,yo,tier_4,standard_translation,0.0434,0.1357,20,0
8,residual,yo,tier_4,standard_translation,-0.8819,0.6958,20,0
8,attn_out,yo,tier_4,standard_translation,0.0085,0.0501,20,0
8,mlp_out,yo,tier_4,standard_translation,-0.0888,0.0322,20,0
9,residual,yo,tier_4,standard_translation,-1.0234,0.5901,20,0
9,attn_out,yo,tier_4,standard_translation,-0.051,0.1263,20,0
9,mlp_out,yo,tier_4,standard_translation,0.1003,0.0631,20,0
10,residual,yo,tier_4,standard_translation,-1.1154,0.4111,20,0
10,attn_out,yo,tier_4,standard_translation,0.025,0.0322,20,0
10,mlp_out,yo,tier_4,standard_translation,0.0179,0.0444,20,0
11,residual,yo,tier_4,standard_translation,-1.2575,0.3811,20,0
11,attn_out,yo,tier_4,standard_translation,0.0079,0.0407,20,0
11,mlp_out,yo,tier_4,standard_translation,0.0152,0.0291,20,0
12,residual,yo,tier_4,standard_translation,-1.1522,0.4411,20,0
12,attn_out,yo,tier_4,standard_translation,0.0444,0.034,20,0
12,mlp_out,yo,tier_4,standard_translation,-0.029,0.0976,20,0
13,residual,yo,tier_4,standard_translation,-1.2367,0.3775,20,0
13,attn_out,yo,tier_4,standard_translation,0.0238,0.023,20,0
13,mlp_out,yo,tier_4,standard_translation,-0.026,0.0576,20,0
14,residual,yo,tier_4,standard_translation,-1.2696,0.4712,20,0
14,attn_out,yo,tier_4,standard_translation,-0.0088,0.0113,20,0
14,mlp_out,yo,tier_4,standard_translation,-0.0336,0.0354,20,0
15,residual,yo,tier_4,standard_translation,-1.1519,0.5914,20,0
15,attn_out,yo,tier_4,standard_translation,-0.0174,0.041,20,0
15,mlp_out,yo,tier_4,standard_translation,0.0336,0.0789,20,0
16,residual,yo,tier_4,standard_translation,-1.197,0.4935,20,0
16,attn_out,yo,tier_4,standard_translation,0.0264,0.0349,20,0
16,mlp_out,yo,tier_4,standard_translation,0.0205,0.042,20,0
17,residual,yo,tier_4,standard_translation,-0.415,0.4113,20,0
17,attn_out,yo,tier_4,standard_translation,-0.002,0.0063,20,0
17,mlp_out,yo,tier_4,standard_translation,-0.003,0.0311,20,0
18,residual,yo,tier_4,standard_translation,-0.2999,0.3099,20,0
18,attn_out,yo,tier_4,standard_translation,0.0109,0.0042,20,0
18,mlp_out,yo,tier_4,standard_translation,-0.0049,0.0148,20,0
19,residual,yo,tier_4,standard_translation,-0.316,0.3007,20,0
19,attn_out,yo,tier_4,standard_translation,-0.0051,0.0104,20,0
19,mlp_out,yo,tier_4,standard_translation,-0.0221,0.0346,20,0
20,residual,yo,tier_4,standard_translation,-0.2384,0.2499,20,0
20,attn_out,yo,tier_4,standard_translation,-0.0074,0.012,20,0
20,mlp_out,yo,tier_4,standard_translation,-0.0073,0.011,20,0
21,residual,yo,tier_4,standard_translation,-0.1702,0.2015,20,0
21,attn_out,yo,tier_4,standard_translation,-0.0089,0.0123,20,0
21,mlp_out,yo,tier_4,standard_translation,-0.0162,0.0142,20,0
22,residual,yo,tier_4,standard_translation,-0.1656,0.1772,20,0
22,attn_out,yo,tier_4,standard_translation,-0.0051,0.0067,20,0
22,mlp_out,yo,tier_4,standard_translation,-0.0332,0.0553,20,0
23,residual,yo,tier_4,standard_translation,-0.1371,0.194,20,0
23,attn_out,yo,tier_4,standard_translation,0.001,0.0059,20,0
23,mlp_out,yo,tier_4,standard_translation,-0.0058,0.0157,20,0
24,residual,yo,tier_4,standard_translation,-0.0297,0.0974,20,0
24,attn_out,yo,tier_4,standard_translation,-0.0021,0.0088,20,0
24,mlp_out,yo,tier_4,standard_translation,-0.0093,0.0123,20,0
25,residual,yo,tier_4,standard_translation,-0.0084,0.1182,20,0
25,attn_out,yo,tier_4,standard_translation,-0.0066,0.0085,20,0
25,mlp_out,yo,tier_4,standard_translation,0.0052,0.0191,20,0
26,residual,yo,tier_4,standard_translation,-0.0034,0.1228,20,0
26,attn_out,yo,tier_4,standard_translation,-0.002,0.0038,20,0
26,mlp_out,yo,tier_4,standard_translation,0.0131,0.0302,20,0
27,residual,yo,tier_4,standard_translation,0.0047,0.1334,20,0
27,attn_out,yo,tier_4,standard_translation,-0.0027,0.0024,20,0
27,mlp_out,yo,tier_4,standard_translation,0.0003,0.0063,20,0
28,residual,yo,tier_4,standard_translation,-0.0279,0.0593,20,0
28,attn_out,yo,tier_4,standard_translation,-0.0072,0.0141,20,0
28,mlp_out,yo,tier_4,standard_translation,-0.0255,0.0477,20,0
29,residual,yo,tier_4,standard_translation,-0.0055,0.0136,20,0
29,attn_out,yo,tier_4,standard_translation,-0.0138,0.0302,20,0
29,mlp_out,yo,tier_4,standard_translation,-0.0107,0.0188,20,0
30,residual,yo,tier_4,standard_translation,-0.0161,0.0279,20,0
30,attn_out,yo,tier_4,standard_translation,0.0076,0.0157,20,0
30,mlp_out,yo,tier_4,standard_translation,-0.0113,0.0231,20,0
31,residual,yo,tier_4,standard_translation,0.0,0.0,20,0
31,attn_out,yo,tier_4,standard_translation,0.0,0.0,20,0
31,mlp_out,yo,tier_4,standard_translation,0.0,0.0,20,0
0,residual,zu,tier_4,standard_translation,0.2758,0.3168,20,0
0,attn_out,zu,tier_4,standard_translation,0.0391,0.1851,20,0
0,mlp_out,zu,tier_4,standard_translation,0.3864,0.2282,20,0
1,residual,zu,tier_4,standard_translation,0.2888,0.3295,20,0
1,attn_out,zu,tier_4,standard_translation,-0.0286,0.1415,20,0
1,mlp_out,zu,tier_4,standard_translation,-0.0185,0.092,20,0
2,residual,zu,tier_4,standard_translation,0.2603,0.2644,20,0
2,attn_out,zu,tier_4,standard_translation,0.0409,0.0575,20,0
2,mlp_out,zu,tier_4,standard_translation,-0.0695,0.2753,20,0
3,residual,zu,tier_4,standard_translation,0.3468,0.1935,20,0
3,attn_out,zu,tier_4,standard_translation,-0.058,0.0362,20,0
3,mlp_out,zu,tier_4,standard_translation,-0.0388,0.1598,20,0
4,residual,zu,tier_4,standard_translation,0.376,0.1991,20,0
4,attn_out,zu,tier_4,standard_translation,-0.0232,0.0581,20,0
4,mlp_out,zu,tier_4,standard_translation,-0.0077,0.0387,20,0
5,residual,zu,tier_4,standard_translation,0.5285,0.5439,20,0
5,attn_out,zu,tier_4,standard_translation,0.0047,0.065,20,0
5,mlp_out,zu,tier_4,standard_translation,-0.1252,0.0822,20,0
6,residual,zu,tier_4,standard_translation,0.2435,0.5915,20,0
6,attn_out,zu,tier_4,standard_translation,0.0437,0.073,20,0
6,mlp_out,zu,tier_4,standard_translation,0.0231,0.0605,20,0
7,residual,zu,tier_4,standard_translation,-0.1831,0.4326,20,0
7,attn_out,zu,tier_4,standard_translation,0.0452,0.0603,20,0
7,mlp_out,zu,tier_4,standard_translation,0.1083,0.11,20,0
8,residual,zu,tier_4,standard_translation,-0.2997,0.4413,20,0
8,attn_out,zu,tier_4,standard_translation,-0.0225,0.0158,20,0
8,mlp_out,zu,tier_4,standard_translation,0.0766,0.1377,20,0
9,residual,zu,tier_4,standard_translation,-0.4238,0.4182,20,0
9,attn_out,zu,tier_4,standard_translation,-0.1207,0.0804,20,0
9,mlp_out,zu,tier_4,standard_translation,0.0088,0.0501,20,0
10,residual,zu,tier_4,standard_translation,-0.5413,0.4101,20,0
10,attn_out,zu,tier_4,standard_translation,0.0019,0.0255,20,0
10,mlp_out,zu,tier_4,standard_translation,-0.067,0.0625,20,0
11,residual,zu,tier_4,standard_translation,-0.6212,0.3869,20,0
11,attn_out,zu,tier_4,standard_translation,-0.0387,0.0156,20,0
11,mlp_out,zu,tier_4,standard_translation,0.1026,0.0965,20,0
12,residual,zu,tier_4,standard_translation,-0.4345,0.4587,20,0
12,attn_out,zu,tier_4,standard_translation,-0.0315,0.0123,20,0
12,mlp_out,zu,tier_4,standard_translation,0.0238,0.0564,20,0
13,residual,zu,tier_4,standard_translation,-0.3474,0.4163,20,0
13,attn_out,zu,tier_4,standard_translation,-0.0259,0.0141,20,0
13,mlp_out,zu,tier_4,standard_translation,0.0097,0.1063,20,0
14,residual,zu,tier_4,standard_translation,-0.1771,0.22,20,0
14,attn_out,zu,tier_4,standard_translation,0.0333,0.0283,20,0
14,mlp_out,zu,tier_4,standard_translation,0.055,0.0809,20,0
15,residual,zu,tier_4,standard_translation,-0.2379,0.1696,20,0
15,attn_out,zu,tier_4,standard_translation,-0.0181,0.0281,20,0
15,mlp_out,zu,tier_4,standard_translation,-0.002,0.0343,20,0
16,residual,zu,tier_4,standard_translation,-0.1745,0.16,20,0
16,attn_out,zu,tier_4,standard_translation,-0.0056,0.0146,20,0
16,mlp_out,zu,tier_4,standard_translation,-0.0035,0.0193,20,0
17,residual,zu,tier_4,standard_translation,0.2419,0.2061,20,0
17,attn_out,zu,tier_4,standard_translation,-0.0161,0.0086,20,0
17,mlp_out,zu,tier_4,standard_translation,0.0648,0.0226,20,0
18,residual,zu,tier_4,standard_translation,0.1057,0.142,20,0
18,attn_out,zu,tier_4,standard_translation,0.017,0.0138,20,0
18,mlp_out,zu,tier_4,standard_translation,0.0019,0.024,20,0
19,residual,zu,tier_4,standard_translation,-0.0556,0.1847,20,0
19,attn_out,zu,tier_4,standard_translation,0.014,0.0131,20,0
19,mlp_out,zu,tier_4,standard_translation,-0.0263,0.0232,20,0
20,residual,zu,tier_4,standard_translation,-0.0049,0.1292,20,0
20,attn_out,zu,tier_4,standard_translation,0.0041,0.0069,20,0
20,mlp_out,zu,tier_4,standard_translation,0.025,0.0384,20,0
21,residual,zu,tier_4,standard_translation,0.0087,0.1435,20,0
21,attn_out,zu,tier_4,standard_translation,0.0014,0.0035,20,0
21,mlp_out,zu,tier_4,standard_translation,0.0381,0.0174,20,0
22,residual,zu,tier_4,standard_translation,-0.0346,0.1362,20,0
22,attn_out,zu,tier_4,standard_translation,0.0002,0.013,20,0
22,mlp_out,zu,tier_4,standard_translation,0.017,0.0115,20,0
23,residual,zu,tier_4,standard_translation,-0.0214,0.0795,20,0
23,attn_out,zu,tier_4,standard_translation,-0.0044,0.0079,20,0
23,mlp_out,zu,tier_4,standard_translation,0.0699,0.0401,20,0
24,residual,zu,tier_4,standard_translation,-0.0589,0.1091,20,0
24,attn_out,zu,tier_4,standard_translation,-0.005,0.0118,20,0
24,mlp_out,zu,tier_4,standard_translation,-0.0186,0.0171,20,0
25,residual,zu,tier_4,standard_translation,-0.0433,0.0995,20,0
25,attn_out,zu,tier_4,standard_translation,-0.0046,0.0055,20,0
25,mlp_out,zu,tier_4,standard_translation,0.0007,0.011,20,0
26,residual,zu,tier_4,standard_translation,-0.0417,0.0644,20,0
26,attn_out,zu,tier_4,standard_translation,-0.0019,0.0028,20,0
26,mlp_out,zu,tier_4,standard_translation,-0.0169,0.0129,20,0
27,residual,zu,tier_4,standard_translation,-0.031,0.0465,20,0
27,attn_out,zu,tier_4,standard_translation,0.0029,0.0046,20,0
27,mlp_out,zu,tier_4,standard_translation,-0.0089,0.0119,20,0
28,residual,zu,tier_4,standard_translation,-0.0297,0.0477,20,0
28,attn_out,zu,tier_4,standard_translation,-0.0006,0.0033,20,0
28,mlp_out,zu,tier_4,standard_translation,-0.0094,0.0064,20,0
29,residual,zu,tier_4,standard_translation,-0.0185,0.0088,20,0
29,attn_out,zu,tier_4,standard_translation,-0.0029,0.0058,20,0
29,mlp_out,zu,tier_4,standard_translation,0.0025,0.0053,20,0
30,residual,zu,tier_4,standard_translation,-0.01,0.0028,20,0
30,attn_out,zu,tier_4,standard_translation,-0.0016,0.0018,20,0
30,mlp_out,zu,tier_4,standard_translation,0.0003,0.0047,20,0
31,residual,zu,tier_4,standard_translation,0.0,0.0,20,0
31,attn_out,zu,tier_4,standard_translation,0.0,0.0,20,0
31,mlp_out,zu,tier_4,standard_translation,0.0,0.0,20,0
0,residual,gd,tier_4,standard_translation,0.2079,0.4571,20,0
0,attn_out,gd,tier_4,standard_translation,0.2114,0.2476,20,0
0,mlp_out,gd,tier_4,standard_translation,0.0398,0.4993,20,0
1,residual,gd,tier_4,standard_translation,0.1429,0.5062,20,0
1,attn_out,gd,tier_4,standard_translation,0.1444,0.1577,20,0
1,mlp_out,gd,tier_4,standard_translation,0.106,0.1388,20,0
2,residual,gd,tier_4,standard_translation,-0.2579,0.4699,20,0
2,attn_out,gd,tier_4,standard_translation,-0.0344,0.057,20,0
2,mlp_out,gd,tier_4,standard_translation,0.0377,0.112,20,0
3,residual,gd,tier_4,standard_translation,-0.7016,0.5995,20,0
3,attn_out,gd,tier_4,standard_translation,-0.0272,0.0477,20,0
3,mlp_out,gd,tier_4,standard_translation,0.0626,0.0926,20,0
4,residual,gd,tier_4,standard_translation,-0.8856,0.5614,20,0
4,attn_out,gd,tier_4,standard_translation,-0.0713,0.0458,20,0
4,mlp_out,gd,tier_4,standard_translation,-0.006,0.1401,20,0
5,residual,gd,tier_4,standard_translation,-1.4014,0.6159,20,0
5,attn_out,gd,tier_4,standard_translation,-0.0228,0.0555,20,0
5,mlp_out,gd,tier_4,standard_translation,0.0241,0.1362,20,0
6,residual,gd,tier_4,standard_translation,-1.6343,0.4269,20,0
6,attn_out,gd,tier_4,standard_translation,0.0387,0.109,20,0
6,mlp_out,gd,tier_4,standard_translation,0.0561,0.0897,20,0
7,residual,gd,tier_4,standard_translation,-2.2809,0.6795,20,0
7,attn_out,gd,tier_4,standard_translation,0.0353,0.0941,20,0
7,mlp_out,gd,tier_4,standard_translation,-0.0116,0.0626,20,0
8,residual,gd,tier_4,standard_translation,-2.3543,0.6619,20,0
8,attn_out,gd,tier_4,standard_translation,0.0382,0.0449,20,0
8,mlp_out,gd,tier_4,standard_translation,-0.1505,0.0811,20,0
9,residual,gd,tier_4,standard_translation,-2.4154,0.682,20,0
9,attn_out,gd,tier_4,standard_translation,-0.0493,0.0628,20,0
9,mlp_out,gd,tier_4,standard_translation,-0.0234,0.13,20,0
10,residual,gd,tier_4,standard_translation,-2.5854,0.668,20,0
10,attn_out,gd,tier_4,standard_translation,0.0148,0.0155,20,0
10,mlp_out,gd,tier_4,standard_translation,-0.019,0.062,20,0
11,residual,gd,tier_4,standard_translation,-2.524,0.7019,20,0
11,attn_out,gd,tier_4,standard_translation,0.0005,0.0309,20,0
11,mlp_out,gd,tier_4,standard_translation,-0.0727,0.0527,20,0
12,residual,gd,tier_4,standard_translation,-1.9875,0.6221,20,0
12,attn_out,gd,tier_4,standard_translation,0.0356,0.0287,20,0
12,mlp_out,gd,tier_4,standard_translation,-0.0994,0.0651,20,0
13,residual,gd,tier_4,standard_translation,-1.6608,0.5182,20,0
13,attn_out,gd,tier_4,standard_translation,0.0076,0.023,20,0
13,mlp_out,gd,tier_4,standard_translation,-0.0952,0.0382,20,0
14,residual,gd,tier_4,standard_translation,-1.2876,0.4977,20,0
14,attn_out,gd,tier_4,standard_translation,0.0253,0.0262,20,0
14,mlp_out,gd,tier_4,standard_translation,-0.0848,0.0389,20,0
15,residual,gd,tier_4,standard_translation,-0.93,0.439,20,0
15,attn_out,gd,tier_4,standard_translation,0.0053,0.0124,20,0
15,mlp_out,gd,tier_4,standard_translation,-0.0381,0.0439,20,0
16,residual,gd,tier_4,standard_translation,-0.888,0.39,20,0
16,attn_out,gd,tier_4,standard_translation,-0.0016,0.0229,20,0
16,mlp_out,gd,tier_4,standard_translation,-0.0592,0.0448,20,0
17,residual,gd,tier_4,standard_translation,-0.2615,0.0873,20,0
17,attn_out,gd,tier_4,standard_translation,0.0018,0.009,20,0
17,mlp_out,gd,tier_4,standard_translation,-0.0086,0.013,20,0
18,residual,gd,tier_4,standard_translation,-0.1447,0.0496,20,0
18,attn_out,gd,tier_4,standard_translation,0.0059,0.0148,20,0
18,mlp_out,gd,tier_4,standard_translation,0.016,0.0074,20,0
19,residual,gd,tier_4,standard_translation,-0.0715,0.0459,20,0
19,attn_out,gd,tier_4,standard_translation,0.0036,0.0062,20,0
19,mlp_out,gd,tier_4,standard_translation,-0.0101,0.011,20,0
20,residual,gd,tier_4,standard_translation,-0.0324,0.0579,20,0
20,attn_out,gd,tier_4,standard_translation,0.0029,0.0059,20,0
20,mlp_out,gd,tier_4,standard_translation,0.0019,0.0064,20,0
21,residual,gd,tier_4,standard_translation,-0.0386,0.0616,20,0
21,attn_out,gd,tier_4,standard_translation,0.0009,0.0037,20,0
21,mlp_out,gd,tier_4,standard_translation,-0.0063,0.0087,20,0
22,residual,gd,tier_4,standard_translation,-0.0329,0.0511,20,0
22,attn_out,gd,tier_4,standard_translation,0.004,0.0055,20,0
22,mlp_out,gd,tier_4,standard_translation,-0.0074,0.0054,20,0
23,residual,gd,tier_4,standard_translation,-0.0324,0.0461,20,0
23,attn_out,gd,tier_4,standard_translation,0.0009,0.0027,20,0
23,mlp_out,gd,tier_4,standard_translation,0.0014,0.009,20,0
24,residual,gd,tier_4,standard_translation,-0.0363,0.0366,20,0
24,attn_out,gd,tier_4,standard_translation,-0.0039,0.0085,20,0
24,mlp_out,gd,tier_4,standard_translation,-0.0048,0.0044,20,0
25,residual,gd,tier_4,standard_translation,-0.0314,0.0358,20,0
25,attn_out,gd,tier_4,standard_translation,0.0007,0.0028,20,0
25,mlp_out,gd,tier_4,standard_translation,0.0024,0.0075,20,0
26,residual,gd,tier_4,standard_translation,-0.0421,0.0406,20,0
26,attn_out,gd,tier_4,standard_translation,-0.0014,0.0014,20,0
26,mlp_out,gd,tier_4,standard_translation,0.0011,0.0113,20,0
27,residual,gd,tier_4,standard_translation,-0.0252,0.0299,20,0
27,attn_out,gd,tier_4,standard_translation,0.0012,0.003,20,0
27,mlp_out,gd,tier_4,standard_translation,0.0024,0.0042,20,0
28,residual,gd,tier_4,standard_translation,-0.0117,0.023,20,0
28,attn_out,gd,tier_4,standard_translation,0.0002,0.0022,20,0
28,mlp_out,gd,tier_4,standard_translation,-0.0038,0.0077,20,0
29,residual,gd,tier_4,standard_translation,-0.0123,0.0065,20,0
29,attn_out,gd,tier_4,standard_translation,-0.0012,0.0026,20,0
29,mlp_out,gd,tier_4,standard_translation,0.003,0.0014,20,0
30,residual,gd,tier_4,standard_translation,-0.0019,0.0033,20,0
30,attn_out,gd,tier_4,standard_translation,0.0007,0.0006,20,0
30,mlp_out,gd,tier_4,standard_translation,0.0006,0.0014,20,0
31,residual,gd,tier_4,standard_translation,0.0,0.0,20,0
31,attn_out,gd,tier_4,standard_translation,0.0,0.0,20,0
31,mlp_out,gd,tier_4,standard_translation,0.0,0.0,20,0
0,residual,gn,tier_4,standard_translation,0.2918,0.399,20,0
0,attn_out,gn,tier_4,standard_translation,-0.0941,0.2162,20,0
0,mlp_out,gn,tier_4,standard_translation,0.4772,0.3369,20,0
1,residual,gn,tier_4,standard_translation,0.0693,0.6085,20,0
1,attn_out,gn,tier_4,standard_translation,0.0344,0.1008,20,0
1,mlp_out,gn,tier_4,standard_translation,0.0955,0.1736,20,0
2,residual,gn,tier_4,standard_translation,-0.1524,0.8148,20,0
2,attn_out,gn,tier_4,standard_translation,0.0062,0.1035,20,0
2,mlp_out,gn,tier_4,standard_translation,-0.0024,0.136,20,0
3,residual,gn,tier_4,standard_translation,-0.4096,1.0309,20,0
3,attn_out,gn,tier_4,standard_translation,-0.0251,0.0629,20,0
3,mlp_out,gn,tier_4,standard_translation,0.0154,0.1662,20,0
4,residual,gn,tier_4,standard_translation,-0.3736,1.0503,20,0
4,attn_out,gn,tier_4,standard_translation,-0.0257,0.147,20,0
4,mlp_out,gn,tier_4,standard_translation,-0.1642,0.1858,20,0
5,residual,gn,tier_4,standard_translation,-1.1845,0.82,20,0
5,attn_out,gn,tier_4,standard_translation,-0.0397,0.128,20,0
5,mlp_out,gn,tier_4,standard_translation,0.0771,0.1982,20,0
6,residual,gn,tier_4,standard_translation,-1.6029,1.0135,20,0
6,attn_out,gn,tier_4,standard_translation,0.0056,0.1112,20,0
6,mlp_out,gn,tier_4,standard_translation,-0.0339,0.2858,20,0
7,residual,gn,tier_4,standard_translation,-2.3515,1.2794,20,0
7,attn_out,gn,tier_4,standard_translation,-0.1557,0.1439,20,0
7,mlp_out,gn,tier_4,standard_translation,0.0494,0.199,20,0
8,residual,gn,tier_4,standard_translation,-2.5043,1.3274,20,0
8,attn_out,gn,tier_4,standard_translation,-0.0039,0.0319,20,0
8,mlp_out,gn,tier_4,standard_translation,-0.096,0.1608,20,0
9,residual,gn,tier_4,standard_translation,-2.3112,1.1683,20,0
9,attn_out,gn,tier_4,standard_translation,-0.1769,0.1728,20,0
9,mlp_out,gn,tier_4,standard_translation,0.0627,0.054,20,0
10,residual,gn,tier_4,standard_translation,-2.2143,1.0386,20,0
10,attn_out,gn,tier_4,standard_translation,-0.1126,0.1231,20,0
10,mlp_out,gn,tier_4,standard_translation,0.0182,0.1555,20,0
11,residual,gn,tier_4,standard_translation,-2.2211,0.9192,20,0
11,attn_out,gn,tier_4,standard_translation,-0.0442,0.0512,20,0
11,mlp_out,gn,tier_4,standard_translation,-0.0315,0.1411,20,0
12,residual,gn,tier_4,standard_translation,-1.819,0.9056,20,0
12,attn_out,gn,tier_4,standard_translation,-0.0132,0.0513,20,0
12,mlp_out,gn,tier_4,standard_translation,-0.0634,0.0608,20,0
13,residual,gn,tier_4,standard_translation,-1.6383,0.8227,20,0
13,attn_out,gn,tier_4,standard_translation,-0.0097,0.0287,20,0
13,mlp_out,gn,tier_4,standard_translation,-0.046,0.1255,20,0
14,residual,gn,tier_4,standard_translation,-1.3639,0.757,20,0
14,attn_out,gn,tier_4,standard_translation,0.0059,0.0232,20,0
14,mlp_out,gn,tier_4,standard_translation,0.0159,0.1602,20,0
15,residual,gn,tier_4,standard_translation,-1.2352,0.6464,20,0
15,attn_out,gn,tier_4,standard_translation,-0.0141,0.0122,20,0
15,mlp_out,gn,tier_4,standard_translation,-0.0364,0.0391,20,0
16,residual,gn,tier_4,standard_translation,-1.1405,0.5631,20,0
16,attn_out,gn,tier_4,standard_translation,0.0046,0.0319,20,0
16,mlp_out,gn,tier_4,standard_translation,-0.0783,0.1452,20,0
17,residual,gn,tier_4,standard_translation,-0.3368,0.2,20,0
17,attn_out,gn,tier_4,standard_translation,0.0048,0.0088,20,0
17,mlp_out,gn,tier_4,standard_translation,-0.0312,0.0291,20,0
18,residual,gn,tier_4,standard_translation,-0.2679,0.1895,20,0
18,attn_out,gn,tier_4,standard_translation,-0.0054,0.0106,20,0
18,mlp_out,gn,tier_4,standard_translation,-0.0158,0.0256,20,0
19,residual,gn,tier_4,standard_translation,-0.1638,0.0961,20,0
19,attn_out,gn,tier_4,standard_translation,0.0024,0.0162,20,0
19,mlp_out,gn,tier_4,standard_translation,-0.0041,0.0121,20,0
20,residual,gn,tier_4,standard_translation,-0.1784,0.1612,20,0
20,attn_out,gn,tier_4,standard_translation,0.0013,0.0138,20,0
20,mlp_out,gn,tier_4,standard_translation,-0.032,0.0537,20,0
21,residual,gn,tier_4,standard_translation,-0.155,0.1344,20,0
21,attn_out,gn,tier_4,standard_translation,0.006,0.0121,20,0
21,mlp_out,gn,tier_4,standard_translation,-0.0204,0.0363,20,0
22,residual,gn,tier_4,standard_translation,-0.1286,0.1302,20,0
22,attn_out,gn,tier_4,standard_translation,-0.002,0.0049,20,0
22,mlp_out,gn,tier_4,standard_translation,-0.0224,0.0267,20,0
23,residual,gn,tier_4,standard_translation,-0.1154,0.0815,20,0
23,attn_out,gn,tier_4,standard_translation,0.0035,0.0097,20,0
23,mlp_out,gn,tier_4,standard_translation,-0.0023,0.013,20,0
24,residual,gn,tier_4,standard_translation,-0.0009,0.1041,20,0
24,attn_out,gn,tier_4,standard_translation,-0.0021,0.0061,20,0
24,mlp_out,gn,tier_4,standard_translation,-0.0011,0.0122,20,0
25,residual,gn,tier_4,standard_translation,-0.0025,0.0757,20,0
25,attn_out,gn,tier_4,standard_translation,-0.0066,0.0028,20,0
25,mlp_out,gn,tier_4,standard_translation,0.0014,0.0029,20,0
26,residual,gn,tier_4,standard_translation,-0.0078,0.0519,20,0
26,attn_out,gn,tier_4,standard_translation,-0.0047,0.0037,20,0
26,mlp_out,gn,tier_4,standard_translation,-0.0074,0.008,20,0
27,residual,gn,tier_4,standard_translation,-0.0112,0.037,20,0
27,attn_out,gn,tier_4,standard_translation,-0.0077,0.007,20,0
27,mlp_out,gn,tier_4,standard_translation,-0.0091,0.0178,20,0
28,residual,gn,tier_4,standard_translation,0.0009,0.0324,20,0
28,attn_out,gn,tier_4,standard_translation,0.0011,0.0037,20,0
28,mlp_out,gn,tier_4,standard_translation,0.0021,0.0027,20,0
29,residual,gn,tier_4,standard_translation,-0.0237,0.0225,20,0
29,attn_out,gn,tier_4,standard_translation,-0.0015,0.0103,20,0
29,mlp_out,gn,tier_4,standard_translation,0.0027,0.0035,20,0
30,residual,gn,tier_4,standard_translation,-0.0019,0.0077,20,0
30,attn_out,gn,tier_4,standard_translation,0.0002,0.0023,20,0
30,mlp_out,gn,tier_4,standard_translation,0.0071,0.0034,20,0
31,residual,gn,tier_4,standard_translation,0.0,0.0,20,0
31,attn_out,gn,tier_4,standard_translation,0.0,0.0,20,0
31,mlp_out,gn,tier_4,standard_translation,0.0,0.0,20,0
0,residual,de,tier_1,transliteration,0.3232,0.5753,20,0
0,attn_out,de,tier_1,transliteration,0.0808,0.1972,20,0
0,mlp_out,de,tier_1,transliteration,0.1299,0.6597,20,0
1,residual,de,tier_1,transliteration,0.2318,0.6965,20,0
1,attn_out,de,tier_1,transliteration,0.0342,0.2042,20,0
1,mlp_out,de,tier_1,transliteration,-0.0562,0.1331,20,0
2,residual,de,tier_1,transliteration,0.0248,0.6455,20,0
2,attn_out,de,tier_1,transliteration,-0.009,0.0927,20,0
2,mlp_out,de,tier_1,transliteration,-0.1196,0.1551,20,0
3,residual,de,tier_1,transliteration,0.028,0.6413,20,0
3,attn_out,de,tier_1,transliteration,-0.1109,0.0478,20,0
3,mlp_out,de,tier_1,transliteration,-0.0755,0.2296,20,0
4,residual,de,tier_1,transliteration,0.0444,0.5984,20,0
4,attn_out,de,tier_1,transliteration,-0.0172,0.0667,20,0
4,mlp_out,de,tier_1,transliteration,-0.0212,0.2414,20,0
5,residual,de,tier_1,transliteration,0.0371,0.525,20,0
5,attn_out,de,tier_1,transliteration,-0.0763,0.1145,20,0
5,mlp_out,de,tier_1,transliteration,-0.049,0.192,20,0
6,residual,de,tier_1,transliteration,0.0192,0.4536,20,0
6,attn_out,de,tier_1,transliteration,0.096,0.1372,20,0
6,mlp_out,de,tier_1,transliteration,-0.1675,0.1018,20,0
7,residual,de,tier_1,transliteration,-0.066,0.4104,20,0
7,attn_out,de,tier_1,transliteration,0.0563,0.1765,20,0
7,mlp_out,de,tier_1,transliteration,-0.0037,0.0646,20,0
8,residual,de,tier_1,transliteration,-0.0765,0.3768,20,0
8,attn_out,de,tier_1,transliteration,-0.0586,0.059,20,0
8,mlp_out,de,tier_1,transliteration,0.0467,0.1359,20,0
9,residual,de,tier_1,transliteration,-0.1297,0.379,20,0
9,attn_out,de,tier_1,transliteration,0.0402,0.0442,20,0
9,mlp_out,de,tier_1,transliteration,0.0443,0.105,20,0
10,residual,de,tier_1,transliteration,-0.1788,0.3571,20,0
10,attn_out,de,tier_1,transliteration,-0.0291,0.1095,20,0
10,mlp_out,de,tier_1,transliteration,-0.0707,0.1358,20,0
11,residual,de,tier_1,transliteration,-0.1978,0.3257,20,0
11,attn_out,de,tier_1,transliteration,0.0868,0.1057,20,0
11,mlp_out,de,tier_1,transliteration,-0.1033,0.045,20,0
12,residual,de,tier_1,transliteration,-0.1361,0.2754,20,0
12,attn_out,de,tier_1,transliteration,-0.0276,0.0237,20,0
12,mlp_out,de,tier_1,transliteration,-0.0487,0.1115,20,0
13,residual,de,tier_1,transliteration,-0.1161,0.2551,20,0
13,attn_out,de,tier_1,transliteration,0.0778,0.0712,20,0
13,mlp_out,de,tier_1,transliteration,0.0129,0.119,20,0
14,residual,de,tier_1,transliteration,-0.1907,0.1633,20,0
14,attn_out,de,tier_1,transliteration,-0.0045,0.067,20,0
14,mlp_out,de,tier_1,transliteration,-0.095,0.0424,20,0
15,residual,de,tier_1,transliteration,-0.174,0.1449,20,0
15,attn_out,de,tier_1,transliteration,0.0624,0.0685,20,0
15,mlp_out,de,tier_1,transliteration,-0.0325,0.117,20,0
16,residual,de,tier_1,transliteration,-0.1391,0.1008,20,0
16,attn_out,de,tier_1,transliteration,-0.0086,0.0342,20,0
16,mlp_out,de,tier_1,transliteration,0.019,0.1352,20,0
17,residual,de,tier_1,transliteration,0.0274,0.1348,20,0
17,attn_out,de,tier_1,transliteration,0.0501,0.0247,20,0
17,mlp_out,de,tier_1,transliteration,-0.003,0.0805,20,0
18,residual,de,tier_1,transliteration,-0.0334,0.0847,20,0
18,attn_out,de,tier_1,transliteration,0.0099,0.0356,20,0
18,mlp_out,de,tier_1,transliteration,-0.0067,0.0411,20,0
19,residual,de,tier_1,transliteration,-0.0111,0.0749,20,0
19,attn_out,de,tier_1,transliteration,-0.0055,0.0146,20,0
19,mlp_out,de,tier_1,transliteration,-0.0206,0.026,20,0
20,residual,de,tier_1,transliteration,0.0117,0.0554,20,0
20,attn_out,de,tier_1,transliteration,0.0387,0.0275,20,0
20,mlp_out,de,tier_1,transliteration,0.0101,0.0191,20,0
21,residual,de,tier_1,transliteration,0.0157,0.0498,20,0
21,attn_out,de,tier_1,transliteration,-0.0004,0.0207,20,0
21,mlp_out,de,tier_1,transliteration,-0.0151,0.0101,20,0
22,residual,de,tier_1,transliteration,0.0193,0.0457,20,0
22,attn_out,de,tier_1,transliteration,0.0135,0.0052,20,0
22,mlp_out,de,tier_1,transliteration,-0.0498,0.0303,20,0
23,residual,de,tier_1,transliteration,0.0238,0.0443,20,0
23,attn_out,de,tier_1,transliteration,0.0015,0.0182,20,0
23,mlp_out,de,tier_1,transliteration,-0.0099,0.0199,20,0
24,residual,de,tier_1,transliteration,0.0215,0.0306,20,0
24,attn_out,de,tier_1,transliteration,0.0204,0.0291,20,0
24,mlp_out,de,tier_1,transliteration,-0.029,0.0137,20,0
25,residual,de,tier_1,transliteration,0.0214,0.035,20,0
25,attn_out,de,tier_1,transliteration,-0.0032,0.0151,20,0
25,mlp_out,de,tier_1,transliteration,0.0036,0.0313,20,0
26,residual,de,tier_1,transliteration,0.0116,0.025,20,0
26,attn_out,de,tier_1,transliteration,0.0119,0.0126,20,0
26,mlp_out,de,tier_1,transliteration,0.0282,0.0292,20,0
27,residual,de,tier_1,transliteration,0.0045,0.0189,20,0
27,attn_out,de,tier_1,transliteration,0.0368,0.0083,20,0
27,mlp_out,de,tier_1,transliteration,-0.0095,0.011,20,0
28,residual,de,tier_1,transliteration,0.0125,0.0187,20,0
28,attn_out,de,tier_1,transliteration,-0.0068,0.0157,20,0
28,mlp_out,de,tier_1,transliteration,-0.0045,0.0281,20,0
29,residual,de,tier_1,transliteration,0.0285,0.0241,20,0
29,attn_out,de,tier_1,transliteration,0.0033,0.0276,20,0
29,mlp_out,de,tier_1,transliteration,-0.0322,0.0394,20,0
30,residual,de,tier_1,transliteration,0.0255,0.0303,20,0
30,attn_out,de,tier_1,transliteration,-0.0084,0.0055,20,0
30,mlp_out,de,tier_1,transliteration,0.0076,0.023,20,0
31,residual,de,tier_1,transliteration,0.0,0.0,20,0
31,attn_out,de,tier_1,transliteration,0.0,0.0,20,0
31,mlp_out,de,tier_1,transliteration,0.0,0.0,20,0
0,residual,fr,tier_1,transliteration,-0.2104,0.5609,20,0
0,attn_out,fr,tier_1,transliteration,0.1207,0.0976,20,0
0,mlp_out,fr,tier_1,transliteration,-0.2307,0.5194,20,0
1,residual,fr,tier_1,transliteration,-0.1762,0.7146,20,0
1,attn_out,fr,tier_1,transliteration,0.0072,0.1761,20,0
1,mlp_out,fr,tier_1,transliteration,-0.0697,0.1601,20,0
2,residual,fr,tier_1,transliteration,-0.2726,0.6497,20,0
2,attn_out,fr,tier_1,transliteration,0.0629,0.0808,20,0
2,mlp_out,fr,tier_1,transliteration,-0.0174,0.0981,20,0
3,residual,fr,tier_1,transliteration,-0.2812,0.6125,20,0
3,attn_out,fr,tier_1,transliteration,0.0034,0.0717,20,0
3,mlp_out,fr,tier_1,transliteration,-0.0371,0.1367,20,0
4,residual,fr,tier_1,transliteration,-0.2738,0.5819,20,0
4,attn_out,fr,tier_1,transliteration,-0.0052,0.0574,20,0
4,mlp_out,fr,tier_1,transliteration,0.0222,0.2174,20,0
5,residual,fr,tier_1,transliteration,-0.2372,0.534,20,0
5,attn_out,fr,tier_1,transliteration,-0.0329,0.1173,20,0
5,mlp_out,fr,tier_1,transliteration,-0.0212,0.1877,20,0
6,residual,fr,tier_1,transliteration,-0.1932,0.5324,20,0
6,attn_out,fr,tier_1,transliteration,0.003,0.0665,20,0
6,mlp_out,fr,tier_1,transliteration,-0.0332,0.1578,20,0
7,residual,fr,tier_1,transliteration,-0.215,0.384,20,0
7,attn_out,fr,tier_1,transliteration,0.0971,0.1352,20,0
7,mlp_out,fr,tier_1,transliteration,-0.1001,0.0568,20,0
8,residual,fr,tier_1,transliteration,-0.2447,0.365,20,0
8,attn_out,fr,tier_1,transliteration,-0.0409,0.0798,20,0
8,mlp_out,fr,tier_1,transliteration,-0.0171,0.1439,20,0
9,residual,fr,tier_1,transliteration,-0.2286,0.3241,20,0
9,attn_out,fr,tier_1,transliteration,-0.0205,0.1153,20,0
9,mlp_out,fr,tier_1,transliteration,0.0232,0.1423,20,0
10,residual,fr,tier_1,transliteration,-0.2554,0.3479,20,0
10,attn_out,fr,tier_1,transliteration,-0.0131,0.0526,20,0
10,mlp_out,fr,tier_1,transliteration,0.1027,0.141,20,0
11,residual,fr,tier_1,transliteration,-0.2509,0.3523,20,0
11,attn_out,fr,tier_1,transliteration,-0.0662,0.1155,20,0
11,mlp_out,fr,tier_1,transliteration,0.0405,0.0811,20,0
12,residual,fr,tier_1,transliteration,-0.2138,0.252,20,0
12,attn_out,fr,tier_1,transliteration,-0.0389,0.0509,20,0
12,mlp_out,fr,tier_1,transliteration,-0.0384,0.1025,20,0
13,residual,fr,tier_1,transliteration,-0.2294,0.2622,20,0
13,attn_out,fr,tier_1,transliteration,0.0006,0.0391,20,0
13,mlp_out,fr,tier_1,transliteration,-0.0392,0.1153,20,0
14,residual,fr,tier_1,transliteration,-0.357,0.2542,20,0
14,attn_out,fr,tier_1,transliteration,0.0538,0.0947,20,0
14,mlp_out,fr,tier_1,transliteration,-0.1196,0.1305,20,0
15,residual,fr,tier_1,transliteration,-0.3321,0.2417,20,0
15,attn_out,fr,tier_1,transliteration,-0.039,0.1029,20,0
15,mlp_out,fr,tier_1,transliteration,-0.0592,0.0619,20,0
16,residual,fr,tier_1,transliteration,-0.3345,0.1756,20,0
16,attn_out,fr,tier_1,transliteration,0.0503,0.0547,20,0
16,mlp_out,fr,tier_1,transliteration,-0.1167,0.1158,20,0
17,residual,fr,tier_1,transliteration,-0.091,0.1148,20,0
17,attn_out,fr,tier_1,transliteration,0.0147,0.0462,20,0
17,mlp_out,fr,tier_1,transliteration,0.0144,0.0737,20,0
18,residual,fr,tier_1,transliteration,-0.029,0.0987,20,0
18,attn_out,fr,tier_1,transliteration,0.0218,0.0202,20,0
18,mlp_out,fr,tier_1,transliteration,0.0066,0.0875,20,0
19,residual,fr,tier_1,transliteration,0.0096,0.0868,20,0
19,attn_out,fr,tier_1,transliteration,-0.0093,0.0232,20,0
19,mlp_out,fr,tier_1,transliteration,-0.0015,0.0548,20,0
20,residual,fr,tier_1,transliteration,0.0402,0.0701,20,0
20,attn_out,fr,tier_1,transliteration,0.0304,0.0381,20,0
20,mlp_out,fr,tier_1,transliteration,0.0212,0.058,20,0
21,residual,fr,tier_1,transliteration,0.0424,0.0701,20,0
21,attn_out,fr,tier_1,transliteration,0.0004,0.0305,20,0
21,mlp_out,fr,tier_1,transliteration,0.0213,0.0435,20,0
22,residual,fr,tier_1,transliteration,0.045,0.071,20,0
22,attn_out,fr,tier_1,transliteration,0.0215,0.0132,20,0
22,mlp_out,fr,tier_1,transliteration,0.0081,0.0246,20,0
23,residual,fr,tier_1,transliteration,0.0519,0.0795,20,0
23,attn_out,fr,tier_1,transliteration,0.026,0.029,20,0
23,mlp_out,fr,tier_1,transliteration,0.0071,0.0521,20,0
24,residual,fr,tier_1,transliteration,0.0578,0.0924,20,0
24,attn_out,fr,tier_1,transliteration,0.0103,0.028,20,0
24,mlp_out,fr,tier_1,transliteration,0.0044,0.066,20,0
25,residual,fr,tier_1,transliteration,0.0627,0.098,20,0
25,attn_out,fr,tier_1,transliteration,0.0259,0.0295,20,0
25,mlp_out,fr,tier_1,transliteration,-0.0078,0.0289,20,0
26,residual,fr,tier_1,transliteration,0.0602,0.0942,20,0
26,attn_out,fr,tier_1,transliteration,-0.0035,0.0232,20,0
26,mlp_out,fr,tier_1,transliteration,0.0242,0.0645,20,0
27,residual,fr,tier_1,transliteration,0.0595,0.0945,20,0
27,attn_out,fr,tier_1,transliteration,0.0031,0.0201,20,0
27,mlp_out,fr,tier_1,transliteration,0.051,0.0676,20,0
28,residual,fr,tier_1,transliteration,0.0541,0.0872,20,0
28,attn_out,fr,tier_1,transliteration,-0.0043,0.0327,20,0
28,mlp_out,fr,tier_1,transliteration,0.0537,0.0947,20,0
29,residual,fr,tier_1,transliteration,0.0614,0.0993,20,0
29,attn_out,fr,tier_1,transliteration,0.0075,0.0065,20,0
29,mlp_out,fr,tier_1,transliteration,-0.0089,0.0763,20,0
30,residual,fr,tier_1,transliteration,0.0479,0.0989,20,0
30,attn_out,fr,tier_1,transliteration,0.0097,0.0119,20,0
30,mlp_out,fr,tier_1,transliteration,0.0141,0.0809,20,0
31,residual,fr,tier_1,transliteration,0.0,0.0,20,0
31,attn_out,fr,tier_1,transliteration,0.0,0.0,20,0
31,mlp_out,fr,tier_1,transliteration,0.0,0.0,20,0
0,residual,zh,tier_1,transliteration,-1.1768,0.6064,20,0
0,attn_out,zh,tier_1,transliteration,-0.3107,0.3058,20,0
0,mlp_out,zh,tier_1,transliteration,-1.0417,0.5468,20,0
1,residual,zh,tier_1,transliteration,-0.8643,0.6625,20,0
1,attn_out,zh,tier_1,transliteration,-0.097,0.4255,20,0
1,mlp_out,zh,tier_1,transliteration,-0.4135,0.3832,20,0
2,residual,zh,tier_1,transliteration,-0.5409,0.4181,20,0
2,attn_out,zh,tier_1,transliteration,0.0113,0.1263,20,0
2,mlp_out,zh,tier_1,transliteration,-0.1739,0.452,20,0
3,residual,zh,tier_1,transliteration,-0.5139,0.3407,20,0
3,attn_out,zh,tier_1,transliteration,-0.0874,0.2506,20,0
3,mlp_out,zh,tier_1,transliteration,0.1022,0.1559,20,0
4,residual,zh,tier_1,transliteration,-0.4609,0.3391,20,0
4,attn_out,zh,tier_1,transliteration,-0.094,0.1301,20,0
4,mlp_out,zh,tier_1,transliteration,-0.2297,0.2986,20,0
5,residual,zh,tier_1,transliteration,-0.3117,0.2945,20,0
5,attn_out,zh,tier_1,transliteration,0.0654,0.0462,20,0
5,mlp_out,zh,tier_1,transliteration,-0.1124,0.1885,20,0
6,residual,zh,tier_1,transliteration,-0.2866,0.3765,20,0
6,attn_out,zh,tier_1,transliteration,-0.0416,0.1268,20,0
6,mlp_out,zh,tier_1,transliteration,-0.0658,0.183,20,0
7,residual,zh,tier_1,transliteration,-0.173,0.4249,20,0
7,attn_out,zh,tier_1,transliteration,-0.0061,0.2076,20,0
7,mlp_out,zh,tier_1,transliteration,-0.0396,0.1756,20,0
8,residual,zh,tier_1,transliteration,-0.1902,0.4215,20,0
8,attn_out,zh,tier_1,transliteration,0.0481,0.0657,20,0
8,mlp_out,zh,tier_1,transliteration,-0.0264,0.1132,20,0
9,residual,zh,tier_1,transliteration,-0.1281,0.4073,20,0
9,attn_out,zh,tier_1,transliteration,-0.0056,0.0801,20,0
9,mlp_out,zh,tier_1,transliteration,0.0857,0.1597,20,0
10,residual,zh,tier_1,transliteration,-0.2054,0.3936,20,0
10,attn_out,zh,tier_1,transliteration,-0.0126,0.1392,20,0
10,mlp_out,zh,tier_1,transliteration,0.1204,0.0808,20,0
11,residual,zh,tier_1,transliteration,-0.1729,0.4733,20,0
11,attn_out,zh,tier_1,transliteration,0.1001,0.1265,20,0
11,mlp_out,zh,tier_1,transliteration,0.1311,0.1298,20,0
12,residual,zh,tier_1,transliteration,-0.1425,0.3546,20,0
12,attn_out,zh,tier_1,transliteration,0.0106,0.057,20,0
12,mlp_out,zh,tier_1,transliteration,0.088,0.1829,20,0
13,residual,zh,tier_1,transliteration,-0.1113,0.299,20,0
13,attn_out,zh,tier_1,transliteration,0.0323,0.0619,20,0
13,mlp_out,zh,tier_1,transliteration,0.1147,0.1436,20,0
14,residual,zh,tier_1,transliteration,-0.1939,0.1341,20,0
14,attn_out,zh,tier_1,transliteration,0.053,0.0286,20,0
14,mlp_out,zh,tier_1,transliteration,0.0166,0.0485,20,0
15,residual,zh,tier_1,transliteration,-0.3007,0.1013,20,0
15,attn_out,zh,tier_1,transliteration,-0.009,0.0433,20,0
15,mlp_out,zh,tier_1,transliteration,-0.0304,0.104,20,0
16,residual,zh,tier_1,transliteration,-0.3989,0.1217,20,0
16,attn_out,zh,tier_1,transliteration,0.0595,0.0558,20,0
16,mlp_out,zh,tier_1,transliteration,0.0329,0.074,20,0
17,residual,zh,tier_1,transliteration,-0.0742,0.0913,20,0
17,attn_out,zh,tier_1,transliteration,0.0209,0.01,20,0
17,mlp_out,zh,tier_1,transliteration,0.0138,0.039,20,0
18,residual,zh,tier_1,transliteration,-0.131,0.0712,20,0
18,attn_out,zh,tier_1,transliteration,0.0093,0.0086,20,0
18,mlp_out,zh,tier_1,transliteration,0.0011,0.0205,20,0
19,residual,zh,tier_1,transliteration,-0.0869,0.0636,20,0
19,attn_out,zh,tier_1,transliteration,-0.0032,0.0311,20,0
19,mlp_out,zh,tier_1,transliteration,0.0452,0.1039,20,0
20,residual,zh,tier_1,transliteration,-0.08,0.0681,20,0
20,attn_out,zh,tier_1,transliteration,-0.0062,0.0227,20,0
20,mlp_out,zh,tier_1,transliteration,-0.0469,0.0357,20,0
21,residual,zh,tier_1,transliteration,-0.0682,0.056,20,0
21,attn_out,zh,tier_1,transliteration,-0.0003,0.0123,20,0
21,mlp_out,zh,tier_1,transliteration,0.0007,0.0224,20,0
22,residual,zh,tier_1,transliteration,-0.0666,0.0713,20,0
22,attn_out,zh,tier_1,transliteration,0.0099,0.0072,20,0
22,mlp_out,zh,tier_1,transliteration,-0.0083,0.0294,20,0
23,residual,zh,tier_1,transliteration,-0.0706,0.0648,20,0
23,attn_out,zh,tier_1,transliteration,-0.0001,0.003,20,0
23,mlp_out,zh,tier_1,transliteration,-0.0043,0.0126,20,0
24,residual,zh,tier_1,transliteration,-0.0616,0.0577,20,0
24,attn_out,zh,tier_1,transliteration,-0.0187,0.0255,20,0
24,mlp_out,zh,tier_1,transliteration,-0.0145,0.037,20,0
25,residual,zh,tier_1,transliteration,-0.0401,0.0575,20,0
25,attn_out,zh,tier_1,transliteration,-0.0089,0.0073,20,0
25,mlp_out,zh,tier_1,transliteration,-0.026,0.0486,20,0
26,residual,zh,tier_1,transliteration,-0.0579,0.0535,20,0
26,attn_out,zh,tier_1,transliteration,-0.0099,0.0209,20,0
26,mlp_out,zh,tier_1,transliteration,-0.0225,0.0221,20,0
27,residual,zh,tier_1,transliteration,-0.0622,0.0534,20,0
27,attn_out,zh,tier_1,transliteration,0.0263,0.0383,20,0
27,mlp_out,zh,tier_1,transliteration,-0.0067,0.0162,20,0
28,residual,zh,tier_1,transliteration,-0.0842,0.0557,20,0
28,attn_out,zh,tier_1,transliteration,-0.0098,0.0118,20,0
28,mlp_out,zh,tier_1,transliteration,-0.0302,0.0381,20,0
29,residual,zh,tier_1,transliteration,-0.0711,0.0455,20,0
29,attn_out,zh,tier_1,transliteration,-0.0203,0.0288,20,0
29,mlp_out,zh,tier_1,transliteration,-0.024,0.0417,20,0
30,residual,zh,tier_1,transliteration,-0.0115,0.0356,20,0
30,attn_out,zh,tier_1,transliteration,-0.0026,0.0142,20,0
30,mlp_out,zh,tier_1,transliteration,-0.0168,0.021,20,0
31,residual,zh,tier_1,transliteration,0.0,0.0,20,0
31,attn_out,zh,tier_1,transliteration,0.0,0.0,20,0
31,mlp_out,zh,tier_1,transliteration,0.0,0.0,20,0
0,residual,es,tier_1,transliteration,0.3685,0.6069,20,0
0,attn_out,es,tier_1,transliteration,0.1223,0.1576,20,0
0,mlp_out,es,tier_1,transliteration,0.1973,0.5338,20,0
1,residual,es,tier_1,transliteration,0.1738,0.583,20,0
1,attn_out,es,tier_1,transliteration,0.0329,0.2086,20,0
1,mlp_out,es,tier_1,transliteration,-0.0704,0.2436,20,0
2,residual,es,tier_1,transliteration,0.0737,0.5304,20,0
2,attn_out,es,tier_1,transliteration,-0.008,0.081,20,0
2,mlp_out,es,tier_1,transliteration,-0.0602,0.2889,20,0
3,residual,es,tier_1,transliteration,0.0277,0.5188,20,0
3,attn_out,es,tier_1,transliteration,0.2226,0.2911,20,0
3,mlp_out,es,tier_1,transliteration,-0.0504,0.4009,20,0
4,residual,es,tier_1,transliteration,-0.0038,0.5731,20,0
4,attn_out,es,tier_1,transliteration,-0.0028,0.0988,20,0
4,mlp_out,es,tier_1,transliteration,0.1865,0.5704,20,0
5,residual,es,tier_1,transliteration,-0.0226,0.6259,20,0
5,attn_out,es,tier_1,transliteration,0.0719,0.3162,20,0
5,mlp_out,es,tier_1,transliteration,-0.0294,0.3468,20,0
6,residual,es,tier_1,transliteration,0.0492,0.5893,20,0
6,attn_out,es,tier_1,transliteration,-0.0306,0.1154,20,0
6,mlp_out,es,tier_1,transliteration,0.0317,0.3002,20,0
7,residual,es,tier_1,transliteration,-0.1515,0.6854,20,0
7,attn_out,es,tier_1,transliteration,-0.0404,0.2144,20,0
7,mlp_out,es,tier_1,transliteration,0.0635,0.0608,20,0
8,residual,es,tier_1,transliteration,-0.2353,0.6755,20,0
8,attn_out,es,tier_1,transliteration,0.0103,0.103,20,0
8,mlp_out,es,tier_1,transliteration,-0.2001,0.2092,20,0
9,residual,es,tier_1,transliteration,-0.3213,0.5906,20,0
9,attn_out,es,tier_1,transliteration,0.0607,0.1418,20,0
9,mlp_out,es,tier_1,transliteration,0.0174,0.1095,20,0
10,residual,es,tier_1,transliteration,-0.3649,0.5476,20,0
10,attn_out,es,tier_1,transliteration,0.0738,0.1736,20,0
10,mlp_out,es,tier_1,transliteration,0.0813,0.2304,20,0
11,residual,es,tier_1,transliteration,-0.3147,0.4706,20,0
11,attn_out,es,tier_1,transliteration,-0.0384,0.1938,20,0
11,mlp_out,es,tier_1,transliteration,0.0711,0.2527,20,0
12,residual,es,tier_1,transliteration,-0.3515,0.4896,20,0
12,attn_out,es,tier_1,transliteration,0.0325,0.1267,20,0
12,mlp_out,es,tier_1,transliteration,0.1125,0.213,20,0
13,residual,es,tier_1,transliteration,-0.3367,0.5059,20,0
13,attn_out,es,tier_1,transliteration,0.0644,0.1812,20,0
13,mlp_out,es,tier_1,transliteration,0.1837,0.2597,20,0
14,residual,es,tier_1,transliteration,-0.438,0.4536,20,0
14,attn_out,es,tier_1,transliteration,-0.1313,0.1424,20,0
14,mlp_out,es,tier_1,transliteration,-0.2672,0.0509,20,0
15,residual,es,tier_1,transliteration,-0.4071,0.3772,20,0
15,attn_out,es,tier_1,transliteration,-0.0766,0.1969,20,0
15,mlp_out,es,tier_1,transliteration,-0.1541,0.2343,20,0
16,residual,es,tier_1,transliteration,-0.4636,0.3783,20,0
16,attn_out,es,tier_1,transliteration,0.0219,0.135,20,0
16,mlp_out,es,tier_1,transliteration,-0.184,0.0975,20,0
17,residual,es,tier_1,transliteration,-0.2463,0.2453,20,0
17,attn_out,es,tier_1,transliteration,0.0039,0.1017,20,0
17,mlp_out,es,tier_1,transliteration,-0.1309,0.0767,20,0
18,residual,es,tier_1,transliteration,-0.0766,0.2783,20,0
18,attn_out,es,tier_1,transliteration,0.033,0.0733,20,0
18,mlp_out,es,tier_1,transliteration,-0.0873,0.075,20,0
19,residual,es,tier_1,transliteration,0.0272,0.2442,20,0
19,attn_out,es,tier_1,transliteration,0.0237,0.0391,20,0
19,mlp_out,es,tier_1,transliteration,-0.0717,0.0356,20,0
20,residual,es,tier_1,transliteration,0.0381,0.2334,20,0
20,attn_out,es,tier_1,transliteration,-0.0046,0.0213,20,0
20,mlp_out,es,tier_1,transliteration,-0.0237,0.0782,20,0
21,residual,es,tier_1,transliteration,0.0332,0.2192,20,0
21,attn_out,es,tier_1,transliteration,0.0182,0.0726,20,0
21,mlp_out,es,tier_1,transliteration,-0.0892,0.1794,20,0
22,residual,es,tier_1,transliteration,0.0539,0.2493,20,0
22,attn_out,es,tier_1,transliteration,0.0219,0.0122,20,0
22,mlp_out,es,tier_1,transliteration,-0.0994,0.0968,20,0
23,residual,es,tier_1,transliteration,0.1015,0.3054,20,0
23,attn_out,es,tier_1,transliteration,0.0027,0.0545,20,0
23,mlp_out,es,tier_1,transliteration,-0.071,0.0791,20,0
24,residual,es,tier_1,transliteration,0.087,0.2699,20,0
24,attn_out,es,tier_1,transliteration,0.078,0.0692,20,0
24,mlp_out,es,tier_1,transliteration,-0.0177,0.0402,20,0
25,residual,es,tier_1,transliteration,0.0817,0.2687,20,0
25,attn_out,es,tier_1,transliteration,0.0534,0.0718,20,0
25,mlp_out,es,tier_1,transliteration,-0.0142,0.0659,20,0
26,residual,es,tier_1,transliteration,0.071,0.2647,20,0
26,attn_out,es,tier_1,transliteration,0.0227,0.0259,20,0
26,mlp_out,es,tier_1,transliteration,0.0363,0.0874,20,0
27,residual,es,tier_1,transliteration,0.0682,0.2639,20,0
27,attn_out,es,tier_1,transliteration,-0.002,0.0415,20,0
27,mlp_out,es,tier_1,transliteration,0.0245,0.099,20,0
28,residual,es,tier_1,transliteration,0.0909,0.2127,20,0
28,attn_out,es,tier_1,transliteration,0.024,0.038,20,0
28,mlp_out,es,tier_1,transliteration,0.071,0.0627,20,0
29,residual,es,tier_1,transliteration,0.0623,0.1255,20,0
29,attn_out,es,tier_1,transliteration,-0.0069,0.0289,20,0
29,mlp_out,es,tier_1,transliteration,-0.0666,0.0665,20,0
30,residual,es,tier_1,transliteration,0.0608,0.0846,20,0
30,attn_out,es,tier_1,transliteration,-0.0216,0.0155,20,0
30,mlp_out,es,tier_1,transliteration,0.0154,0.0496,20,0
31,residual,es,tier_1,transliteration,0.0,0.0,20,0
31,attn_out,es,tier_1,transliteration,0.0,0.0,20,0
31,mlp_out,es,tier_1,transliteration,0.0,0.0,20,0
0,residual,ar,tier_2,transliteration,-0.4329,0.7552,20,0
0,attn_out,ar,tier_2,transliteration,-0.0121,0.0549,20,0
0,mlp_out,ar,tier_2,transliteration,-0.5397,0.735,20,0
1,residual,ar,tier_2,transliteration,-0.1197,0.7806,20,0
1,attn_out,ar,tier_2,transliteration,0.0092,0.1801,20,0
1,mlp_out,ar,tier_2,transliteration,0.066,0.1013,20,0
2,residual,ar,tier_2,transliteration,-0.0764,0.6728,20,0
2,attn_out,ar,tier_2,transliteration,-0.0088,0.08,20,0
2,mlp_out,ar,tier_2,transliteration,-0.0106,0.2966,20,0
3,residual,ar,tier_2,transliteration,-0.177,0.6053,20,0
3,attn_out,ar,tier_2,transliteration,0.0555,0.0703,20,0
3,mlp_out,ar,tier_2,transliteration,-0.0063,0.1525,20,0
4,residual,ar,tier_2,transliteration,-0.179,0.5193,20,0
4,attn_out,ar,tier_2,transliteration,-0.0686,0.0632,20,0
4,mlp_out,ar,tier_2,transliteration,0.1183,0.1599,20,0
5,residual,ar,tier_2,transliteration,-0.2527,0.4617,20,0
5,attn_out,ar,tier_2,transliteration,-0.0759,0.0873,20,0
5,mlp_out,ar,tier_2,transliteration,0.0968,0.2247,20,0
6,residual,ar,tier_2,transliteration,-0.2532,0.5203,20,0
6,attn_out,ar,tier_2,transliteration,-0.055,0.1055,20,0
6,mlp_out,ar,tier_2,transliteration,-0.0335,0.048,20,0
7,residual,ar,tier_2,transliteration,-0.2634,0.3459,20,0
7,attn_out,ar,tier_2,transliteration,0.0808,0.0718,20,0
7,mlp_out,ar,tier_2,transliteration,-0.055,0.1734,20,0
8,residual,ar,tier_2,transliteration,-0.2635,0.3502,20,0
8,attn_out,ar,tier_2,transliteration,-0.0077,0.0637,20,0
8,mlp_out,ar,tier_2,transliteration,0.0868,0.0791,20,0
9,residual,ar,tier_2,transliteration,-0.1832,0.3507,20,0
9,attn_out,ar,tier_2,transliteration,-0.0188,0.032,20,0
9,mlp_out,ar,tier_2,transliteration,0.137,0.1026,20,0
10,residual,ar,tier_2,transliteration,-0.2314,0.3132,20,0
10,attn_out,ar,tier_2,transliteration,0.0324,0.0571,20,0
10,mlp_out,ar,tier_2,transliteration,-0.03,0.0735,20,0
11,residual,ar,tier_2,transliteration,-0.2268,0.2952,20,0
11,attn_out,ar,tier_2,transliteration,0.0768,0.0816,20,0
11,mlp_out,ar,tier_2,transliteration,-0.0141,0.1391,20,0
12,residual,ar,tier_2,transliteration,-0.1681,0.335,20,0
12,attn_out,ar,tier_2,transliteration,-0.0479,0.0372,20,0
12,mlp_out,ar,tier_2,transliteration,-0.0528,0.0794,20,0
13,residual,ar,tier_2,transliteration,-0.1368,0.3251,20,0
13,attn_out,ar,tier_2,transliteration,-0.0348,0.0396,20,0
13,mlp_out,ar,tier_2,transliteration,-0.0205,0.0865,20,0
14,residual,ar,tier_2,transliteration,-0.1486,0.4527,20,0
14,attn_out,ar,tier_2,transliteration,0.0021,0.0412,20,0
14,mlp_out,ar,tier_2,transliteration,-0.0859,0.1364,20,0
15,residual,ar,tier_2,transliteration,-0.1428,0.4531,20,0
15,attn_out,ar,tier_2,transliteration,-0.0339,0.0419,20,0
15,mlp_out,ar,tier_2,transliteration,-0.0452,0.0946,20,0
16,residual,ar,tier_2,transliteration,-0.0791,0.4254,20,0
16,attn_out,ar,tier_2,transliteration,-0.0089,0.0314,20,0
16,mlp_out,ar,tier_2,transliteration,0.0411,0.1846,20,0
17,residual,ar,tier_2,transliteration,0.0238,0.1676,20,0
17,attn_out,ar,tier_2,transliteration,-0.0104,0.0083,20,0
17,mlp_out,ar,tier_2,transliteration,0.0292,0.0252,20,0
18,residual,ar,tier_2,transliteration,0.0119,0.1309,20,0
18,attn_out,ar,tier_2,transliteration,0.0133,0.0155,20,0
18,mlp_out,ar,tier_2,transliteration,-0.0216,0.016,20,0
19,residual,ar,tier_2,transliteration,-0.0289,0.0741,20,0
19,attn_out,ar,tier_2,transliteration,-0.0038,0.0129,20,0
19,mlp_out,ar,tier_2,transliteration,-0.0067,0.0337,20,0
20,residual,ar,tier_2,transliteration,-0.0034,0.0227,20,0
20,attn_out,ar,tier_2,transliteration,0.0046,0.0156,20,0
20,mlp_out,ar,tier_2,transliteration,-0.0032,0.014,20,0
21,residual,ar,tier_2,transliteration,0.0019,0.017,20,0
21,attn_out,ar,tier_2,transliteration,-0.0052,0.0106,20,0
21,mlp_out,ar,tier_2,transliteration,-0.0138,0.0249,20,0
22,residual,ar,tier_2,transliteration,0.0136,0.0098,20,0
22,attn_out,ar,tier_2,transliteration,0.0006,0.011,20,0
22,mlp_out,ar,tier_2,transliteration,-0.0086,0.0181,20,0
23,residual,ar,tier_2,transliteration,0.0111,0.0147,20,0
23,attn_out,ar,tier_2,transliteration,0.0016,0.011,20,0
23,mlp_out,ar,tier_2,transliteration,0.0106,0.0178,20,0
24,residual,ar,tier_2,transliteration,0.0145,0.0098,20,0
24,attn_out,ar,tier_2,transliteration,-0.0051,0.0099,20,0
24,mlp_out,ar,tier_2,transliteration,-0.0166,0.0331,20,0
25,residual,ar,tier_2,transliteration,0.0076,0.0127,20,0
25,attn_out,ar,tier_2,transliteration,-0.0007,0.0039,20,0
25,mlp_out,ar,tier_2,transliteration,-0.0027,0.0115,20,0
26,residual,ar,tier_2,transliteration,-0.0052,0.0135,20,0
26,attn_out,ar,tier_2,transliteration,-0.0115,0.0156,20,0
26,mlp_out,ar,tier_2,transliteration,0.0031,0.0053,20,0
27,residual,ar,tier_2,transliteration,-0.0014,0.0147,20,0
27,attn_out,ar,tier_2,transliteration,0.0084,0.0085,20,0
27,mlp_out,ar,tier_2,transliteration,0.0056,0.007,20,0
28,residual,ar,tier_2,transliteration,-0.0039,0.0191,20,0
28,attn_out,ar,tier_2,transliteration,-0.0055,0.0116,20,0
28,mlp_out,ar,tier_2,transliteration,0.0008,0.0257,20,0
29,residual,ar,tier_2,transliteration,-0.0076,0.017,20,0
29,attn_out,ar,tier_2,transliteration,-0.01,0.0098,20,0
29,mlp_out,ar,tier_2,transliteration,-0.0001,0.0161,20,0
30,residual,ar,tier_2,transliteration,-0.0042,0.0117,20,0
30,attn_out,ar,tier_2,transliteration,-0.0059,0.0102,20,0
30,mlp_out,ar,tier_2,transliteration,-0.0016,0.0053,20,0
31,residual,ar,tier_2,transliteration,0.0,0.0,20,0
31,attn_out,ar,tier_2,transliteration,0.0,0.0,20,0
31,mlp_out,ar,tier_2,transliteration,0.0,0.0,20,0
0,residual,ru,tier_2,transliteration,0.0263,1.1443,20,0
0,attn_out,ru,tier_2,transliteration,-0.0466,0.152,20,0
0,mlp_out,ru,tier_2,transliteration,-0.1063,1.0205,20,0
1,residual,ru,tier_2,transliteration,-0.156,0.8961,20,0
1,attn_out,ru,tier_2,transliteration,0.1966,0.3303,20,0
1,mlp_out,ru,tier_2,transliteration,0.0195,0.1786,20,0
2,residual,ru,tier_2,transliteration,-0.1481,0.74,20,0
2,attn_out,ru,tier_2,transliteration,0.0799,0.3105,20,0
2,mlp_out,ru,tier_2,transliteration,0.0773,0.3108,20,0
3,residual,ru,tier_2,transliteration,-0.0807,0.7176,20,0
3,attn_out,ru,tier_2,transliteration,-0.076,0.1407,20,0
3,mlp_out,ru,tier_2,transliteration,0.0409,0.2389,20,0
4,residual,ru,tier_2,transliteration,0.0192,0.716,20,0
4,attn_out,ru,tier_2,transliteration,0.114,0.0625,20,0
4,mlp_out,ru,tier_2,transliteration,0.1643,0.3048,20,0
5,residual,ru,tier_2,transliteration,0.0338,0.759,20,0
5,attn_out,ru,tier_2,transliteration,-0.0628,0.2091,20,0
5,mlp_out,ru,tier_2,transliteration,-0.0223,0.279,20,0
6,residual,ru,tier_2,transliteration,0.0512,0.6218,20,0
6,attn_out,ru,tier_2,transliteration,0.0021,0.2925,20,0
6,mlp_out,ru,tier_2,transliteration,0.0047,0.1478,20,0
7,residual,ru,tier_2,transliteration,0.1603,0.4874,20,0
7,attn_out,ru,tier_2,transliteration,0.0498,0.3064,20,0
7,mlp_out,ru,tier_2,transliteration,0.0912,0.1331,20,0
8,residual,ru,tier_2,transliteration,0.1649,0.4858,20,0
8,attn_out,ru,tier_2,transliteration,-0.0127,0.0303,20,0
8,mlp_out,ru,tier_2,transliteration,-0.0431,0.274,20,0
9,residual,ru,tier_2,transliteration,0.1582,0.4752,20,0
9,attn_out,ru,tier_2,transliteration,0.0301,0.1834,20,0
9,mlp_out,ru,tier_2,transliteration,0.1881,0.2923,20,0
10,residual,ru,tier_2,transliteration,0.1687,0.4452,20,0
10,attn_out,ru,tier_2,transliteration,0.1219,0.2076,20,0
10,mlp_out,ru,tier_2,transliteration,0.1838,0.0546,20,0
11,residual,ru,tier_2,transliteration,0.233,0.3887,20,0
11,attn_out,ru,tier_2,transliteration,0.0472,0.1255,20,0
11,mlp_out,ru,tier_2,transliteration,0.3438,0.3188,20,0
12,residual,ru,tier_2,transliteration,0.3013,0.3258,20,0
12,attn_out,ru,tier_2,transliteration,-0.0098,0.181,20,0
12,mlp_out,ru,tier_2,transliteration,0.0864,0.1877,20,0
13,residual,ru,tier_2,transliteration,0.3116,0.2931,20,0
13,attn_out,ru,tier_2,transliteration,-0.021,0.2313,20,0
13,mlp_out,ru,tier_2,transliteration,0.0408,0.2043,20,0
14,residual,ru,tier_2,transliteration,0.3062,0.246,20,0
14,attn_out,ru,tier_2,transliteration,0.0078,0.1733,20,0
14,mlp_out,ru,tier_2,transliteration,0.0284,0.4665,20,0
15,residual,ru,tier_2,transliteration,0.1725,0.319,20,0
15,attn_out,ru,tier_2,transliteration,-0.0303,0.2572,20,0
15,mlp_out,ru,tier_2,transliteration,-0.052,0.2407,20,0
16,residual,ru,tier_2,transliteration,0.2983,0.3996,20,0
16,attn_out,ru,tier_2,transliteration,0.1239,0.0902,20,0
16,mlp_out,ru,tier_2,transliteration,0.0361,0.0791,20,0
17,residual,ru,tier_2,transliteration,0.3312,0.3325,20,0
17,attn_out,ru,tier_2,transliteration,0.047,0.0472,20,0
17,mlp_out,ru,tier_2,transliteration,0.0082,0.2062,20,0
18,residual,ru,tier_2,transliteration,0.3417,0.2777,20,0
18,attn_out,ru,tier_2,transliteration,0.1263,0.0961,20,0
18,mlp_out,ru,tier_2,transliteration,0.0637,0.1202,20,0
19,residual,ru,tier_2,transliteration,0.3408,0.3236,20,0
19,attn_out,ru,tier_2,transliteration,0.0437,0.0777,20,0
19,mlp_out,ru,tier_2,transliteration,0.1199,0.0992,20,0
20,residual,ru,tier_2,transliteration,0.296,0.2832,20,0
20,attn_out,ru,tier_2,transliteration,0.0251,0.0252,20,0
20,mlp_out,ru,tier_2,transliteration,0.0566,0.1352,20,0
21,residual,ru,tier_2,transliteration,0.2567,0.2478,20,0
21,attn_out,ru,tier_2,transliteration,0.0628,0.0469,20,0
21,mlp_out,ru,tier_2,transliteration,-0.0228,0.1323,20,0
22,residual,ru,tier_2,transliteration,0.2637,0.2555,20,0
22,attn_out,ru,tier_2,transliteration,0.0378,0.0385,20,0
22,mlp_out,ru,tier_2,transliteration,-0.0161,0.0561,20,0
23,residual,ru,tier_2,transliteration,0.2375,0.2364,20,0
23,attn_out,ru,tier_2,transliteration,0.041,0.0548,20,0
23,mlp_out,ru,tier_2,transliteration,-0.0435,0.0388,20,0
24,residual,ru,tier_2,transliteration,0.2135,0.2074,20,0
24,attn_out,ru,tier_2,transliteration,0.0437,0.0546,20,0
24,mlp_out,ru,tier_2,transliteration,-0.0133,0.0965,20,0
25,residual,ru,tier_2,transliteration,0.2137,0.207,20,0
25,attn_out,ru,tier_2,transliteration,-0.0172,0.038,20,0
25,mlp_out,ru,tier_2,transliteration,0.0868,0.1221,20,0
26,residual,ru,tier_2,transliteration,0.2162,0.1998,20,0
26,attn_out,ru,tier_2,transliteration,-0.0027,0.054,20,0
26,mlp_out,ru,tier_2,transliteration,0.1529,0.0992,20,0
27,residual,ru,tier_2,transliteration,0.2103,0.1858,20,0
27,attn_out,ru,tier_2,transliteration,0.0265,0.0396,20,0
27,mlp_out,ru,tier_2,transliteration,0.1417,0.1532,20,0
28,residual,ru,tier_2,transliteration,0.1591,0.1215,20,0
28,attn_out,ru,tier_2,transliteration,-0.0401,0.0339,20,0
28,mlp_out,ru,tier_2,transliteration,0.1413,0.0911,20,0
29,residual,ru,tier_2,transliteration,0.128,0.1374,20,0
29,attn_out,ru,tier_2,transliteration,-0.0141,0.0331,20,0
29,mlp_out,ru,tier_2,transliteration,-0.0303,0.0651,20,0
30,residual,ru,tier_2,transliteration,0.0942,0.0921,20,0
30,attn_out,ru,tier_2,transliteration,-0.0113,0.0143,20,0
30,mlp_out,ru,tier_2,transliteration,0.0558,0.0818,20,0
31,residual,ru,tier_2,transliteration,0.0,0.0,20,0
31,attn_out,ru,tier_2,transliteration,0.0,0.0,20,0
31,mlp_out,ru,tier_2,transliteration,0.0,0.0,20,0
0,residual,ko,tier_2,transliteration,-0.5017,0.6348,20,0
0,attn_out,ko,tier_2,transliteration,0.0058,0.2023,20,0
0,mlp_out,ko,tier_2,transliteration,-0.5408,0.701,20,0
1,residual,ko,tier_2,transliteration,-0.3543,0.3189,20,0
1,attn_out,ko,tier_2,transliteration,-0.1596,0.1138,20,0
1,mlp_out,ko,tier_2,transliteration,0.0192,0.1655,20,0
2,residual,ko,tier_2,transliteration,-0.2986,0.3164,20,0
2,attn_out,ko,tier_2,transliteration,-0.0225,0.0991,20,0
2,mlp_out,ko,tier_2,transliteration,-0.0763,0.1439,20,0
3,residual,ko,tier_2,transliteration,-0.3175,0.3776,20,0
3,attn_out,ko,tier_2,transliteration,-0.0257,0.1559,20,0
3,mlp_out,ko,tier_2,transliteration,0.1113,0.2099,20,0
4,residual,ko,tier_2,transliteration,-0.2647,0.4044,20,0
4,attn_out,ko,tier_2,transliteration,0.0203,0.1461,20,0
4,mlp_out,ko,tier_2,transliteration,0.0037,0.211,20,0
5,residual,ko,tier_2,transliteration,-0.2016,0.4313,20,0
5,attn_out,ko,tier_2,transliteration,0.0452,0.107,20,0
5,mlp_out,ko,tier_2,transliteration,0.029,0.1732,20,0
6,residual,ko,tier_2,transliteration,-0.2888,0.3491,20,0
6,attn_out,ko,tier_2,transliteration,0.1237,0.1206,20,0
6,mlp_out,ko,tier_2,transliteration,-0.1029,0.2931,20,0
7,residual,ko,tier_2,transliteration,-0.2814,0.3187,20,0
7,attn_out,ko,tier_2,transliteration,0.098,0.089,20,0
7,mlp_out,ko,tier_2,transliteration,-0.0116,0.1758,20,0
8,residual,ko,tier_2,transliteration,-0.2742,0.3584,20,0
8,attn_out,ko,tier_2,transliteration,0.1206,0.0527,20,0
8,mlp_out,ko,tier_2,transliteration,-0.0119,0.2677,20,0
9,residual,ko,tier_2,transliteration,-0.3488,0.358,20,0
9,attn_out,ko,tier_2,transliteration,0.0687,0.1409,20,0
9,mlp_out,ko,tier_2,transliteration,0.0429,0.1245,20,0
10,residual,ko,tier_2,transliteration,-0.3945,0.3489,20,0
10,attn_out,ko,tier_2,transliteration,0.0823,0.1092,20,0
10,mlp_out,ko,tier_2,transliteration,0.2511,0.1333,20,0
11,residual,ko,tier_2,transliteration,-0.5319,0.4141,20,0
11,attn_out,ko,tier_2,transliteration,-0.0503,0.1937,20,0
11,mlp_out,ko,tier_2,transliteration,-0.0119,0.192,20,0
12,residual,ko,tier_2,transliteration,-0.4238,0.4558,20,0
12,attn_out,ko,tier_2,transliteration,-0.0798,0.1245,20,0
12,mlp_out,ko,tier_2,transliteration,-0.0101,0.1256,20,0
13,residual,ko,tier_2,transliteration,-0.2797,0.4442,20,0
13,attn_out,ko,tier_2,transliteration,0.098,0.1618,20,0
13,mlp_out,ko,tier_2,transliteration,0.19,0.2329,20,0
14,residual,ko,tier_2,transliteration,-0.4986,0.4025,20,0
14,attn_out,ko,tier_2,transliteration,-0.0276,0.1534,20,0
14,mlp_out,ko,tier_2,transliteration,-0.1599,0.2032,20,0
15,residual,ko,tier_2,transliteration,-0.5039,0.441,20,0
15,attn_out,ko,tier_2,transliteration,-0.0921,0.0863,20,0
15,mlp_out,ko,tier_2,transliteration,-0.1842,0.1158,20,0
16,residual,ko,tier_2,transliteration,-0.6288,0.3967,20,0
16,attn_out,ko,tier_2,transliteration,0.0164,0.1019,20,0
16,mlp_out,ko,tier_2,transliteration,-0.2339,0.1926,20,0
17,residual,ko,tier_2,transliteration,-0.392,0.1691,20,0
17,attn_out,ko,tier_2,transliteration,0.0432,0.0793,20,0
17,mlp_out,ko,tier_2,transliteration,-0.1331,0.1054,20,0
18,residual,ko,tier_2,transliteration,-0.373,0.1617,20,0
18,attn_out,ko,tier_2,transliteration,-0.0459,0.0537,20,0
18,mlp_out,ko,tier_2,transliteration,-0.0541,0.1161,20,0
19,residual,ko,tier_2,transliteration,-0.197,0.1389,20,0
19,attn_out,ko,tier_2,transliteration,-0.021,0.0669,20,0
19,mlp_out,ko,tier_2,transliteration,-0.1132,0.076,20,0
20,residual,ko,tier_2,transliteration,-0.1562,0.1191,20,0
20,attn_out,ko,tier_2,transliteration,-0.0371,0.0346,20,0
20,mlp_out,ko,tier_2,transliteration,-0.0376,0.057,20,0
21,residual,ko,tier_2,transliteration,-0.1369,0.1228,20,0
21,attn_out,ko,tier_2,transliteration,0.0139,0.0182,20,0
21,mlp_out,ko,tier_2,transliteration,-0.0751,0.0372,20,0
22,residual,ko,tier_2,transliteration,-0.0939,0.1161,20,0
22,attn_out,ko,tier_2,transliteration,-0.0136,0.0215,20,0
22,mlp_out,ko,tier_2,transliteration,-0.0021,0.037,20,0
23,residual,ko,tier_2,transliteration,-0.0794,0.1167,20,0
23,attn_out,ko,tier_2,transliteration,-0.0325,0.0294,20,0
23,mlp_out,ko,tier_2,transliteration,-0.0648,0.0382,20,0
24,residual,ko,tier_2,transliteration,-0.0983,0.1254,20,0
24,attn_out,ko,tier_2,transliteration,-0.0239,0.0397,20,0
24,mlp_out,ko,tier_2,transliteration,-0.089,0.0556,20,0
25,residual,ko,tier_2,transliteration,-0.1254,0.1232,20,0
25,attn_out,ko,tier_2,transliteration,-0.0025,0.0331,20,0
25,mlp_out,ko,tier_2,transliteration,-0.0112,0.0332,20,0
26,residual,ko,tier_2,transliteration,-0.1851,0.1085,20,0
26,attn_out,ko,tier_2,transliteration,0.0002,0.0416,20,0
26,mlp_out,ko,tier_2,transliteration,-0.0295,0.0252,20,0
27,residual,ko,tier_2,transliteration,-0.1637,0.1221,20,0
27,attn_out,ko,tier_2,transliteration,0.0642,0.0152,20,0
27,mlp_out,ko,tier_2,transliteration,-0.0355,0.0677,20,0
28,residual,ko,tier_2,transliteration,-0.1265,0.1261,20,0
28,attn_out,ko,tier_2,transliteration,-0.0194,0.0352,20,0
28,mlp_out,ko,tier_2,transliteration,-0.0247,0.0501,20,0
29,residual,ko,tier_2,transliteration,-0.0293,0.0779,20,0
29,attn_out,ko,tier_2,transliteration,-0.0085,0.0194,20,0
29,mlp_out,ko,tier_2,transliteration,-0.0213,0.0545,20,0
30,residual,ko,tier_2,transliteration,0.0698,0.0418,20,0
30,attn_out,ko,tier_2,transliteration,-0.0174,0.016,20,0
30,mlp_out,ko,tier_2,transliteration,0.0586,0.0424,20,0
31,residual,ko,tier_2,transliteration,0.0,0.0,20,0
31,attn_out,ko,tier_2,transliteration,0.0,0.0,20,0
31,mlp_out,ko,tier_2,transliteration,0.0,0.0,20,0
0,residual,ja,tier_2,transliteration,-0.2032,0.6925,20,0
0,attn_out,ja,tier_2,transliteration,0.0135,0.2499,20,0
0,mlp_out,ja,tier_2,transliteration,-0.174,0.2618,20,0
1,residual,ja,tier_2,transliteration,-0.1978,0.4828,20,0
1,attn_out,ja,tier_2,transliteration,0.3307,0.1924,20,0
1,mlp_out,ja,tier_2,transliteration,0.0694,0.1408,20,0
2,residual,ja,tier_2,transliteration,-0.0568,0.5646,20,0
2,attn_out,ja,tier_2,transliteration,-0.0269,0.056,20,0
2,mlp_out,ja,tier_2,transliteration,0.2982,0.2004,20,0
3,residual,ja,tier_2,transliteration,-0.1245,0.5253,20,0
3,attn_out,ja,tier_2,transliteration,-0.0502,0.1412,20,0
3,mlp_out,ja,tier_2,transliteration,0.0826,0.178,20,0
4,residual,ja,tier_2,transliteration,-0.1578,0.5191,20,0
4,attn_out,ja,tier_2,transliteration,-0.0658,0.125,20,0
4,mlp_out,ja,tier_2,transliteration,0.1567,0.3528,20,0
5,residual,ja,tier_2,transliteration,-0.1542,0.4684,20,0
5,attn_out,ja,tier_2,transliteration,0.0547,0.1119,20,0
5,mlp_out,ja,tier_2,transliteration,-0.0781,0.1713,20,0
6,residual,ja,tier_2,transliteration,-0.1107,0.375,20,0
6,attn_out,ja,tier_2,transliteration,-0.1493,0.1406,20,0
6,mlp_out,ja,tier_2,transliteration,0.0623,0.2211,20,0
7,residual,ja,tier_2,transliteration,0.0034,0.2455,20,0
7,attn_out,ja,tier_2,transliteration,0.0762,0.1848,20,0
7,mlp_out,ja,tier_2,transliteration,0.1005,0.1387,20,0
8,residual,ja,tier_2,transliteration,0.0333,0.2646,20,0
8,attn_out,ja,tier_2,transliteration,-0.029,0.0889,20,0
8,mlp_out,ja,tier_2,transliteration,0.2379,0.2683,20,0
9,residual,ja,tier_2,transliteration,0.1308,0.2754,20,0
9,attn_out,ja,tier_2,transliteration,0.0113,0.0721,20,0
9,mlp_out,ja,tier_2,transliteration,0.0457,0.1977,20,0
10,residual,ja,tier_2,transliteration,0.1209,0.2206,20,0
10,attn_out,ja,tier_2,transliteration,0.1289,0.1034,20,0
10,mlp_out,ja,tier_2,transliteration,-0.1304,0.1477,20,0
11,residual,ja,tier_2,transliteration,0.1872,0.1928,20,0
11,attn_out,ja,tier_2,transliteration,-0.0561,0.0542,20,0
11,mlp_out,ja,tier_2,transliteration,0.1587,0.2881,20,0
12,residual,ja,tier_2,transliteration,0.2918,0.1137,20,0
12,attn_out,ja,tier_2,transliteration,0.0191,0.0959,20,0
12,mlp_out,ja,tier_2,transliteration,0.0786,0.0697,20,0
13,residual,ja,tier_2,transliteration,0.216,0.0664,20,0
13,attn_out,ja,tier_2,transliteration,-0.0842,0.0756,20,0
13,mlp_out,ja,tier_2,transliteration,0.0896,0.1532,20,0
14,residual,ja,tier_2,transliteration,0.2011,0.143,20,0
14,attn_out,ja,tier_2,transliteration,0.1149,0.0599,20,0
14,mlp_out,ja,tier_2,transliteration,-0.0547,0.1073,20,0
15,residual,ja,tier_2,transliteration,-0.0685,0.3143,20,0
15,attn_out,ja,tier_2,transliteration,0.0084,0.0777,20,0
15,mlp_out,ja,tier_2,transliteration,0.029,0.1536,20,0
16,residual,ja,tier_2,transliteration,-0.1566,0.3054,20,0
16,attn_out,ja,tier_2,transliteration,-0.0085,0.0751,20,0
16,mlp_out,ja,tier_2,transliteration,0.1149,0.0741,20,0
17,residual,ja,tier_2,transliteration,-0.049,0.114,20,0
17,attn_out,ja,tier_2,transliteration,0.0069,0.0242,20,0
17,mlp_out,ja,tier_2,transliteration,-0.0432,0.0395,20,0
18,residual,ja,tier_2,transliteration,-0.0228,0.1063,20,0
18,attn_out,ja,tier_2,transliteration,0.0593,0.0345,20,0
18,mlp_out,ja,tier_2,transliteration,0.0317,0.0297,20,0
19,residual,ja,tier_2,transliteration,-0.1112,0.0447,20,0
19,attn_out,ja,tier_2,transliteration,-0.0262,0.023,20,0
19,mlp_out,ja,tier_2,transliteration,-0.0365,0.0396,20,0
20,residual,ja,tier_2,transliteration,-0.0775,0.0828,20,0
20,attn_out,ja,tier_2,transliteration,0.0111,0.0372,20,0
20,mlp_out,ja,tier_2,transliteration,0.0106,0.0214,20,0
21,residual,ja,tier_2,transliteration,-0.0752,0.0843,20,0
21,attn_out,ja,tier_2,transliteration,0.0008,0.0116,20,0
21,mlp_out,ja,tier_2,transliteration,-0.023,0.0089,20,0
22,residual,ja,tier_2,transliteration,-0.0311,0.0323,20,0
22,attn_out,ja,tier_2,transliteration,0.0085,0.0099,20,0
22,mlp_out,ja,tier_2,transliteration,-0.0176,0.0391,20,0
23,residual,ja,tier_2,transliteration,-0.0414,0.0252,20,0
23,attn_out,ja,tier_2,transliteration,-0.0019,0.0044,20,0
23,mlp_out,ja,tier_2,transliteration,-0.0125,0.0379,20,0
24,residual,ja,tier_2,transliteration,0.0033,0.0216,20,0
24,attn_out,ja,tier_2,transliteration,0.0006,0.0228,20,0
24,mlp_out,ja,tier_2,transliteration,-0.0193,0.0298,20,0
25,residual,ja,tier_2,transliteration,0.0202,0.0475,20,0
25,attn_out,ja,tier_2,transliteration,0.009,0.015,20,0
25,mlp_out,ja,tier_2,transliteration,-0.0137,0.0191,20,0
26,residual,ja,tier_2,transliteration,0.0253,0.0486,20,0
26,attn_out,ja,tier_2,transliteration,0.008,0.0063,20,0
26,mlp_out,ja,tier_2,transliteration,-0.0072,0.0209,20,0
27,residual,ja,tier_2,transliteration,0.0033,0.0369,20,0
27,attn_out,ja,tier_2,transliteration,0.0146,0.0136,20,0
27,mlp_out,ja,tier_2,transliteration,-0.0222,0.0253,20,0
28,residual,ja,tier_2,transliteration,-0.0092,0.0291,20,0
28,attn_out,ja,tier_2,transliteration,0.0006,0.0057,20,0
28,mlp_out,ja,tier_2,transliteration,0.0064,0.0313,20,0
29,residual,ja,tier_2,transliteration,-0.0057,0.0232,20,0
29,attn_out,ja,tier_2,transliteration,-0.0039,0.0044,20,0
29,mlp_out,ja,tier_2,transliteration,-0.0265,0.0396,20,0
30,residual,ja,tier_2,transliteration,-0.0105,0.0421,20,0
30,attn_out,ja,tier_2,transliteration,-0.0039,0.0071,20,0
30,mlp_out,ja,tier_2,transliteration,-0.0126,0.0372,20,0
31,residual,ja,tier_2,transliteration,0.0,0.0,20,0
31,attn_out,ja,tier_2,transliteration,0.0,0.0,20,0
31,mlp_out,ja,tier_2,transliteration,0.0,0.0,20,0
0,residual,tr,tier_3,transliteration,-0.2624,0.561,20,0
0,attn_out,tr,tier_3,transliteration,-0.1099,0.3508,20,0
0,mlp_out,tr,tier_3,transliteration,-0.4099,0.4793,20,0
1,residual,tr,tier_3,transliteration,-0.3992,0.5511,20,0
1,attn_out,tr,tier_3,transliteration,-0.1372,0.1511,20,0
1,mlp_out,tr,tier_3,transliteration,-0.1564,0.2248,20,0
2,residual,tr,tier_3,transliteration,-0.6083,0.5844,20,0
2,attn_out,tr,tier_3,transliteration,-0.0186,0.0981,20,0
2,mlp_out,tr,tier_3,transliteration,0.0038,0.1843,20,0
3,residual,tr,tier_3,transliteration,-0.6985,0.5747,20,0
3,attn_out,tr,tier_3,transliteration,0.0408,0.2097,20,0
3,mlp_out,tr,tier_3,transliteration,-0.1,0.1047,20,0
4,residual,tr,tier_3,transliteration,-0.839,0.6012,20,0
4,attn_out,tr,tier_3,transliteration,0.0322,0.0599,20,0
4,mlp_out,tr,tier_3,transliteration,-0.1998,0.4169,20,0
5,residual,tr,tier_3,transliteration,-1.0204,0.6263,20,0
5,attn_out,tr,tier_3,transliteration,-0.2226,0.2326,20,0
5,mlp_out,tr,tier_3,transliteration,-0.08,0.3523,20,0
6,residual,tr,tier_3,transliteration,-1.0957,0.6097,20,0
6,attn_out,tr,tier_3,transliteration,0.0547,0.2815,20,0
6,mlp_out,tr,tier_3,transliteration,0.041,0.1717,20,0
7,residual,tr,tier_3,transliteration,-1.1972,0.4873,20,0
7,attn_out,tr,tier_3,transliteration,0.0102,0.266,20,0
7,mlp_out,tr,tier_3,transliteration,-0.056,0.2472,20,0
8,residual,tr,tier_3,transliteration,-1.2047,0.5009,20,0
8,attn_out,tr,tier_3,transliteration,-0.1198,0.1366,20,0
8,mlp_out,tr,tier_3,transliteration,-0.3118,0.2417,20,0
9,residual,tr,tier_3,transliteration,-1.2648,0.5046,20,0
9,attn_out,tr,tier_3,transliteration,0.0066,0.0921,20,0
9,mlp_out,tr,tier_3,transliteration,0.0489,0.1307,20,0
10,residual,tr,tier_3,transliteration,-1.2399,0.529,20,0
10,attn_out,tr,tier_3,transliteration,0.0105,0.0536,20,0
10,mlp_out,tr,tier_3,transliteration,-0.0092,0.3722,20,0
11,residual,tr,tier_3,transliteration,-1.2138,0.4677,20,0
11,attn_out,tr,tier_3,transliteration,-0.1004,0.2078,20,0
11,mlp_out,tr,tier_3,transliteration,-0.0046,0.1774,20,0
12,residual,tr,tier_3,transliteration,-1.154,0.5713,20,0
12,attn_out,tr,tier_3,transliteration,0.1101,0.0782,20,0
12,mlp_out,tr,tier_3,transliteration,-0.0673,0.2178,20,0
13,residual,tr,tier_3,transliteration,-1.0636,0.5349,20,0
13,attn_out,tr,tier_3,transliteration,-0.0746,0.1633,20,0
13,mlp_out,tr,tier_3,transliteration,0.0488,0.108,20,0
14,residual,tr,tier_3,transliteration,-1.1322,0.3551,20,0
14,attn_out,tr,tier_3,transliteration,-0.0608,0.1702,20,0
14,mlp_out,tr,tier_3,transliteration,-0.3919,0.2762,20,0
15,residual,tr,tier_3,transliteration,-1.1305,0.3142,20,0
15,attn_out,tr,tier_3,transliteration,-0.0403,0.0801,20,0
15,mlp_out,tr,tier_3,transliteration,-0.0869,0.2331,20,0
16,residual,tr,tier_3,transliteration,-1.1859,0.2445,20,0
16,attn_out,tr,tier_3,transliteration,-0.0537,0.0723,20,0
16,mlp_out,tr,tier_3,transliteration,-0.0725,0.2359,20,0
17,residual,tr,tier_3,transliteration,-0.7246,0.1781,20,0
17,attn_out,tr,tier_3,transliteration,-0.0324,0.0715,20,0
17,mlp_out,tr,tier_3,transliteration,-0.0785,0.1067,20,0
18,residual,tr,tier_3,transliteration,-0.5892,0.1442,20,0
18,attn_out,tr,tier_3,transliteration,-0.0886,0.0826,20,0
18,mlp_out,tr,tier_3,transliteration,0.0362,0.0689,20,0
19,residual,tr,tier_3,transliteration,-0.1859,0.1337,20,0
19,attn_out,tr,tier_3,transliteration,-0.0452,0.031,20,0
19,mlp_out,tr,tier_3,transliteration,-0.0221,0.0877,20,0
20,residual,tr,tier_3,transliteration,-0.1216,0.122,20,0
20,attn_out,tr,tier_3,transliteration,0.0121,0.0214,20,0
20,mlp_out,tr,tier_3,transliteration,-0.0425,0.0605,20,0
21,residual,tr,tier_3,transliteration,-0.0793,0.1124,20,0
21,attn_out,tr,tier_3,transliteration,0.0255,0.0292,20,0
21,mlp_out,tr,tier_3,transliteration,0.0072,0.0335,20,0
22,residual,tr,tier_3,transliteration,-0.0536,0.0843,20,0
22,attn_out,tr,tier_3,transliteration,-0.0051,0.0178,20,0
22,mlp_out,tr,tier_3,transliteration,-0.1111,0.0615,20,0
23,residual,tr,tier_3,transliteration,-0.0463,0.079,20,0
23,attn_out,tr,tier_3,transliteration,-0.0307,0.0435,20,0
23,mlp_out,tr,tier_3,transliteration,-0.0427,0.1074,20,0
24,residual,tr,tier_3,transliteration,-0.0751,0.0413,20,0
24,attn_out,tr,tier_3,transliteration,-0.0312,0.0252,20,0
24,mlp_out,tr,tier_3,transliteration,-0.0642,0.0791,20,0
25,residual,tr,tier_3,transliteration,-0.0621,0.0476,20,0
25,attn_out,tr,tier_3,transliteration,0.031,0.0448,20,0
25,mlp_out,tr,tier_3,transliteration,-0.0166,0.0308,20,0
26,residual,tr,tier_3,transliteration,-0.0637,0.0421,20,0
26,attn_out,tr,tier_3,transliteration,-0.0329,0.0169,20,0
26,mlp_out,tr,tier_3,transliteration,0.0469,0.0533,20,0
27,residual,tr,tier_3,transliteration,-0.0591,0.0551,20,0
27,attn_out,tr,tier_3,transliteration,0.01,0.0125,20,0
27,mlp_out,tr,tier_3,transliteration,-0.0869,0.0676,20,0
28,residual,tr,tier_3,transliteration,-0.0381,0.0507,20,0
28,attn_out,tr,tier_3,transliteration,0.0188,0.03,20,0
28,mlp_out,tr,tier_3,transliteration,-0.0239,0.0746,20,0
29,residual,tr,tier_3,transliteration,-0.0466,0.0796,20,0
29,attn_out,tr,tier_3,transliteration,-0.044,0.024,20,0
29,mlp_out,tr,tier_3,transliteration,-0.0984,0.0617,20,0
30,residual,tr,tier_3,transliteration,0.0349,0.1021,20,0
30,attn_out,tr,tier_3,transliteration,0.0021,0.0132,20,0
30,mlp_out,tr,tier_3,transliteration,-0.0094,0.0522,20,0
31,residual,tr,tier_3,transliteration,0.0,0.0,20,0
31,attn_out,tr,tier_3,transliteration,0.0,0.0,20,0
31,mlp_out,tr,tier_3,transliteration,0.0,0.0,20,0
0,residual,id,tier_3,transliteration,-0.2,0.3148,20,0
0,attn_out,id,tier_3,transliteration,-0.0239,0.2464,20,0
0,mlp_out,id,tier_3,transliteration,-0.1079,0.3527,20,0
1,residual,id,tier_3,transliteration,-0.1615,0.285,20,0
1,attn_out,id,tier_3,transliteration,-0.1276,0.2157,20,0
1,mlp_out,id,tier_3,transliteration,-0.0785,0.1042,20,0
2,residual,id,tier_3,transliteration,-0.2789,0.2545,20,0
2,attn_out,id,tier_3,transliteration,-0.0659,0.2277,20,0
2,mlp_out,id,tier_3,transliteration,-0.1258,0.0871,20,0
3,residual,id,tier_3,transliteration,-0.2986,0.2609,20,0
3,attn_out,id,tier_3,transliteration,-0.0308,0.1268,20,0
3,mlp_out,id,tier_3,transliteration,-0.194,0.1226,20,0
4,residual,id,tier_3,transliteration,-0.2627,0.3028,20,0
4,attn_out,id,tier_3,transliteration,-0.0059,0.0702,20,0
4,mlp_out,id,tier_3,transliteration,-0.2247,0.2167,20,0
5,residual,id,tier_3,transliteration,-0.2513,0.3398,20,0
5,attn_out,id,tier_3,transliteration,-0.0777,0.2297,20,0
5,mlp_out,id,tier_3,transliteration,-0.3499,0.1864,20,0
6,residual,id,tier_3,transliteration,-0.1077,0.3205,20,0
6,attn_out,id,tier_3,transliteration,-0.0772,0.136,20,0
6,mlp_out,id,tier_3,transliteration,-0.1723,0.2471,20,0
7,residual,id,tier_3,transliteration,-0.1378,0.332,20,0
7,attn_out,id,tier_3,transliteration,0.0657,0.1061,20,0
7,mlp_out,id,tier_3,transliteration,-0.0618,0.1872,20,0
8,residual,id,tier_3,transliteration,-0.2373,0.3386,20,0
8,attn_out,id,tier_3,transliteration,-0.0786,0.1149,20,0
8,mlp_out,id,tier_3,transliteration,0.0487,0.2091,20,0
9,residual,id,tier_3,transliteration,-0.1151,0.2961,20,0
9,attn_out,id,tier_3,transliteration,-0.0238,0.1028,20,0
9,mlp_out,id,tier_3,transliteration,0.1759,0.1291,20,0
10,residual,id,tier_3,transliteration,-0.0749,0.3039,20,0
10,attn_out,id,tier_3,transliteration,-0.0199,0.1456,20,0
10,mlp_out,id,tier_3,transliteration,0.2221,0.1609,20,0
11,residual,id,tier_3,transliteration,-0.1337,0.3037,20,0
11,attn_out,id,tier_3,transliteration,0.0265,0.0721,20,0
11,mlp_out,id,tier_3,transliteration,0.1263,0.1401,20,0
12,residual,id,tier_3,transliteration,-0.112,0.2916,20,0
12,attn_out,id,tier_3,transliteration,-0.0036,0.1289,20,0
12,mlp_out,id,tier_3,transliteration,-0.1037,0.0562,20,0
13,residual,id,tier_3,transliteration,-0.1018,0.2759,20,0
13,attn_out,id,tier_3,transliteration,0.0062,0.0949,20,0
13,mlp_out,id,tier_3,transliteration,-0.0933,0.1523,20,0
14,residual,id,tier_3,transliteration,-0.1277,0.2696,20,0
14,attn_out,id,tier_3,transliteration,0.0245,0.1627,20,0
14,mlp_out,id,tier_3,transliteration,-0.0511,0.1331,20,0
15,residual,id,tier_3,transliteration,-0.0585,0.2388,20,0
15,attn_out,id,tier_3,transliteration,0.0086,0.0778,20,0
15,mlp_out,id,tier_3,transliteration,-0.0102,0.102,20,0
16,residual,id,tier_3,transliteration,-0.0327,0.2552,20,0
16,attn_out,id,tier_3,transliteration,0.0158,0.0695,20,0
16,mlp_out,id,tier_3,transliteration,-0.0314,0.1133,20,0
17,residual,id,tier_3,transliteration,0.1908,0.1229,20,0
17,attn_out,id,tier_3,transliteration,0.0192,0.0397,20,0
17,mlp_out,id,tier_3,transliteration,0.0771,0.0928,20,0
18,residual,id,tier_3,transliteration,0.2054,0.1315,20,0
18,attn_out,id,tier_3,transliteration,0.0521,0.0722,20,0
18,mlp_out,id,tier_3,transliteration,0.0583,0.129,20,0
19,residual,id,tier_3,transliteration,0.2316,0.0888,20,0
19,attn_out,id,tier_3,transliteration,0.0475,0.0527,20,0
19,mlp_out,id,tier_3,transliteration,0.0147,0.1097,20,0
20,residual,id,tier_3,transliteration,0.1529,0.0976,20,0
20,attn_out,id,tier_3,transliteration,0.0413,0.043,20,0
20,mlp_out,id,tier_3,transliteration,0.1293,0.0972,20,0
21,residual,id,tier_3,transliteration,0.1562,0.0943,20,0
21,attn_out,id,tier_3,transliteration,-0.022,0.0418,20,0
21,mlp_out,id,tier_3,transliteration,-0.0931,0.1172,20,0
22,residual,id,tier_3,transliteration,0.1602,0.0948,20,0
22,attn_out,id,tier_3,transliteration,0.0258,0.0129,20,0
22,mlp_out,id,tier_3,transliteration,-0.0355,0.0416,20,0
23,residual,id,tier_3,transliteration,0.1524,0.0849,20,0
23,attn_out,id,tier_3,transliteration,0.0421,0.0633,20,0
23,mlp_out,id,tier_3,transliteration,-0.0778,0.0831,20,0
24,residual,id,tier_3,transliteration,0.1598,0.0844,20,0
24,attn_out,id,tier_3,transliteration,0.0108,0.0488,20,0
24,mlp_out,id,tier_3,transliteration,0.0126,0.0628,20,0
25,residual,id,tier_3,transliteration,0.162,0.0847,20,0
25,attn_out,id,tier_3,transliteration,0.0359,0.0213,20,0
25,mlp_out,id,tier_3,transliteration,0.0004,0.0844,20,0
26,residual,id,tier_3,transliteration,0.1533,0.0735,20,0
26,attn_out,id,tier_3,transliteration,0.0287,0.0162,20,0
26,mlp_out,id,tier_3,transliteration,0.1105,0.1033,20,0
27,residual,id,tier_3,transliteration,0.1372,0.0709,20,0
27,attn_out,id,tier_3,transliteration,0.0312,0.0428,20,0
27,mlp_out,id,tier_3,transliteration,0.0302,0.0453,20,0
28,residual,id,tier_3,transliteration,0.1284,0.0505,20,0
28,attn_out,id,tier_3,transliteration,-0.0133,0.016,20,0
28,mlp_out,id,tier_3,transliteration,0.0389,0.0881,20,0
29,residual,id,tier_3,transliteration,0.1493,0.0461,20,0
29,attn_out,id,tier_3,transliteration,-0.0189,0.0194,20,0
29,mlp_out,id,tier_3,transliteration,-0.0423,0.0239,20,0
30,residual,id,tier_3,transliteration,0.1138,0.0291,20,0
30,attn_out,id,tier_3,transliteration,-0.0137,0.0101,20,0
30,mlp_out,id,tier_3,transliteration,0.057,0.0389,20,0
31,residual,id,tier_3,transliteration,0.0,0.0,20,0
31,attn_out,id,tier_3,transliteration,0.0,0.0,20,0
31,mlp_out,id,tier_3,transliteration,0.0,0.0,20,0
0,residual,hi,tier_3,transliteration,-0.6764,0.5433,20,0
0,attn_out,hi,tier_3,transliteration,0.0021,0.0925,20,0
0,mlp_out,hi,tier_3,transliteration,-0.6154,0.5295,20,0
1,residual,hi,tier_3,transliteration,-0.61,0.6867,20,0
1,attn_out,hi,tier_3,transliteration,0.1429,0.2202,20,0
1,mlp_out,hi,tier_3,transliteration,0.035,0.2172,20,0
2,residual,hi,tier_3,transliteration,-0.5393,0.5745,20,0
2,attn_out,hi,tier_3,transliteration,0.125,0.1252,20,0
2,mlp_out,hi,tier_3,transliteration,0.2161,0.1381,20,0
3,residual,hi,tier_3,transliteration,-0.5958,0.5342,20,0
3,attn_out,hi,tier_3,transliteration,0.0236,0.0834,20,0
3,mlp_out,hi,tier_3,transliteration,0.0025,0.1361,20,0
4,residual,hi,tier_3,transliteration,-0.5766,0.4736,20,0
4,attn_out,hi,tier_3,transliteration,0.035,0.1633,20,0
4,mlp_out,hi,tier_3,transliteration,-0.0808,0.3058,20,0
5,residual,hi,tier_3,transliteration,-0.603,0.495,20,0
5,attn_out,hi,tier_3,transliteration,-0.1009,0.1584,20,0
5,mlp_out,hi,tier_3,transliteration,-0.0024,0.27,20,0
6,residual,hi,tier_3,transliteration,-0.4981,0.5158,20,0
6,attn_out,hi,tier_3,transliteration,-0.005,0.2587,20,0
6,mlp_out,hi,tier_3,transliteration,-0.2415,0.1768,20,0
7,residual,hi,tier_3,transliteration,-0.4016,0.3855,20,0
7,attn_out,hi,tier_3,transliteration,-0.0678,0.1542,20,0
7,mlp_out,hi,tier_3,transliteration,0.1418,0.1794,20,0
8,residual,hi,tier_3,transliteration,-0.3668,0.3421,20,0
8,attn_out,hi,tier_3,transliteration,0.0515,0.0197,20,0
8,mlp_out,hi,tier_3,transliteration,-0.2082,0.1888,20,0
9,residual,hi,tier_3,transliteration,-0.35,0.2972,20,0
9,attn_out,hi,tier_3,transliteration,0.0663,0.1509,20,0
9,mlp_out,hi,tier_3,transliteration,0.0596,0.1495,20,0
10,residual,hi,tier_3,transliteration,-0.3128,0.3037,20,0
10,attn_out,hi,tier_3,transliteration,-0.0426,0.1615,20,0
10,mlp_out,hi,tier_3,transliteration,0.0577,0.2538,20,0
11,residual,hi,tier_3,transliteration,-0.3322,0.2986,20,0
11,attn_out,hi,tier_3,transliteration,0.032,0.0898,20,0
11,mlp_out,hi,tier_3,transliteration,0.0089,0.1678,20,0
12,residual,hi,tier_3,transliteration,-0.2641,0.3096,20,0
12,attn_out,hi,tier_3,transliteration,-0.0317,0.0967,20,0
12,mlp_out,hi,tier_3,transliteration,0.1928,0.1063,20,0
13,residual,hi,tier_3,transliteration,-0.2423,0.3007,20,0
13,attn_out,hi,tier_3,transliteration,0.1085,0.0832,20,0
13,mlp_out,hi,tier_3,transliteration,0.1488,0.1326,20,0
14,residual,hi,tier_3,transliteration,-0.3732,0.3352,20,0
14,attn_out,hi,tier_3,transliteration,0.1247,0.0971,20,0
14,mlp_out,hi,tier_3,transliteration,-0.1549,0.1438,20,0
15,residual,hi,tier_3,transliteration,-0.4123,0.4164,20,0
15,attn_out,hi,tier_3,transliteration,-0.0176,0.0855,20,0
15,mlp_out,hi,tier_3,transliteration,0.0748,0.1789,20,0
16,residual,hi,tier_3,transliteration,-0.5137,0.4861,20,0
16,attn_out,hi,tier_3,transliteration,-0.0441,0.0655,20,0
16,mlp_out,hi,tier_3,transliteration,0.0556,0.1935,20,0
17,residual,hi,tier_3,transliteration,-0.2607,0.2366,20,0
17,attn_out,hi,tier_3,transliteration,-0.006,0.0519,20,0
17,mlp_out,hi,tier_3,transliteration,-0.0879,0.0879,20,0
18,residual,hi,tier_3,transliteration,-0.2206,0.2364,20,0
18,attn_out,hi,tier_3,transliteration,0.0122,0.062,20,0
18,mlp_out,hi,tier_3,transliteration,-0.0015,0.1153,20,0
19,residual,hi,tier_3,transliteration,-0.1233,0.1595,20,0
19,attn_out,hi,tier_3,transliteration,-0.0213,0.0531,20,0
19,mlp_out,hi,tier_3,transliteration,0.0037,0.0895,20,0
20,residual,hi,tier_3,transliteration,-0.1613,0.0893,20,0
20,attn_out,hi,tier_3,transliteration,0.0269,0.0753,20,0
20,mlp_out,hi,tier_3,transliteration,-0.0284,0.0952,20,0
21,residual,hi,tier_3,transliteration,-0.1333,0.1168,20,0
21,attn_out,hi,tier_3,transliteration,-0.0256,0.035,20,0
21,mlp_out,hi,tier_3,transliteration,-0.0456,0.1028,20,0
22,residual,hi,tier_3,transliteration,-0.0878,0.1465,20,0
22,attn_out,hi,tier_3,transliteration,0.0076,0.0365,20,0
22,mlp_out,hi,tier_3,transliteration,-0.0289,0.0456,20,0
23,residual,hi,tier_3,transliteration,-0.0865,0.1554,20,0
23,attn_out,hi,tier_3,transliteration,0.0411,0.0413,20,0
23,mlp_out,hi,tier_3,transliteration,0.1008,0.173,20,0
24,residual,hi,tier_3,transliteration,-0.0538,0.1409,20,0
24,attn_out,hi,tier_3,transliteration,-0.0271,0.0387,20,0
24,mlp_out,hi,tier_3,transliteration,-0.0417,0.0272,20,0
25,residual,hi,tier_3,transliteration,-0.0487,0.0888,20,0
25,attn_out,hi,tier_3,transliteration,0.005,0.0444,20,0
25,mlp_out,hi,tier_3,transliteration,-0.0093,0.0475,20,0
26,residual,hi,tier_3,transliteration,-0.0622,0.0828,20,0
26,attn_out,hi,tier_3,transliteration,-0.0015,0.0184,20,0
26,mlp_out,hi,tier_3,transliteration,0.0375,0.0773,20,0
27,residual,hi,tier_3,transliteration,-0.0531,0.0787,20,0
27,attn_out,hi,tier_3,transliteration,0.0335,0.0115,20,0
27,mlp_out,hi,tier_3,transliteration,-0.0177,0.0329,20,0
28,residual,hi,tier_3,transliteration,-0.0591,0.0727,20,0
28,attn_out,hi,tier_3,transliteration,-0.0017,0.0162,20,0
28,mlp_out,hi,tier_3,transliteration,0.0106,0.03,20,0
29,residual,hi,tier_3,transliteration,-0.0159,0.0929,20,0
29,attn_out,hi,tier_3,transliteration,-0.0278,0.0167,20,0
29,mlp_out,hi,tier_3,transliteration,-0.1433,0.1024,20,0
30,residual,hi,tier_3,transliteration,-0.0178,0.071,20,0
30,attn_out,hi,tier_3,transliteration,-0.0397,0.0202,20,0
30,mlp_out,hi,tier_3,transliteration,-0.0412,0.0601,20,0
31,residual,hi,tier_3,transliteration,0.0,0.0,20,0
31,attn_out,hi,tier_3,transliteration,0.0,0.0,20,0
31,mlp_out,hi,tier_3,transliteration,0.0,0.0,20,0
0,residual,sw,tier_3,transliteration,0.2028,0.2635,20,0
0,attn_out,sw,tier_3,transliteration,0.0877,0.1543,20,0
0,mlp_out,sw,tier_3,transliteration,0.2152,0.2858,20,0
1,residual,sw,tier_3,transliteration,0.2362,0.3178,20,0
1,attn_out,sw,tier_3,transliteration,-0.0506,0.2133,20,0
1,mlp_out,sw,tier_3,transliteration,0.1883,0.1806,20,0
2,residual,sw,tier_3,transliteration,0.1946,0.3534,20,0
2,attn_out,sw,tier_3,transliteration,0.0416,0.0989,20,0
2,mlp_out,sw,tier_3,transliteration,0.0376,0.2225,20,0
3,residual,sw,tier_3,transliteration,0.2088,0.3735,20,0
3,attn_out,sw,tier_3,transliteration,-0.0616,0.0361,20,0
3,mlp_out,sw,tier_3,transliteration,0.0894,0.1428,20,0
4,residual,sw,tier_3,transliteration,0.1831,0.3883,20,0
4,attn_out,sw,tier_3,transliteration,-0.032,0.0534,20,0
4,mlp_out,sw,tier_3,transliteration,0.0598,0.1449,20,0
5,residual,sw,tier_3,transliteration,0.0986,0.3546,20,0
5,attn_out,sw,tier_3,transliteration,-0.0984,0.0607,20,0
5,mlp_out,sw,tier_3,transliteration,0.0626,0.1298,20,0
6,residual,sw,tier_3,transliteration,0.048,0.3084,20,0
6,attn_out,sw,tier_3,transliteration,-0.0295,0.0557,20,0
6,mlp_out,sw,tier_3,transliteration,0.0525,0.0779,20,0
7,residual,sw,tier_3,transliteration,-0.033,0.2134,20,0
7,attn_out,sw,tier_3,transliteration,-0.0338,0.0531,20,0
7,mlp_out,sw,tier_3,transliteration,0.0481,0.0642,20,0
8,residual,sw,tier_3,transliteration,-0.0394,0.2003,20,0
8,attn_out,sw,tier_3,transliteration,-0.0133,0.0269,20,0
8,mlp_out,sw,tier_3,transliteration,0.0296,0.0807,20,0
9,residual,sw,tier_3,transliteration,0.0204,0.1136,20,0
9,attn_out,sw,tier_3,transliteration,0.0258,0.0338,20,0
9,mlp_out,sw,tier_3,transliteration,0.0387,0.0579,20,0
10,residual,sw,tier_3,transliteration,0.0632,0.0855,20,0
10,attn_out,sw,tier_3,transliteration,0.0067,0.0268,20,0
10,mlp_out,sw,tier_3,transliteration,0.0221,0.0596,20,0
11,residual,sw,tier_3,transliteration,0.0892,0.0837,20,0
11,attn_out,sw,tier_3,transliteration,0.0193,0.0165,20,0
11,mlp_out,sw,tier_3,transliteration,0.0201,0.0795,20,0
12,residual,sw,tier_3,transliteration,0.1112,0.1132,20,0
12,attn_out,sw,tier_3,transliteration,0.0026,0.0144,20,0
12,mlp_out,sw,tier_3,transliteration,0.0337,0.0605,20,0
13,residual,sw,tier_3,transliteration,0.1053,0.13,20,0
13,attn_out,sw,tier_3,transliteration,0.0116,0.0104,20,0
13,mlp_out,sw,tier_3,transliteration,0.0281,0.0629,20,0
14,residual,sw,tier_3,transliteration,0.0163,0.1552,20,0
14,attn_out,sw,tier_3,transliteration,0.0019,0.0193,20,0
14,mlp_out,sw,tier_3,transliteration,-0.0083,0.0284,20,0
15,residual,sw,tier_3,transliteration,-0.0693,0.1749,20,0
15,attn_out,sw,tier_3,transliteration,0.0036,0.0097,20,0
15,mlp_out,sw,tier_3,transliteration,-0.0173,0.0783,20,0
16,residual,sw,tier_3,transliteration,-0.0711,0.1561,20,0
16,attn_out,sw,tier_3,transliteration,-0.0096,0.0169,20,0
16,mlp_out,sw,tier_3,transliteration,0.0192,0.0564,20,0
17,residual,sw,tier_3,transliteration,-0.0074,0.0535,20,0
17,attn_out,sw,tier_3,transliteration,-0.0147,0.0086,20,0
17,mlp_out,sw,tier_3,transliteration,0.0085,0.0209,20,0
18,residual,sw,tier_3,transliteration,-0.0487,0.0712,20,0
18,attn_out,sw,tier_3,transliteration,-0.0041,0.0275,20,0
18,mlp_out,sw,tier_3,transliteration,-0.0062,0.0515,20,0
19,residual,sw,tier_3,transliteration,-0.0668,0.0673,20,0
19,attn_out,sw,tier_3,transliteration,-0.002,0.0023,20,0
19,mlp_out,sw,tier_3,transliteration,-0.0305,0.0359,20,0
20,residual,sw,tier_3,transliteration,0.0049,0.0664,20,0
20,attn_out,sw,tier_3,transliteration,-0.0063,0.0036,20,0
20,mlp_out,sw,tier_3,transliteration,0.0126,0.0062,20,0
21,residual,sw,tier_3,transliteration,0.0245,0.0557,20,0
21,attn_out,sw,tier_3,transliteration,0.0018,0.0032,20,0
21,mlp_out,sw,tier_3,transliteration,0.0274,0.0249,20,0
22,residual,sw,tier_3,transliteration,0.0194,0.0544,20,0
22,attn_out,sw,tier_3,transliteration,0.0024,0.0103,20,0
22,mlp_out,sw,tier_3,transliteration,0.0089,0.0068,20,0
23,residual,sw,tier_3,transliteration,0.0358,0.0242,20,0
23,attn_out,sw,tier_3,transliteration,0.0017,0.0035,20,0
23,mlp_out,sw,tier_3,transliteration,0.0114,0.0221,20,0
24,residual,sw,tier_3,transliteration,0.001,0.0145,20,0
24,attn_out,sw,tier_3,transliteration,0.0018,0.0045,20,0
24,mlp_out,sw,tier_3,transliteration,-0.0036,0.0076,20,0
25,residual,sw,tier_3,transliteration,-0.006,0.009,20,0
25,attn_out,sw,tier_3,transliteration,-0.0014,0.0028,20,0
25,mlp_out,sw,tier_3,transliteration,-0.0034,0.0036,20,0
26,residual,sw,tier_3,transliteration,-0.0029,0.0094,20,0
26,attn_out,sw,tier_3,transliteration,0.0017,0.0016,20,0
26,mlp_out,sw,tier_3,transliteration,-0.0029,0.0044,20,0
27,residual,sw,tier_3,transliteration,0.0006,0.0045,20,0
27,attn_out,sw,tier_3,transliteration,-0.0006,0.0035,20,0
27,mlp_out,sw,tier_3,transliteration,-0.0004,0.0063,20,0
28,residual,sw,tier_3,transliteration,-0.0037,0.0048,20,0
28,attn_out,sw,tier_3,transliteration,-0.0015,0.0027,20,0
28,mlp_out,sw,tier_3,transliteration,-0.0016,0.0011,20,0
29,residual,sw,tier_3,transliteration,-0.0042,0.0057,20,0
29,attn_out,sw,tier_3,transliteration,0.0004,0.0019,20,0
29,mlp_out,sw,tier_3,transliteration,-0.0006,0.0025,20,0
30,residual,sw,tier_3,transliteration,0.0006,0.0015,20,0
30,attn_out,sw,tier_3,transliteration,0.0004,0.0007,20,0
30,mlp_out,sw,tier_3,transliteration,-0.0002,0.0003,20,0
31,residual,sw,tier_3,transliteration,0.0,0.0,20,0
31,attn_out,sw,tier_3,transliteration,0.0,0.0,20,0
31,mlp_out,sw,tier_3,transliteration,0.0,0.0,20,0
0,residual,yo,tier_4,transliteration,-0.0217,0.4109,20,0
0,attn_out,yo,tier_4,transliteration,-0.004,0.0671,20,0
0,mlp_out,yo,tier_4,transliteration,-0.0334,0.4238,20,0
1,residual,yo,tier_4,transliteration,0.2692,0.8275,20,0
1,attn_out,yo,tier_4,transliteration,-0.0049,0.1031,20,0
1,mlp_out,yo,tier_4,transliteration,0.0368,0.0697,20,0
2,residual,yo,tier_4,transliteration,0.2173,0.8496,20,0
2,attn_out,yo,tier_4,transliteration,-0.0207,0.0404,20,0
2,mlp_out,yo,tier_4,transliteration,0.108,0.1469,20,0
3,residual,yo,tier_4,transliteration,0.1284,0.8285,20,0
3,attn_out,yo,tier_4,transliteration,-0.0578,0.0855,20,0
3,mlp_out,yo,tier_4,transliteration,0.2155,0.1877,20,0
4,residual,yo,tier_4,transliteration,0.1116,0.7582,20,0
4,attn_out,yo,tier_4,transliteration,0.0056,0.0513,20,0
4,mlp_out,yo,tier_4,transliteration,0.0161,0.086,20,0
5,residual,yo,tier_4,transliteration,-0.0343,0.6935,20,0
5,attn_out,yo,tier_4,transliteration,0.0269,0.0684,20,0
5,mlp_out,yo,tier_4,transliteration,0.0246,0.1166,20,0
6,residual,yo,tier_4,transliteration,-0.0532,0.6319,20,0
6,attn_out,yo,tier_4,transliteration,0.0288,0.0117,20,0
6,mlp_out,yo,tier_4,transliteration,0.0101,0.0815,20,0
7,residual,yo,tier_4,transliteration,-0.0113,0.3951,20,0
7,attn_out,yo,tier_4,transliteration,0.043,0.0318,20,0
7,mlp_out,yo,tier_4,transliteration,0.0188,0.048,20,0
8,residual,yo,tier_4,transliteration,0.0286,0.4093,20,0
8,attn_out,yo,tier_4,transliteration,-0.0389,0.0428,20,0
8,mlp_out,yo,tier_4,transliteration,0.0854,0.0807,20,0
9,residual,yo,tier_4,transliteration,0.1013,0.3664,20,0
9,attn_out,yo,tier_4,transliteration,0.0221,0.0466,20,0
9,mlp_out,yo,tier_4,transliteration,0.0989,0.015,20,0
10,residual,yo,tier_4,transliteration,0.0794,0.3371,20,0
10,attn_out,yo,tier_4,transliteration,0.0162,0.0061,20,0
10,mlp_out,yo,tier_4,transliteration,0.1168,0.0532,20,0
11,residual,yo,tier_4,transliteration,0.1076,0.2556,20,0
11,attn_out,yo,tier_4,transliteration,0.0564,0.0315,20,0
11,mlp_out,yo,tier_4,transliteration,0.1021,0.0151,20,0
12,residual,yo,tier_4,transliteration,-0.0385,0.1909,20,0
12,attn_out,yo,tier_4,transliteration,-0.0069,0.0181,20,0
12,mlp_out,yo,tier_4,transliteration,0.0345,0.0161,20,0
13,residual,yo,tier_4,transliteration,-0.0173,0.1846,20,0
13,attn_out,yo,tier_4,transliteration,-0.0013,0.0215,20,0
13,mlp_out,yo,tier_4,transliteration,0.0275,0.0086,20,0
14,residual,yo,tier_4,transliteration,-0.0748,0.1644,20,0
14,attn_out,yo,tier_4,transliteration,-0.006,0.0114,20,0
14,mlp_out,yo,tier_4,transliteration,-0.0086,0.0376,20,0
15,residual,yo,tier_4,transliteration,0.0031,0.2099,20,0
15,attn_out,yo,tier_4,transliteration,-0.0206,0.0164,20,0
15,mlp_out,yo,tier_4,transliteration,0.0078,0.012,20,0
16,residual,yo,tier_4,transliteration,0.0703,0.2536,20,0
16,attn_out,yo,tier_4,transliteration,-0.0158,0.0275,20,0
16,mlp_out,yo,tier_4,transliteration,0.0411,0.0267,20,0
17,residual,yo,tier_4,transliteration,0.0769,0.1272,20,0
17,attn_out,yo,tier_4,transliteration,-0.0012,0.0039,20,0
17,mlp_out,yo,tier_4,transliteration,0.0315,0.0578,20,0
18,residual,yo,tier_4,transliteration,0.031,0.0588,20,0
18,attn_out,yo,tier_4,transliteration,-0.0064,0.0158,20,0
18,mlp_out,yo,tier_4,transliteration,0.0045,0.0127,20,0
19,residual,yo,tier_4,transliteration,-0.0177,0.0454,20,0
19,attn_out,yo,tier_4,transliteration,-0.0026,0.0056,20,0
19,mlp_out,yo,tier_4,transliteration,0.0046,0.0153,20,0
20,residual,yo,tier_4,transliteration,-0.0055,0.0211,20,0
20,attn_out,yo,tier_4,transliteration,0.0023,0.006,20,0
20,mlp_out,yo,tier_4,transliteration,-0.0012,0.0138,20,0
21,residual,yo,tier_4,transliteration,-0.0014,0.0081,20,0
21,attn_out,yo,tier_4,transliteration,-0.0008,0.0044,20,0
21,mlp_out,yo,tier_4,transliteration,0.0134,0.0275,20,0
22,residual,yo,tier_4,transliteration,-0.0013,0.0121,20,0
22,attn_out,yo,tier_4,transliteration,-0.0058,0.0066,20,0
22,mlp_out,yo,tier_4,transliteration,0.0068,0.0136,20,0
23,residual,yo,tier_4,transliteration,0.0007,0.014,20,0
23,attn_out,yo,tier_4,transliteration,0.007,0.008,20,0
23,mlp_out,yo,tier_4,transliteration,0.0034,0.0044,20,0
24,residual,yo,tier_4,transliteration,0.0015,0.0077,20,0
24,attn_out,yo,tier_4,transliteration,-0.006,0.0084,20,0
24,mlp_out,yo,tier_4,transliteration,-0.0081,0.0139,20,0
25,residual,yo,tier_4,transliteration,-0.0053,0.0032,20,0
25,attn_out,yo,tier_4,transliteration,-0.0039,0.0072,20,0
25,mlp_out,yo,tier_4,transliteration,-0.0038,0.0072,20,0
26,residual,yo,tier_4,transliteration,-0.0015,0.0092,20,0
26,attn_out,yo,tier_4,transliteration,-0.0021,0.0016,20,0
26,mlp_out,yo,tier_4,transliteration,0.0106,0.0251,20,0
27,residual,yo,tier_4,transliteration,-0.0039,0.0047,20,0
27,attn_out,yo,tier_4,transliteration,0.0036,0.0114,20,0
27,mlp_out,yo,tier_4,transliteration,-0.0033,0.0065,20,0
28,residual,yo,tier_4,transliteration,-0.0021,0.0048,20,0
28,attn_out,yo,tier_4,transliteration,-0.0085,0.0115,20,0
28,mlp_out,yo,tier_4,transliteration,0.0042,0.0032,20,0
29,residual,yo,tier_4,transliteration,-0.0011,0.0167,20,0
29,attn_out,yo,tier_4,transliteration,-0.002,0.0012,20,0
29,mlp_out,yo,tier_4,transliteration,0.0097,0.0208,20,0
30,residual,yo,tier_4,transliteration,0.0065,0.0102,20,0
30,attn_out,yo,tier_4,transliteration,-0.0001,0.0006,20,0
30,mlp_out,yo,tier_4,transliteration,-0.0066,0.0125,20,0
31,residual,yo,tier_4,transliteration,0.0,0.0,20,0
31,attn_out,yo,tier_4,transliteration,0.0,0.0,20,0
31,mlp_out,yo,tier_4,transliteration,0.0,0.0,20,0
0,residual,zu,tier_4,transliteration,0.1745,0.2689,20,0
0,attn_out,zu,tier_4,transliteration,-0.0251,0.0657,20,0
0,mlp_out,zu,tier_4,transliteration,0.1377,0.2414,20,0
1,residual,zu,tier_4,transliteration,0.6161,0.4666,20,0
1,attn_out,zu,tier_4,transliteration,-0.0579,0.0774,20,0
1,mlp_out,zu,tier_4,transliteration,0.003,0.0884,20,0
2,residual,zu,tier_4,transliteration,0.6102,0.5671,20,0
2,attn_out,zu,tier_4,transliteration,0.0151,0.0871,20,0
2,mlp_out,zu,tier_4,transliteration,0.019,0.1586,20,0
3,residual,zu,tier_4,transliteration,0.5863,0.5469,20,0
3,attn_out,zu,tier_4,transliteration,-0.025,0.0592,20,0
3,mlp_out,zu,tier_4,transliteration,0.048,0.0903,20,0
4,residual,zu,tier_4,transliteration,0.6135,0.534,20,0
4,attn_out,zu,tier_4,transliteration,0.0622,0.0335,20,0
4,mlp_out,zu,tier_4,transliteration,0.1386,0.1614,20,0
5,residual,zu,tier_4,transliteration,0.5571,0.4841,20,0
5,attn_out,zu,tier_4,transliteration,-0.0173,0.0561,20,0
5,mlp_out,zu,tier_4,transliteration,0.1204,0.1709,20,0
6,residual,zu,tier_4,transliteration,0.6044,0.5677,20,0
6,attn_out,zu,tier_4,transliteration,0.0277,0.0464,20,0
6,mlp_out,zu,tier_4,transliteration,0.2098,0.0616,20,0
7,residual,zu,tier_4,transliteration,0.4274,0.4842,20,0
7,attn_out,zu,tier_4,transliteration,0.0283,0.0711,20,0
7,mlp_out,zu,tier_4,transliteration,0.0432,0.0797,20,0
8,residual,zu,tier_4,transliteration,0.3741,0.473,20,0
8,attn_out,zu,tier_4,transliteration,-0.0108,0.0294,20,0
8,mlp_out,zu,tier_4,transliteration,0.107,0.0663,20,0
9,residual,zu,tier_4,transliteration,0.3019,0.3437,20,0
9,attn_out,zu,tier_4,transliteration,0.0626,0.043,20,0
9,mlp_out,zu,tier_4,transliteration,0.0585,0.0558,20,0
10,residual,zu,tier_4,transliteration,0.2338,0.2504,20,0
10,attn_out,zu,tier_4,transliteration,0.0022,0.0171,20,0
10,mlp_out,zu,tier_4,transliteration,0.0958,0.0683,20,0
11,residual,zu,tier_4,transliteration,0.2027,0.2625,20,0
11,attn_out,zu,tier_4,transliteration,0.0233,0.0235,20,0
11,mlp_out,zu,tier_4,transliteration,0.0556,0.0911,20,0
12,residual,zu,tier_4,transliteration,0.1602,0.2247,20,0
12,attn_out,zu,tier_4,transliteration,0.0239,0.0278,20,0
12,mlp_out,zu,tier_4,transliteration,0.0927,0.0812,20,0
13,residual,zu,tier_4,transliteration,0.1268,0.1696,20,0
13,attn_out,zu,tier_4,transliteration,-0.0087,0.0111,20,0
13,mlp_out,zu,tier_4,transliteration,-0.0063,0.0582,20,0
14,residual,zu,tier_4,transliteration,0.104,0.1473,20,0
14,attn_out,zu,tier_4,transliteration,0.0033,0.0079,20,0
14,mlp_out,zu,tier_4,transliteration,0.0096,0.0577,20,0
15,residual,zu,tier_4,transliteration,0.0963,0.1623,20,0
15,attn_out,zu,tier_4,transliteration,0.0019,0.0154,20,0
15,mlp_out,zu,tier_4,transliteration,-0.0083,0.0473,20,0
16,residual,zu,tier_4,transliteration,0.1353,0.1695,20,0
16,attn_out,zu,tier_4,transliteration,0.0026,0.0156,20,0
16,mlp_out,zu,tier_4,transliteration,0.0088,0.0447,20,0
17,residual,zu,tier_4,transliteration,0.1198,0.0523,20,0
17,attn_out,zu,tier_4,transliteration,0.0037,0.0047,20,0
17,mlp_out,zu,tier_4,transliteration,0.0082,0.0162,20,0
18,residual,zu,tier_4,transliteration,0.0451,0.0256,20,0
18,attn_out,zu,tier_4,transliteration,0.0199,0.0123,20,0
18,mlp_out,zu,tier_4,transliteration,-0.012,0.0074,20,0
19,residual,zu,tier_4,transliteration,0.0007,0.0392,20,0
19,attn_out,zu,tier_4,transliteration,0.0082,0.0084,20,0
19,mlp_out,zu,tier_4,transliteration,-0.0068,0.0143,20,0
20,residual,zu,tier_4,transliteration,0.0445,0.0319,20,0
20,attn_out,zu,tier_4,transliteration,0.0023,0.0049,20,0
20,mlp_out,zu,tier_4,transliteration,0.0156,0.0129,20,0
21,residual,zu,tier_4,transliteration,0.0592,0.016,20,0
21,attn_out,zu,tier_4,transliteration,0.0017,0.006,20,0
21,mlp_out,zu,tier_4,transliteration,0.0261,0.0113,20,0
22,residual,zu,tier_4,transliteration,0.0516,0.0193,20,0
22,attn_out,zu,tier_4,transliteration,-0.0006,0.0049,20,0
22,mlp_out,zu,tier_4,transliteration,0.0057,0.0055,20,0
23,residual,zu,tier_4,transliteration,0.0444,0.0244,20,0
23,attn_out,zu,tier_4,transliteration,-0.0007,0.0025,20,0
23,mlp_out,zu,tier_4,transliteration,0.0095,0.005,20,0
24,residual,zu,tier_4,transliteration,0.0108,0.0144,20,0
24,attn_out,zu,tier_4,transliteration,0.0016,0.002,20,0
24,mlp_out,zu,tier_4,transliteration,0.0032,0.0064,20,0
25,residual,zu,tier_4,transliteration,0.0118,0.0124,20,0
25,attn_out,zu,tier_4,transliteration,0.0006,0.0046,20,0
25,mlp_out,zu,tier_4,transliteration,0.0014,0.0071,20,0
26,residual,zu,tier_4,transliteration,0.0093,0.0081,20,0
26,attn_out,zu,tier_4,transliteration,0.0053,0.0014,20,0
26,mlp_out,zu,tier_4,transliteration,0.0018,0.0031,20,0
27,residual,zu,tier_4,transliteration,0.0083,0.007,20,0
27,attn_out,zu,tier_4,transliteration,0.0017,0.0026,20,0
27,mlp_out,zu,tier_4,transliteration,0.0007,0.0028,20,0
28,residual,zu,tier_4,transliteration,0.011,0.0122,20,0
28,attn_out,zu,tier_4,transliteration,0.0003,0.0037,20,0
28,mlp_out,zu,tier_4,transliteration,0.006,0.0051,20,0
29,residual,zu,tier_4,transliteration,0.0012,0.002,20,0
29,attn_out,zu,tier_4,transliteration,0.0008,0.0019,20,0
29,mlp_out,zu,tier_4,transliteration,0.003,0.0022,20,0
30,residual,zu,tier_4,transliteration,0.0036,0.0018,20,0
30,attn_out,zu,tier_4,transliteration,0.0008,0.0013,20,0
30,mlp_out,zu,tier_4,transliteration,0.002,0.0009,20,0
31,residual,zu,tier_4,transliteration,0.0,0.0,20,0
31,attn_out,zu,tier_4,transliteration,0.0,0.0,20,0
31,mlp_out,zu,tier_4,transliteration,0.0,0.0,20,0
0,residual,gd,tier_4,transliteration,0.0303,0.2503,20,0
0,attn_out,gd,tier_4,transliteration,-0.0057,0.1215,20,0
0,mlp_out,gd,tier_4,transliteration,-0.1826,0.1702,20,0
1,residual,gd,tier_4,transliteration,0.1505,0.4482,20,0
1,attn_out,gd,tier_4,transliteration,-0.0722,0.0829,20,0
1,mlp_out,gd,tier_4,transliteration,0.0262,0.0315,20,0
2,residual,gd,tier_4,transliteration,0.0958,0.4481,20,0
2,attn_out,gd,tier_4,transliteration,-0.0289,0.0263,20,0
2,mlp_out,gd,tier_4,transliteration,-0.014,0.0738,20,0
3,residual,gd,tier_4,transliteration,0.0198,0.4049,20,0
3,attn_out,gd,tier_4,transliteration,0.0277,0.0617,20,0
3,mlp_out,gd,tier_4,transliteration,-0.0559,0.1198,20,0
4,residual,gd,tier_4,transliteration,0.0381,0.4176,20,0
4,attn_out,gd,tier_4,transliteration,-0.0202,0.017,20,0
4,mlp_out,gd,tier_4,transliteration,-0.0533,0.0416,20,0
5,residual,gd,tier_4,transliteration,0.0289,0.3681,20,0
5,attn_out,gd,tier_4,transliteration,0.0001,0.0354,20,0
5,mlp_out,gd,tier_4,transliteration,-0.0361,0.1029,20,0
6,residual,gd,tier_4,transliteration,0.0941,0.4161,20,0
6,attn_out,gd,tier_4,transliteration,0.0213,0.0515,20,0
6,mlp_out,gd,tier_4,transliteration,0.06,0.0441,20,0
7,residual,gd,tier_4,transliteration,0.0164,0.3331,20,0
7,attn_out,gd,tier_4,transliteration,0.0187,0.0241,20,0
7,mlp_out,gd,tier_4,transliteration,0.0245,0.0661,20,0
8,residual,gd,tier_4,transliteration,0.013,0.321,20,0
8,attn_out,gd,tier_4,transliteration,-0.0171,0.03,20,0
8,mlp_out,gd,tier_4,transliteration,0.0376,0.0815,20,0
9,residual,gd,tier_4,transliteration,-0.0442,0.2118,20,0
9,attn_out,gd,tier_4,transliteration,0.0456,0.0238,20,0
9,mlp_out,gd,tier_4,transliteration,0.0307,0.0303,20,0
10,residual,gd,tier_4,transliteration,-0.0465,0.147,20,0
10,attn_out,gd,tier_4,transliteration,-0.002,0.0125,20,0
10,mlp_out,gd,tier_4,transliteration,-0.0106,0.0254,20,0
11,residual,gd,tier_4,transliteration,-0.0743,0.1405,20,0
11,attn_out,gd,tier_4,transliteration,0.0238,0.0261,20,0
11,mlp_out,gd,tier_4,transliteration,0.0229,0.0266,20,0
12,residual,gd,tier_4,transliteration,-0.0644,0.1809,20,0
12,attn_out,gd,tier_4,transliteration,0.0007,0.0222,20,0
12,mlp_out,gd,tier_4,transliteration,0.0128,0.0258,20,0
13,residual,gd,tier_4,transliteration,-0.0608,0.1315,20,0
13,attn_out,gd,tier_4,transliteration,-0.003,0.0151,20,0
13,mlp_out,gd,tier_4,transliteration,-0.0242,0.0477,20,0
14,residual,gd,tier_4,transliteration,-0.1072,0.1123,20,0
14,attn_out,gd,tier_4,transliteration,-0.0072,0.0093,20,0
14,mlp_out,gd,tier_4,transliteration,0.0032,0.0102,20,0
15,residual,gd,tier_4,transliteration,-0.1449,0.0835,20,0
15,attn_out,gd,tier_4,transliteration,-0.0013,0.0058,20,0
15,mlp_out,gd,tier_4,transliteration,-0.0227,0.0134,20,0
16,residual,gd,tier_4,transliteration,-0.138,0.1441,20,0
16,attn_out,gd,tier_4,transliteration,-0.0058,0.0052,20,0
16,mlp_out,gd,tier_4,transliteration,-0.0218,0.0223,20,0
17,residual,gd,tier_4,transliteration,0.0056,0.0471,20,0
17,attn_out,gd,tier_4,transliteration,-0.0027,0.0102,20,0
17,mlp_out,gd,tier_4,transliteration,0.0011,0.0118,20,0
18,residual,gd,tier_4,transliteration,-0.0231,0.0496,20,0
18,attn_out,gd,tier_4,transliteration,-0.0024,0.0098,20,0
18,mlp_out,gd,tier_4,transliteration,0.0001,0.0232,20,0
19,residual,gd,tier_4,transliteration,-0.0239,0.0553,20,0
19,attn_out,gd,tier_4,transliteration,0.0001,0.0035,20,0
19,mlp_out,gd,tier_4,transliteration,-0.0065,0.0084,20,0
20,residual,gd,tier_4,transliteration,0.0311,0.0328,20,0
20,attn_out,gd,tier_4,transliteration,-0.0017,0.0018,20,0
20,mlp_out,gd,tier_4,transliteration,0.005,0.0052,20,0
21,residual,gd,tier_4,transliteration,0.0332,0.0338,20,0
21,attn_out,gd,tier_4,transliteration,-0.0005,0.0051,20,0
21,mlp_out,gd,tier_4,transliteration,0.0072,0.004,20,0
22,residual,gd,tier_4,transliteration,0.0108,0.0158,20,0
22,attn_out,gd,tier_4,transliteration,-0.0048,0.0024,20,0
22,mlp_out,gd,tier_4,transliteration,0.0022,0.0058,20,0
23,residual,gd,tier_4,transliteration,0.013,0.0172,20,0
23,attn_out,gd,tier_4,transliteration,-0.0003,0.0048,20,0
23,mlp_out,gd,tier_4,transliteration,0.0024,0.005,20,0
24,residual,gd,tier_4,transliteration,-0.0032,0.0094,20,0
24,attn_out,gd,tier_4,transliteration,-0.0001,0.0038,20,0
24,mlp_out,gd,tier_4,transliteration,0.0001,0.0043,20,0
25,residual,gd,tier_4,transliteration,-0.0028,0.0103,20,0
25,attn_out,gd,tier_4,transliteration,0.0004,0.0009,20,0
25,mlp_out,gd,tier_4,transliteration,-0.0017,0.0016,20,0
26,residual,gd,tier_4,transliteration,-0.0006,0.0093,20,0
26,attn_out,gd,tier_4,transliteration,0.0014,0.0013,20,0
26,mlp_out,gd,tier_4,transliteration,-0.0023,0.0018,20,0
27,residual,gd,tier_4,transliteration,0.0001,0.0057,20,0
27,attn_out,gd,tier_4,transliteration,0.0016,0.0013,20,0
27,mlp_out,gd,tier_4,transliteration,-0.0002,0.0027,20,0
28,residual,gd,tier_4,transliteration,-0.0002,0.0042,20,0
28,attn_out,gd,tier_4,transliteration,0.0021,0.0029,20,0
28,mlp_out,gd,tier_4,transliteration,0.0022,0.0041,20,0
29,residual,gd,tier_4,transliteration,-0.0014,0.0037,20,0
29,attn_out,gd,tier_4,transliteration,0.0005,0.0012,20,0
29,mlp_out,gd,tier_4,transliteration,0.0016,0.0032,20,0
30,residual,gd,tier_4,transliteration,0.0026,0.0011,20,0
30,attn_out,gd,tier_4,transliteration,-0.0002,0.0004,20,0
30,mlp_out,gd,tier_4,transliteration,0.0006,0.001,20,0
31,residual,gd,tier_4,transliteration,0.0,0.0,20,0
31,attn_out,gd,tier_4,transliteration,0.0,0.0,20,0
31,mlp_out,gd,tier_4,transliteration,0.0,0.0,20,0
0,residual,gn,tier_4,transliteration,-0.0856,0.2549,20,0
0,attn_out,gn,tier_4,transliteration,-0.0063,0.0877,20,0
0,mlp_out,gn,tier_4,transliteration,-0.015,0.1705,20,0
1,residual,gn,tier_4,transliteration,-0.0239,0.1968,20,0
1,attn_out,gn,tier_4,transliteration,-0.0571,0.1058,20,0
1,mlp_out,gn,tier_4,transliteration,0.0183,0.1437,20,0
2,residual,gn,tier_4,transliteration,-0.0401,0.1933,20,0
2,attn_out,gn,tier_4,transliteration,-0.0186,0.0262,20,0
2,mlp_out,gn,tier_4,transliteration,-0.0181,0.0434,20,0
3,residual,gn,tier_4,transliteration,-0.0095,0.1992,20,0
3,attn_out,gn,tier_4,transliteration,-0.0453,0.0332,20,0
3,mlp_out,gn,tier_4,transliteration,-0.0147,0.086,20,0
4,residual,gn,tier_4,transliteration,0.0165,0.208,20,0
4,attn_out,gn,tier_4,transliteration,0.0057,0.0286,20,0
4,mlp_out,gn,tier_4,transliteration,0.0291,0.1395,20,0
5,residual,gn,tier_4,transliteration,0.0209,0.1316,20,0
5,attn_out,gn,tier_4,transliteration,-0.0176,0.027,20,0
5,mlp_out,gn,tier_4,transliteration,0.0715,0.0644,20,0
6,residual,gn,tier_4,transliteration,0.023,0.1649,20,0
6,attn_out,gn,tier_4,transliteration,-0.0074,0.0124,20,0
6,mlp_out,gn,tier_4,transliteration,0.0934,0.1173,20,0
7,residual,gn,tier_4,transliteration,0.0096,0.1454,20,0
7,attn_out,gn,tier_4,transliteration,-0.0087,0.0993,20,0
7,mlp_out,gn,tier_4,transliteration,0.0405,0.0581,20,0
8,residual,gn,tier_4,transliteration,-0.007,0.1291,20,0
8,attn_out,gn,tier_4,transliteration,-0.0147,0.0517,20,0
8,mlp_out,gn,tier_4,transliteration,0.093,0.0958,20,0
9,residual,gn,tier_4,transliteration,-0.0779,0.1011,20,0
9,attn_out,gn,tier_4,transliteration,0.0379,0.017,20,0
9,mlp_out,gn,tier_4,transliteration,0.0167,0.039,20,0
10,residual,gn,tier_4,transliteration,-0.0841,0.1484,20,0
10,attn_out,gn,tier_4,transliteration,-0.0007,0.0225,20,0
10,mlp_out,gn,tier_4,transliteration,0.0266,0.0304,20,0
11,residual,gn,tier_4,transliteration,-0.1102,0.1516,20,0
11,attn_out,gn,tier_4,transliteration,0.0016,0.0478,20,0
11,mlp_out,gn,tier_4,transliteration,0.0099,0.0426,20,0
12,residual,gn,tier_4,transliteration,-0.1128,0.1534,20,0
12,attn_out,gn,tier_4,transliteration,0.0013,0.0185,20,0
12,mlp_out,gn,tier_4,transliteration,0.0476,0.052,20,0
13,residual,gn,tier_4,transliteration,-0.1345,0.1547,20,0
13,attn_out,gn,tier_4,transliteration,-0.0223,0.0175,20,0
13,mlp_out,gn,tier_4,transliteration,-0.0172,0.0448,20,0
14,residual,gn,tier_4,transliteration,-0.1761,0.1155,20,0
14,attn_out,gn,tier_4,transliteration,-0.0015,0.026,20,0
14,mlp_out,gn,tier_4,transliteration,-0.0175,0.0201,20,0
15,residual,gn,tier_4,transliteration,-0.2139,0.0881,20,0
15,attn_out,gn,tier_4,transliteration,0.0119,0.0049,20,0
15,mlp_out,gn,tier_4,transliteration,-0.0011,0.0258,20,0
16,residual,gn,tier_4,transliteration,-0.2056,0.1161,20,0
16,attn_out,gn,tier_4,transliteration,-0.0047,0.0165,20,0
16,mlp_out,gn,tier_4,transliteration,0.0105,0.0359,20,0
17,residual,gn,tier_4,transliteration,-0.1011,0.138,20,0
17,attn_out,gn,tier_4,transliteration,-0.0025,0.0023,20,0
17,mlp_out,gn,tier_4,transliteration,0.0057,0.0107,20,0
18,residual,gn,tier_4,transliteration,-0.0855,0.0961,20,0
18,attn_out,gn,tier_4,transliteration,-0.0008,0.0042,20,0
18,mlp_out,gn,tier_4,transliteration,0.0125,0.0145,20,0
19,residual,gn,tier_4,transliteration,-0.0792,0.1047,20,0
19,attn_out,gn,tier_4,transliteration,-0.0026,0.0027,20,0
19,mlp_out,gn,tier_4,transliteration,-0.0119,0.0026,20,0
20,residual,gn,tier_4,transliteration,-0.0263,0.0778,20,0
20,attn_out,gn,tier_4,transliteration,-0.0022,0.0062,20,0
20,mlp_out,gn,tier_4,transliteration,0.0052,0.007,20,0
21,residual,gn,tier_4,transliteration,-0.0174,0.0611,20,0
21,attn_out,gn,tier_4,transliteration,-0.0014,0.0029,20,0
21,mlp_out,gn,tier_4,transliteration,0.0055,0.0124,20,0
22,residual,gn,tier_4,transliteration,-0.0243,0.0568,20,0
22,attn_out,gn,tier_4,transliteration,-0.0004,0.0076,20,0
22,mlp_out,gn,tier_4,transliteration,-0.0048,0.0154,20,0
23,residual,gn,tier_4,transliteration,-0.0057,0.0172,20,0
23,attn_out,gn,tier_4,transliteration,-0.0015,0.0022,20,0
23,mlp_out,gn,tier_4,transliteration,-0.0069,0.0068,20,0
24,residual,gn,tier_4,transliteration,-0.0052,0.0101,20,0
24,attn_out,gn,tier_4,transliteration,0.0006,0.0097,20,0
24,mlp_out,gn,tier_4,transliteration,0.0047,0.0036,20,0
25,residual,gn,tier_4,transliteration,-0.0067,0.0051,20,0
25,attn_out,gn,tier_4,transliteration,-0.0048,0.004,20,0
25,mlp_out,gn,tier_4,transliteration,-0.0042,0.0032,20,0
26,residual,gn,tier_4,transliteration,-0.0062,0.0075,20,0
26,attn_out,gn,tier_4,transliteration,-0.0012,0.0026,20,0
26,mlp_out,gn,tier_4,transliteration,-0.0029,0.0057,20,0
27,residual,gn,tier_4,transliteration,-0.0069,0.007,20,0
27,attn_out,gn,tier_4,transliteration,-0.0016,0.0041,20,0
27,mlp_out,gn,tier_4,transliteration,-0.002,0.0048,20,0
28,residual,gn,tier_4,transliteration,-0.0026,0.0065,20,0
28,attn_out,gn,tier_4,transliteration,-0.0,0.002,20,0
28,mlp_out,gn,tier_4,transliteration,0.0008,0.0042,20,0
29,residual,gn,tier_4,transliteration,-0.0034,0.0052,20,0
29,attn_out,gn,tier_4,transliteration,0.001,0.003,20,0
29,mlp_out,gn,tier_4,transliteration,-0.0023,0.0024,20,0
30,residual,gn,tier_4,transliteration,0.0018,0.0012,20,0
30,attn_out,gn,tier_4,transliteration,0.0002,0.0005,20,0
30,mlp_out,gn,tier_4,transliteration,0.0004,0.0017,20,0
31,residual,gn,tier_4,transliteration,0.0,0.0,20,0
31,attn_out,gn,tier_4,transliteration,0.0,0.0,20,0
31,mlp_out,gn,tier_4,transliteration,0.0,0.0,20,0
0,residual,de,tier_1,code_switching,-0.1468,0.427,20,0
0,attn_out,de,tier_1,code_switching,-0.1154,0.4038,20,0
0,mlp_out,de,tier_1,code_switching,0.0292,0.3084,20,0
1,residual,de,tier_1,code_switching,-0.4066,0.6306,20,0
1,attn_out,de,tier_1,code_switching,-0.298,0.5496,20,0
1,mlp_out,de,tier_1,code_switching,-0.363,0.2754,20,0
2,residual,de,tier_1,code_switching,-0.4272,0.6795,20,0
2,attn_out,de,tier_1,code_switching,0.0622,0.3952,20,0
2,mlp_out,de,tier_1,code_switching,-0.0252,0.3692,20,0
3,residual,de,tier_1,code_switching,-0.5328,0.7667,20,0
3,attn_out,de,tier_1,code_switching,-0.2736,0.2815,20,0
3,mlp_out,de,tier_1,code_switching,0.2251,0.6419,20,0
4,residual,de,tier_1,code_switching,-0.4138,0.648,20,0
4,attn_out,de,tier_1,code_switching,-0.0615,0.1271,20,0
4,mlp_out,de,tier_1,code_switching,-0.2735,0.4038,20,0
5,residual,de,tier_1,code_switching,-0.6162,0.6462,20,0
5,attn_out,de,tier_1,code_switching,-0.3363,0.363,20,0
5,mlp_out,de,tier_1,code_switching,0.1216,0.576,20,0
6,residual,de,tier_1,code_switching,-0.8056,0.703,20,0
6,attn_out,de,tier_1,code_switching,-0.2327,0.2791,20,0
6,mlp_out,de,tier_1,code_switching,-0.4334,0.5038,20,0
7,residual,de,tier_1,code_switching,-1.0465,0.7863,20,0
7,attn_out,de,tier_1,code_switching,-0.1445,0.2292,20,0
7,mlp_out,de,tier_1,code_switching,0.0705,0.1556,20,0
8,residual,de,tier_1,code_switching,-1.0753,0.8052,20,0
8,attn_out,de,tier_1,code_switching,-0.0567,0.0819,20,0
8,mlp_out,de,tier_1,code_switching,-0.4031,0.4633,20,0
9,residual,de,tier_1,code_switching,-0.861,0.6691,20,0
9,attn_out,de,tier_1,code_switching,0.0535,0.2171,20,0
9,mlp_out,de,tier_1,code_switching,-0.0277,0.1801,20,0
10,residual,de,tier_1,code_switching,-0.8177,0.7174,20,0
10,attn_out,de,tier_1,code_switching,-0.063,0.0774,20,0
10,mlp_out,de,tier_1,code_switching,-0.1004,0.2363,20,0
11,residual,de,tier_1,code_switching,-0.8181,0.6888,20,0
11,attn_out,de,tier_1,code_switching,0.0034,0.0148,20,0
11,mlp_out,de,tier_1,code_switching,-0.1013,0.1585,20,0
12,residual,de,tier_1,code_switching,-0.5444,0.4986,20,0
12,attn_out,de,tier_1,code_switching,0.0185,0.024,20,0
12,mlp_out,de,tier_1,code_switching,-0.1689,0.2692,20,0
13,residual,de,tier_1,code_switching,-0.4782,0.4509,20,0
13,attn_out,de,tier_1,code_switching,0.0127,0.0212,20,0
13,mlp_out,de,tier_1,code_switching,-0.1595,0.2218,20,0
14,residual,de,tier_1,code_switching,-0.2727,0.2728,20,0
14,attn_out,de,tier_1,code_switching,0.0011,0.0386,20,0
14,mlp_out,de,tier_1,code_switching,-0.0485,0.1056,20,0
15,residual,de,tier_1,code_switching,-0.1975,0.2498,20,0
15,attn_out,de,tier_1,code_switching,0.0029,0.0192,20,0
15,mlp_out,de,tier_1,code_switching,-0.0613,0.043,20,0
16,residual,de,tier_1,code_switching,-0.1973,0.2629,20,0
16,attn_out,de,tier_1,code_switching,0.0256,0.0127,20,0
16,mlp_out,de,tier_1,code_switching,-0.0659,0.0648,20,0
17,residual,de,tier_1,code_switching,-0.0996,0.1288,20,0
17,attn_out,de,tier_1,code_switching,0.0025,0.0155,20,0
17,mlp_out,de,tier_1,code_switching,-0.0075,0.0503,20,0
18,residual,de,tier_1,code_switching,-0.0773,0.0905,20,0
18,attn_out,de,tier_1,code_switching,-0.0008,0.0076,20,0
18,mlp_out,de,tier_1,code_switching,-0.016,0.0192,20,0
19,residual,de,tier_1,code_switching,-0.0731,0.0997,20,0
19,attn_out,de,tier_1,code_switching,-0.0029,0.0065,20,0
19,mlp_out,de,tier_1,code_switching,-0.0437,0.0334,20,0
20,residual,de,tier_1,code_switching,-0.034,0.0854,20,0
20,attn_out,de,tier_1,code_switching,-0.0123,0.1157,20,0
20,mlp_out,de,tier_1,code_switching,0.0012,0.037,20,0
21,residual,de,tier_1,code_switching,-0.0169,0.1008,20,0
21,attn_out,de,tier_1,code_switching,-0.0057,0.0062,20,0
21,mlp_out,de,tier_1,code_switching,-0.0048,0.0306,20,0
22,residual,de,tier_1,code_switching,0.0016,0.0977,20,0
22,attn_out,de,tier_1,code_switching,-0.0024,0.0025,20,0
22,mlp_out,de,tier_1,code_switching,-0.0045,0.0189,20,0
23,residual,de,tier_1,code_switching,0.0001,0.0813,20,0
23,attn_out,de,tier_1,code_switching,-0.0028,0.0048,20,0
23,mlp_out,de,tier_1,code_switching,-0.0005,0.0163,20,0
24,residual,de,tier_1,code_switching,0.0064,0.0687,20,0
24,attn_out,de,tier_1,code_switching,-0.0058,0.0044,20,0
24,mlp_out,de,tier_1,code_switching,-0.0126,0.0077,20,0
25,residual,de,tier_1,code_switching,0.0167,0.0612,20,0
25,attn_out,de,tier_1,code_switching,-0.0015,0.0069,20,0
25,mlp_out,de,tier_1,code_switching,-0.0033,0.0122,20,0
26,residual,de,tier_1,code_switching,0.0225,0.0607,20,0
26,attn_out,de,tier_1,code_switching,0.0048,0.0051,20,0
26,mlp_out,de,tier_1,code_switching,0.0021,0.0171,20,0
27,residual,de,tier_1,code_switching,0.0023,0.0403,20,0
27,attn_out,de,tier_1,code_switching,-0.0024,0.0031,20,0
27,mlp_out,de,tier_1,code_switching,-0.0067,0.0038,20,0
28,residual,de,tier_1,code_switching,-0.0066,0.0248,20,0
28,attn_out,de,tier_1,code_switching,0.0021,0.0061,20,0
28,mlp_out,de,tier_1,code_switching,-0.0001,0.0123,20,0
29,residual,de,tier_1,code_switching,-0.0138,0.0154,20,0
29,attn_out,de,tier_1,code_switching,-0.0062,0.0019,20,0
29,mlp_out,de,tier_1,code_switching,-0.0015,0.0108,20,0
30,residual,de,tier_1,code_switching,-0.0219,0.0232,20,0
30,attn_out,de,tier_1,code_switching,0.001,0.0026,20,0
30,mlp_out,de,tier_1,code_switching,0.006,0.0044,20,0
31,residual,de,tier_1,code_switching,0.0,0.0,20,0
31,attn_out,de,tier_1,code_switching,0.0,0.0,20,0
31,mlp_out,de,tier_1,code_switching,0.0,0.0,20,0
0,residual,fr,tier_1,code_switching,-1.6868,1.7909,20,0
0,attn_out,fr,tier_1,code_switching,0.163,0.5277,20,0
0,mlp_out,fr,tier_1,code_switching,-1.478,1.553,20,0
1,residual,fr,tier_1,code_switching,-1.6543,1.9032,20,0
1,attn_out,fr,tier_1,code_switching,0.1501,0.2719,20,0
1,mlp_out,fr,tier_1,code_switching,-0.3312,0.2857,20,0
2,residual,fr,tier_1,code_switching,-1.7231,1.9204,20,0
2,attn_out,fr,tier_1,code_switching,-0.1254,0.1466,20,0
2,mlp_out,fr,tier_1,code_switching,-0.1426,0.5325,20,0
3,residual,fr,tier_1,code_switching,-1.6749,1.7125,20,0
3,attn_out,fr,tier_1,code_switching,0.0332,0.2337,20,0
3,mlp_out,fr,tier_1,code_switching,-0.0413,0.0624,20,0
4,residual,fr,tier_1,code_switching,-1.658,1.7087,20,0
4,attn_out,fr,tier_1,code_switching,-0.0429,0.1347,20,0
4,mlp_out,fr,tier_1,code_switching,-1.3846,1.4384,20,0
5,residual,fr,tier_1,code_switching,-1.681,1.6371,20,0
5,attn_out,fr,tier_1,code_switching,-0.5983,0.7276,20,0
5,mlp_out,fr,tier_1,code_switching,-0.9946,1.3735,20,0
6,residual,fr,tier_1,code_switching,-1.6891,1.6746,20,0
6,attn_out,fr,tier_1,code_switching,0.0347,0.1733,20,0
6,mlp_out,fr,tier_1,code_switching,-1.084,1.2,20,0
7,residual,fr,tier_1,code_switching,-1.5199,1.4298,20,0
7,attn_out,fr,tier_1,code_switching,-0.1991,0.4415,20,0
7,mlp_out,fr,tier_1,code_switching,-0.4821,0.4979,20,0
8,residual,fr,tier_1,code_switching,-1.493,1.4236,20,0
8,attn_out,fr,tier_1,code_switching,0.1035,0.0974,20,0
8,mlp_out,fr,tier_1,code_switching,-1.2897,1.4845,20,0
9,residual,fr,tier_1,code_switching,-1.279,1.2756,20,0
9,attn_out,fr,tier_1,code_switching,-0.2873,0.3305,20,0
9,mlp_out,fr,tier_1,code_switching,0.248,0.4102,20,0
10,residual,fr,tier_1,code_switching,-1.244,1.2726,20,0
10,attn_out,fr,tier_1,code_switching,0.0369,0.0952,20,0
10,mlp_out,fr,tier_1,code_switching,-0.4189,0.4615,20,0
11,residual,fr,tier_1,code_switching,-1.2876,1.2835,20,0
11,attn_out,fr,tier_1,code_switching,0.0306,0.0436,20,0
11,mlp_out,fr,tier_1,code_switching,-0.2871,0.2899,20,0
12,residual,fr,tier_1,code_switching,-1.1979,1.2133,20,0
12,attn_out,fr,tier_1,code_switching,0.0914,0.1193,20,0
12,mlp_out,fr,tier_1,code_switching,-0.0657,0.0595,20,0
13,residual,fr,tier_1,code_switching,-1.1132,1.1663,20,0
13,attn_out,fr,tier_1,code_switching,0.0075,0.0318,20,0
13,mlp_out,fr,tier_1,code_switching,-0.1136,0.111,20,0
14,residual,fr,tier_1,code_switching,-1.1045,1.1443,20,0
14,attn_out,fr,tier_1,code_switching,0.0539,0.0764,20,0
14,mlp_out,fr,tier_1,code_switching,-0.3888,0.5444,20,0
15,residual,fr,tier_1,code_switching,-1.0066,1.063,20,0
15,attn_out,fr,tier_1,code_switching,0.0151,0.0159,20,0
15,mlp_out,fr,tier_1,code_switching,-0.1829,0.1626,20,0
16,residual,fr,tier_1,code_switching,-0.9777,1.0208,20,0
16,attn_out,fr,tier_1,code_switching,0.0044,0.0253,20,0
16,mlp_out,fr,tier_1,code_switching,-0.1339,0.1276,20,0
17,residual,fr,tier_1,code_switching,-0.3005,0.2738,20,0
17,attn_out,fr,tier_1,code_switching,0.0018,0.0085,20,0
17,mlp_out,fr,tier_1,code_switching,-0.0185,0.0681,20,0
18,residual,fr,tier_1,code_switching,-0.1592,0.1743,20,0
18,attn_out,fr,tier_1,code_switching,0.0015,0.0114,20,0
18,mlp_out,fr,tier_1,code_switching,0.0062,0.0173,20,0
19,residual,fr,tier_1,code_switching,-0.0972,0.1356,20,0
19,attn_out,fr,tier_1,code_switching,-0.0051,0.0186,20,0
19,mlp_out,fr,tier_1,code_switching,0.0134,0.0065,20,0
20,residual,fr,tier_1,code_switching,-0.1133,0.1402,20,0
20,attn_out,fr,tier_1,code_switching,0.0011,0.0065,20,0
20,mlp_out,fr,tier_1,code_switching,-0.0113,0.0222,20,0
21,residual,fr,tier_1,code_switching,-0.127,0.1065,20,0
21,attn_out,fr,tier_1,code_switching,-0.0101,0.0103,20,0
21,mlp_out,fr,tier_1,code_switching,-0.0129,0.0116,20,0
22,residual,fr,tier_1,code_switching,-0.1406,0.1057,20,0
22,attn_out,fr,tier_1,code_switching,0.0017,0.006,20,0
22,mlp_out,fr,tier_1,code_switching,-0.0182,0.0138,20,0
23,residual,fr,tier_1,code_switching,-0.1381,0.1195,20,0
23,attn_out,fr,tier_1,code_switching,-0.002,0.0069,20,0
23,mlp_out,fr,tier_1,code_switching,-0.0078,0.0066,20,0
24,residual,fr,tier_1,code_switching,-0.0813,0.0631,20,0
24,attn_out,fr,tier_1,code_switching,-0.0034,0.0089,20,0
24,mlp_out,fr,tier_1,code_switching,-0.0082,0.0106,20,0
25,residual,fr,tier_1,code_switching,-0.0671,0.0593,20,0
25,attn_out,fr,tier_1,code_switching,-0.0008,0.0058,20,0
25,mlp_out,fr,tier_1,code_switching,-0.0029,0.0088,20,0
26,residual,fr,tier_1,code_switching,-0.0611,0.0557,20,0
26,attn_out,fr,tier_1,code_switching,-0.002,0.0037,20,0
26,mlp_out,fr,tier_1,code_switching,-0.0086,0.0326,20,0
27,residual,fr,tier_1,code_switching,-0.0517,0.0402,20,0
27,attn_out,fr,tier_1,code_switching,-0.0004,0.004,20,0
27,mlp_out,fr,tier_1,code_switching,-0.0053,0.0123,20,0
28,residual,fr,tier_1,code_switching,-0.0354,0.0286,20,0
28,attn_out,fr,tier_1,code_switching,-0.0027,0.0022,20,0
28,mlp_out,fr,tier_1,code_switching,0.0026,0.0101,20,0
29,residual,fr,tier_1,code_switching,-0.0361,0.0268,20,0
29,attn_out,fr,tier_1,code_switching,-0.0015,0.0017,20,0
29,mlp_out,fr,tier_1,code_switching,-0.0097,0.0073,20,0
30,residual,fr,tier_1,code_switching,-0.0187,0.0243,20,0
30,attn_out,fr,tier_1,code_switching,0.0002,0.0015,20,0
30,mlp_out,fr,tier_1,code_switching,-0.0027,0.0052,20,0
31,residual,fr,tier_1,code_switching,0.0,0.0,20,0
31,attn_out,fr,tier_1,code_switching,0.0,0.0,20,0
31,mlp_out,fr,tier_1,code_switching,0.0,0.0,20,0
0,residual,zh,tier_1,code_switching,0.2984,0.6049,20,0
0,attn_out,zh,tier_1,code_switching,0.133,0.3467,20,0
0,mlp_out,zh,tier_1,code_switching,0.3526,0.7333,20,0
1,residual,zh,tier_1,code_switching,0.1945,0.4035,20,0
1,attn_out,zh,tier_1,code_switching,-0.0114,0.3842,20,0
1,mlp_out,zh,tier_1,code_switching,0.0009,0.3861,20,0
2,residual,zh,tier_1,code_switching,0.0901,0.4326,20,0
2,attn_out,zh,tier_1,code_switching,-0.0188,0.3248,20,0
2,mlp_out,zh,tier_1,code_switching,-0.0418,0.2278,20,0
3,residual,zh,tier_1,code_switching,-0.1487,0.4066,20,0
3,attn_out,zh,tier_1,code_switching,-0.2535,0.2633,20,0
3,mlp_out,zh,tier_1,code_switching,0.1992,0.3096,20,0
4,residual,zh,tier_1,code_switching,-0.1689,0.3488,20,0
4,attn_out,zh,tier_1,code_switching,-0.0249,0.1005,20,0
4,mlp_out,zh,tier_1,code_switching,-0.0207,0.3445,20,0
5,residual,zh,tier_1,code_switching,-0.2085,0.6108,20,0
5,attn_out,zh,tier_1,code_switching,-0.2501,0.2506,20,0
5,mlp_out,zh,tier_1,code_switching,0.207,0.1441,20,0
6,residual,zh,tier_1,code_switching,-0.1555,0.5593,20,0
6,attn_out,zh,tier_1,code_switching,-0.0228,0.1166,20,0
6,mlp_out,zh,tier_1,code_switching,0.0645,0.3011,20,0
7,residual,zh,tier_1,code_switching,-0.2275,0.7241,20,0
7,attn_out,zh,tier_1,code_switching,-0.0863,0.202,20,0
7,mlp_out,zh,tier_1,code_switching,0.0568,0.3408,20,0
8,residual,zh,tier_1,code_switching,-0.2321,0.7144,20,0
8,attn_out,zh,tier_1,code_switching,0.0273,0.0494,20,0
8,mlp_out,zh,tier_1,code_switching,0.0747,0.1739,20,0
9,residual,zh,tier_1,code_switching,-0.1041,0.5985,20,0
9,attn_out,zh,tier_1,code_switching,-0.0337,0.0812,20,0
9,mlp_out,zh,tier_1,code_switching,0.152,0.1335,20,0
10,residual,zh,tier_1,code_switching,-0.0745,0.5964,20,0
10,attn_out,zh,tier_1,code_switching,-0.0812,0.0583,20,0
10,mlp_out,zh,tier_1,code_switching,0.1711,0.3425,20,0
11,residual,zh,tier_1,code_switching,-0.0172,0.5476,20,0
11,attn_out,zh,tier_1,code_switching,-0.0107,0.058,20,0
11,mlp_out,zh,tier_1,code_switching,-0.0125,0.0407,20,0
12,residual,zh,tier_1,code_switching,-0.0044,0.4058,20,0
12,attn_out,zh,tier_1,code_switching,0.0183,0.0412,20,0
12,mlp_out,zh,tier_1,code_switching,0.0833,0.1625,20,0
13,residual,zh,tier_1,code_switching,-0.007,0.4344,20,0
13,attn_out,zh,tier_1,code_switching,0.065,0.0526,20,0
13,mlp_out,zh,tier_1,code_switching,-0.0066,0.1652,20,0
14,residual,zh,tier_1,code_switching,-0.0115,0.3419,20,0
14,attn_out,zh,tier_1,code_switching,0.0355,0.027,20,0
14,mlp_out,zh,tier_1,code_switching,0.0657,0.2158,20,0
15,residual,zh,tier_1,code_switching,0.0442,0.305,20,0
15,attn_out,zh,tier_1,code_switching,-0.0006,0.0325,20,0
15,mlp_out,zh,tier_1,code_switching,0.0035,0.0803,20,0
16,residual,zh,tier_1,code_switching,0.069,0.3308,20,0
16,attn_out,zh,tier_1,code_switching,-0.0011,0.0072,20,0
16,mlp_out,zh,tier_1,code_switching,0.0389,0.046,20,0
17,residual,zh,tier_1,code_switching,0.1191,0.3523,20,0
17,attn_out,zh,tier_1,code_switching,0.001,0.0239,20,0
17,mlp_out,zh,tier_1,code_switching,0.0203,0.0549,20,0
18,residual,zh,tier_1,code_switching,0.1322,0.3445,20,0
18,attn_out,zh,tier_1,code_switching,0.0152,0.0079,20,0
18,mlp_out,zh,tier_1,code_switching,0.0717,0.1831,20,0
19,residual,zh,tier_1,code_switching,0.1617,0.3249,20,0
19,attn_out,zh,tier_1,code_switching,0.0004,0.0108,20,0
19,mlp_out,zh,tier_1,code_switching,0.0465,0.0293,20,0
20,residual,zh,tier_1,code_switching,0.1708,0.2528,20,0
20,attn_out,zh,tier_1,code_switching,0.0079,0.011,20,0
20,mlp_out,zh,tier_1,code_switching,0.0288,0.0155,20,0
21,residual,zh,tier_1,code_switching,0.1433,0.2603,20,0
21,attn_out,zh,tier_1,code_switching,-0.0042,0.0062,20,0
21,mlp_out,zh,tier_1,code_switching,0.027,0.0233,20,0
22,residual,zh,tier_1,code_switching,0.1522,0.2447,20,0
22,attn_out,zh,tier_1,code_switching,0.0031,0.0045,20,0
22,mlp_out,zh,tier_1,code_switching,0.0094,0.0264,20,0
23,residual,zh,tier_1,code_switching,0.1262,0.2471,20,0
23,attn_out,zh,tier_1,code_switching,0.0016,0.0051,20,0
23,mlp_out,zh,tier_1,code_switching,0.0138,0.0569,20,0
24,residual,zh,tier_1,code_switching,0.1494,0.2316,20,0
24,attn_out,zh,tier_1,code_switching,-0.0033,0.0081,20,0
24,mlp_out,zh,tier_1,code_switching,0.0092,0.0123,20,0
25,residual,zh,tier_1,code_switching,0.1578,0.2342,20,0
25,attn_out,zh,tier_1,code_switching,-0.0047,0.0134,20,0
25,mlp_out,zh,tier_1,code_switching,0.0124,0.0097,20,0
26,residual,zh,tier_1,code_switching,0.1586,0.2264,20,0
26,attn_out,zh,tier_1,code_switching,0.0123,0.0075,20,0
26,mlp_out,zh,tier_1,code_switching,0.0083,0.0256,20,0
27,residual,zh,tier_1,code_switching,0.0109,0.0205,20,0
27,attn_out,zh,tier_1,code_switching,0.0028,0.0011,20,0
27,mlp_out,zh,tier_1,code_switching,-0.0129,0.0143,20,0
28,residual,zh,tier_1,code_switching,0.0125,0.0126,20,0
28,attn_out,zh,tier_1,code_switching,-0.0009,0.0037,20,0
28,mlp_out,zh,tier_1,code_switching,0.001,0.0037,20,0
29,residual,zh,tier_1,code_switching,-0.0017,0.0052,20,0
29,attn_out,zh,tier_1,code_switching,-0.0016,0.0011,20,0
29,mlp_out,zh,tier_1,code_switching,-0.0027,0.0068,20,0
30,residual,zh,tier_1,code_switching,-0.0017,0.0057,20,0
30,attn_out,zh,tier_1,code_switching,0.0003,0.0008,20,0
30,mlp_out,zh,tier_1,code_switching,0.0004,0.0029,20,0
31,residual,zh,tier_1,code_switching,0.0,0.0,20,0
31,attn_out,zh,tier_1,code_switching,0.0,0.0,20,0
31,mlp_out,zh,tier_1,code_switching,0.0,0.0,20,0
0,residual,es,tier_1,code_switching,-1.1259,1.2934,20,0
0,attn_out,es,tier_1,code_switching,-0.7681,0.8904,20,0
0,mlp_out,es,tier_1,code_switching,-0.5124,0.6882,20,0
1,residual,es,tier_1,code_switching,-1.5383,1.942,20,0
1,attn_out,es,tier_1,code_switching,-0.5261,0.7023,20,0
1,mlp_out,es,tier_1,code_switching,-0.8111,0.8251,20,0
2,residual,es,tier_1,code_switching,-1.6074,2.1099,20,0
2,attn_out,es,tier_1,code_switching,-0.4407,0.4851,20,0
2,mlp_out,es,tier_1,code_switching,-0.4354,0.6716,20,0
3,residual,es,tier_1,code_switching,-1.4365,1.8213,20,0
3,attn_out,es,tier_1,code_switching,-0.5528,0.6684,20,0
3,mlp_out,es,tier_1,code_switching,-0.6383,0.8177,20,0
4,residual,es,tier_1,code_switching,-1.4384,1.8826,20,0
4,attn_out,es,tier_1,code_switching,0.033,0.1689,20,0
4,mlp_out,es,tier_1,code_switching,-0.6062,0.8112,20,0
5,residual,es,tier_1,code_switching,-2.064,2.6793,20,0
5,attn_out,es,tier_1,code_switching,-0.9364,1.1798,20,0
5,mlp_out,es,tier_1,code_switching,0.3467,0.4506,20,0
6,residual,es,tier_1,code_switching,-2.0882,2.7534,20,0
6,attn_out,es,tier_1,code_switching,-0.1573,0.2285,20,0
6,mlp_out,es,tier_1,code_switching,-0.7227,0.9267,20,0
7,residual,es,tier_1,code_switching,-2.5466,3.2525,20,0
7,attn_out,es,tier_1,code_switching,-0.1932,0.3709,20,0
7,mlp_out,es,tier_1,code_switching,-0.14,0.2682,20,0
8,residual,es,tier_1,code_switching,-2.4904,3.1944,20,0
8,attn_out,es,tier_1,code_switching,0.0247,0.0462,20,0
8,mlp_out,es,tier_1,code_switching,-1.1439,1.5055,20,0
9,residual,es,tier_1,code_switching,-1.8701,2.3547,20,0
9,attn_out,es,tier_1,code_switching,0.1433,0.1819,20,0
9,mlp_out,es,tier_1,code_switching,0.3854,0.4477,20,0
10,residual,es,tier_1,code_switching,-1.6423,2.0851,20,0
10,attn_out,es,tier_1,code_switching,-0.1179,0.143,20,0
10,mlp_out,es,tier_1,code_switching,-0.301,0.4216,20,0
11,residual,es,tier_1,code_switching,-1.6143,2.01,20,0
11,attn_out,es,tier_1,code_switching,0.0018,0.0758,20,0
11,mlp_out,es,tier_1,code_switching,-0.2799,0.3389,20,0
12,residual,es,tier_1,code_switching,-1.2753,1.595,20,0
12,attn_out,es,tier_1,code_switching,0.0864,0.1053,20,0
12,mlp_out,es,tier_1,code_switching,-0.1555,0.2286,20,0
13,residual,es,tier_1,code_switching,-1.1835,1.4737,20,0
13,attn_out,es,tier_1,code_switching,-0.0006,0.0696,20,0
13,mlp_out,es,tier_1,code_switching,-0.3247,0.4716,20,0
14,residual,es,tier_1,code_switching,-0.9218,1.1253,20,0
14,attn_out,es,tier_1,code_switching,-0.0037,0.0253,20,0
14,mlp_out,es,tier_1,code_switching,-0.1523,0.2822,20,0
15,residual,es,tier_1,code_switching,-0.7936,0.9495,20,0
15,attn_out,es,tier_1,code_switching,-0.0003,0.0106,20,0
15,mlp_out,es,tier_1,code_switching,-0.1134,0.1308,20,0
16,residual,es,tier_1,code_switching,-0.7273,0.8699,20,0
16,attn_out,es,tier_1,code_switching,0.0028,0.0238,20,0
16,mlp_out,es,tier_1,code_switching,-0.186,0.2187,20,0
17,residual,es,tier_1,code_switching,-0.2538,0.3094,20,0
17,attn_out,es,tier_1,code_switching,0.01,0.0203,20,0
17,mlp_out,es,tier_1,code_switching,-0.0242,0.0713,20,0
18,residual,es,tier_1,code_switching,-0.1411,0.1936,20,0
18,attn_out,es,tier_1,code_switching,0.0064,0.0135,20,0
18,mlp_out,es,tier_1,code_switching,-0.0473,0.0638,20,0
19,residual,es,tier_1,code_switching,-0.1178,0.1706,20,0
19,attn_out,es,tier_1,code_switching,-0.003,0.0111,20,0
19,mlp_out,es,tier_1,code_switching,-0.008,0.0197,20,0
20,residual,es,tier_1,code_switching,-0.0818,0.133,20,0
20,attn_out,es,tier_1,code_switching,0.0148,0.0227,20,0
20,mlp_out,es,tier_1,code_switching,-0.0196,0.0318,20,0
21,residual,es,tier_1,code_switching,-0.0722,0.1277,20,0
21,attn_out,es,tier_1,code_switching,-0.0063,0.0066,20,0
21,mlp_out,es,tier_1,code_switching,0.007,0.0163,20,0
22,residual,es,tier_1,code_switching,-0.0463,0.1333,20,0
22,attn_out,es,tier_1,code_switching,0.0008,0.0092,20,0
22,mlp_out,es,tier_1,code_switching,0.015,0.0602,20,0
23,residual,es,tier_1,code_switching,-0.0326,0.12,20,0
23,attn_out,es,tier_1,code_switching,0.0024,0.0084,20,0
23,mlp_out,es,tier_1,code_switching,-0.0014,0.0122,20,0
24,residual,es,tier_1,code_switching,0.055,0.1216,20,0
24,attn_out,es,tier_1,code_switching,0.002,0.0064,20,0
24,mlp_out,es,tier_1,code_switching,0.0038,0.0269,20,0
25,residual,es,tier_1,code_switching,0.0617,0.1225,20,0
25,attn_out,es,tier_1,code_switching,-0.0043,0.0031,20,0
25,mlp_out,es,tier_1,code_switching,0.0105,0.0228,20,0
26,residual,es,tier_1,code_switching,0.0619,0.1233,20,0
26,attn_out,es,tier_1,code_switching,0.012,0.0121,20,0
26,mlp_out,es,tier_1,code_switching,-0.0104,0.0312,20,0
27,residual,es,tier_1,code_switching,0.0002,0.0456,20,0
27,attn_out,es,tier_1,code_switching,0.0036,0.0038,20,0
27,mlp_out,es,tier_1,code_switching,-0.0059,0.0229,20,0
28,residual,es,tier_1,code_switching,-0.0084,0.0318,20,0
28,attn_out,es,tier_1,code_switching,0.0023,0.002,20,0
28,mlp_out,es,tier_1,code_switching,0.0035,0.0078,20,0
29,residual,es,tier_1,code_switching,-0.0176,0.0232,20,0
29,attn_out,es,tier_1,code_switching,0.0016,0.0033,20,0
29,mlp_out,es,tier_1,code_switching,-0.0033,0.0065,20,0
30,residual,es,tier_1,code_switching,-0.0219,0.0224,20,0
30,attn_out,es,tier_1,code_switching,0.0006,0.0014,20,0
30,mlp_out,es,tier_1,code_switching,0.0039,0.0066,20,0
31,residual,es,tier_1,code_switching,0.0,0.0,20,0
31,attn_out,es,tier_1,code_switching,0.0,0.0,20,0
31,mlp_out,es,tier_1,code_switching,0.0,0.0,20,0
0,residual,ar,tier_2,code_switching,-0.8993,0.6358,20,0
0,attn_out,ar,tier_2,code_switching,0.4405,1.4914,20,0
0,mlp_out,ar,tier_2,code_switching,-0.2345,0.4266,20,0
1,residual,ar,tier_2,code_switching,-0.9646,0.8947,20,0
1,attn_out,ar,tier_2,code_switching,-0.202,0.1373,20,0
1,mlp_out,ar,tier_2,code_switching,-0.5037,0.2554,20,0
2,residual,ar,tier_2,code_switching,-1.2254,1.344,20,0
2,attn_out,ar,tier_2,code_switching,-0.1226,0.123,20,0
2,mlp_out,ar,tier_2,code_switching,-0.0983,0.1134,20,0
3,residual,ar,tier_2,code_switching,-1.2841,1.443,20,0
3,attn_out,ar,tier_2,code_switching,-0.0189,0.1966,20,0
3,mlp_out,ar,tier_2,code_switching,0.2376,0.3354,20,0
4,residual,ar,tier_2,code_switching,-1.2711,1.4532,20,0
4,attn_out,ar,tier_2,code_switching,0.0429,0.0525,20,0
4,mlp_out,ar,tier_2,code_switching,-0.2122,0.1168,20,0
5,residual,ar,tier_2,code_switching,-1.2194,1.6179,20,0
5,attn_out,ar,tier_2,code_switching,-0.2431,0.2968,20,0
5,mlp_out,ar,tier_2,code_switching,0.4036,0.4492,20,0
6,residual,ar,tier_2,code_switching,-1.3683,1.5581,20,0
6,attn_out,ar,tier_2,code_switching,-0.0999,0.0754,20,0
6,mlp_out,ar,tier_2,code_switching,0.0364,0.216,20,0
7,residual,ar,tier_2,code_switching,-1.4446,1.5059,20,0
7,attn_out,ar,tier_2,code_switching,-0.1601,0.1407,20,0
7,mlp_out,ar,tier_2,code_switching,-0.0245,0.192,20,0
8,residual,ar,tier_2,code_switching,-1.4626,1.4788,20,0
8,attn_out,ar,tier_2,code_switching,-0.0192,0.0251,20,0
8,mlp_out,ar,tier_2,code_switching,-0.26,0.2904,20,0
9,residual,ar,tier_2,code_switching,-1.2312,1.0957,20,0
9,attn_out,ar,tier_2,code_switching,0.0133,0.0913,20,0
9,mlp_out,ar,tier_2,code_switching,0.0608,0.1043,20,0
10,residual,ar,tier_2,code_switching,-1.0522,0.8117,20,0
10,attn_out,ar,tier_2,code_switching,0.0148,0.0668,20,0
10,mlp_out,ar,tier_2,code_switching,-0.0811,0.1854,20,0
11,residual,ar,tier_2,code_switching,-1.0353,0.6973,20,0
11,attn_out,ar,tier_2,code_switching,-0.0914,0.0746,20,0
11,mlp_out,ar,tier_2,code_switching,-0.0528,0.0631,20,0
12,residual,ar,tier_2,code_switching,-0.7352,0.5118,20,0
12,attn_out,ar,tier_2,code_switching,0.0238,0.0616,20,0
12,mlp_out,ar,tier_2,code_switching,-0.218,0.1785,20,0
13,residual,ar,tier_2,code_switching,-0.5847,0.4412,20,0
13,attn_out,ar,tier_2,code_switching,-0.0044,0.0146,20,0
13,mlp_out,ar,tier_2,code_switching,-0.058,0.1073,20,0
14,residual,ar,tier_2,code_switching,-0.4822,0.3795,20,0
14,attn_out,ar,tier_2,code_switching,-0.0085,0.0264,20,0
14,mlp_out,ar,tier_2,code_switching,-0.1197,0.1038,20,0
15,residual,ar,tier_2,code_switching,-0.3892,0.3468,20,0
15,attn_out,ar,tier_2,code_switching,0.0026,0.0195,20,0
15,mlp_out,ar,tier_2,code_switching,-0.0533,0.0865,20,0
16,residual,ar,tier_2,code_switching,-0.3728,0.3188,20,0
16,attn_out,ar,tier_2,code_switching,-0.0006,0.0256,20,0
16,mlp_out,ar,tier_2,code_switching,-0.0288,0.0447,20,0
17,residual,ar,tier_2,code_switching,-0.2518,0.2039,20,0
17,attn_out,ar,tier_2,code_switching,-0.0065,0.0065,20,0
17,mlp_out,ar,tier_2,code_switching,0.0305,0.0531,20,0
18,residual,ar,tier_2,code_switching,-0.2473,0.2226,20,0
18,attn_out,ar,tier_2,code_switching,-0.0215,0.0197,20,0
18,mlp_out,ar,tier_2,code_switching,0.0249,0.0344,20,0
19,residual,ar,tier_2,code_switching,-0.2122,0.2079,20,0
19,attn_out,ar,tier_2,code_switching,-0.0102,0.0093,20,0
19,mlp_out,ar,tier_2,code_switching,-0.0463,0.0538,20,0
20,residual,ar,tier_2,code_switching,-0.1705,0.2089,20,0
20,attn_out,ar,tier_2,code_switching,-0.0615,0.0718,20,0
20,mlp_out,ar,tier_2,code_switching,0.0339,0.0578,20,0
21,residual,ar,tier_2,code_switching,-0.1572,0.2028,20,0
21,attn_out,ar,tier_2,code_switching,-0.0066,0.0096,20,0
21,mlp_out,ar,tier_2,code_switching,-0.0368,0.0504,20,0
22,residual,ar,tier_2,code_switching,-0.1499,0.1931,20,0
22,attn_out,ar,tier_2,code_switching,0.0027,0.0056,20,0
22,mlp_out,ar,tier_2,code_switching,0.006,0.0153,20,0
23,residual,ar,tier_2,code_switching,-0.1109,0.1623,20,0
23,attn_out,ar,tier_2,code_switching,-0.0085,0.01,20,0
23,mlp_out,ar,tier_2,code_switching,-0.0108,0.0133,20,0
24,residual,ar,tier_2,code_switching,-0.0939,0.1364,20,0
24,attn_out,ar,tier_2,code_switching,-0.0093,0.0179,20,0
24,mlp_out,ar,tier_2,code_switching,-0.0311,0.0453,20,0
25,residual,ar,tier_2,code_switching,-0.0553,0.1064,20,0
25,attn_out,ar,tier_2,code_switching,-0.0047,0.0089,20,0
25,mlp_out,ar,tier_2,code_switching,0.0137,0.0119,20,0
26,residual,ar,tier_2,code_switching,-0.0522,0.0985,20,0
26,attn_out,ar,tier_2,code_switching,0.0073,0.0062,20,0
26,mlp_out,ar,tier_2,code_switching,-0.0024,0.0289,20,0
27,residual,ar,tier_2,code_switching,-0.0406,0.0586,20,0
27,attn_out,ar,tier_2,code_switching,-0.0007,0.0032,20,0
27,mlp_out,ar,tier_2,code_switching,-0.016,0.0268,20,0
28,residual,ar,tier_2,code_switching,-0.0104,0.0155,20,0
28,attn_out,ar,tier_2,code_switching,0.0006,0.0037,20,0
28,mlp_out,ar,tier_2,code_switching,-0.0,0.0112,20,0
29,residual,ar,tier_2,code_switching,-0.0118,0.0069,20,0
29,attn_out,ar,tier_2,code_switching,-0.0017,0.0046,20,0
29,mlp_out,ar,tier_2,code_switching,0.0095,0.0139,20,0
30,residual,ar,tier_2,code_switching,-0.0091,0.007,20,0
30,attn_out,ar,tier_2,code_switching,-0.0005,0.0023,20,0
30,mlp_out,ar,tier_2,code_switching,-0.0047,0.0056,20,0
31,residual,ar,tier_2,code_switching,0.0,0.0,20,0
31,attn_out,ar,tier_2,code_switching,0.0,0.0,20,0
31,mlp_out,ar,tier_2,code_switching,0.0,0.0,20,0
0,residual,ru,tier_2,code_switching,-0.9325,0.5786,20,0
0,attn_out,ru,tier_2,code_switching,-0.0803,0.2905,20,0
0,mlp_out,ru,tier_2,code_switching,-0.7266,0.3773,20,0
1,residual,ru,tier_2,code_switching,-0.9277,0.2696,20,0
1,attn_out,ru,tier_2,code_switching,-0.0239,0.2813,20,0
1,mlp_out,ru,tier_2,code_switching,-0.18,0.2572,20,0
2,residual,ru,tier_2,code_switching,-0.9017,0.2778,20,0
2,attn_out,ru,tier_2,code_switching,-0.0472,0.1471,20,0
2,mlp_out,ru,tier_2,code_switching,0.1377,0.2011,20,0
3,residual,ru,tier_2,code_switching,-0.9043,0.3093,20,0
3,attn_out,ru,tier_2,code_switching,-0.0977,0.0964,20,0
3,mlp_out,ru,tier_2,code_switching,-0.0292,0.0794,20,0
4,residual,ru,tier_2,code_switching,-0.8824,0.328,20,0
4,attn_out,ru,tier_2,code_switching,0.0367,0.0569,20,0
4,mlp_out,ru,tier_2,code_switching,-0.5708,0.2839,20,0
5,residual,ru,tier_2,code_switching,-0.7064,0.2594,20,0
5,attn_out,ru,tier_2,code_switching,-0.0457,0.1407,20,0
5,mlp_out,ru,tier_2,code_switching,-0.1589,0.1597,20,0
6,residual,ru,tier_2,code_switching,-0.7331,0.268,20,0
6,attn_out,ru,tier_2,code_switching,-0.0848,0.1556,20,0
6,mlp_out,ru,tier_2,code_switching,-0.0793,0.1717,20,0
7,residual,ru,tier_2,code_switching,-0.6865,0.1811,20,0
7,attn_out,ru,tier_2,code_switching,-0.0225,0.1542,20,0
7,mlp_out,ru,tier_2,code_switching,0.0426,0.1688,20,0
8,residual,ru,tier_2,code_switching,-0.7653,0.1978,20,0
8,attn_out,ru,tier_2,code_switching,0.0383,0.0622,20,0
8,mlp_out,ru,tier_2,code_switching,-0.0786,0.1474,20,0
9,residual,ru,tier_2,code_switching,-0.5441,0.2677,20,0
9,attn_out,ru,tier_2,code_switching,0.0334,0.0676,20,0
9,mlp_out,ru,tier_2,code_switching,-0.0116,0.0889,20,0
10,residual,ru,tier_2,code_switching,-0.4601,0.3021,20,0
10,attn_out,ru,tier_2,code_switching,0.0353,0.0779,20,0
10,mlp_out,ru,tier_2,code_switching,-0.0808,0.0642,20,0
11,residual,ru,tier_2,code_switching,-0.4477,0.2779,20,0
11,attn_out,ru,tier_2,code_switching,-0.0212,0.0304,20,0
11,mlp_out,ru,tier_2,code_switching,-0.1104,0.1208,20,0
12,residual,ru,tier_2,code_switching,-0.3196,0.2841,20,0
12,attn_out,ru,tier_2,code_switching,0.0366,0.0338,20,0
12,mlp_out,ru,tier_2,code_switching,-0.0691,0.061,20,0
13,residual,ru,tier_2,code_switching,-0.2314,0.2557,20,0
13,attn_out,ru,tier_2,code_switching,0.0239,0.0392,20,0
13,mlp_out,ru,tier_2,code_switching,-0.0274,0.029,20,0
14,residual,ru,tier_2,code_switching,-0.1676,0.2123,20,0
14,attn_out,ru,tier_2,code_switching,0.0047,0.0299,20,0
14,mlp_out,ru,tier_2,code_switching,-0.0198,0.0753,20,0
15,residual,ru,tier_2,code_switching,-0.113,0.1315,20,0
15,attn_out,ru,tier_2,code_switching,-0.0139,0.013,20,0
15,mlp_out,ru,tier_2,code_switching,-0.0029,0.0913,20,0
16,residual,ru,tier_2,code_switching,-0.1279,0.1464,20,0
16,attn_out,ru,tier_2,code_switching,0.005,0.0347,20,0
16,mlp_out,ru,tier_2,code_switching,-0.037,0.0425,20,0
17,residual,ru,tier_2,code_switching,-0.1125,0.1123,20,0
17,attn_out,ru,tier_2,code_switching,0.0103,0.0063,20,0
17,mlp_out,ru,tier_2,code_switching,-0.0521,0.0502,20,0
18,residual,ru,tier_2,code_switching,-0.11,0.1144,20,0
18,attn_out,ru,tier_2,code_switching,0.0157,0.027,20,0
18,mlp_out,ru,tier_2,code_switching,-0.0201,0.061,20,0
19,residual,ru,tier_2,code_switching,-0.1078,0.103,20,0
19,attn_out,ru,tier_2,code_switching,0.0046,0.011,20,0
19,mlp_out,ru,tier_2,code_switching,-0.0302,0.0408,20,0
20,residual,ru,tier_2,code_switching,-0.0092,0.0404,20,0
20,attn_out,ru,tier_2,code_switching,0.0147,0.0185,20,0
20,mlp_out,ru,tier_2,code_switching,0.0044,0.0323,20,0
21,residual,ru,tier_2,code_switching,0.0028,0.0301,20,0
21,attn_out,ru,tier_2,code_switching,0.0007,0.0074,20,0
21,mlp_out,ru,tier_2,code_switching,0.0132,0.009,20,0
22,residual,ru,tier_2,code_switching,0.0215,0.0566,20,0
22,attn_out,ru,tier_2,code_switching,0.0008,0.0095,20,0
22,mlp_out,ru,tier_2,code_switching,0.0124,0.0134,20,0
23,residual,ru,tier_2,code_switching,0.0249,0.0622,20,0
23,attn_out,ru,tier_2,code_switching,0.003,0.0058,20,0
23,mlp_out,ru,tier_2,code_switching,0.0082,0.0302,20,0
24,residual,ru,tier_2,code_switching,0.02,0.0248,20,0
24,attn_out,ru,tier_2,code_switching,0.0035,0.0028,20,0
24,mlp_out,ru,tier_2,code_switching,0.0106,0.0178,20,0
25,residual,ru,tier_2,code_switching,0.0143,0.0174,20,0
25,attn_out,ru,tier_2,code_switching,0.0016,0.0031,20,0
25,mlp_out,ru,tier_2,code_switching,0.0019,0.0087,20,0
26,residual,ru,tier_2,code_switching,0.0121,0.0204,20,0
26,attn_out,ru,tier_2,code_switching,0.0046,0.0031,20,0
26,mlp_out,ru,tier_2,code_switching,0.0095,0.0147,20,0
27,residual,ru,tier_2,code_switching,0.0092,0.0079,20,0
27,attn_out,ru,tier_2,code_switching,-0.0005,0.0018,20,0
27,mlp_out,ru,tier_2,code_switching,0.0029,0.0034,20,0
28,residual,ru,tier_2,code_switching,-0.0087,0.0389,20,0
28,attn_out,ru,tier_2,code_switching,0.0024,0.002,20,0
28,mlp_out,ru,tier_2,code_switching,-0.0012,0.0091,20,0
29,residual,ru,tier_2,code_switching,-0.0106,0.0334,20,0
29,attn_out,ru,tier_2,code_switching,-0.0002,0.0033,20,0
29,mlp_out,ru,tier_2,code_switching,0.0036,0.0035,20,0
30,residual,ru,tier_2,code_switching,-0.0123,0.0244,20,0
30,attn_out,ru,tier_2,code_switching,-0.0003,0.0008,20,0
30,mlp_out,ru,tier_2,code_switching,-0.001,0.0017,20,0
31,residual,ru,tier_2,code_switching,0.0,0.0,20,0
31,attn_out,ru,tier_2,code_switching,0.0,0.0,20,0
31,mlp_out,ru,tier_2,code_switching,0.0,0.0,20,0
0,residual,ko,tier_2,code_switching,-0.232,0.6904,20,0
0,attn_out,ko,tier_2,code_switching,-0.4574,0.4529,20,0
0,mlp_out,ko,tier_2,code_switching,0.1787,0.5908,20,0
1,residual,ko,tier_2,code_switching,-0.576,0.8716,20,0
1,attn_out,ko,tier_2,code_switching,-0.0831,0.1922,20,0
1,mlp_out,ko,tier_2,code_switching,-0.2105,0.3468,20,0
2,residual,ko,tier_2,code_switching,-0.7475,1.0629,20,0
2,attn_out,ko,tier_2,code_switching,-0.2669,0.3633,20,0
2,mlp_out,ko,tier_2,code_switching,-0.1651,0.1897,20,0
3,residual,ko,tier_2,code_switching,-1.2705,1.3742,20,0
3,attn_out,ko,tier_2,code_switching,-0.5615,0.5327,20,0
3,mlp_out,ko,tier_2,code_switching,0.0322,0.1445,20,0
4,residual,ko,tier_2,code_switching,-1.3908,1.4098,20,0
4,attn_out,ko,tier_2,code_switching,-0.0676,0.1422,20,0
4,mlp_out,ko,tier_2,code_switching,-0.371,0.278,20,0
5,residual,ko,tier_2,code_switching,-1.9217,1.7147,20,0
5,attn_out,ko,tier_2,code_switching,-0.8691,0.7616,20,0
5,mlp_out,ko,tier_2,code_switching,0.0713,0.2479,20,0
6,residual,ko,tier_2,code_switching,-2.0968,1.8056,20,0
6,attn_out,ko,tier_2,code_switching,-0.1535,0.1805,20,0
6,mlp_out,ko,tier_2,code_switching,-0.6283,0.827,20,0
7,residual,ko,tier_2,code_switching,-1.9613,1.8212,20,0
7,attn_out,ko,tier_2,code_switching,-0.2866,0.2797,20,0
7,mlp_out,ko,tier_2,code_switching,-0.0022,0.4579,20,0
8,residual,ko,tier_2,code_switching,-1.94,1.8676,20,0
8,attn_out,ko,tier_2,code_switching,0.0005,0.0357,20,0
8,mlp_out,ko,tier_2,code_switching,-0.553,0.9802,20,0
9,residual,ko,tier_2,code_switching,-1.4315,1.4927,20,0
9,attn_out,ko,tier_2,code_switching,-0.0407,0.1239,20,0
9,mlp_out,ko,tier_2,code_switching,-0.0263,0.1102,20,0
10,residual,ko,tier_2,code_switching,-1.0854,1.2165,20,0
10,attn_out,ko,tier_2,code_switching,-0.1125,0.1039,20,0
10,mlp_out,ko,tier_2,code_switching,0.1136,0.118,20,0
11,residual,ko,tier_2,code_switching,-0.9829,1.0798,20,0
11,attn_out,ko,tier_2,code_switching,-0.0137,0.0403,20,0
11,mlp_out,ko,tier_2,code_switching,-0.0436,0.0919,20,0
12,residual,ko,tier_2,code_switching,-0.664,0.8258,20,0
12,attn_out,ko,tier_2,code_switching,0.0747,0.0778,20,0
12,mlp_out,ko,tier_2,code_switching,0.0072,0.0888,20,0
13,residual,ko,tier_2,code_switching,-0.5363,0.7125,20,0
13,attn_out,ko,tier_2,code_switching,0.0133,0.0509,20,0
13,mlp_out,ko,tier_2,code_switching,0.0028,0.0748,20,0
14,residual,ko,tier_2,code_switching,-0.2539,0.4067,20,0
14,attn_out,ko,tier_2,code_switching,0.0239,0.0487,20,0
14,mlp_out,ko,tier_2,code_switching,-0.017,0.0668,20,0
15,residual,ko,tier_2,code_switching,-0.1429,0.3894,20,0
15,attn_out,ko,tier_2,code_switching,-0.0045,0.0273,20,0
15,mlp_out,ko,tier_2,code_switching,-0.0061,0.0327,20,0
16,residual,ko,tier_2,code_switching,-0.1301,0.3834,20,0
16,attn_out,ko,tier_2,code_switching,0.0076,0.0313,20,0
16,mlp_out,ko,tier_2,code_switching,0.0046,0.0306,20,0
17,residual,ko,tier_2,code_switching,0.0252,0.2057,20,0
17,attn_out,ko,tier_2,code_switching,-0.0029,0.0124,20,0
17,mlp_out,ko,tier_2,code_switching,0.0069,0.0062,20,0
18,residual,ko,tier_2,code_switching,0.061,0.196,20,0
18,attn_out,ko,tier_2,code_switching,-0.018,0.0195,20,0
18,mlp_out,ko,tier_2,code_switching,-0.02,0.0544,20,0
19,residual,ko,tier_2,code_switching,0.0147,0.2173,20,0
19,attn_out,ko,tier_2,code_switching,-0.0083,0.0192,20,0
19,mlp_out,ko,tier_2,code_switching,-0.0042,0.051,20,0
20,residual,ko,tier_2,code_switching,0.098,0.2302,20,0
20,attn_out,ko,tier_2,code_switching,0.0411,0.0572,20,0
20,mlp_out,ko,tier_2,code_switching,-0.0008,0.0433,20,0
21,residual,ko,tier_2,code_switching,0.024,0.2307,20,0
21,attn_out,ko,tier_2,code_switching,-0.0042,0.0046,20,0
21,mlp_out,ko,tier_2,code_switching,0.0259,0.0247,20,0
22,residual,ko,tier_2,code_switching,0.0422,0.2382,20,0
22,attn_out,ko,tier_2,code_switching,-0.0039,0.0077,20,0
22,mlp_out,ko,tier_2,code_switching,-0.023,0.0544,20,0
23,residual,ko,tier_2,code_switching,0.058,0.2079,20,0
23,attn_out,ko,tier_2,code_switching,-0.0061,0.0055,20,0
23,mlp_out,ko,tier_2,code_switching,-0.003,0.0313,20,0
24,residual,ko,tier_2,code_switching,0.1022,0.2169,20,0
24,attn_out,ko,tier_2,code_switching,-0.0078,0.0061,20,0
24,mlp_out,ko,tier_2,code_switching,-0.0097,0.0198,20,0
25,residual,ko,tier_2,code_switching,0.112,0.2103,20,0
25,attn_out,ko,tier_2,code_switching,-0.0025,0.007,20,0
25,mlp_out,ko,tier_2,code_switching,-0.0016,0.0237,20,0
26,residual,ko,tier_2,code_switching,0.103,0.2152,20,0
26,attn_out,ko,tier_2,code_switching,0.0068,0.0065,20,0
26,mlp_out,ko,tier_2,code_switching,0.0113,0.0144,20,0
27,residual,ko,tier_2,code_switching,0.0449,0.0959,20,0
27,attn_out,ko,tier_2,code_switching,0.0026,0.0028,20,0
27,mlp_out,ko,tier_2,code_switching,-0.004,0.0182,20,0
28,residual,ko,tier_2,code_switching,0.0236,0.0567,20,0
28,attn_out,ko,tier_2,code_switching,-0.0011,0.0024,20,0
28,mlp_out,ko,tier_2,code_switching,0.0258,0.0299,20,0
29,residual,ko,tier_2,code_switching,-0.0028,0.0089,20,0
29,attn_out,ko,tier_2,code_switching,-0.0021,0.0025,20,0
29,mlp_out,ko,tier_2,code_switching,0.0001,0.0044,20,0
30,residual,ko,tier_2,code_switching,-0.0047,0.0057,20,0
30,attn_out,ko,tier_2,code_switching,-0.0,0.0008,20,0
30,mlp_out,ko,tier_2,code_switching,0.0011,0.0024,20,0
31,residual,ko,tier_2,code_switching,0.0,0.0,20,0
31,attn_out,ko,tier_2,code_switching,0.0,0.0,20,0
31,mlp_out,ko,tier_2,code_switching,0.0,0.0,20,0
0,residual,ja,tier_2,code_switching,0.1056,0.6778,20,0
0,attn_out,ja,tier_2,code_switching,-0.1618,0.7207,20,0
0,mlp_out,ja,tier_2,code_switching,0.0169,0.8877,20,0
1,residual,ja,tier_2,code_switching,0.152,0.6855,20,0
1,attn_out,ja,tier_2,code_switching,0.5383,0.4044,20,0
1,mlp_out,ja,tier_2,code_switching,-0.4609,1.1188,20,0
2,residual,ja,tier_2,code_switching,0.0665,0.755,20,0
2,attn_out,ja,tier_2,code_switching,-0.1488,0.5715,20,0
2,mlp_out,ja,tier_2,code_switching,0.5033,0.374,20,0
3,residual,ja,tier_2,code_switching,-0.4106,1.1644,20,0
3,attn_out,ja,tier_2,code_switching,0.0485,0.1307,20,0
3,mlp_out,ja,tier_2,code_switching,-0.1464,0.7495,20,0
4,residual,ja,tier_2,code_switching,-0.3907,1.0782,20,0
4,attn_out,ja,tier_2,code_switching,-0.0087,0.1329,20,0
4,mlp_out,ja,tier_2,code_switching,0.2538,0.4138,20,0
5,residual,ja,tier_2,code_switching,-0.7319,1.3852,20,0
5,attn_out,ja,tier_2,code_switching,-0.0077,0.1962,20,0
5,mlp_out,ja,tier_2,code_switching,-0.0986,0.4449,20,0
6,residual,ja,tier_2,code_switching,-0.9564,1.6153,20,0
6,attn_out,ja,tier_2,code_switching,-0.403,0.4486,20,0
6,mlp_out,ja,tier_2,code_switching,-0.4705,0.853,20,0
7,residual,ja,tier_2,code_switching,-0.9447,1.5976,20,0
7,attn_out,ja,tier_2,code_switching,-0.1741,0.1753,20,0
7,mlp_out,ja,tier_2,code_switching,0.2835,0.3038,20,0
8,residual,ja,tier_2,code_switching,-0.9267,1.6423,20,0
8,attn_out,ja,tier_2,code_switching,-0.0781,0.1583,20,0
8,mlp_out,ja,tier_2,code_switching,-0.6887,0.967,20,0
9,residual,ja,tier_2,code_switching,-0.8228,1.56,20,0
9,attn_out,ja,tier_2,code_switching,-0.0774,0.1756,20,0
9,mlp_out,ja,tier_2,code_switching,-0.2348,0.3594,20,0
10,residual,ja,tier_2,code_switching,-0.711,1.4339,20,0
10,attn_out,ja,tier_2,code_switching,-0.0315,0.0794,20,0
10,mlp_out,ja,tier_2,code_switching,-0.1158,0.3093,20,0
11,residual,ja,tier_2,code_switching,-0.8151,1.5273,20,0
11,attn_out,ja,tier_2,code_switching,-0.0757,0.1233,20,0
11,mlp_out,ja,tier_2,code_switching,-0.1888,0.2575,20,0
12,residual,ja,tier_2,code_switching,-0.6264,1.367,20,0
12,attn_out,ja,tier_2,code_switching,0.0533,0.0926,20,0
12,mlp_out,ja,tier_2,code_switching,-0.1015,0.4268,20,0
13,residual,ja,tier_2,code_switching,-0.6169,1.3227,20,0
13,attn_out,ja,tier_2,code_switching,0.0262,0.0431,20,0
13,mlp_out,ja,tier_2,code_switching,0.0153,0.1729,20,0
14,residual,ja,tier_2,code_switching,-0.4961,1.1687,20,0
14,attn_out,ja,tier_2,code_switching,0.0185,0.0237,20,0
14,mlp_out,ja,tier_2,code_switching,0.0193,0.1997,20,0
15,residual,ja,tier_2,code_switching,-0.4525,1.0992,20,0
15,attn_out,ja,tier_2,code_switching,-0.0,0.0511,20,0
15,mlp_out,ja,tier_2,code_switching,-0.0283,0.0474,20,0
16,residual,ja,tier_2,code_switching,-0.4412,1.0879,20,0
16,attn_out,ja,tier_2,code_switching,-0.0295,0.0474,20,0
16,mlp_out,ja,tier_2,code_switching,-0.0952,0.1584,20,0
17,residual,ja,tier_2,code_switching,0.074,0.5764,20,0
17,attn_out,ja,tier_2,code_switching,-0.003,0.0156,20,0
17,mlp_out,ja,tier_2,code_switching,-0.0187,0.0655,20,0
18,residual,ja,tier_2,code_switching,0.1342,0.5305,20,0
18,attn_out,ja,tier_2,code_switching,-0.031,0.0345,20,0
18,mlp_out,ja,tier_2,code_switching,0.0425,0.1137,20,0
19,residual,ja,tier_2,code_switching,0.1367,0.5067,20,0
19,attn_out,ja,tier_2,code_switching,-0.013,0.0177,20,0
19,mlp_out,ja,tier_2,code_switching,0.0677,0.0951,20,0
20,residual,ja,tier_2,code_switching,0.0941,0.3746,20,0
20,attn_out,ja,tier_2,code_switching,0.0008,0.0201,20,0
20,mlp_out,ja,tier_2,code_switching,0.0198,0.0635,20,0
21,residual,ja,tier_2,code_switching,0.0844,0.3336,20,0
21,attn_out,ja,tier_2,code_switching,0.0,0.0064,20,0
21,mlp_out,ja,tier_2,code_switching,0.0261,0.0419,20,0
22,residual,ja,tier_2,code_switching,0.0774,0.3521,20,0
22,attn_out,ja,tier_2,code_switching,0.0017,0.0039,20,0
22,mlp_out,ja,tier_2,code_switching,-0.0025,0.0526,20,0
23,residual,ja,tier_2,code_switching,0.0435,0.3655,20,0
23,attn_out,ja,tier_2,code_switching,-0.0056,0.007,20,0
23,mlp_out,ja,tier_2,code_switching,0.0012,0.0297,20,0
24,residual,ja,tier_2,code_switching,0.1142,0.2914,20,0
24,attn_out,ja,tier_2,code_switching,-0.0025,0.009,20,0
24,mlp_out,ja,tier_2,code_switching,0.0061,0.024,20,0
25,residual,ja,tier_2,code_switching,0.1497,0.2692,20,0
25,attn_out,ja,tier_2,code_switching,-0.0017,0.0098,20,0
25,mlp_out,ja,tier_2,code_switching,0.0061,0.0218,20,0
26,residual,ja,tier_2,code_switching,0.1487,0.2651,20,0
26,attn_out,ja,tier_2,code_switching,-0.0008,0.0077,20,0
26,mlp_out,ja,tier_2,code_switching,0.0208,0.0221,20,0
27,residual,ja,tier_2,code_switching,0.0019,0.0409,20,0
27,attn_out,ja,tier_2,code_switching,-0.0017,0.004,20,0
27,mlp_out,ja,tier_2,code_switching,-0.014,0.0187,20,0
28,residual,ja,tier_2,code_switching,-0.0233,0.0582,20,0
28,attn_out,ja,tier_2,code_switching,-0.0072,0.0066,20,0
28,mlp_out,ja,tier_2,code_switching,0.0052,0.0064,20,0
29,residual,ja,tier_2,code_switching,-0.0315,0.0387,20,0
29,attn_out,ja,tier_2,code_switching,-0.0102,0.0155,20,0
29,mlp_out,ja,tier_2,code_switching,-0.0048,0.0056,20,0
30,residual,ja,tier_2,code_switching,-0.0175,0.0179,20,0
30,attn_out,ja,tier_2,code_switching,0.0016,0.0028,20,0
30,mlp_out,ja,tier_2,code_switching,-0.0059,0.007,20,0
31,residual,ja,tier_2,code_switching,0.0,0.0,20,0
31,attn_out,ja,tier_2,code_switching,0.0,0.0,20,0
31,mlp_out,ja,tier_2,code_switching,0.0,0.0,20,0
0,residual,tr,tier_3,code_switching,-0.2905,0.5041,20,0
0,attn_out,tr,tier_3,code_switching,-0.1607,0.4372,20,0
0,mlp_out,tr,tier_3,code_switching,-0.0394,0.4264,20,0
1,residual,tr,tier_3,code_switching,-0.7263,0.3025,20,0
1,attn_out,tr,tier_3,code_switching,-0.1224,0.158,20,0
1,mlp_out,tr,tier_3,code_switching,-0.0803,0.3701,20,0
2,residual,tr,tier_3,code_switching,-1.2553,0.5323,20,0
2,attn_out,tr,tier_3,code_switching,-0.5173,0.4302,20,0
2,mlp_out,tr,tier_3,code_switching,-0.2479,0.2261,20,0
3,residual,tr,tier_3,code_switching,-1.8776,1.1653,20,0
3,attn_out,tr,tier_3,code_switching,-0.8641,0.745,20,0
3,mlp_out,tr,tier_3,code_switching,-0.2056,0.3284,20,0
4,residual,tr,tier_3,code_switching,-1.9214,1.2347,20,0
4,attn_out,tr,tier_3,code_switching,0.0015,0.1185,20,0
4,mlp_out,tr,tier_3,code_switching,-0.5615,0.3547,20,0
5,residual,tr,tier_3,code_switching,-2.3809,1.7834,20,0
5,attn_out,tr,tier_3,code_switching,-1.0081,0.8576,20,0
5,mlp_out,tr,tier_3,code_switching,-0.0605,0.2286,20,0
6,residual,tr,tier_3,code_switching,-2.3641,1.7326,20,0
6,attn_out,tr,tier_3,code_switching,-0.1745,0.4555,20,0
6,mlp_out,tr,tier_3,code_switching,-0.8751,0.7132,20,0
7,residual,tr,tier_3,code_switching,-3.4032,3.0498,20,0
7,attn_out,tr,tier_3,code_switching,-0.379,0.6597,20,0
7,mlp_out,tr,tier_3,code_switching,-0.0061,0.167,20,0
8,residual,tr,tier_3,code_switching,-3.4987,3.2418,20,0
8,attn_out,tr,tier_3,code_switching,0.021,0.1261,20,0
8,mlp_out,tr,tier_3,code_switching,-0.4846,0.7508,20,0
9,residual,tr,tier_3,code_switching,-2.3764,2.1874,20,0
9,attn_out,tr,tier_3,code_switching,0.129,0.31,20,0
9,mlp_out,tr,tier_3,code_switching,-0.0016,0.536,20,0
10,residual,tr,tier_3,code_switching,-1.8973,1.8196,20,0
10,attn_out,tr,tier_3,code_switching,0.0078,0.1923,20,0
10,mlp_out,tr,tier_3,code_switching,0.0892,0.1871,20,0
11,residual,tr,tier_3,code_switching,-1.9632,1.9041,20,0
11,attn_out,tr,tier_3,code_switching,0.0107,0.2501,20,0
11,mlp_out,tr,tier_3,code_switching,-0.1073,0.4278,20,0
12,residual,tr,tier_3,code_switching,-1.2973,1.3362,20,0
12,attn_out,tr,tier_3,code_switching,0.145,0.2467,20,0
12,mlp_out,tr,tier_3,code_switching,0.009,0.1871,20,0
13,residual,tr,tier_3,code_switching,-1.0907,1.1331,20,0
13,attn_out,tr,tier_3,code_switching,0.0305,0.0416,20,0
13,mlp_out,tr,tier_3,code_switching,-0.1015,0.1696,20,0
14,residual,tr,tier_3,code_switching,-0.7431,0.7677,20,0
14,attn_out,tr,tier_3,code_switching,0.0143,0.0388,20,0
14,mlp_out,tr,tier_3,code_switching,0.1307,0.2378,20,0
15,residual,tr,tier_3,code_switching,-0.6017,0.6671,20,0
15,attn_out,tr,tier_3,code_switching,-0.0291,0.0491,20,0
15,mlp_out,tr,tier_3,code_switching,-0.0931,0.0839,20,0
16,residual,tr,tier_3,code_switching,-0.5553,0.6531,20,0
16,attn_out,tr,tier_3,code_switching,-0.0024,0.0128,20,0
16,mlp_out,tr,tier_3,code_switching,-0.0893,0.1282,20,0
17,residual,tr,tier_3,code_switching,-0.0615,0.2244,20,0
17,attn_out,tr,tier_3,code_switching,0.0093,0.0218,20,0
17,mlp_out,tr,tier_3,code_switching,0.044,0.0356,20,0
18,residual,tr,tier_3,code_switching,0.0684,0.2269,20,0
18,attn_out,tr,tier_3,code_switching,0.0139,0.0563,20,0
18,mlp_out,tr,tier_3,code_switching,-0.0011,0.0739,20,0
19,residual,tr,tier_3,code_switching,0.0666,0.2075,20,0
19,attn_out,tr,tier_3,code_switching,0.0035,0.0272,20,0
19,mlp_out,tr,tier_3,code_switching,0.1081,0.148,20,0
20,residual,tr,tier_3,code_switching,0.1337,0.2003,20,0
20,attn_out,tr,tier_3,code_switching,0.0011,0.038,20,0
20,mlp_out,tr,tier_3,code_switching,0.0264,0.0807,20,0
21,residual,tr,tier_3,code_switching,0.1013,0.1664,20,0
21,attn_out,tr,tier_3,code_switching,0.0123,0.0232,20,0
21,mlp_out,tr,tier_3,code_switching,0.0491,0.051,20,0
22,residual,tr,tier_3,code_switching,0.1315,0.1653,20,0
22,attn_out,tr,tier_3,code_switching,0.0013,0.006,20,0
22,mlp_out,tr,tier_3,code_switching,0.0116,0.0274,20,0
23,residual,tr,tier_3,code_switching,0.0913,0.1277,20,0
23,attn_out,tr,tier_3,code_switching,0.0004,0.0051,20,0
23,mlp_out,tr,tier_3,code_switching,0.004,0.0191,20,0
24,residual,tr,tier_3,code_switching,0.0714,0.151,20,0
24,attn_out,tr,tier_3,code_switching,0.0041,0.0108,20,0
24,mlp_out,tr,tier_3,code_switching,-0.0097,0.0346,20,0
25,residual,tr,tier_3,code_switching,0.0319,0.14,20,0
25,attn_out,tr,tier_3,code_switching,-0.002,0.0074,20,0
25,mlp_out,tr,tier_3,code_switching,0.0032,0.0266,20,0
26,residual,tr,tier_3,code_switching,0.0357,0.1729,20,0
26,attn_out,tr,tier_3,code_switching,-0.0009,0.0099,20,0
26,mlp_out,tr,tier_3,code_switching,-0.0079,0.012,20,0
27,residual,tr,tier_3,code_switching,0.0123,0.1048,20,0
27,attn_out,tr,tier_3,code_switching,0.0081,0.0079,20,0
27,mlp_out,tr,tier_3,code_switching,-0.0165,0.0285,20,0
28,residual,tr,tier_3,code_switching,0.0252,0.0759,20,0
28,attn_out,tr,tier_3,code_switching,0.0008,0.0031,20,0
28,mlp_out,tr,tier_3,code_switching,-0.0044,0.0253,20,0
29,residual,tr,tier_3,code_switching,-0.0057,0.037,20,0
29,attn_out,tr,tier_3,code_switching,-0.0007,0.0034,20,0
29,mlp_out,tr,tier_3,code_switching,0.0099,0.0087,20,0
30,residual,tr,tier_3,code_switching,-0.0187,0.0292,20,0
30,attn_out,tr,tier_3,code_switching,0.001,0.002,20,0
30,mlp_out,tr,tier_3,code_switching,0.0032,0.0078,20,0
31,residual,tr,tier_3,code_switching,0.0,0.0,20,0
31,attn_out,tr,tier_3,code_switching,0.0,0.0,20,0
31,mlp_out,tr,tier_3,code_switching,0.0,0.0,20,0
0,residual,id,tier_3,code_switching,-0.18,0.2661,20,0
0,attn_out,id,tier_3,code_switching,0.0382,0.1271,20,0
0,mlp_out,id,tier_3,code_switching,-0.2492,0.512,20,0
1,residual,id,tier_3,code_switching,-0.106,0.2928,20,0
1,attn_out,id,tier_3,code_switching,0.0197,0.0579,20,0
1,mlp_out,id,tier_3,code_switching,0.0493,0.1644,20,0
2,residual,id,tier_3,code_switching,-0.1415,0.2354,20,0
2,attn_out,id,tier_3,code_switching,0.0142,0.1325,20,0
2,mlp_out,id,tier_3,code_switching,0.1776,0.134,20,0
3,residual,id,tier_3,code_switching,-0.1879,0.3103,20,0
3,attn_out,id,tier_3,code_switching,-0.1197,0.0612,20,0
3,mlp_out,id,tier_3,code_switching,0.7956,0.9342,20,0
4,residual,id,tier_3,code_switching,-0.2094,0.3118,20,0
4,attn_out,id,tier_3,code_switching,-0.0219,0.0942,20,0
4,mlp_out,id,tier_3,code_switching,0.0008,0.0855,20,0
5,residual,id,tier_3,code_switching,-0.256,0.4341,20,0
5,attn_out,id,tier_3,code_switching,-0.1035,0.1334,20,0
5,mlp_out,id,tier_3,code_switching,0.0153,0.0923,20,0
6,residual,id,tier_3,code_switching,-0.2241,0.3723,20,0
6,attn_out,id,tier_3,code_switching,0.0463,0.0918,20,0
6,mlp_out,id,tier_3,code_switching,0.054,0.1913,20,0
7,residual,id,tier_3,code_switching,-0.325,0.3155,20,0
7,attn_out,id,tier_3,code_switching,0.0018,0.0961,20,0
7,mlp_out,id,tier_3,code_switching,0.0007,0.124,20,0
8,residual,id,tier_3,code_switching,-0.2945,0.3367,20,0
8,attn_out,id,tier_3,code_switching,0.0006,0.0352,20,0
8,mlp_out,id,tier_3,code_switching,0.0369,0.1668,20,0
9,residual,id,tier_3,code_switching,-0.0426,0.1652,20,0
9,attn_out,id,tier_3,code_switching,-0.0417,0.0249,20,0
9,mlp_out,id,tier_3,code_switching,0.0174,0.0523,20,0
10,residual,id,tier_3,code_switching,-0.0232,0.1646,20,0
10,attn_out,id,tier_3,code_switching,0.0356,0.0309,20,0
10,mlp_out,id,tier_3,code_switching,-0.0718,0.0937,20,0
11,residual,id,tier_3,code_switching,-0.0506,0.1143,20,0
11,attn_out,id,tier_3,code_switching,-0.0041,0.045,20,0
11,mlp_out,id,tier_3,code_switching,0.0128,0.09,20,0
12,residual,id,tier_3,code_switching,-0.0072,0.0834,20,0
12,attn_out,id,tier_3,code_switching,0.0066,0.0389,20,0
12,mlp_out,id,tier_3,code_switching,-0.0059,0.0461,20,0
13,residual,id,tier_3,code_switching,-0.0125,0.154,20,0
13,attn_out,id,tier_3,code_switching,-0.007,0.0257,20,0
13,mlp_out,id,tier_3,code_switching,-0.008,0.058,20,0
14,residual,id,tier_3,code_switching,-0.0184,0.0956,20,0
14,attn_out,id,tier_3,code_switching,-0.0044,0.0217,20,0
14,mlp_out,id,tier_3,code_switching,0.002,0.0431,20,0
15,residual,id,tier_3,code_switching,-0.0398,0.0882,20,0
15,attn_out,id,tier_3,code_switching,-0.0031,0.0113,20,0
15,mlp_out,id,tier_3,code_switching,-0.0135,0.0228,20,0
16,residual,id,tier_3,code_switching,-0.0416,0.065,20,0
16,attn_out,id,tier_3,code_switching,-0.0075,0.0166,20,0
16,mlp_out,id,tier_3,code_switching,-0.0091,0.0377,20,0
17,residual,id,tier_3,code_switching,-0.0407,0.0409,20,0
17,attn_out,id,tier_3,code_switching,-0.0002,0.0067,20,0
17,mlp_out,id,tier_3,code_switching,0.0051,0.0363,20,0
18,residual,id,tier_3,code_switching,-0.0324,0.0473,20,0
18,attn_out,id,tier_3,code_switching,-0.0067,0.0181,20,0
18,mlp_out,id,tier_3,code_switching,0.0032,0.0055,20,0
19,residual,id,tier_3,code_switching,-0.0509,0.0304,20,0
19,attn_out,id,tier_3,code_switching,0.0019,0.0112,20,0
19,mlp_out,id,tier_3,code_switching,-0.015,0.0193,20,0
20,residual,id,tier_3,code_switching,-0.0323,0.0362,20,0
20,attn_out,id,tier_3,code_switching,0.0086,0.0243,20,0
20,mlp_out,id,tier_3,code_switching,-0.0108,0.0189,20,0
21,residual,id,tier_3,code_switching,-0.0373,0.0412,20,0
21,attn_out,id,tier_3,code_switching,0.0009,0.006,20,0
21,mlp_out,id,tier_3,code_switching,-0.0039,0.0098,20,0
22,residual,id,tier_3,code_switching,-0.0304,0.0471,20,0
22,attn_out,id,tier_3,code_switching,0.0013,0.004,20,0
22,mlp_out,id,tier_3,code_switching,-0.0166,0.0104,20,0
23,residual,id,tier_3,code_switching,-0.0004,0.0591,20,0
23,attn_out,id,tier_3,code_switching,-0.0004,0.0046,20,0
23,mlp_out,id,tier_3,code_switching,-0.0008,0.0117,20,0
24,residual,id,tier_3,code_switching,-0.0064,0.0619,20,0
24,attn_out,id,tier_3,code_switching,-0.0065,0.0061,20,0
24,mlp_out,id,tier_3,code_switching,-0.0154,0.0281,20,0
25,residual,id,tier_3,code_switching,-0.0046,0.0523,20,0
25,attn_out,id,tier_3,code_switching,-0.0016,0.0052,20,0
25,mlp_out,id,tier_3,code_switching,0.0073,0.0168,20,0
26,residual,id,tier_3,code_switching,-0.0062,0.0531,20,0
26,attn_out,id,tier_3,code_switching,0.0059,0.0081,20,0
26,mlp_out,id,tier_3,code_switching,0.005,0.0232,20,0
27,residual,id,tier_3,code_switching,-0.0125,0.0376,20,0
27,attn_out,id,tier_3,code_switching,0.0009,0.0049,20,0
27,mlp_out,id,tier_3,code_switching,-0.0131,0.0133,20,0
28,residual,id,tier_3,code_switching,0.0004,0.0196,20,0
28,attn_out,id,tier_3,code_switching,-0.0008,0.0045,20,0
28,mlp_out,id,tier_3,code_switching,0.0012,0.0034,20,0
29,residual,id,tier_3,code_switching,-0.0088,0.0168,20,0
29,attn_out,id,tier_3,code_switching,-0.0032,0.003,20,0
29,mlp_out,id,tier_3,code_switching,-0.0038,0.0082,20,0
30,residual,id,tier_3,code_switching,-0.0081,0.0145,20,0
30,attn_out,id,tier_3,code_switching,0.0003,0.0006,20,0
30,mlp_out,id,tier_3,code_switching,-0.0013,0.0082,20,0
31,residual,id,tier_3,code_switching,0.0,0.0,20,0
31,attn_out,id,tier_3,code_switching,0.0,0.0,20,0
31,mlp_out,id,tier_3,code_switching,0.0,0.0,20,0
0,residual,hi,tier_3,code_switching,0.1596,0.4892,20,0
0,attn_out,hi,tier_3,code_switching,1.0218,1.5847,20,0
0,mlp_out,hi,tier_3,code_switching,0.4429,0.6353,20,0
1,residual,hi,tier_3,code_switching,0.1678,0.5247,20,0
1,attn_out,hi,tier_3,code_switching,0.1943,0.4952,20,0
1,mlp_out,hi,tier_3,code_switching,-0.4921,0.9315,20,0
2,residual,hi,tier_3,code_switching,-0.0582,0.5877,20,0
2,attn_out,hi,tier_3,code_switching,0.0477,0.1961,20,0
2,mlp_out,hi,tier_3,code_switching,0.0457,0.7037,20,0
3,residual,hi,tier_3,code_switching,-0.4424,0.6858,20,0
3,attn_out,hi,tier_3,code_switching,-0.1713,0.1445,20,0
3,mlp_out,hi,tier_3,code_switching,-0.0826,0.2395,20,0
4,residual,hi,tier_3,code_switching,-0.5096,0.8384,20,0
4,attn_out,hi,tier_3,code_switching,-0.0396,0.0849,20,0
4,mlp_out,hi,tier_3,code_switching,0.0248,0.4078,20,0
5,residual,hi,tier_3,code_switching,-1.47,1.3119,20,0
5,attn_out,hi,tier_3,code_switching,-0.5616,0.3712,20,0
5,mlp_out,hi,tier_3,code_switching,0.0898,0.3146,20,0
6,residual,hi,tier_3,code_switching,-1.7356,1.8675,20,0
6,attn_out,hi,tier_3,code_switching,-0.2269,0.3287,20,0
6,mlp_out,hi,tier_3,code_switching,0.1044,0.3025,20,0
7,residual,hi,tier_3,code_switching,-2.9877,3.4401,20,0
7,attn_out,hi,tier_3,code_switching,-0.4119,0.3961,20,0
7,mlp_out,hi,tier_3,code_switching,-0.0776,0.3406,20,0
8,residual,hi,tier_3,code_switching,-2.9974,3.5521,20,0
8,attn_out,hi,tier_3,code_switching,-0.0185,0.0342,20,0
8,mlp_out,hi,tier_3,code_switching,-0.57,0.5301,20,0
9,residual,hi,tier_3,code_switching,-2.3067,3.013,20,0
9,attn_out,hi,tier_3,code_switching,-0.0461,0.061,20,0
9,mlp_out,hi,tier_3,code_switching,-0.0109,0.2376,20,0
10,residual,hi,tier_3,code_switching,-1.9417,2.6535,20,0
10,attn_out,hi,tier_3,code_switching,0.0086,0.1299,20,0
10,mlp_out,hi,tier_3,code_switching,-0.3092,0.4313,20,0
11,residual,hi,tier_3,code_switching,-1.9559,2.5665,20,0
11,attn_out,hi,tier_3,code_switching,-0.0939,0.0683,20,0
11,mlp_out,hi,tier_3,code_switching,-0.0507,0.1853,20,0
12,residual,hi,tier_3,code_switching,-1.3389,1.9272,20,0
12,attn_out,hi,tier_3,code_switching,-0.0295,0.0468,20,0
12,mlp_out,hi,tier_3,code_switching,-0.2392,0.3049,20,0
13,residual,hi,tier_3,code_switching,-1.0968,1.6928,20,0
13,attn_out,hi,tier_3,code_switching,0.0131,0.0802,20,0
13,mlp_out,hi,tier_3,code_switching,-0.108,0.2088,20,0
14,residual,hi,tier_3,code_switching,-0.8464,1.1968,20,0
14,attn_out,hi,tier_3,code_switching,-0.021,0.0374,20,0
14,mlp_out,hi,tier_3,code_switching,-0.0956,0.1699,20,0
15,residual,hi,tier_3,code_switching,-0.6945,0.9727,20,0
15,attn_out,hi,tier_3,code_switching,-0.004,0.0273,20,0
15,mlp_out,hi,tier_3,code_switching,-0.1163,0.1449,20,0
16,residual,hi,tier_3,code_switching,-0.5917,0.8704,20,0
16,attn_out,hi,tier_3,code_switching,-0.0271,0.0278,20,0
16,mlp_out,hi,tier_3,code_switching,-0.1052,0.1252,20,0
17,residual,hi,tier_3,code_switching,-0.0943,0.3148,20,0
17,attn_out,hi,tier_3,code_switching,-0.0031,0.0115,20,0
17,mlp_out,hi,tier_3,code_switching,0.0319,0.0258,20,0
18,residual,hi,tier_3,code_switching,-0.0538,0.2704,20,0
18,attn_out,hi,tier_3,code_switching,-0.0067,0.0152,20,0
18,mlp_out,hi,tier_3,code_switching,0.0055,0.0374,20,0
19,residual,hi,tier_3,code_switching,-0.0027,0.1872,20,0
19,attn_out,hi,tier_3,code_switching,-0.0136,0.0093,20,0
19,mlp_out,hi,tier_3,code_switching,0.0297,0.0231,20,0
20,residual,hi,tier_3,code_switching,-0.0138,0.1443,20,0
20,attn_out,hi,tier_3,code_switching,0.01,0.039,20,0
20,mlp_out,hi,tier_3,code_switching,0.0064,0.0547,20,0
21,residual,hi,tier_3,code_switching,-0.0589,0.1024,20,0
21,attn_out,hi,tier_3,code_switching,-0.0032,0.0042,20,0
21,mlp_out,hi,tier_3,code_switching,-0.0091,0.0257,20,0
22,residual,hi,tier_3,code_switching,-0.0589,0.1053,20,0
22,attn_out,hi,tier_3,code_switching,-0.0079,0.0103,20,0
22,mlp_out,hi,tier_3,code_switching,-0.0144,0.0311,20,0
23,residual,hi,tier_3,code_switching,-0.0455,0.0975,20,0
23,attn_out,hi,tier_3,code_switching,-0.0019,0.0045,20,0
23,mlp_out,hi,tier_3,code_switching,-0.0191,0.0246,20,0
24,residual,hi,tier_3,code_switching,-0.0014,0.0942,20,0
24,attn_out,hi,tier_3,code_switching,-0.0102,0.0169,20,0
24,mlp_out,hi,tier_3,code_switching,-0.0316,0.0199,20,0
25,residual,hi,tier_3,code_switching,-0.0106,0.0984,20,0
25,attn_out,hi,tier_3,code_switching,-0.0008,0.0068,20,0
25,mlp_out,hi,tier_3,code_switching,-0.0069,0.0334,20,0
26,residual,hi,tier_3,code_switching,-0.0151,0.1055,20,0
26,attn_out,hi,tier_3,code_switching,-0.005,0.0073,20,0
26,mlp_out,hi,tier_3,code_switching,-0.0184,0.0229,20,0
27,residual,hi,tier_3,code_switching,-0.0194,0.0886,20,0
27,attn_out,hi,tier_3,code_switching,0.0064,0.013,20,0
27,mlp_out,hi,tier_3,code_switching,-0.0349,0.0271,20,0
28,residual,hi,tier_3,code_switching,-0.0247,0.0902,20,0
28,attn_out,hi,tier_3,code_switching,-0.0027,0.0073,20,0
28,mlp_out,hi,tier_3,code_switching,-0.0082,0.0244,20,0
29,residual,hi,tier_3,code_switching,-0.0343,0.0724,20,0
29,attn_out,hi,tier_3,code_switching,-0.0009,0.0082,20,0
29,mlp_out,hi,tier_3,code_switching,-0.0086,0.0216,20,0
30,residual,hi,tier_3,code_switching,-0.0528,0.0556,20,0
30,attn_out,hi,tier_3,code_switching,0.0013,0.0007,20,0
30,mlp_out,hi,tier_3,code_switching,-0.0129,0.0208,20,0
31,residual,hi,tier_3,code_switching,0.0,0.0,20,0
31,attn_out,hi,tier_3,code_switching,0.0,0.0,20,0
31,mlp_out,hi,tier_3,code_switching,0.0,0.0,20,0
0,residual,sw,tier_3,code_switching,-1.0703,0.5478,20,0
0,attn_out,sw,tier_3,code_switching,-0.2725,0.3822,20,0
0,mlp_out,sw,tier_3,code_switching,-0.9736,0.6475,20,0
1,residual,sw,tier_3,code_switching,-1.5781,0.6999,20,0
1,attn_out,sw,tier_3,code_switching,-0.3016,0.3314,20,0
1,mlp_out,sw,tier_3,code_switching,-0.2618,0.4367,20,0
2,residual,sw,tier_3,code_switching,-2.1507,0.9559,20,0
2,attn_out,sw,tier_3,code_switching,-0.1886,0.1941,20,0
2,mlp_out,sw,tier_3,code_switching,-0.1755,0.2306,20,0
3,residual,sw,tier_3,code_switching,-2.9161,1.3942,20,0
3,attn_out,sw,tier_3,code_switching,-0.4536,0.6231,20,0
3,mlp_out,sw,tier_3,code_switching,-0.2053,0.4638,20,0
4,residual,sw,tier_3,code_switching,-2.8271,1.3145,20,0
4,attn_out,sw,tier_3,code_switching,-0.0748,0.0552,20,0
4,mlp_out,sw,tier_3,code_switching,-0.8174,0.7274,20,0
5,residual,sw,tier_3,code_switching,-3.3157,1.1824,20,0
5,attn_out,sw,tier_3,code_switching,-0.3796,0.3318,20,0
5,mlp_out,sw,tier_3,code_switching,-0.3772,0.65,20,0
6,residual,sw,tier_3,code_switching,-3.7187,1.5382,20,0
6,attn_out,sw,tier_3,code_switching,-0.0749,0.2266,20,0
6,mlp_out,sw,tier_3,code_switching,-0.388,0.5873,20,0
7,residual,sw,tier_3,code_switching,-4.1837,1.996,20,0
7,attn_out,sw,tier_3,code_switching,-0.1556,0.1633,20,0
7,mlp_out,sw,tier_3,code_switching,-0.1933,0.2255,20,0
8,residual,sw,tier_3,code_switching,-4.1926,2.1222,20,0
8,attn_out,sw,tier_3,code_switching,0.0004,0.0964,20,0
8,mlp_out,sw,tier_3,code_switching,-0.6931,0.4815,20,0
9,residual,sw,tier_3,code_switching,-3.1201,1.7662,20,0
9,attn_out,sw,tier_3,code_switching,-0.0511,0.1248,20,0
9,mlp_out,sw,tier_3,code_switching,0.1318,0.209,20,0
10,residual,sw,tier_3,code_switching,-3.1531,1.8503,20,0
10,attn_out,sw,tier_3,code_switching,0.0048,0.1434,20,0
10,mlp_out,sw,tier_3,code_switching,-0.2603,0.2151,20,0
11,residual,sw,tier_3,code_switching,-3.1483,1.7484,20,0
11,attn_out,sw,tier_3,code_switching,0.077,0.1882,20,0
11,mlp_out,sw,tier_3,code_switching,-0.0386,0.3168,20,0
12,residual,sw,tier_3,code_switching,-2.5079,1.4111,20,0
12,attn_out,sw,tier_3,code_switching,0.04,0.0334,20,0
12,mlp_out,sw,tier_3,code_switching,-0.0303,0.1237,20,0
13,residual,sw,tier_3,code_switching,-2.1242,1.0984,20,0
13,attn_out,sw,tier_3,code_switching,-0.0075,0.1002,20,0
13,mlp_out,sw,tier_3,code_switching,0.0352,0.226,20,0
14,residual,sw,tier_3,code_switching,-1.8906,0.988,20,0
14,attn_out,sw,tier_3,code_switching,0.0278,0.0608,20,0
14,mlp_out,sw,tier_3,code_switching,-0.0669,0.1099,20,0
15,residual,sw,tier_3,code_switching,-1.3508,0.8514,20,0
15,attn_out,sw,tier_3,code_switching,0.0163,0.0485,20,0
15,mlp_out,sw,tier_3,code_switching,0.0152,0.082,20,0
16,residual,sw,tier_3,code_switching,-1.2235,0.7818,20,0
16,attn_out,sw,tier_3,code_switching,-0.0155,0.0119,20,0
16,mlp_out,sw,tier_3,code_switching,0.0489,0.1193,20,0
17,residual,sw,tier_3,code_switching,-0.335,0.2323,20,0
17,attn_out,sw,tier_3,code_switching,0.0026,0.0286,20,0
17,mlp_out,sw,tier_3,code_switching,-0.0156,0.043,20,0
18,residual,sw,tier_3,code_switching,-0.166,0.2076,20,0
18,attn_out,sw,tier_3,code_switching,0.0167,0.0247,20,0
18,mlp_out,sw,tier_3,code_switching,-0.0043,0.0526,20,0
19,residual,sw,tier_3,code_switching,-0.1486,0.1376,20,0
19,attn_out,sw,tier_3,code_switching,-0.0127,0.0244,20,0
19,mlp_out,sw,tier_3,code_switching,-0.0095,0.0455,20,0
20,residual,sw,tier_3,code_switching,-0.1593,0.2183,20,0
20,attn_out,sw,tier_3,code_switching,-0.008,0.0363,20,0
20,mlp_out,sw,tier_3,code_switching,-0.018,0.0081,20,0
21,residual,sw,tier_3,code_switching,-0.1542,0.1469,20,0
21,attn_out,sw,tier_3,code_switching,-0.0007,0.0109,20,0
21,mlp_out,sw,tier_3,code_switching,-0.0325,0.0256,20,0
22,residual,sw,tier_3,code_switching,-0.1031,0.146,20,0
22,attn_out,sw,tier_3,code_switching,0.0024,0.0061,20,0
22,mlp_out,sw,tier_3,code_switching,-0.0331,0.0452,20,0
23,residual,sw,tier_3,code_switching,-0.0635,0.203,20,0
23,attn_out,sw,tier_3,code_switching,0.0033,0.0113,20,0
23,mlp_out,sw,tier_3,code_switching,0.0031,0.0229,20,0
24,residual,sw,tier_3,code_switching,0.0202,0.1525,20,0
24,attn_out,sw,tier_3,code_switching,-0.0204,0.0301,20,0
24,mlp_out,sw,tier_3,code_switching,-0.0074,0.0174,20,0
25,residual,sw,tier_3,code_switching,0.0236,0.1492,20,0
25,attn_out,sw,tier_3,code_switching,-0.0029,0.0034,20,0
25,mlp_out,sw,tier_3,code_switching,-0.0187,0.0279,20,0
26,residual,sw,tier_3,code_switching,0.018,0.1373,20,0
26,attn_out,sw,tier_3,code_switching,0.0019,0.0016,20,0
26,mlp_out,sw,tier_3,code_switching,-0.0241,0.0222,20,0
27,residual,sw,tier_3,code_switching,-0.0062,0.0967,20,0
27,attn_out,sw,tier_3,code_switching,0.0035,0.0038,20,0
27,mlp_out,sw,tier_3,code_switching,-0.0187,0.0165,20,0
28,residual,sw,tier_3,code_switching,-0.0246,0.0594,20,0
28,attn_out,sw,tier_3,code_switching,-0.0027,0.0094,20,0
28,mlp_out,sw,tier_3,code_switching,-0.0147,0.0356,20,0
29,residual,sw,tier_3,code_switching,-0.0561,0.0293,20,0
29,attn_out,sw,tier_3,code_switching,0.0022,0.0204,20,0
29,mlp_out,sw,tier_3,code_switching,-0.012,0.0182,20,0
30,residual,sw,tier_3,code_switching,-0.0312,0.0264,20,0
30,attn_out,sw,tier_3,code_switching,-0.0021,0.003,20,0
30,mlp_out,sw,tier_3,code_switching,0.0076,0.0169,20,0
31,residual,sw,tier_3,code_switching,0.0,0.0,20,0
31,attn_out,sw,tier_3,code_switching,0.0,0.0,20,0
31,mlp_out,sw,tier_3,code_switching,0.0,0.0,20,0
0,residual,yo,tier_4,code_switching,-2.4223,1.9674,20,0
0,attn_out,yo,tier_4,code_switching,-0.2708,0.2907,20,0
0,mlp_out,yo,tier_4,code_switching,-2.0984,1.7865,20,0
1,residual,yo,tier_4,code_switching,-3.2269,1.7075,20,0
1,attn_out,yo,tier_4,code_switching,-0.3378,0.4664,20,0
1,mlp_out,yo,tier_4,code_switching,-0.1164,0.2055,20,0
2,residual,yo,tier_4,code_switching,-4.0912,2.3809,20,0
2,attn_out,yo,tier_4,code_switching,-0.1351,0.1514,20,0
2,mlp_out,yo,tier_4,code_switching,0.0381,0.1544,20,0
3,residual,yo,tier_4,code_switching,-4.6268,2.7852,20,0
3,attn_out,yo,tier_4,code_switching,-0.415,0.6983,20,0
3,mlp_out,yo,tier_4,code_switching,0.0235,0.0885,20,0
4,residual,yo,tier_4,code_switching,-4.7343,2.8218,20,0
4,attn_out,yo,tier_4,code_switching,-0.0938,0.121,20,0
4,mlp_out,yo,tier_4,code_switching,-1.1534,0.7846,20,0
5,residual,yo,tier_4,code_switching,-5.6266,2.9057,20,0
5,attn_out,yo,tier_4,code_switching,-0.525,0.4491,20,0
5,mlp_out,yo,tier_4,code_switching,-0.5222,0.647,20,0
6,residual,yo,tier_4,code_switching,-6.1796,3.1874,20,0
6,attn_out,yo,tier_4,code_switching,-0.219,0.2833,20,0
6,mlp_out,yo,tier_4,code_switching,-0.4763,0.4954,20,0
7,residual,yo,tier_4,code_switching,-6.5717,3.4488,20,0
7,attn_out,yo,tier_4,code_switching,-0.1999,0.184,20,0
7,mlp_out,yo,tier_4,code_switching,-0.114,0.0508,20,0
8,residual,yo,tier_4,code_switching,-6.4877,3.4461,20,0
8,attn_out,yo,tier_4,code_switching,-0.0108,0.0842,20,0
8,mlp_out,yo,tier_4,code_switching,-0.5174,0.5967,20,0
9,residual,yo,tier_4,code_switching,-5.4174,3.0249,20,0
9,attn_out,yo,tier_4,code_switching,0.0007,0.054,20,0
9,mlp_out,yo,tier_4,code_switching,0.0047,0.1859,20,0
10,residual,yo,tier_4,code_switching,-5.1053,2.8046,20,0
10,attn_out,yo,tier_4,code_switching,0.0332,0.0363,20,0
10,mlp_out,yo,tier_4,code_switching,-0.0785,0.1044,20,0
11,residual,yo,tier_4,code_switching,-5.0919,2.8323,20,0
11,attn_out,yo,tier_4,code_switching,-0.01,0.0664,20,0
11,mlp_out,yo,tier_4,code_switching,0.0388,0.2224,20,0
12,residual,yo,tier_4,code_switching,-3.8723,2.3037,20,0
12,attn_out,yo,tier_4,code_switching,0.051,0.097,20,0
12,mlp_out,yo,tier_4,code_switching,0.0257,0.184,20,0
13,residual,yo,tier_4,code_switching,-3.2295,2.0115,20,0
13,attn_out,yo,tier_4,code_switching,0.0895,0.0681,20,0
13,mlp_out,yo,tier_4,code_switching,-0.0146,0.2765,20,0
14,residual,yo,tier_4,code_switching,-2.3987,1.6263,20,0
14,attn_out,yo,tier_4,code_switching,0.0086,0.0107,20,0
14,mlp_out,yo,tier_4,code_switching,-0.1059,0.0859,20,0
15,residual,yo,tier_4,code_switching,-1.5826,1.1704,20,0
15,attn_out,yo,tier_4,code_switching,0.0027,0.0403,20,0
15,mlp_out,yo,tier_4,code_switching,-0.0273,0.0811,20,0
16,residual,yo,tier_4,code_switching,-1.3836,1.0005,20,0
16,attn_out,yo,tier_4,code_switching,-0.0392,0.0966,20,0
16,mlp_out,yo,tier_4,code_switching,-0.0454,0.2263,20,0
17,residual,yo,tier_4,code_switching,-0.2913,0.3577,20,0
17,attn_out,yo,tier_4,code_switching,0.0052,0.0155,20,0
17,mlp_out,yo,tier_4,code_switching,-0.0311,0.0454,20,0
18,residual,yo,tier_4,code_switching,-0.1035,0.3851,20,0
18,attn_out,yo,tier_4,code_switching,0.0115,0.0438,20,0
18,mlp_out,yo,tier_4,code_switching,-0.0018,0.1096,20,0
19,residual,yo,tier_4,code_switching,-0.1658,0.2861,20,0
19,attn_out,yo,tier_4,code_switching,0.0085,0.0189,20,0
19,mlp_out,yo,tier_4,code_switching,-0.0073,0.0587,20,0
20,residual,yo,tier_4,code_switching,-0.1974,0.3318,20,0
20,attn_out,yo,tier_4,code_switching,-0.0214,0.0554,20,0
20,mlp_out,yo,tier_4,code_switching,0.0303,0.039,20,0
21,residual,yo,tier_4,code_switching,-0.1504,0.3299,20,0
21,attn_out,yo,tier_4,code_switching,0.0029,0.01,20,0
21,mlp_out,yo,tier_4,code_switching,-0.0046,0.0535,20,0
22,residual,yo,tier_4,code_switching,-0.1083,0.2681,20,0
22,attn_out,yo,tier_4,code_switching,-0.0017,0.0104,20,0
22,mlp_out,yo,tier_4,code_switching,-0.0047,0.0341,20,0
23,residual,yo,tier_4,code_switching,-0.1078,0.1494,20,0
23,attn_out,yo,tier_4,code_switching,0.0056,0.0141,20,0
23,mlp_out,yo,tier_4,code_switching,0.0051,0.0319,20,0
24,residual,yo,tier_4,code_switching,0.0221,0.1069,20,0
24,attn_out,yo,tier_4,code_switching,0.0036,0.0068,20,0
24,mlp_out,yo,tier_4,code_switching,-0.0053,0.0061,20,0
25,residual,yo,tier_4,code_switching,0.0217,0.0986,20,0
25,attn_out,yo,tier_4,code_switching,0.0004,0.0023,20,0
25,mlp_out,yo,tier_4,code_switching,0.0003,0.0085,20,0
26,residual,yo,tier_4,code_switching,0.0266,0.1043,20,0
26,attn_out,yo,tier_4,code_switching,-0.0033,0.0066,20,0
26,mlp_out,yo,tier_4,code_switching,0.0095,0.0162,20,0
27,residual,yo,tier_4,code_switching,0.0047,0.0816,20,0
27,attn_out,yo,tier_4,code_switching,-0.0018,0.0051,20,0
27,mlp_out,yo,tier_4,code_switching,-0.014,0.021,20,0
28,residual,yo,tier_4,code_switching,-0.0149,0.0385,20,0
28,attn_out,yo,tier_4,code_switching,0.0011,0.0048,20,0
28,mlp_out,yo,tier_4,code_switching,-0.0056,0.0153,20,0
29,residual,yo,tier_4,code_switching,-0.0455,0.0553,20,0
29,attn_out,yo,tier_4,code_switching,-0.008,0.0055,20,0
29,mlp_out,yo,tier_4,code_switching,0.0005,0.0062,20,0
30,residual,yo,tier_4,code_switching,-0.0515,0.0477,20,0
30,attn_out,yo,tier_4,code_switching,-0.002,0.0031,20,0
30,mlp_out,yo,tier_4,code_switching,0.0056,0.0078,20,0
31,residual,yo,tier_4,code_switching,0.0,0.0,20,0
31,attn_out,yo,tier_4,code_switching,0.0,0.0,20,0
31,mlp_out,yo,tier_4,code_switching,0.0,0.0,20,0
0,residual,zu,tier_4,code_switching,-2.0536,2.2992,20,0
0,attn_out,zu,tier_4,code_switching,-0.048,0.502,20,0
0,mlp_out,zu,tier_4,code_switching,-1.7493,1.9644,20,0
1,residual,zu,tier_4,code_switching,-2.4517,2.0614,20,0
1,attn_out,zu,tier_4,code_switching,-0.0846,0.34,20,0
1,mlp_out,zu,tier_4,code_switching,-0.0641,0.2697,20,0
2,residual,zu,tier_4,code_switching,-3.2029,2.3465,20,0
2,attn_out,zu,tier_4,code_switching,-0.1529,0.3658,20,0
2,mlp_out,zu,tier_4,code_switching,0.1447,0.3576,20,0
3,residual,zu,tier_4,code_switching,-3.9451,2.5458,20,0
3,attn_out,zu,tier_4,code_switching,-0.4331,0.6013,20,0
3,mlp_out,zu,tier_4,code_switching,0.0548,0.3256,20,0
4,residual,zu,tier_4,code_switching,-3.9422,2.472,20,0
4,attn_out,zu,tier_4,code_switching,0.1115,0.1616,20,0
4,mlp_out,zu,tier_4,code_switching,-1.4757,1.3135,20,0
5,residual,zu,tier_4,code_switching,-4.6576,2.143,20,0
5,attn_out,zu,tier_4,code_switching,-0.5793,0.4378,20,0
5,mlp_out,zu,tier_4,code_switching,-0.5689,1.0783,20,0
6,residual,zu,tier_4,code_switching,-4.8961,2.1968,20,0
6,attn_out,zu,tier_4,code_switching,-0.0221,0.2352,20,0
6,mlp_out,zu,tier_4,code_switching,-0.4611,0.5133,20,0
7,residual,zu,tier_4,code_switching,-5.0777,2.3404,20,0
7,attn_out,zu,tier_4,code_switching,-0.2604,0.2917,20,0
7,mlp_out,zu,tier_4,code_switching,-0.2325,0.357,20,0
8,residual,zu,tier_4,code_switching,-4.9779,2.3162,20,0
8,attn_out,zu,tier_4,code_switching,-0.0241,0.0951,20,0
8,mlp_out,zu,tier_4,code_switching,-0.4462,0.5576,20,0
9,residual,zu,tier_4,code_switching,-4.0017,2.0247,20,0
9,attn_out,zu,tier_4,code_switching,-0.0077,0.1967,20,0
9,mlp_out,zu,tier_4,code_switching,0.1055,0.3235,20,0
10,residual,zu,tier_4,code_switching,-3.7579,1.9302,20,0
10,attn_out,zu,tier_4,code_switching,0.1277,0.2047,20,0
10,mlp_out,zu,tier_4,code_switching,-0.2113,0.2082,20,0
11,residual,zu,tier_4,code_switching,-3.7535,1.8805,20,0
11,attn_out,zu,tier_4,code_switching,-0.0137,0.1044,20,0
11,mlp_out,zu,tier_4,code_switching,-0.0415,0.1851,20,0
12,residual,zu,tier_4,code_switching,-2.8013,1.4391,20,0
12,attn_out,zu,tier_4,code_switching,0.0686,0.1118,20,0
12,mlp_out,zu,tier_4,code_switching,-0.0285,0.2579,20,0
13,residual,zu,tier_4,code_switching,-2.4871,1.247,20,0
13,attn_out,zu,tier_4,code_switching,0.0183,0.0931,20,0
13,mlp_out,zu,tier_4,code_switching,0.0788,0.124,20,0
14,residual,zu,tier_4,code_switching,-2.0048,1.193,20,0
14,attn_out,zu,tier_4,code_switching,-0.0099,0.0234,20,0
14,mlp_out,zu,tier_4,code_switching,-0.0735,0.0769,20,0
15,residual,zu,tier_4,code_switching,-1.4242,1.1471,20,0
15,attn_out,zu,tier_4,code_switching,-0.0351,0.0612,20,0
15,mlp_out,zu,tier_4,code_switching,-0.0567,0.0888,20,0
16,residual,zu,tier_4,code_switching,-1.2644,1.0606,20,0
16,attn_out,zu,tier_4,code_switching,-0.0356,0.0526,20,0
16,mlp_out,zu,tier_4,code_switching,-0.0172,0.1675,20,0
17,residual,zu,tier_4,code_switching,-0.0257,0.1835,20,0
17,attn_out,zu,tier_4,code_switching,0.0162,0.0127,20,0
17,mlp_out,zu,tier_4,code_switching,0.0161,0.0807,20,0
18,residual,zu,tier_4,code_switching,0.1112,0.2334,20,0
18,attn_out,zu,tier_4,code_switching,-0.0232,0.0314,20,0
18,mlp_out,zu,tier_4,code_switching,-0.0727,0.0919,20,0
19,residual,zu,tier_4,code_switching,0.0267,0.2122,20,0
19,attn_out,zu,tier_4,code_switching,-0.0046,0.0277,20,0
19,mlp_out,zu,tier_4,code_switching,-0.0239,0.0639,20,0
20,residual,zu,tier_4,code_switching,-0.001,0.2036,20,0
20,attn_out,zu,tier_4,code_switching,-0.0184,0.0449,20,0
20,mlp_out,zu,tier_4,code_switching,-0.0122,0.0331,20,0
21,residual,zu,tier_4,code_switching,-0.0302,0.12,20,0
21,attn_out,zu,tier_4,code_switching,0.0012,0.0083,20,0
21,mlp_out,zu,tier_4,code_switching,0.0018,0.0388,20,0
22,residual,zu,tier_4,code_switching,-0.0106,0.1595,20,0
22,attn_out,zu,tier_4,code_switching,-0.0065,0.0122,20,0
22,mlp_out,zu,tier_4,code_switching,-0.0455,0.0257,20,0
23,residual,zu,tier_4,code_switching,-0.0285,0.1501,20,0
23,attn_out,zu,tier_4,code_switching,0.0042,0.0175,20,0
23,mlp_out,zu,tier_4,code_switching,-0.0023,0.0586,20,0
24,residual,zu,tier_4,code_switching,0.0226,0.1234,20,0
24,attn_out,zu,tier_4,code_switching,0.003,0.0075,20,0
24,mlp_out,zu,tier_4,code_switching,-0.0069,0.0126,20,0
25,residual,zu,tier_4,code_switching,0.0222,0.1179,20,0
25,attn_out,zu,tier_4,code_switching,-0.0057,0.0043,20,0
25,mlp_out,zu,tier_4,code_switching,0.0052,0.0102,20,0
26,residual,zu,tier_4,code_switching,0.008,0.1291,20,0
26,attn_out,zu,tier_4,code_switching,-0.0002,0.0085,20,0
26,mlp_out,zu,tier_4,code_switching,-0.0103,0.0245,20,0
27,residual,zu,tier_4,code_switching,-0.0059,0.1191,20,0
27,attn_out,zu,tier_4,code_switching,-0.0001,0.0107,20,0
27,mlp_out,zu,tier_4,code_switching,-0.0292,0.0248,20,0
28,residual,zu,tier_4,code_switching,-0.0166,0.0417,20,0
28,attn_out,zu,tier_4,code_switching,0.0018,0.0071,20,0
28,mlp_out,zu,tier_4,code_switching,-0.0018,0.0093,20,0
29,residual,zu,tier_4,code_switching,-0.0275,0.0569,20,0
29,attn_out,zu,tier_4,code_switching,-0.0195,0.0084,20,0
29,mlp_out,zu,tier_4,code_switching,0.0213,0.0286,20,0
30,residual,zu,tier_4,code_switching,-0.0257,0.0196,20,0
30,attn_out,zu,tier_4,code_switching,-0.0085,0.0039,20,0
30,mlp_out,zu,tier_4,code_switching,0.0129,0.0118,20,0
31,residual,zu,tier_4,code_switching,0.0,0.0,20,0
31,attn_out,zu,tier_4,code_switching,0.0,0.0,20,0
31,mlp_out,zu,tier_4,code_switching,0.0,0.0,20,0
0,residual,gd,tier_4,code_switching,-2.3195,1.896,20,0
0,attn_out,gd,tier_4,code_switching,-0.5985,1.3698,20,0
0,mlp_out,gd,tier_4,code_switching,-1.5201,1.8268,20,0
1,residual,gd,tier_4,code_switching,-3.1635,2.3734,20,0
1,attn_out,gd,tier_4,code_switching,-0.189,0.6281,20,0
1,mlp_out,gd,tier_4,code_switching,-1.3407,1.6873,20,0
2,residual,gd,tier_4,code_switching,-4.0548,2.7546,20,0
2,attn_out,gd,tier_4,code_switching,-1.0,0.6608,20,0
2,mlp_out,gd,tier_4,code_switching,0.1198,0.8962,20,0
3,residual,gd,tier_4,code_switching,-4.8188,2.455,20,0
3,attn_out,gd,tier_4,code_switching,-1.3019,0.9668,20,0
3,mlp_out,gd,tier_4,code_switching,-1.2139,1.5514,20,0
4,residual,gd,tier_4,code_switching,-4.8044,2.4258,20,0
4,attn_out,gd,tier_4,code_switching,-0.1077,0.1089,20,0
4,mlp_out,gd,tier_4,code_switching,-2.5148,1.8577,20,0
5,residual,gd,tier_4,code_switching,-5.7638,2.3986,20,0
5,attn_out,gd,tier_4,code_switching,-1.3563,1.1946,20,0
5,mlp_out,gd,tier_4,code_switching,-1.2929,1.9153,20,0
6,residual,gd,tier_4,code_switching,-6.068,2.7877,20,0
6,attn_out,gd,tier_4,code_switching,-0.0955,0.5906,20,0
6,mlp_out,gd,tier_4,code_switching,-2.2592,1.6671,20,0
7,residual,gd,tier_4,code_switching,-6.7016,3.3984,20,0
7,attn_out,gd,tier_4,code_switching,-0.4755,0.4175,20,0
7,mlp_out,gd,tier_4,code_switching,-0.7606,1.093,20,0
8,residual,gd,tier_4,code_switching,-6.7258,3.4377,20,0
8,attn_out,gd,tier_4,code_switching,-0.0056,0.0417,20,0
8,mlp_out,gd,tier_4,code_switching,-2.2533,1.6686,20,0
9,residual,gd,tier_4,code_switching,-5.3564,3.0258,20,0
9,attn_out,gd,tier_4,code_switching,0.082,0.2136,20,0
9,mlp_out,gd,tier_4,code_switching,-0.2269,0.317,20,0
10,residual,gd,tier_4,code_switching,-5.086,3.013,20,0
10,attn_out,gd,tier_4,code_switching,0.0224,0.1619,20,0
10,mlp_out,gd,tier_4,code_switching,-0.4755,0.5265,20,0
11,residual,gd,tier_4,code_switching,-5.0309,2.933,20,0
11,attn_out,gd,tier_4,code_switching,0.0473,0.0889,20,0
11,mlp_out,gd,tier_4,code_switching,-0.8755,0.9603,20,0
12,residual,gd,tier_4,code_switching,-4.1883,2.6266,20,0
12,attn_out,gd,tier_4,code_switching,0.1134,0.1707,20,0
12,mlp_out,gd,tier_4,code_switching,-0.484,0.5668,20,0
13,residual,gd,tier_4,code_switching,-3.8132,2.3699,20,0
13,attn_out,gd,tier_4,code_switching,0.0948,0.0983,20,0
13,mlp_out,gd,tier_4,code_switching,-0.4169,0.4714,20,0
14,residual,gd,tier_4,code_switching,-3.2838,2.1923,20,0
14,attn_out,gd,tier_4,code_switching,0.1134,0.147,20,0
14,mlp_out,gd,tier_4,code_switching,-0.4266,0.4436,20,0
15,residual,gd,tier_4,code_switching,-2.4116,1.707,20,0
15,attn_out,gd,tier_4,code_switching,-0.0137,0.0881,20,0
15,mlp_out,gd,tier_4,code_switching,-0.1453,0.1253,20,0
16,residual,gd,tier_4,code_switching,-2.1418,1.5736,20,0
16,attn_out,gd,tier_4,code_switching,0.0169,0.0414,20,0
16,mlp_out,gd,tier_4,code_switching,-0.1889,0.3531,20,0
17,residual,gd,tier_4,code_switching,-0.5842,0.6169,20,0
17,attn_out,gd,tier_4,code_switching,0.0455,0.0346,20,0
17,mlp_out,gd,tier_4,code_switching,-0.122,0.1239,20,0
18,residual,gd,tier_4,code_switching,-0.3589,0.5092,20,0
18,attn_out,gd,tier_4,code_switching,0.0132,0.0343,20,0
18,mlp_out,gd,tier_4,code_switching,0.0104,0.0871,20,0
19,residual,gd,tier_4,code_switching,-0.3699,0.4327,20,0
19,attn_out,gd,tier_4,code_switching,0.0072,0.0214,20,0
19,mlp_out,gd,tier_4,code_switching,-0.0913,0.0725,20,0
20,residual,gd,tier_4,code_switching,-0.3647,0.4479,20,0
20,attn_out,gd,tier_4,code_switching,-0.0165,0.0187,20,0
20,mlp_out,gd,tier_4,code_switching,-0.0343,0.0621,20,0
21,residual,gd,tier_4,code_switching,-0.3842,0.3555,20,0
21,attn_out,gd,tier_4,code_switching,0.0069,0.0249,20,0
21,mlp_out,gd,tier_4,code_switching,-0.0139,0.0559,20,0
22,residual,gd,tier_4,code_switching,-0.3034,0.3088,20,0
22,attn_out,gd,tier_4,code_switching,0.0045,0.0062,20,0
22,mlp_out,gd,tier_4,code_switching,-0.0749,0.0804,20,0
23,residual,gd,tier_4,code_switching,-0.2453,0.2565,20,0
23,attn_out,gd,tier_4,code_switching,-0.0072,0.0184,20,0
23,mlp_out,gd,tier_4,code_switching,-0.0384,0.0526,20,0
24,residual,gd,tier_4,code_switching,-0.0872,0.1854,20,0
24,attn_out,gd,tier_4,code_switching,0.0055,0.0146,20,0
24,mlp_out,gd,tier_4,code_switching,-0.0246,0.0232,20,0
25,residual,gd,tier_4,code_switching,-0.0151,0.1137,20,0
25,attn_out,gd,tier_4,code_switching,-0.0057,0.0033,20,0
25,mlp_out,gd,tier_4,code_switching,-0.0057,0.0172,20,0
26,residual,gd,tier_4,code_switching,-0.0194,0.1155,20,0
26,attn_out,gd,tier_4,code_switching,-0.0012,0.0042,20,0
26,mlp_out,gd,tier_4,code_switching,-0.005,0.011,20,0
27,residual,gd,tier_4,code_switching,-0.0165,0.0571,20,0
27,attn_out,gd,tier_4,code_switching,0.0055,0.0089,20,0
27,mlp_out,gd,tier_4,code_switching,-0.0239,0.0388,20,0
28,residual,gd,tier_4,code_switching,-0.0168,0.0348,20,0
28,attn_out,gd,tier_4,code_switching,0.0015,0.0068,20,0
28,mlp_out,gd,tier_4,code_switching,0.0091,0.0349,20,0
29,residual,gd,tier_4,code_switching,-0.0491,0.0777,20,0
29,attn_out,gd,tier_4,code_switching,-0.0034,0.0043,20,0
29,mlp_out,gd,tier_4,code_switching,-0.0019,0.0156,20,0
30,residual,gd,tier_4,code_switching,-0.0361,0.0413,20,0
30,attn_out,gd,tier_4,code_switching,-0.0033,0.0059,20,0
30,mlp_out,gd,tier_4,code_switching,0.0119,0.0397,20,0
31,residual,gd,tier_4,code_switching,0.0,0.0,20,0
31,attn_out,gd,tier_4,code_switching,0.0,0.0,20,0
31,mlp_out,gd,tier_4,code_switching,0.0,0.0,20,0
0,residual,gn,tier_4,code_switching,-1.1912,1.0435,20,0
0,attn_out,gn,tier_4,code_switching,-0.0765,0.3431,20,0
0,mlp_out,gn,tier_4,code_switching,-0.9766,0.7905,20,0
1,residual,gn,tier_4,code_switching,-1.7883,1.5484,20,0
1,attn_out,gn,tier_4,code_switching,-0.3182,0.4262,20,0
1,mlp_out,gn,tier_4,code_switching,-0.0338,0.5218,20,0
2,residual,gn,tier_4,code_switching,-2.2377,1.5046,20,0
2,attn_out,gn,tier_4,code_switching,-0.1868,0.3591,20,0
2,mlp_out,gn,tier_4,code_switching,-0.0425,0.2233,20,0
3,residual,gn,tier_4,code_switching,-2.9092,1.6952,20,0
3,attn_out,gn,tier_4,code_switching,-0.2441,0.6614,20,0
3,mlp_out,gn,tier_4,code_switching,-0.0559,0.0898,20,0
4,residual,gn,tier_4,code_switching,-2.8708,1.6228,20,0
4,attn_out,gn,tier_4,code_switching,-0.008,0.1476,20,0
4,mlp_out,gn,tier_4,code_switching,-0.7931,0.5844,20,0
5,residual,gn,tier_4,code_switching,-3.4917,1.3046,20,0
5,attn_out,gn,tier_4,code_switching,-0.2943,0.3141,20,0
5,mlp_out,gn,tier_4,code_switching,-0.4238,0.2444,20,0
6,residual,gn,tier_4,code_switching,-3.55,1.4451,20,0
6,attn_out,gn,tier_4,code_switching,0.1732,0.2499,20,0
6,mlp_out,gn,tier_4,code_switching,-0.6087,0.4632,20,0
7,residual,gn,tier_4,code_switching,-3.9871,2.2999,20,0
7,attn_out,gn,tier_4,code_switching,-0.0939,0.1458,20,0
7,mlp_out,gn,tier_4,code_switching,-0.1871,0.2534,20,0
8,residual,gn,tier_4,code_switching,-3.9401,2.3269,20,0
8,attn_out,gn,tier_4,code_switching,-0.0039,0.063,20,0
8,mlp_out,gn,tier_4,code_switching,-0.5145,0.5936,20,0
9,residual,gn,tier_4,code_switching,-2.6066,1.8094,20,0
9,attn_out,gn,tier_4,code_switching,0.0292,0.1856,20,0
9,mlp_out,gn,tier_4,code_switching,-0.0923,0.1529,20,0
10,residual,gn,tier_4,code_switching,-2.6097,1.9201,20,0
10,attn_out,gn,tier_4,code_switching,0.0068,0.0927,20,0
10,mlp_out,gn,tier_4,code_switching,-0.2327,0.1464,20,0
11,residual,gn,tier_4,code_switching,-2.6425,1.8661,20,0
11,attn_out,gn,tier_4,code_switching,-0.0763,0.1264,20,0
11,mlp_out,gn,tier_4,code_switching,-0.1715,0.2908,20,0
12,residual,gn,tier_4,code_switching,-1.8325,1.5131,20,0
12,attn_out,gn,tier_4,code_switching,0.0525,0.0615,20,0
12,mlp_out,gn,tier_4,code_switching,-0.0665,0.264,20,0
13,residual,gn,tier_4,code_switching,-1.5133,1.5261,20,0
13,attn_out,gn,tier_4,code_switching,-0.0103,0.1729,20,0
13,mlp_out,gn,tier_4,code_switching,-0.0246,0.2459,20,0
14,residual,gn,tier_4,code_switching,-1.2781,1.2647,20,0
14,attn_out,gn,tier_4,code_switching,0.0236,0.0379,20,0
14,mlp_out,gn,tier_4,code_switching,-0.0217,0.2124,20,0
15,residual,gn,tier_4,code_switching,-1.0361,1.0913,20,0
15,attn_out,gn,tier_4,code_switching,0.0018,0.0599,20,0
15,mlp_out,gn,tier_4,code_switching,-0.0732,0.1183,20,0
16,residual,gn,tier_4,code_switching,-0.8925,0.9856,20,0
16,attn_out,gn,tier_4,code_switching,-0.0133,0.0245,20,0
16,mlp_out,gn,tier_4,code_switching,-0.0381,0.1307,20,0
17,residual,gn,tier_4,code_switching,-0.2024,0.214,20,0
17,attn_out,gn,tier_4,code_switching,0.0171,0.0269,20,0
17,mlp_out,gn,tier_4,code_switching,-0.0402,0.0761,20,0
18,residual,gn,tier_4,code_switching,-0.1504,0.1471,20,0
18,attn_out,gn,tier_4,code_switching,0.0101,0.0204,20,0
18,mlp_out,gn,tier_4,code_switching,-0.0403,0.0596,20,0
19,residual,gn,tier_4,code_switching,-0.1524,0.1424,20,0
19,attn_out,gn,tier_4,code_switching,-0.0032,0.0333,20,0
19,mlp_out,gn,tier_4,code_switching,-0.0216,0.0366,20,0
20,residual,gn,tier_4,code_switching,-0.1828,0.1437,20,0
20,attn_out,gn,tier_4,code_switching,0.0118,0.018,20,0
20,mlp_out,gn,tier_4,code_switching,0.0124,0.0277,20,0
21,residual,gn,tier_4,code_switching,-0.2009,0.1422,20,0
21,attn_out,gn,tier_4,code_switching,-0.0037,0.0044,20,0
21,mlp_out,gn,tier_4,code_switching,-0.0484,0.0652,20,0
22,residual,gn,tier_4,code_switching,-0.1759,0.1371,20,0
22,attn_out,gn,tier_4,code_switching,-0.0041,0.007,20,0
22,mlp_out,gn,tier_4,code_switching,0.0175,0.0176,20,0
23,residual,gn,tier_4,code_switching,-0.1488,0.1529,20,0
23,attn_out,gn,tier_4,code_switching,-0.001,0.0104,20,0
23,mlp_out,gn,tier_4,code_switching,-0.0325,0.0763,20,0
24,residual,gn,tier_4,code_switching,-0.0323,0.1165,20,0
24,attn_out,gn,tier_4,code_switching,0.0009,0.0035,20,0
24,mlp_out,gn,tier_4,code_switching,-0.0102,0.0094,20,0
25,residual,gn,tier_4,code_switching,0.0092,0.0901,20,0
25,attn_out,gn,tier_4,code_switching,-0.0033,0.0054,20,0
25,mlp_out,gn,tier_4,code_switching,-0.0076,0.0078,20,0
26,residual,gn,tier_4,code_switching,0.0075,0.0984,20,0
26,attn_out,gn,tier_4,code_switching,-0.0035,0.0065,20,0
26,mlp_out,gn,tier_4,code_switching,-0.0008,0.0116,20,0
27,residual,gn,tier_4,code_switching,-0.018,0.0714,20,0
27,attn_out,gn,tier_4,code_switching,0.0051,0.0047,20,0
27,mlp_out,gn,tier_4,code_switching,-0.015,0.018,20,0
28,residual,gn,tier_4,code_switching,-0.0208,0.0496,20,0
28,attn_out,gn,tier_4,code_switching,-0.0015,0.0049,20,0
28,mlp_out,gn,tier_4,code_switching,0.0006,0.0088,20,0
29,residual,gn,tier_4,code_switching,-0.0347,0.0485,20,0
29,attn_out,gn,tier_4,code_switching,-0.0021,0.0032,20,0
29,mlp_out,gn,tier_4,code_switching,-0.0069,0.0081,20,0
30,residual,gn,tier_4,code_switching,-0.0285,0.031,20,0
30,attn_out,gn,tier_4,code_switching,-0.0056,0.0055,20,0
30,mlp_out,gn,tier_4,code_switching,0.0025,0.0085,20,0
31,residual,gn,tier_4,code_switching,0.0,0.0,20,0
31,attn_out,gn,tier_4,code_switching,0.0,0.0,20,0
31,mlp_out,gn,tier_4,code_switching,0.0,0.0,20,0
